INFO         | Feature 'RefCountPipe' (61) is overridden to 'disabled'
INFO         | Guest Driver: Auto (ext controls)
INFO         | emuglConfig_init: vulkan_mode_selected:host gles_mode_selected:host
INFO         | emuglConfig_get_vulkan_hardware_gpu_support_info: Found physical GPU 'NVIDIA GeForce RTX 2060', type: VK_PHYSICAL_DEVICE_TYPE_DISCRETE_GPU, apiVersion: 1.4.303, driverVersion: 576.80

INFO         | Initializing gfxstream backend
INFO         | startOpenglesRendererImpl: gpu info
INFO         | GPU #1
  Make: 10de
  Model: NVIDIA GeForce RTX 2060
  Device ID: 1f08

INFO         | Disabling implicit Vulkan layers to avoid compatibility issues. Set VK_LOADER_LAYERS_DISABLE manually to disable this behavior.
INFO         | SharedLibrary::open for [C:\Android\Sdk\emulator\qemu\windows-x86_64\lib64\vulkan\vulkan-1.dll]
INFO         | SharedLibrary::open for [C:\Android\Sdk\emulator\qemu\windows-x86_64\lib64\vulkan\vulkan-1.dll]
INFO         | SharedLibrary::open for [vulkan-1.dll]
INFO         | Added library: vulkan-1.dll
INFO         | Selecting Vulkan device: NVIDIA GeForce RTX 2060, Version: 1.4.303
INFO         | Using Vulkan externalMemoryMode: OpaqueWin32 for VkEmulation
INFO         | Initializing VkEmulation features:
INFO         |     glInteropSupported: true
INFO         |     useDeferredCommands: true
INFO         |     createResourceWithRequirements: true
INFO         |     useVulkanComposition: false
INFO         |     useVulkanNativeSwapchain: false
INFO         |     enable guestRenderDoc: false
INFO         |     ASTC LDR emulation mode: Gpu
INFO         |     enable ETC2 emulation: true
INFO         |     enable Ycbcr emulation: false
INFO         |     guestVulkanOnly: false
INFO         |     useDedicatedAllocations: false
INFO         |     guestVulkanMaxApiVersion: 1.3.0
INFO         |     enableProtectedMemoryEmulation: false
INFO         | Graphics Adapter Vendor Google (NVIDIA Corporation)
INFO         | Graphics Adapter Android Emulator OpenGL ES Translator (NVIDIA GeForce RTX 2060/PCIe/SSE2)
INFO         | Graphics API Version OpenGL ES 3.0 (4.5.0 NVIDIA 576.80)
INFO         | Graphics API Extensions GL_OES_EGL_sync GL_OES_EGL_image GL_OES_EGL_image_external GL_OES_depth24 GL_OES_depth32 GL_OES_element_index_uint GL_OES_texture_float GL_OES_texture_float_linear GL_OES_compressed_paletted_texture GL_OES_compressed_ETC1_RGB8_texture GL_OES_depth_texture GL_OES_texture_half_float GL_OES_texture_half_float_linear GL_OES_packed_depth_stencil GL_OES_vertex_half_float GL_OES_texture_npot GL_OES_rgb8_rgba8 GL_OVR_multiview2 GL_EXT_multiview_texture_multisample GL_EXT_color_buffer_float GL_EXT_color_buffer_half_float GL_EXT_texture_format_BGRA8888 GL_APPLE_texture_format_BGRA8888 GL_EXT_texture_buffer 
INFO         | Graphics Device Extensions N/A
INFO         | Disabling sparse binding feature support
INFO         | Feature 'GLAsyncSwap' (50) is overridden to 'disabled'
[    0.000000] Booting Linux on physical CPU 0x0000000000 [0x411fd070]
[    0.000000] Linux version 5.4.249-android11-2-00004-g212a7aaded26-ab10688362 (build-user@build-host) (Android (7284624, based on r416183b) clang version 12.0.5 (https://android.googlesource.com/toolchain/llvm-project c935d99d7cf2016289302412d708641d52d2f7ee), LLD 12.0.5 (/buildbot/src/android/llvm-toolchain/out/llvm-project/lld c935d99d7cf2016289302412d708641d52d2f7ee)) #1 SMP PREEMPT Mon Aug 21 12:17:45 UTC 2023
[    0.000000] Machine model: linux,ranchu
[    0.000000] printk: debug: skip boot console de-registration.
[    0.000000] efi: Getting EFI parameters from FDT:
[    0.000000] efi: UEFI not found.
[    0.000000] cma: Reserved 16 MiB at 0x00000000ff000000
[    0.000000] psci: probing for conduit method from DT.
[    0.000000] psci: PSCIv0.2 detected in firmware.
[    0.000000] psci: Using standard PSCI v0.2 function IDs
[    0.000000] psci: Trusted OS migration not required
[    0.000000] percpu: Embedded 32 pages/cpu s90264 r8192 d32616 u131072
[    0.000000] Detected PIPT I-cache on CPU0
[    0.000000] CPU features: detected: ARM erratum 832075
[    0.000000] CPU features: detected: EL2 vector hardening
[    0.000000] ARM_SMCCC_ARCH_WORKAROUND_1 missing from firmware
[    0.000000] CPU features: detected: Spectre-BHB
[    0.000000] CPU features: detected: ARM erratum 1742098
[    0.000000] Built 1 zonelists, mobility grouping on.  Total pages: 1032192
[    0.000000] Kernel command line: 8250.nr_uarts=1 no_timer_check console=ttyAMA0,38400 keep_bootcon earlyprintk=ttyAMA0 loop.max_part=7 printk.devkmsg=on android.qemud=1 androidboot.boot_devices=a003600.virtio_mmio androidboot.logical_partitions=1 androidboot.hardware=ranchu androidboot.serialno=WARBOTARM64 androidboot.vbmeta.digest=15e6b2e26d1523b6c38c0a60d5ac8f8cf547364c343d16e58338814e45faa6a8 androidboot.vbmeta.hash_alg=sha256 androidboot.vbmeta.size=6720 qemu=1 androidboot.qemu=1 qemu.encrypt=1 qemu.gles=1 qemu.media.ccodec=0 qemu.gltransport=pipe qemu.opengles.version=131072 qemu.skin=1060x2376 qemu.virtiowifi=0 qemu.vsync=60
[    0.000000] Dentry cache hash table entries: 524288 (order: 10, 4194304 bytes, linear)
[    0.000000] Inode-cache hash table entries: 262144 (order: 9, 2097152 bytes, linear)
[    0.000000] mem auto-init: stack:all(zero), heap alloc:on, heap free:off
[    0.000000] software IO TLB: mapped [mem 0xfb000000-0xff000000] (64MB)
[    0.000000] Memory: 4002796K/4194304K available (14164K kernel code, 1192K rwdata, 9688K rodata, 1216K init, 552K bss, 175124K reserved, 16384K cma-reserved)
[    0.000000] SLUB: HWalign=64, Order=0-3, MinObjects=0, CPUs=4, Nodes=1
[    0.000000] rcu: Preemptible hierarchical RCU implementation.
[    0.000000] rcu: 	RCU dyntick-idle grace-period acceleration is enabled.
[    0.000000] rcu: 	RCU restricting CPUs from NR_CPUS=32 to nr_cpu_ids=4.
[    0.000000] 	Tasks RCU enabled.
[    0.000000] rcu: RCU calculated value of scheduler-enlistment delay is 25 jiffies.
[    0.000000] rcu: Adjusting geometry for rcu_fanout_leaf=16, nr_cpu_ids=4
[    0.000000] NR_IRQS: 64, nr_irqs: 64, preallocated irqs: 0
[    0.000000] GICv2m: range[mem 0x08020000-0x08020fff], SPI[96:159]
[    0.000000] rcu: 	Offload RCU callbacks from CPUs: (none).
[    0.000000] arch_timer: cp15 timer(s) running at 62.50MHz (virt).
[    0.000000] clocksource: arch_sys_counter: mask: 0xffffffffffffff max_cycles: 0x1cd42e208c, max_idle_ns: 881590405314 ns
[    0.000052] sched_clock: 56 bits at 62MHz, resolution 16ns, wraps every 4398046511096ns
[    0.007750] Calibrating delay loop (skipped), value calculated using timer frequency.. 125.00 BogoMIPS (lpj=250000)
[    0.007941] pid_max: default: 32768 minimum: 301
[    0.009469] LSM: Security Framework initializing
[    0.010712] SELinux:  Initializing.
[    0.011749] Mount-cache hash table entries: 8192 (order: 4, 65536 bytes, linear)
[    0.011822] Mountpoint-cache hash table entries: 8192 (order: 4, 65536 bytes, linear)
[    0.046712] ASID allocator initialised with 32768 entries
[    0.047679] rcu: Hierarchical SRCU implementation.
[    0.051359] dynamic_debug:dynamic_debug_init: Ignore empty _ddebug table in a CONFIG_DYNAMIC_DEBUG_CORE build
[    0.051911] EFI services will not be available.
[    0.056102] smp: Bringing up secondary CPUs ...
[    0.062049] Detected PIPT I-cache on CPU1
[    0.062662] CPU1: Booted secondary processor 0x0000000001 [0x411fd070]
[    0.069476] Detected PIPT I-cache on CPU2
[    0.069704] CPU2: Booted secondary processor 0x0000000002 [0x411fd070]
[    0.072451] Detected PIPT I-cache on CPU3
[    0.072811] CPU3: Booted secondary processor 0x0000000003 [0x411fd070]
[    0.074398] smp: Brought up 1 node, 4 CPUs
[    0.074487] SMP: Total of 4 processors activated.
[    0.074561] CPU features: detected: 32-bit EL0 Support
[    0.074625] CPU features: detected: CRC32 instructions
[    1.081827] CPU features: emulated: Privileged Access Never (PAN) using TTBR0_EL1 switching
[    1.082066] CPU: All CPU(s) started at EL1
[    1.082990] alternatives: patching kernel code
[    1.087223] CPU3: update max cpu_capacity 1024
[    1.095058] CPU1: update max cpu_capacity 1024
[    1.116413] Registered cp15_barrier emulation handler
[    1.116626] Registered setend emulation handler
[    1.120197] clocksource: jiffies: mask: 0xffffffff max_cycles: 0xffffffff, max_idle_ns: 7645041785100000 ns
[    1.121141] futex hash table entries: 1024 (order: 4, 65536 bytes, linear)
[    1.128778] pinctrl core: initialized pinctrl subsystem
[    1.131000] regulator: Failed to create debugfs directory
[    1.136782] regulator-dummy: Failed to create debugfs directory
[    1.150132] NET: Registered protocol family 16
[    1.159637] DMA: preallocated 256 KiB pool for atomic allocations
[    1.159888] audit: initializing netlink subsys (disabled)
[    1.163909] audit: type=2000 audit(0.860:1): state=initialized audit_enabled=0 res=1
[    1.172348] cpuidle: using governor menu
[    1.174714] hw-breakpoint: found 6 breakpoint and 4 watchpoint registers.
[    1.177336] Serial: AMBA PL011 UART driver
[    1.225770] 9000000.pl011: ttyAMA0 at MMIO 0x9000000 (irq = 44, base_baud = 0) is a PL011 rev1
[    1.249531] printk: console [ttyAMA0] enabled
[    1.312519] cryptomgr_test (36) used greatest stack depth: 15120 bytes left
[    1.318645] cryptomgr_test (38) used greatest stack depth: 14720 bytes left
[    1.333901] cryptomgr_test (37): highest shadow stack usage: 104 bytes
[    1.339924] cryptomgr_test (36): highest shadow stack usage: 112 bytes
[    1.344640] cryptd: max_cpu_qlen set to 1000
[    1.394746] iommu: Default domain type: Translated 
[    1.400143] SCSI subsystem initialized
[    1.401336] usbcore: registered new interface driver usbfs
[    1.401889] usbcore: registered new interface driver hub
[    1.402360] usbcore: registered new device driver usb
[    1.403911] mc: Linux media interface: v0.10
[    1.404291] videodev: Linux video capture interface: v2.00
[    1.405536] EDAC MC: Ver: 3.0.0
[    1.413952] Advanced Linux Sound Architecture Driver Initialized.
[    1.424250] Bluetooth: Core ver 2.22
[    1.424919] NET: Registered protocol family 31
[    1.426021] Bluetooth: HCI device and connection manager initialized
[    1.426509] Bluetooth: HCI socket layer initialized
[    1.426775] Bluetooth: L2CAP socket layer initialized
[    1.427127] Bluetooth: SCO socket layer initialized
[    1.435376] clocksource: Switched to clocksource arch_sys_counter
[    1.756477] VFS: Disk quotas dquot_6.6.0
[    1.756925] VFS: Dquot-cache hash table entries: 512 (order 0, 4096 bytes)
[    1.760801] thermal_sys: Registered thermal governor 'step_wise'
[    1.760887] thermal_sys: Registered thermal governor 'user_space'
[    1.761329] thermal_sys: Registered thermal governor 'power_allocator'
[    1.765357] NET: Registered protocol family 2
[    1.767646] IP idents hash table entries: 65536 (order: 7, 524288 bytes, linear)
[    1.776889] tcp_listen_portaddr_hash hash table entries: 2048 (order: 3, 32768 bytes, linear)
[    1.777779] TCP established hash table entries: 32768 (order: 6, 262144 bytes, linear)
[    1.778686] TCP bind hash table entries: 32768 (order: 7, 524288 bytes, linear)
[    1.779530] TCP: Hash tables configured (established 32768 bind 32768)
[    1.782125] UDP hash table entries: 2048 (order: 4, 65536 bytes, linear)
[    1.783635] UDP-Lite hash table entries: 2048 (order: 4, 65536 bytes, linear)
[    1.785777] NET: Registered protocol family 1
[    1.789533] NET: Registered protocol family 44
[    1.790188] PCI: CLS 0 bytes, default 64
[    1.804037] Trying to unpack rootfs image as initramfs...
[    1.973198] Freeing initrd memory: 1620K
[    1.979425] hw perfevents: enabled with armv8_pmuv3 PMU driver, 1 counters available
[    2.004069] cryptomgr_test (112) used greatest stack depth: 14528 bytes left
[    2.014251] Initialise system trusted keyrings
[    2.017501] workingset: timestamp_bits=46 max_order=20 bucket_order=0
[    2.069566] fuse: init (API version 7.31)
[    2.095614] Key type asymmetric registered
[    2.096016] Asymmetric key parser 'x509' registered
[    2.096583] Block layer SCSI generic (bsg) driver version 0.4 loaded (major 244)
[    2.096990] io scheduler mq-deadline registered
[    2.097216] io scheduler kyber registered
[    2.105412] pl061_gpio 9030000.pl061: PL061 GPIO chip registered
[    2.112010] pci-host-generic 3f000000.pcie: host bridge /pcie@10000000 ranges:
[    2.112748] pci-host-generic 3f000000.pcie:    IO 0x3eff0000..0x3effffff -> 0x00000000
[    2.113559] pci-host-generic 3f000000.pcie:   MEM 0x10000000..0x3efeffff -> 0x10000000
[    2.114191] pci-host-generic 3f000000.pcie:   MEM 0x8000000000..0xffffffffff -> 0x8000000000
[    2.116062] pci-host-generic 3f000000.pcie: ECAM at [mem 0x3f000000-0x3fffffff] for [bus 00-0f]
[    2.117877] pci-host-generic 3f000000.pcie: PCI host bridge to bus 0000:00
[    2.118255] pci_bus 0000:00: root bus resource [bus 00-0f]
[    2.118520] pci_bus 0000:00: root bus resource [io  0x0000-0xffff]
[    2.118763] pci_bus 0000:00: root bus resource [mem 0x10000000-0x3efeffff]
[    2.119005] pci_bus 0000:00: root bus resource [mem 0x8000000000-0xffffffffff]
[    2.120946] pci 0000:00:00.0: [1b36:0008] type 00 class 0x060000
[    2.126224] pci 0000:00:0b.0: [607d:f153] type 00 class 0x00ff00
[    2.126698] pci 0000:00:0b.0: reg 0x10: [mem 0x00000000-0x00000fff]
[    2.127018] pci 0000:00:0b.0: reg 0x14: [mem 0x00000000-0x3ffffffff 64bit]
[    2.129960] pci 0000:00:0b.0: BAR 1: assigned [mem 0x8000000000-0x83ffffffff 64bit]
[    2.130966] pci 0000:00:0b.0: BAR 0: assigned [mem 0x10000000-0x10000fff]
[    2.136749] Serial: 8250/16550 driver, 1 ports, IRQ sharing disabled
[    2.143781] cacheinfo: Unable to detect cache hierarchy for CPU 0
[    2.196055] brd: module loaded
[    2.241699] loop: module loaded
[    2.243798] zram: Added device: zram0
[    2.250473] tun: Universal TUN/TAP device driver, 1.6
[    2.251146] PPP generic driver version 2.4.2
[    2.251948] PPP BSD Compression module registered
[    2.252187] PPP Deflate Compression module registered
[    2.252522] PPP MPPE Compression module registered
[    2.252734] NET: Registered protocol family 24
[    2.252926] PPTP driver version 0.8.5
[    2.253755] usbcore: registered new interface driver r8152
[    2.254153] usbcore: registered new interface driver asix
[    2.254734] usbcore: registered new interface driver ax88179_178a
[    2.255083] usbcore: registered new interface driver cdc_ether
[    2.255559] ehci_hcd: USB 2.0 'Enhanced' Host Controller (EHCI) Driver
[    2.255871] ehci-pci: EHCI PCI platform driver
[    2.256264] ehci-platform: EHCI generic platform driver
[    2.257900] usbcore: registered new interface driver uas
[    2.258359] usbcore: registered new interface driver usb-storage
[    2.261024] dummy_hcd dummy_hcd.0: USB Host+Gadget Emulator, driver 02 May 2005
[    2.261657] dummy_hcd dummy_hcd.0: Dummy host controller
[    2.262000] dummy_hcd dummy_hcd.0: new USB bus registered, assigned bus number 1
[    2.270739] hub 1-0:1.0: USB hub found
[    2.271881] hub 1-0:1.0: 1 port detected
[    2.282320] usbcore: registered new interface driver xpad
[    2.288860] rtc-pl031 9010000.pl031: registered as rtc0
[    2.291186] rtc-pl031 9010000.pl031: setting system clock to 2026-09-27T21:00:46 UTC (1790542846)
[    2.293028] uvcvideo: Unable to create debugfs directory
[    2.294052] usbcore: registered new interface driver uvcvideo
[    2.294509] USB Video Class driver (1.1.1)
[    2.294853] gspca_main: v2.14.0 registered
[    2.297086] device-mapper: uevent: version 1.0.3
[    2.299795] device-mapper: ioctl: 4.41.0-ioctl (2019-09-16) initialised: dm-devel@redhat.com
[    2.302911] Bluetooth: HCI UART driver ver 2.3
[    2.303674] Bluetooth: HCI UART protocol H4 registered
[    2.304080] Bluetooth: HCI UART protocol LL registered
[    2.304539] Bluetooth: HCI UART protocol Broadcom registered
[    2.304828] Bluetooth: HCI UART protocol QCA registered
[    2.306706] sdhci: Secure Digital Host Controller Interface driver
[    2.307120] sdhci: Copyright(c) Pierre Ossman
[    2.307334] sdhci-pltfm: SDHCI platform and OF driver helper
[    2.309070] hidraw: raw HID events driver (C) Jiri Kosina
[    2.314954] usbcore: registered new interface driver usbhid
[    2.315265] usbhid: USB HID core driver
[    2.316826] ashmem: initialized
[    2.319041] gnss: GNSS driver registered with major 237
[    2.320789] usbcore: registered new interface driver snd-usb-audio
[    2.323298] u32 classifier
[    2.323477]     input device check on
[    2.323618]     Actions configured
[    2.332007] xt_time: kernel timezone is -0000
[    2.332713] ipip: IPv4 and MPLS over IPv4 tunneling driver
[    2.335751] gre: GRE over IPv4 demultiplexor driver
[    2.335994] ip_gre: GRE over IPv4 tunneling driver
[    2.341364] IPv4 over IPsec tunneling driver
[    2.349544] Initializing XFRM netlink socket
[    2.350138] IPsec XFRM device driver
[    2.353639] NET: Registered protocol family 10
[    2.376999] Segment Routing with IPv6
[    2.379419] mip6: Mobile IPv6
[    2.391400] sit: IPv6, IPv4 and MPLS over IPv4 tunneling driver
[    2.400889] ip6_gre: GRE over IPv6 tunneling driver
[    2.405235] NET: Registered protocol family 17
[    2.405990] NET: Registered protocol family 15
[    2.409887] Bluetooth: RFCOMM TTY layer initialized
[    2.411741] Bluetooth: RFCOMM socket layer initialized
[    2.412439] Bluetooth: RFCOMM ver 1.11
[    2.412760] Bluetooth: HIDP (Human Interface Emulation) ver 1.2
[    2.413817] Bluetooth: HIDP socket layer initialized
[    2.415060] l2tp_core: L2TP core driver, V2.0
[    2.415466] l2tp_ppp: PPPoL2TP kernel driver, V2.0
[    2.415707] tipc: Activated (version 2.0.0)
[    2.418485] NET: Registered protocol family 30
[    2.422108] tipc: Started in single node mode
[    2.425715] registered taskstats version 1
[    2.425958] Loading compiled-in X.509 certificates
[    2.426646] Key type ._fscrypt registered
[    2.426812] Key type .fscrypt registered
[    2.427318] Key type fscrypt-provisioning registered
[    2.431843] Failed to find error inject entry at (____ptrval____)
[    2.432379] Failed to find error inject entry at (____ptrval____)
[    2.432699] Failed to find error inject entry at (____ptrval____)
[    2.432990] Failed to find error inject entry at (____ptrval____)
[    2.433291] Failed to find error inject entry at (____ptrval____)
[    2.433591] Failed to find error inject entry at (____ptrval____)
[    2.433891] Failed to find error inject entry at (____ptrval____)
[    2.434177] Failed to find error inject entry at (____ptrval____)
[    2.434474] Failed to find error inject entry at (____ptrval____)
[    2.434760] Failed to find error inject entry at (____ptrval____)
[    2.435391] Failed to find error inject entry at (____ptrval____)
[    2.435683] Failed to find error inject entry at (____ptrval____)
[    2.435922] Failed to find error inject entry at (____ptrval____)
[    2.436195] Failed to find error inject entry at (____ptrval____)
[    2.436486] Failed to find error inject entry at (____ptrval____)
[    2.436821] Failed to find error inject entry at (____ptrval____)
[    2.437066] Failed to find error inject entry at (____ptrval____)
[    2.437342] Failed to find error inject entry at (____ptrval____)
[    2.437585] Failed to find error inject entry at (____ptrval____)
[    2.437863] Failed to find error inject entry at (____ptrval____)
[    2.438107] Failed to find error inject entry at (____ptrval____)
[    2.438402] Failed to find error inject entry at (____ptrval____)
[    2.438647] Failed to find error inject entry at (____ptrval____)
[    2.438972] Failed to find error inject entry at (____ptrval____)
[    2.439288] Failed to find error inject entry at (____ptrval____)
[    2.439606] Failed to find error inject entry at (____ptrval____)
[    2.440093] Failed to find error inject entry at (____ptrval____)
[    2.440410] Failed to find error inject entry at (____ptrval____)
[    2.440687] Failed to find error inject entry at (____ptrval____)
[    2.441118] Failed to find error inject entry at (____ptrval____)
[    2.441763] Failed to find error inject entry at (____ptrval____)
[    2.442230] Failed to find error inject entry at (____ptrval____)
[    2.442612] Failed to find error inject entry at (____ptrval____)
[    2.443035] Failed to find error inject entry at (____ptrval____)
[    2.443516] Failed to find error inject entry at (____ptrval____)
[    2.444224] Failed to find error inject entry at (____ptrval____)
[    2.444670] Failed to find error inject entry at (____ptrval____)
[    2.444992] Failed to find error inject entry at (____ptrval____)
[    2.445235] Failed to find error inject entry at (____ptrval____)
[    2.445473] Failed to find error inject entry at (____ptrval____)
[    2.445710] Failed to find error inject entry at (____ptrval____)
[    2.445957] Failed to find error inject entry at (____ptrval____)
[    2.446203] Failed to find error inject entry at (____ptrval____)
[    2.446439] Failed to find error inject entry at (____ptrval____)
[    2.446695] Failed to find error inject entry at (____ptrval____)
[    2.447014] Failed to find error inject entry at (____ptrval____)
[    2.447309] Failed to find error inject entry at (____ptrval____)
[    2.447561] Failed to find error inject entry at (____ptrval____)
[    2.447871] Failed to find error inject entry at (____ptrval____)
[    2.448412] Failed to find error inject entry at (____ptrval____)
[    2.448656] Failed to find error inject entry at (____ptrval____)
[    2.448930] Failed to find error inject entry at (____ptrval____)
[    2.449285] Failed to find error inject entry at (____ptrval____)
[    2.449524] Failed to find error inject entry at (____ptrval____)
[    2.449801] Failed to find error inject entry at (____ptrval____)
[    2.450044] Failed to find error inject entry at (____ptrval____)
[    2.450279] Failed to find error inject entry at (____ptrval____)
[    2.450515] Failed to find error inject entry at (____ptrval____)
[    2.450770] Failed to find error inject entry at (____ptrval____)
[    2.451012] Failed to find error inject entry at (____ptrval____)
[    2.451248] Failed to find error inject entry at (____ptrval____)
[    2.451483] Failed to find error inject entry at (____ptrval____)
[    2.452089] Failed to find error inject entry at (____ptrval____)
[    2.452378] Failed to find error inject entry at (____ptrval____)
[    2.452642] Failed to find error inject entry at (____ptrval____)
[    2.452894] Failed to find error inject entry at (____ptrval____)
[    2.453142] Failed to find error inject entry at (____ptrval____)
[    2.453403] Failed to find error inject entry at (____ptrval____)
[    2.453708] Failed to find error inject entry at (____ptrval____)
[    2.454061] Failed to find error inject entry at (____ptrval____)
[    2.454487] Failed to find error inject entry at (____ptrval____)
[    2.455171] Failed to find error inject entry at (____ptrval____)
[    2.455586] Failed to find error inject entry at (____ptrval____)
[    2.455831] Failed to find error inject entry at (____ptrval____)
[    2.456086] Failed to find error inject entry at (____ptrval____)
[    2.456334] Failed to find error inject entry at (____ptrval____)
[    2.456600] Failed to find error inject entry at (____ptrval____)
[    2.456862] Failed to find error inject entry at (____ptrval____)
[    2.457303] Failed to find error inject entry at (____ptrval____)
[    2.457621] Failed to find error inject entry at (____ptrval____)
[    2.457862] Failed to find error inject entry at (____ptrval____)
[    2.458096] Failed to find error inject entry at (____ptrval____)
[    2.458330] Failed to find error inject entry at (____ptrval____)
[    2.458599] Failed to find error inject entry at (____ptrval____)
[    2.458837] Failed to find error inject entry at (____ptrval____)
[    2.459070] Failed to find error inject entry at (____ptrval____)
[    2.459304] Failed to find error inject entry at (____ptrval____)
[    2.459546] Failed to find error inject entry at (____ptrval____)
[    2.459783] Failed to find error inject entry at (____ptrval____)
[    2.460281] Failed to find error inject entry at (____ptrval____)
[    2.460540] Failed to find error inject entry at (____ptrval____)
[    2.460778] Failed to find error inject entry at (____ptrval____)
[    2.461013] Failed to find error inject entry at (____ptrval____)
[    2.461249] Failed to find error inject entry at (____ptrval____)
[    2.461485] Failed to find error inject entry at (____ptrval____)
[    2.461728] Failed to find error inject entry at (____ptrval____)
[    2.461968] Failed to find error inject entry at (____ptrval____)
[    2.462203] Failed to find error inject entry at (____ptrval____)
[    2.462438] Failed to find error inject entry at (____ptrval____)
[    2.462774] Failed to find error inject entry at (____ptrval____)
[    2.463114] Failed to find error inject entry at (____ptrval____)
[    2.463459] Failed to find error inject entry at (____ptrval____)
[    2.464193] Failed to find error inject entry at (____ptrval____)
[    2.464526] Failed to find error inject entry at (____ptrval____)
[    2.464776] Failed to find error inject entry at (____ptrval____)
[    2.465392] Failed to find error inject entry at (____ptrval____)
[    2.465938] Failed to find error inject entry at (____ptrval____)
[    2.466595] Failed to find error inject entry at (____ptrval____)
[    2.466862] Failed to find error inject entry at (____ptrval____)
[    2.467109] Failed to find error inject entry at (____ptrval____)
[    2.467353] Failed to find error inject entry at (____ptrval____)
[    2.467591] Failed to find error inject entry at (____ptrval____)
[    2.467827] Failed to find error inject entry at (____ptrval____)
[    2.468089] Failed to find error inject entry at (____ptrval____)
[    2.468328] Failed to find error inject entry at (____ptrval____)
[    2.468563] Failed to find error inject entry at (____ptrval____)
[    2.468800] Failed to find error inject entry at (____ptrval____)
[    2.469062] Failed to find error inject entry at (____ptrval____)
[    2.469302] Failed to find error inject entry at (____ptrval____)
[    2.469538] Failed to find error inject entry at (____ptrval____)
[    2.469774] Failed to find error inject entry at (____ptrval____)
[    2.470032] Failed to find error inject entry at (____ptrval____)
[    2.470292] Failed to find error inject entry at (____ptrval____)
[    2.470530] Failed to find error inject entry at (____ptrval____)
[    2.470765] Failed to find error inject entry at (____ptrval____)
[    2.471030] Failed to find error inject entry at (____ptrval____)
[    2.471269] Failed to find error inject entry at (____ptrval____)
[    2.471505] Failed to find error inject entry at (____ptrval____)
[    2.471895] Failed to find error inject entry at (____ptrval____)
[    2.472151] Failed to find error inject entry at (____ptrval____)
[    2.473001] Failed to find error inject entry at (____ptrval____)
[    2.473348] Failed to find error inject entry at (____ptrval____)
[    2.473699] Failed to find error inject entry at (____ptrval____)
[    2.474100] Failed to find error inject entry at (____ptrval____)
[    2.474566] Failed to find error inject entry at (____ptrval____)
[    2.474845] Failed to find error inject entry at (____ptrval____)
[    2.475149] Failed to find error inject entry at (____ptrval____)
[    2.475394] Failed to find error inject entry at (____ptrval____)
[    2.475876] Failed to find error inject entry at (____ptrval____)
[    2.476143] Failed to find error inject entry at (____ptrval____)
[    2.476394] Failed to find error inject entry at (____ptrval____)
[    2.476631] Failed to find error inject entry at (____ptrval____)
[    2.476886] Failed to find error inject entry at (____ptrval____)
[    2.477140] Failed to find error inject entry at (____ptrval____)
[    2.477386] Failed to find error inject entry at (____ptrval____)
[    2.477731] Failed to find error inject entry at (____ptrval____)
[    2.477978] Failed to find error inject entry at (____ptrval____)
[    2.478249] Failed to find error inject entry at (____ptrval____)
[    2.478498] Failed to find error inject entry at (____ptrval____)
[    2.478755] Failed to find error inject entry at (____ptrval____)
[    2.479006] Failed to find error inject entry at (____ptrval____)
[    2.479248] Failed to find error inject entry at (____ptrval____)
[    2.479489] Failed to find error inject entry at (____ptrval____)
[    2.480138] Failed to find error inject entry at (____ptrval____)
[    2.480712] Failed to find error inject entry at (____ptrval____)
[    2.481276] Failed to find error inject entry at (____ptrval____)
[    2.481846] Failed to find error inject entry at (____ptrval____)
[    2.482403] Failed to find error inject entry at (____ptrval____)
[    2.483126] Failed to find error inject entry at (____ptrval____)
[    2.484049] Failed to find error inject entry at (____ptrval____)
[    2.484591] Failed to find error inject entry at (____ptrval____)
[    2.485054] Failed to find error inject entry at (____ptrval____)
[    2.485517] Failed to find error inject entry at (____ptrval____)
[    2.485779] Failed to find error inject entry at (____ptrval____)
[    2.486078] Failed to find error inject entry at (____ptrval____)
[    2.486323] Failed to find error inject entry at (____ptrval____)
[    2.486594] Failed to find error inject entry at (____ptrval____)
[    2.487148] Failed to find error inject entry at (____ptrval____)
[    2.487451] Failed to find error inject entry at (____ptrval____)
[    2.487717] Failed to find error inject entry at (____ptrval____)
[    2.487954] Failed to find error inject entry at (____ptrval____)
[    2.488189] Failed to find error inject entry at (____ptrval____)
[    2.488530] Failed to find error inject entry at (____ptrval____)
[    2.488818] Failed to find error inject entry at (____ptrval____)
[    2.489101] Failed to find error inject entry at (____ptrval____)
[    2.489388] Failed to find error inject entry at (____ptrval____)
[    2.489669] Failed to find error inject entry at (____ptrval____)
[    2.489947] Failed to find error inject entry at (____ptrval____)
[    2.490225] Failed to find error inject entry at (____ptrval____)
[    2.490514] Failed to find error inject entry at (____ptrval____)
[    2.490794] Failed to find error inject entry at (____ptrval____)
[    2.491073] Failed to find error inject entry at (____ptrval____)
[    2.491363] Failed to find error inject entry at (____ptrval____)
[    2.491643] Failed to find error inject entry at (____ptrval____)
[    2.492195] Failed to find error inject entry at (____ptrval____)
[    2.492471] Failed to find error inject entry at (____ptrval____)
[    2.492732] Failed to find error inject entry at (____ptrval____)
[    2.492969] Failed to find error inject entry at (____ptrval____)
[    2.493203] Failed to find error inject entry at (____ptrval____)
[    2.493445] Failed to find error inject entry at (____ptrval____)
[    2.493713] Failed to find error inject entry at (____ptrval____)
[    2.493955] Failed to find error inject entry at (____ptrval____)
[    2.494198] Failed to find error inject entry at (____ptrval____)
[    2.494489] Failed to find error inject entry at (____ptrval____)
[    2.494860] Failed to find error inject entry at (____ptrval____)
[    2.495102] Failed to find error inject entry at (____ptrval____)
[    2.495347] Failed to find error inject entry at (____ptrval____)
[    2.495608] Failed to find error inject entry at (____ptrval____)
[    2.495848] Failed to find error inject entry at (____ptrval____)
[    2.496091] Failed to find error inject entry at (____ptrval____)
[    2.496326] Failed to find error inject entry at (____ptrval____)
[    2.496569] Failed to find error inject entry at (____ptrval____)
[    2.496806] Failed to find error inject entry at (____ptrval____)
[    2.497242] Failed to find error inject entry at (____ptrval____)
[    2.497964] Failed to find error inject entry at (____ptrval____)
[    2.498445] Failed to find error inject entry at (____ptrval____)
[    2.499029] Failed to find error inject entry at (____ptrval____)
[    2.499510] Failed to find error inject entry at (____ptrval____)
[    2.499867] Failed to find error inject entry at (____ptrval____)
[    2.500422] Failed to find error inject entry at (____ptrval____)
[    2.500668] Failed to find error inject entry at (____ptrval____)
[    2.500905] Failed to find error inject entry at (____ptrval____)
[    2.501140] Failed to find error inject entry at (____ptrval____)
[    2.501387] Failed to find error inject entry at (____ptrval____)
[    2.501624] Failed to find error inject entry at (____ptrval____)
[    2.501859] Failed to find error inject entry at (____ptrval____)
[    2.502102] Failed to find error inject entry at (____ptrval____)
[    2.502349] Failed to find error inject entry at (____ptrval____)
[    2.502589] Failed to find error inject entry at (____ptrval____)
[    2.502827] Failed to find error inject entry at (____ptrval____)
[    2.503065] Failed to find error inject entry at (____ptrval____)
[    2.503357] Failed to find error inject entry at (____ptrval____)
[    2.503731] Failed to find error inject entry at (____ptrval____)
[    2.503976] Failed to find error inject entry at (____ptrval____)
[    2.504274] Failed to find error inject entry at (____ptrval____)
[    2.504526] Failed to find error inject entry at (____ptrval____)
[    2.504762] Failed to find error inject entry at (____ptrval____)
[    2.505039] Failed to find error inject entry at (____ptrval____)
[    2.505307] Failed to find error inject entry at (____ptrval____)
[    2.505571] Failed to find error inject entry at (____ptrval____)
[    2.506043] Failed to find error inject entry at (____ptrval____)
[    2.506575] Failed to find error inject entry at (____ptrval____)
[    2.507195] Failed to find error inject entry at (____ptrval____)
[    2.507707] Failed to find error inject entry at (____ptrval____)
[    2.508100] Failed to find error inject entry at (____ptrval____)
[    2.508498] Failed to find error inject entry at (____ptrval____)
[    2.508831] Failed to find error inject entry at (____ptrval____)
[    2.509100] Failed to find error inject entry at (____ptrval____)
[    2.509379] Failed to find error inject entry at (____ptrval____)
[    2.509674] Failed to find error inject entry at (____ptrval____)
[    2.509947] Failed to find error inject entry at (____ptrval____)
[    2.510371] Failed to find error inject entry at (____ptrval____)
[    2.511007] Failed to find error inject entry at (____ptrval____)
[    2.511504] Failed to find error inject entry at (____ptrval____)
[    2.512056] Failed to find error inject entry at (____ptrval____)
[    2.512503] Failed to find error inject entry at (____ptrval____)
[    2.512742] Failed to find error inject entry at (____ptrval____)
[    2.513089] Failed to find error inject entry at (____ptrval____)
[    2.513458] Failed to find error inject entry at (____ptrval____)
[    2.514125] Failed to find error inject entry at (____ptrval____)
[    2.514649] Failed to find error inject entry at (____ptrval____)
[    2.515011] Failed to find error inject entry at (____ptrval____)
[    2.515626] Failed to find error inject entry at (____ptrval____)
[    2.515943] Failed to find error inject entry at (____ptrval____)
[    2.516295] Failed to find error inject entry at (____ptrval____)
[    2.516688] Failed to find error inject entry at (____ptrval____)
[    2.517194] Failed to find error inject entry at (____ptrval____)
[    2.517741] Failed to find error inject entry at (____ptrval____)
[    2.518109] Failed to find error inject entry at (____ptrval____)
[    2.518376] Failed to find error inject entry at (____ptrval____)
[    2.518688] Failed to find error inject entry at (____ptrval____)
[    2.519226] Failed to find error inject entry at (____ptrval____)
[    2.519479] Failed to find error inject entry at (____ptrval____)
[    2.519916] Failed to find error inject entry at (____ptrval____)
[    2.520514] Failed to find error inject entry at (____ptrval____)
[    2.520856] Failed to find error inject entry at (____ptrval____)
[    2.521151] Failed to find error inject entry at (____ptrval____)
[    2.521442] Failed to find error inject entry at (____ptrval____)
[    2.522383] Failed to find error inject entry at (____ptrval____)
[    2.523046] Failed to find error inject entry at (____ptrval____)
[    2.523558] Failed to find error inject entry at (____ptrval____)
[    2.524711] Failed to find error inject entry at (____ptrval____)
[    2.525226] Failed to find error inject entry at (____ptrval____)
[    2.526000] Failed to find error inject entry at (____ptrval____)
[    2.527277] Failed to find error inject entry at (____ptrval____)
[    2.527659] Failed to find error inject entry at (____ptrval____)
[    2.528390] Failed to find error inject entry at (____ptrval____)
[    2.528843] Failed to find error inject entry at (____ptrval____)
[    2.529208] Failed to find error inject entry at (____ptrval____)
[    2.529792] Failed to find error inject entry at (____ptrval____)
[    2.530318] Failed to find error inject entry at (____ptrval____)
[    2.530933] Failed to find error inject entry at (____ptrval____)
[    2.531368] Failed to find error inject entry at (____ptrval____)
[    2.532167] Failed to find error inject entry at (____ptrval____)
[    2.533360] Failed to find error inject entry at (____ptrval____)
[    2.534484] Failed to find error inject entry at (____ptrval____)
[    2.534910] Failed to find error inject entry at (____ptrval____)
[    2.535464] Failed to find error inject entry at (____ptrval____)
[    2.536137] Failed to find error inject entry at (____ptrval____)
[    2.536436] Failed to find error inject entry at (____ptrval____)
[    2.536885] Failed to find error inject entry at (____ptrval____)
[    2.537429] Failed to find error inject entry at (____ptrval____)
[    2.537842] Failed to find error inject entry at (____ptrval____)
[    2.538228] Failed to find error inject entry at (____ptrval____)
[    2.539434] Failed to find error inject entry at (____ptrval____)
[    2.539919] Failed to find error inject entry at (____ptrval____)
[    2.540423] Failed to find error inject entry at (____ptrval____)
[    2.540725] Failed to find error inject entry at (____ptrval____)
[    2.541076] Failed to find error inject entry at (____ptrval____)
[    2.541472] Failed to find error inject entry at (____ptrval____)
[    2.541962] Failed to find error inject entry at (____ptrval____)
[    2.542550] Failed to find error inject entry at (____ptrval____)
[    2.543143] Failed to find error inject entry at (____ptrval____)
[    2.544058] Failed to find error inject entry at (____ptrval____)
[    2.544487] Failed to find error inject entry at (____ptrval____)
[    2.545384] Failed to find error inject entry at (____ptrval____)
[    2.546244] Failed to find error inject entry at (____ptrval____)
[    2.546566] Failed to find error inject entry at (____ptrval____)
[    2.547117] Failed to find error inject entry at (____ptrval____)
[    2.547650] Failed to find error inject entry at (____ptrval____)
[    2.548022] Failed to find error inject entry at (____ptrval____)
[    2.548936] Failed to find error inject entry at (____ptrval____)
[    2.549482] Failed to find error inject entry at (____ptrval____)
[    2.550045] Failed to find error inject entry at (____ptrval____)
[    2.550347] Failed to find error inject entry at (____ptrval____)
[    2.550831] Failed to find error inject entry at (____ptrval____)
[    2.551237] Failed to find error inject entry at (____ptrval____)
[    2.551687] Failed to find error inject entry at (____ptrval____)
[    2.552414] Failed to find error inject entry at (____ptrval____)
[    2.552797] Failed to find error inject entry at (____ptrval____)
[    2.553180] Failed to find error inject entry at (____ptrval____)
[    2.553566] Failed to find error inject entry at (____ptrval____)
[    2.553936] Failed to find error inject entry at (____ptrval____)
[    2.554282] Failed to find error inject entry at (____ptrval____)
[    2.554674] Failed to find error inject entry at (____ptrval____)
[    2.555625] Failed to find error inject entry at (____ptrval____)
[    2.555926] Failed to find error inject entry at (____ptrval____)
[    2.556529] Failed to find error inject entry at (____ptrval____)
[    2.556945] Failed to find error inject entry at (____ptrval____)
[    2.557319] Failed to find error inject entry at (____ptrval____)
[    2.557719] Failed to find error inject entry at (____ptrval____)
[    2.558192] Failed to find error inject entry at (____ptrval____)
[    2.558584] Failed to find error inject entry at (____ptrval____)
[    2.558949] Failed to find error inject entry at (____ptrval____)
[    2.559272] Failed to find error inject entry at (____ptrval____)
[    2.559951] Failed to find error inject entry at (____ptrval____)
[    2.560317] Failed to find error inject entry at (____ptrval____)
[    2.560679] Failed to find error inject entry at (____ptrval____)
[    2.561023] Failed to find error inject entry at (____ptrval____)
[    2.561480] Failed to find error inject entry at (____ptrval____)
[    2.561785] Failed to find error inject entry at (____ptrval____)
[    2.562065] Failed to find error inject entry at (____ptrval____)
[    2.562350] Failed to find error inject entry at (____ptrval____)
[    2.562629] Failed to find error inject entry at (____ptrval____)
[    2.563009] Failed to find error inject entry at (____ptrval____)
[    2.563557] Failed to find error inject entry at (____ptrval____)
[    2.563958] Failed to find error inject entry at (____ptrval____)
[    2.564880] Failed to find error inject entry at (____ptrval____)
[    2.565421] Failed to find error inject entry at (____ptrval____)
[    2.565858] Failed to find error inject entry at (____ptrval____)
[    2.566406] Failed to find error inject entry at (____ptrval____)
[    2.566800] Failed to find error inject entry at (____ptrval____)
[    2.567508] Failed to find error inject entry at (____ptrval____)
[    2.567869] Failed to find error inject entry at (____ptrval____)
[    2.568463] Failed to find error inject entry at (____ptrval____)
[    2.568770] Failed to find error inject entry at (____ptrval____)
[    2.569339] Failed to find error inject entry at (____ptrval____)
[    2.569848] Failed to find error inject entry at (____ptrval____)
[    2.570399] Failed to find error inject entry at (____ptrval____)
[    2.570791] Failed to find error inject entry at (____ptrval____)
[    2.571261] Failed to find error inject entry at (____ptrval____)
[    2.572819] Failed to find error inject entry at (____ptrval____)
[    2.573806] Failed to find error inject entry at (____ptrval____)
[    2.574134] Failed to find error inject entry at (____ptrval____)
[    2.574926] Failed to find error inject entry at (____ptrval____)
[    2.575574] Failed to find error inject entry at (____ptrval____)
[    2.576067] Failed to find error inject entry at (____ptrval____)
[    2.576522] Failed to find error inject entry at (____ptrval____)
[    2.577195] Failed to find error inject entry at (____ptrval____)
[    2.577685] Failed to find error inject entry at (____ptrval____)
[    2.578079] Failed to find error inject entry at (____ptrval____)
[    2.578717] Failed to find error inject entry at (____ptrval____)
[    2.579128] Failed to find error inject entry at (____ptrval____)
[    2.579512] Failed to find error inject entry at (____ptrval____)
[    2.579908] Failed to find error inject entry at (____ptrval____)
[    2.580330] Failed to find error inject entry at (____ptrval____)
[    2.580792] Failed to find error inject entry at (____ptrval____)
[    2.581163] Failed to find error inject entry at (____ptrval____)
[    2.581576] Failed to find error inject entry at (____ptrval____)
[    2.581963] Failed to find error inject entry at (____ptrval____)
[    2.582352] Failed to find error inject entry at (____ptrval____)
[    2.583031] Failed to find error inject entry at (____ptrval____)
[    2.583443] Failed to find error inject entry at (____ptrval____)
[    2.583806] Failed to find error inject entry at (____ptrval____)
[    2.584167] Failed to find error inject entry at (____ptrval____)
[    2.584540] Failed to find error inject entry at (____ptrval____)
[    2.584892] Failed to find error inject entry at (____ptrval____)
[    2.585234] Failed to find error inject entry at (____ptrval____)
[    2.585663] Failed to find error inject entry at (____ptrval____)
[    2.586006] Failed to find error inject entry at (____ptrval____)
[    2.586370] Failed to find error inject entry at (____ptrval____)
[    2.586720] Failed to find error inject entry at (____ptrval____)
[    2.587045] Failed to find error inject entry at (____ptrval____)
[    2.587296] Failed to find error inject entry at (____ptrval____)
[    2.587681] Failed to find error inject entry at (____ptrval____)
[    2.588090] Failed to find error inject entry at (____ptrval____)
[    2.588865] Failed to find error inject entry at (____ptrval____)
[    2.589257] Failed to find error inject entry at (____ptrval____)
[    2.589664] Failed to find error inject entry at (____ptrval____)
[    2.590014] Failed to find error inject entry at (____ptrval____)
[    2.590411] Failed to find error inject entry at (____ptrval____)
[    2.590808] Failed to find error inject entry at (____ptrval____)
[    2.591152] Failed to find error inject entry at (____ptrval____)
[    2.591601] Failed to find error inject entry at (____ptrval____)
[    2.592178] Failed to find error inject entry at (____ptrval____)
[    2.592552] Failed to find error inject entry at (____ptrval____)
[    2.592826] Failed to find error inject entry at (____ptrval____)
[    2.593097] Failed to find error inject entry at (____ptrval____)
[    2.593433] Failed to find error inject entry at (____ptrval____)
[    2.593725] Failed to find error inject entry at (____ptrval____)
[    2.593966] Failed to find error inject entry at (____ptrval____)
[    2.594708] Failed to find error inject entry at (____ptrval____)
[    2.595069] Failed to find error inject entry at (____ptrval____)
[    2.595455] Failed to find error inject entry at (____ptrval____)
[    2.595755] Failed to find error inject entry at (____ptrval____)
[    2.596114] Failed to find error inject entry at (____ptrval____)
[    2.596559] Failed to find error inject entry at (____ptrval____)
[    2.596846] Failed to find error inject entry at (____ptrval____)
[    2.597193] Failed to find error inject entry at (____ptrval____)
[    2.597479] Failed to find error inject entry at (____ptrval____)
[    2.597967] Failed to find error inject entry at (____ptrval____)
[    2.598475] Failed to find error inject entry at (____ptrval____)
[    2.598955] Failed to find error inject entry at (____ptrval____)
[    2.599757] Failed to find error inject entry at (____ptrval____)
[    2.600139] Failed to find error inject entry at (____ptrval____)
[    2.600569] Failed to find error inject entry at (____ptrval____)
[    2.600915] Failed to find error inject entry at (____ptrval____)
[    2.601369] Failed to find error inject entry at (____ptrval____)
[    2.601712] Failed to find error inject entry at (____ptrval____)
[    2.602097] Failed to find error inject entry at (____ptrval____)
[    2.602440] Failed to find error inject entry at (____ptrval____)
[    2.602783] Failed to find error inject entry at (____ptrval____)
[    2.603408] Failed to find error inject entry at (____ptrval____)
[    2.603783] Failed to find error inject entry at (____ptrval____)
[    2.604169] Failed to find error inject entry at (____ptrval____)
[    2.604545] Failed to find error inject entry at (____ptrval____)
[    2.604829] Failed to find error inject entry at (____ptrval____)
[    2.605184] Failed to find error inject entry at (____ptrval____)
[    2.605539] Failed to find error inject entry at (____ptrval____)
[    2.606055] Failed to find error inject entry at (____ptrval____)
[    2.606413] Failed to find error inject entry at (____ptrval____)
[    2.606775] Failed to find error inject entry at (____ptrval____)
[    2.607215] Failed to find error inject entry at (____ptrval____)
[    2.607883] Failed to find error inject entry at (____ptrval____)
[    2.608185] Failed to find error inject entry at (____ptrval____)
[    2.608427] Failed to find error inject entry at (____ptrval____)
[    2.608664] Failed to find error inject entry at (____ptrval____)
[    2.609003] Failed to find error inject entry at (____ptrval____)
[    2.609327] Failed to find error inject entry at (____ptrval____)
[    2.609651] Failed to find error inject entry at (____ptrval____)
[    2.609970] Failed to find error inject entry at (____ptrval____)
[    2.622939] input: gpio-keys as /devices/platform/gpio-keys/input/input0
[    2.627167] cfg80211: Loading compiled-in X.509 certificates for regulatory database
[    2.648619] cfg80211: Loaded X.509 cert 'sforshee: 00b28ddf47aef9cea7'
[    2.651765] platform regulatory.0: Direct firmware load for regulatory.db failed with error -2
[    2.653035] platform regulatory.0: Falling back to sysfs fallback for: regulatory.db
[    2.655764] ALSA device list:
[    2.656450]   No soundcards found.
[    2.661115] cryptomgr_probe (125): highest shadow stack usage: 168 bytes
[    2.666192] uart-pl011 9000000.pl011: no DMA platform data
[    2.843022] Freeing unused kernel memory: 1216K
[    2.853281] Run /init as init process
[    3.293455] init: init first stage started!
[    3.329621] init: Loading module /lib/modules/btintel.ko with args ""
[    3.376670] init: Loaded kernel module /lib/modules/btintel.ko
[    3.378370] init: Loading module /lib/modules/btrtl.ko with args ""
[    3.419900] init: Loaded kernel module /lib/modules/btrtl.ko
[    3.423413] init: Loading module /lib/modules/btusb.ko with args ""
[    3.472097] usbcore: registered new interface driver btusb
[    3.474533] init: Loaded kernel module /lib/modules/btusb.ko
[    3.476264] init: Loading module /lib/modules/dummy-cpufreq.ko with args ""
[    3.526403] init: Loaded kernel module /lib/modules/dummy-cpufreq.ko
[    3.527944] init: Loading module /lib/modules/failover.ko with args ""
[    3.563555] init: Loaded kernel module /lib/modules/failover.ko
[    3.565269] init: Loading module /lib/modules/goldfish_address_space.ko with args ""
[    3.566342] goldfish_address_space: loading out-of-tree module taints kernel.
[    3.595461] goldfish_address_space 0000:00:0b.0: enabling device (0000 -> 0002)
[    3.600111] init: Loaded kernel module /lib/modules/goldfish_address_space.ko
[    3.601390] init: Loading module /lib/modules/goldfish_battery.ko with args ""
[    3.648008] init: Loaded kernel module /lib/modules/goldfish_battery.ko
[    3.649209] init: Loading module /lib/modules/goldfish_pipe.ko with args ""
[    3.695301] init: Loaded kernel module /lib/modules/goldfish_pipe.ko
[    3.696437] init: Loading module /lib/modules/goldfish_sync.ko with args ""
[    3.742163] init: Loaded kernel module /lib/modules/goldfish_sync.ko
[    3.744912] init: Loading module /lib/modules/hci_vhci.ko with args ""
[    3.786926] init: Loaded kernel module /lib/modules/hci_vhci.ko
[    3.788252] init: Loading module /lib/modules/incrementalfs.ko with args ""
[    3.841729] init: Loaded kernel module /lib/modules/incrementalfs.ko
[    3.843781] init: Loading module /lib/modules/mac80211_hwsim.ko with args ""
[    3.885784] mac80211_hwsim: initializing netlink
[    3.915638] init: Loaded kernel module /lib/modules/mac80211_hwsim.ko
[    3.916895] init: Loading module /lib/modules/md-mod.ko with args ""
[    4.001806] init: Loaded kernel module /lib/modules/md-mod.ko
[    4.004013] init: Loading module /lib/modules/nd_virtio.ko with args ""
[    4.043360] init: Loaded kernel module /lib/modules/nd_virtio.ko
[    4.044526] init: Loading module /lib/modules/net_failover.ko with args ""
[    4.091852] init: Loaded kernel module /lib/modules/net_failover.ko
[    4.093060] init: Loading module /lib/modules/rtc-test.ko with args ""
[    4.138471] rtc-test rtc-test.0: registered as rtc1
[    4.159741] rtc rtc2: invalid alarm value: 18446744073704833238-04-05T10:38:01
[    4.160475] rtc-test rtc-test.1: registered as rtc2
[    4.183366] rtc rtc3: invalid alarm value: 18446744073704833238-04-05T10:38:01
[    4.184360] rtc-test rtc-test.2: registered as rtc3
[    4.185643] init: Loaded kernel module /lib/modules/rtc-test.ko
[    4.187072] init: Loading module /lib/modules/snd-hda-core.ko with args ""
[    4.243574] init: Loaded kernel module /lib/modules/snd-hda-core.ko
[    4.244741] init: Loading module /lib/modules/snd-hda-codec.ko with args ""
[    4.310010] init: Loaded kernel module /lib/modules/snd-hda-codec.ko
[    4.311276] init: Loading module /lib/modules/snd-hda-codec-generic.ko with args ""
[    4.367113] init: Loaded kernel module /lib/modules/snd-hda-codec-generic.ko
[    4.368744] init: Loading module /lib/modules/snd-hda-intel.ko with args ""
[    4.418059] init: Loaded kernel module /lib/modules/snd-hda-intel.ko
[    4.421072] init: Loading module /lib/modules/test_meminit.ko with args ""
[    4.507752] test_meminit: all 10 tests in test_pages passed
[    4.528986] test_meminit: all 40 tests in test_kvmalloc passed
[    7.085595] test_meminit: all 70 tests in test_kmemcache passed
[    7.416338] test_meminit: all 10 tests in test_rcu_persistent passed
[    7.416816] test_meminit: all 130 tests passed!
[    7.418330] init: Loaded kernel module /lib/modules/test_meminit.ko
[    7.419965] init: Loading module /lib/modules/test_stackinit.ko with args ""
[    7.466822] test_stackinit: u8_zero ok
[    7.467714] test_stackinit: u16_zero ok
[    7.468162] test_stackinit: u32_zero ok
[    7.468618] test_stackinit: u64_zero ok
[    7.469062] test_stackinit: char_array_zero ok
[    7.469557] test_stackinit: small_hole_zero ok
[    7.470019] test_stackinit: big_hole_zero ok
[    7.470513] test_stackinit: trailing_hole_zero ok
[    7.471017] test_stackinit: packed_zero ok
[    7.471692] test_stackinit: small_hole_dynamic_partial ok
[    7.472222] test_stackinit: big_hole_dynamic_partial ok
[    7.472681] test_stackinit: trailing_hole_dynamic_partial ok
[    7.473063] test_stackinit: packed_dynamic_partial ok
[    7.473440] test_stackinit: small_hole_static_partial ok
[    7.473781] test_stackinit: big_hole_static_partial ok
[    7.474125] test_stackinit: trailing_hole_static_partial ok
[    7.474566] test_stackinit: packed_static_partial ok
[    7.474957] test_stackinit: small_hole_static_all ok
[    7.475757] test_stackinit: big_hole_static_all ok
[    7.476147] test_stackinit: trailing_hole_static_all ok
[    7.476553] test_stackinit: packed_static_all ok
[    7.476954] test_stackinit: small_hole_dynamic_all ok
[    7.477326] test_stackinit: big_hole_dynamic_all ok
[    7.477714] test_stackinit: trailing_hole_dynamic_all ok
[    7.478107] test_stackinit: packed_dynamic_all ok
[    7.478449] test_stackinit: small_hole_runtime_partial ok
[    7.478979] test_stackinit: big_hole_runtime_partial ok
[    7.479375] test_stackinit: trailing_hole_runtime_partial ok
[    7.479736] test_stackinit: packed_runtime_partial ok
[    7.480245] test_stackinit: small_hole_runtime_all ok
[    7.480798] test_stackinit: big_hole_runtime_all ok
[    7.481259] test_stackinit: trailing_hole_runtime_all ok
[    7.481712] test_stackinit: packed_runtime_all ok
[    7.482129] test_stackinit: u8_none ok
[    7.482525] test_stackinit: u16_none ok
[    7.483173] test_stackinit: u32_none ok
[    7.483515] test_stackinit: u64_none ok
[    7.483814] test_stackinit: char_array_none ok
[    7.484138] test_stackinit: switch_1_none XFAIL (uninit bytes: 3)
[    7.484492] test_stackinit: switch_2_none XFAIL (uninit bytes: 3)
[    7.484868] test_stackinit: small_hole_none ok
[    7.485179] test_stackinit: big_hole_none ok
[    7.485546] test_stackinit: trailing_hole_none ok
[    7.485889] test_stackinit: packed_none ok
[    7.486195] test_stackinit: user ok
[    7.486350] test_stackinit: all tests passed!
[    7.489069] init: Loaded kernel module /lib/modules/test_stackinit.ko
[    7.491010] init: Loading module /lib/modules/usbip-core.ko with args ""
[    7.535055] init: Loaded kernel module /lib/modules/usbip-core.ko
[    7.537197] init: Loading module /lib/modules/vhci-hcd.ko with args ""
[    7.580158] vhci_hcd vhci_hcd.0: USB/IP Virtual Host Controller
[    7.580525] vhci_hcd vhci_hcd.0: new USB bus registered, assigned bus number 2
[    7.581446] vhci_hcd: created sysfs vhci_hcd.0
[    7.584876] hub 2-0:1.0: USB hub found
[    7.585435] hub 2-0:1.0: 8 ports detected
[    7.592912] vhci_hcd vhci_hcd.0: USB/IP Virtual Host Controller
[    7.593196] vhci_hcd vhci_hcd.0: new USB bus registered, assigned bus number 3
[    7.594012] usb usb3: We don't know the algorithms for LPM for this host, disabling LPM.
[    7.597094] hub 3-0:1.0: USB hub found
[    7.597879] hub 3-0:1.0: 8 ports detected
[    7.611658] init: Loaded kernel module /lib/modules/vhci-hcd.ko
[    7.612974] init: Loading module /lib/modules/virtio-gpu.ko with args ""
[    7.669172] init: Loaded kernel module /lib/modules/virtio-gpu.ko
[    7.670541] init: Loading module /lib/modules/virtio-rng.ko with args ""
[    7.706771] init: Loaded kernel module /lib/modules/virtio-rng.ko
[    7.709576] init: Loading module /lib/modules/virtio_blk.ko with args ""
[    7.756722] init: Loaded kernel module /lib/modules/virtio_blk.ko
[    7.758526] init: Loading module /lib/modules/virtio_console.ko with args ""
[    7.806168] init: Loaded kernel module /lib/modules/virtio_console.ko
[    7.808304] init: Loading module /lib/modules/virtio_input.ko with args ""
[    7.851813] init: Loaded kernel module /lib/modules/virtio_input.ko
[    7.852949] init: Loading module /lib/modules/virtio_mmio.ko with args ""
[    7.910289] random: crng init done
[    7.927502] virtio_blk virtio2: [vda] 6313984 512-byte logical blocks (3.23 GB/3.01 GiB)
[    7.980843]  vda: vda1 vda2
[    7.993547] virtio_blk virtio3: [vdb] 524288 512-byte logical blocks (268 MB/256 MiB)
[    8.041325] virtio_blk virtio4: [vdc] 16777216 512-byte logical blocks (8.59 GB/8.00 GiB)
[    8.088233] virtio_blk virtio5: [vdd] 36864 512-byte logical blocks (18.9 MB/18.0 MiB)
[    8.129649]  vdd: vdd1
[    8.141655] virtio_blk virtio6: [vde] 174080 512-byte logical blocks (89.1 MB/85.0 MiB)
[    8.195456]  vde: vde1
[    8.205839] init: Loaded kernel module /lib/modules/virtio_mmio.ko
[    8.207720] init: Loading module /lib/modules/virtio_net.ko with args ""
[    8.266497] init: Loaded kernel module /lib/modules/virtio_net.ko
[    8.268279] init: Loading module /lib/modules/virtio_pci.ko with args ""
[    8.317125] init: Loaded kernel module /lib/modules/virtio_pci.ko
[    8.318888] init: Loading module /lib/modules/virtio_pmem.ko with args ""
[    8.362204] init: Loaded kernel module /lib/modules/virtio_pmem.ko
[    8.364259] init: Loading module /lib/modules/virtio_wifi.ko with args ""
[    8.412850] init: Loaded kernel module /lib/modules/virtio_wifi.ko
[    8.414731] init: Loading module /lib/modules/xhci-hcd.ko with args ""
[    8.482547] init: Loaded kernel module /lib/modules/xhci-hcd.ko
[    8.484141] init: Loading module /lib/modules/xhci-pci.ko with args ""
[    8.524158] init: Loaded kernel module /lib/modules/xhci-pci.ko
[    8.571609] init: Using Android DT directory /proc/device-tree/firmware/android/
[    9.240962] init: [libfs_mgr]superblock s_max_mnt_count:65535,/dev/block/platform/a003c00.virtio_mmio/by-name/metadata
[    9.242489] init: [libfs_mgr]Filesystem on /dev/block/platform/a003c00.virtio_mmio/by-name/metadata was not cleanly shutdown; state flags: 0x1, incompat feature flags: 0x46
[    9.324166] init: [libfs_mgr]check_fs(): mount(/dev/block/platform/a003c00.virtio_mmio/by-name/metadata,/metadata,ext4)=-1: No such file or directory
[    9.326361] init: [libfs_mgr]Not running /system/bin/e2fsck on /dev/block/vdd1 (executable not in system image)
[    9.446292] EXT4-fs (vdd1): recovery complete
[    9.449594] EXT4-fs (vdd1): mounted filesystem with ordered data mode. Opts: 
[    9.450596] init: [libfs_mgr]__mount(source=/dev/block/platform/a003c00.virtio_mmio/by-name/metadata,target=/metadata,type=ext4)=0: Success
[    9.458724] init: Failed to copy /avb into /metadata/gsi/dsu/avb/: No such file or directory
[    9.494573] init: [libfs_mgr]Created logical partition system on device /dev/block/dm-0
[    9.502080] init: [libfs_mgr]Created logical partition system_ext on device /dev/block/dm-1
[    9.517022] init: [libfs_mgr]Created logical partition product on device /dev/block/dm-2
[    9.525766] init: [libfs_mgr]Created logical partition vendor on device /dev/block/dm-3
[    9.527505] init: DSU not detected, proceeding with normal boot
[    9.542106] init: [libfs_mgr]superblock s_max_mnt_count:65535,/dev/block/dm-0
[    9.617896] EXT4-fs (dm-0): mounted filesystem without journal. Opts: barrier=1
[    9.618876] init: [libfs_mgr]__mount(source=/dev/block/dm-0,target=/system,type=ext4)=0: Success
[    9.630098] init: Switching root to '/system'
[    9.662106] init: [libfs_mgr]superblock s_max_mnt_count:65535,/dev/block/dm-2
[    9.744698] EXT4-fs (dm-2): mounted filesystem without journal. Opts: barrier=1
[    9.745898] init: [libfs_mgr]__mount(source=/dev/block/dm-2,target=/product,type=ext4)=0: Success
[    9.764293] init: [libfs_mgr]superblock s_max_mnt_count:65535,/dev/block/dm-1
[    9.845129] EXT4-fs (dm-1): mounted filesystem without journal. Opts: barrier=1
[    9.846391] init: [libfs_mgr]__mount(source=/dev/block/dm-1,target=/system_ext,type=ext4)=0: Success
[    9.858381] init: [libfs_mgr]superblock s_max_mnt_count:65535,/dev/block/dm-3
[    9.943860] EXT4-fs (dm-3): mounted filesystem without journal. Opts: barrier=1
[    9.944672] init: [libfs_mgr]__mount(source=/dev/block/dm-3,target=/vendor,type=ext4)=0: Success
[   10.046487] init: Skipped setting INIT_AVB_VERSION (not in recovery mode)
[   11.051888] init: Loading SELinux policy
[   11.186883] SELinux:  Permission nlmsg_getneigh in class netlink_route_socket not defined in policy.
[   11.189674] SELinux: the above unknown classes and permissions will be denied
[   11.191041] SELinux:  policy capability network_peer_controls=1
[   11.191295] SELinux:  policy capability open_perms=1
[   11.191505] SELinux:  policy capability extended_socket_class=1
[   11.192113] SELinux:  policy capability always_check_network=0
[   11.192383] SELinux:  policy capability cgroup_seclabel=0
[   11.192613] SELinux:  policy capability nnp_nosuid_transition=1
[   11.533746] audit: type=1403 audit(1790542855.740:2): auid=4294967295 ses=4294967295 lsm=selinux res=1
[   11.537634] selinux: SELinux: Loaded policy from /vendor/etc/selinux/precompiled_sepolicy
[   11.538302] selinux: 
[   11.544204] audit: type=1404 audit(1790542855.752:3): enforcing=1 old_enforcing=0 auid=4294967295 ses=4294967295 enabled=1 old-enabled=1 lsm=selinux res=1
[   11.647347] selinux: SELinux: Loaded file_contexts
[   11.648655] selinux: 
[   12.028155] init: init second stage started!
[   12.504689] init: Using Android DT directory /proc/device-tree/firmware/android/
[   12.537367] init: Init cannot set 'ro.boot.hardware' to 'ranchu': Read-only property was already set
[   12.748090] init: Overriding previous 'ro.' property 'ro.control_privapp_permissions':'disable' with new value 'enforce'
[   12.780683] init: Overriding previous 'ro.' property 'ro.config.notification_sound':'OnTheHunt.ogg' with new value 'pixiedust.ogg'
[   12.785926] init: Couldn't load property file '/factory/factory.prop': open() failed: No such file or directory: No such file or directory
[   12.816942] init: Setting product property ro.product.brand to 'google' (from ro.product.product.brand)
[   12.818127] init: Setting product property ro.product.device to 'emulator_arm64' (from ro.product.product.device)
[   12.819692] init: Setting product property ro.product.manufacturer to 'Google' (from ro.product.product.manufacturer)
[   12.821048] init: Setting product property ro.product.model to 'sdk_gphone_arm64' (from ro.product.product.model)
[   12.823134] init: Setting product property ro.product.name to 'sdk_gphone_arm64' (from ro.product.product.name)
[   12.825662] init: Setting property 'ro.build.fingerprint' to 'google/sdk_gphone_arm64/emulator_arm64:11/RSR1.240422.006/12134477:userdebug/dev-keys'
[   13.061557] selinux: SELinux: Loaded file_contexts
[   13.062064] selinux: 
[   13.062730] init: Running restorecon...
[   13.252947] init: Created socket '/dev/socket/property_service', mode 666, user 0, group 0
[   13.327161] init: SetupMountNamespaces done
[   13.342901] init: Forked subcontext for 'u:r:vendor_init:s0' with pid 154
[   13.356467] init: Parsing file /system/etc/init/hw/init.rc...
[   13.384412] init: Added '/init.environ.rc' to import list
[   13.388295] init: Added '/system/etc/init/hw/init.usb.rc' to import list
[   13.391327] init: Added '/init.ranchu.rc' to import list
[   13.393182] init: Added '/vendor/etc/init/hw/init.ranchu.rc' to import list
[   13.394387] init: Added '/system/etc/init/hw/init.usb.configfs.rc' to import list
[   13.395830] init: Added '/system/etc/init/hw/init.zygote64.rc' to import list
[   13.485345] init: Parsing file /init.environ.rc...
[   13.493615] init: Parsing file /system/etc/init/hw/init.usb.rc...
[   13.505348] init: Parsing file /init.ranchu.rc...
[   13.506626] init: Unable to read config file '/init.ranchu.rc': open() failed: No such file or directory
[   13.513990] init: Parsing file /vendor/etc/init/hw/init.ranchu.rc...
[   13.581656] init: Parsing file /system/etc/init/hw/init.usb.configfs.rc...
[   13.597538] init: Parsing file /system/etc/init/hw/init.zygote64.rc...
[   13.605233] init: Parsing directory /system/etc/init...
[   13.626157] init: Parsing file /system/etc/init/android.hidl.allocator@1.0-service.rc...
[   13.631796] init: Parsing file /system/etc/init/android.system.suspend@1.0-service.rc...
[   13.638692] init: Parsing file /system/etc/init/apexd.rc...
[   13.644691] init: Parsing file /system/etc/init/atrace.rc...
[   13.660592] init: Parsing file /system/etc/init/atrace_userdebug.rc...
[   13.665635] init: Parsing file /system/etc/init/audioserver.rc...
[   13.671788] init: Parsing file /system/etc/init/blank_screen.rc...
[   13.676186] init: Parsing file /system/etc/init/bootanim.rc...
[   13.681185] init: Parsing file /system/etc/init/bootstat-debug.rc...
[   13.685974] init: Parsing file /system/etc/init/bootstat.rc...
[   13.693846] init: Parsing file /system/etc/init/bpfloader.rc...
[   13.700826] init: Parsing file /system/etc/init/cameraserver.rc...
[   13.706267] init: Parsing file /system/etc/init/clean_scratch_files.rc...
[   13.712352] init: Parsing file /system/etc/init/cppreopts.rc...
[   13.718456] init: Parsing file /system/etc/init/credstore.rc...
[   13.725297] init: Parsing file /system/etc/init/drmserver.rc...
[   13.729325] init: Parsing file /system/etc/init/dumpstate.rc...
[   13.734355] init: Parsing file /system/etc/init/flags_health_check.rc...
[   13.738981] init: Parsing file /system/etc/init/gatekeeperd.rc...
[   13.743263] init: Parsing file /system/etc/init/gpuservice.rc...
[   13.747299] init: Parsing file /system/etc/init/gsid.rc...
[   13.753619] init: Parsing file /system/etc/init/heapprofd.rc...
[   13.760635] init: Parsing file /system/etc/init/hwservicemanager.rc...
[   13.765335] init: Parsing file /system/etc/init/idmap2d.rc...
[   13.770170] init: Parsing file /system/etc/init/incidentd.rc...
[   13.775742] init: Parsing file /system/etc/init/init-debug.rc...
[   13.781183] init: Parsing file /system/etc/init/installd.rc...
[   13.791702] init: Parsing file /system/etc/init/iorapd.rc...
[   13.797782] init: Parsing file /system/etc/init/keystore.rc...
[   13.802834] init: Parsing file /system/etc/init/llkd-debuggable.rc...
[   13.810029] init: Parsing file /system/etc/init/llkd.rc...
[   13.819621] init: Parsing file /system/etc/init/lmkd.rc...
[   13.826033] init: Parsing file /system/etc/init/logcatd.rc...
[   13.837643] init: Parsing file /system/etc/init/logd.rc...
[   13.844820] init: Parsing file /system/etc/init/logtagd.rc...
[   13.850199] init: Parsing file /system/etc/init/lpdumpd.rc...
[   13.857495] init: Parsing file /system/etc/init/mdnsd.rc...
[   13.862499] init: Parsing file /system/etc/init/mediaextractor.rc...
[   13.867203] init: Parsing file /system/etc/init/mediametrics.rc...
[   13.872142] init: Parsing file /system/etc/init/mediaserver.rc...
[   13.878159] init: Parsing file /system/etc/init/mtpd.rc...
[   13.883595] init: Parsing file /system/etc/init/netd.rc...
[   13.891662] init: Parsing file /system/etc/init/otapreopt.rc...
[   13.896636] init: Parsing file /system/etc/init/perfetto.rc...
[   13.907321] init: Parsing file /system/etc/init/racoon.rc...
[   13.915584] init: Parsing file /system/etc/init/recovery-persist.rc...
[   13.920098] init: Parsing file /system/etc/init/recovery-refresh.rc...
[   13.931508] init: Parsing file /system/etc/init/rss_hwm_reset.rc...
[   13.940677] init: Parsing file /system/etc/init/servicemanager.rc...
[   13.947683] init: Parsing file /system/etc/init/storaged.rc...
[   13.951698] init: Parsing file /system/etc/init/surfaceflinger.rc...
[   13.956015] init: Parsing file /system/etc/init/tombstoned.rc...
[   13.962829] init: Parsing file /system/etc/init/traced_perf.rc...
[   13.980693] init: Parsing file /system/etc/init/traceur.rc...
[   13.986339] init: Parsing file /system/etc/init/uncrypt.rc...
[   13.992365] init: Parsing file /system/etc/init/update_engine.rc...
[   14.000211] init: Parsing file /system/etc/init/update_verifier.rc...
[   14.006442] init: Parsing file /system/etc/init/usbd.rc...
[   14.011839] init: Parsing file /system/etc/init/vdc.rc...
[   14.021879] init: Parsing file /system/etc/init/vold.rc...
[   14.029010] init: Parsing file /system/etc/init/wait_for_keymaster.rc...
[   14.036205] init: Parsing file /system/etc/init/wifi.rc...
[   14.044417] init: Parsing file /system/etc/init/wificond.rc...
[   14.049941] init: Parsing file /system_ext/etc/init...
[   14.051182] init: Unable to read config file '/system_ext/etc/init': open() failed: No such file or directory
[   14.052907] init: Parsing file /product/etc/init...
[   14.053740] init: Unable to read config file '/product/etc/init': open() failed: No such file or directory
[   14.055162] init: Parsing file /odm/etc/init...
[   14.056570] init: Unable to read config file '/odm/etc/init': open() failed: No such file or directory
[   14.058044] init: Parsing directory /vendor/etc/init...
[   14.069015] init: Parsing file /vendor/etc/init/android.hardware.atrace@1.0-service.rc...
[   14.073485] init: Parsing file /vendor/etc/init/android.hardware.audio.service.ranchu.rc...
[   14.078256] init: Parsing file /vendor/etc/init/android.hardware.authsecret@1.0-service.rc...
[   14.084962] init: Parsing file /vendor/etc/init/android.hardware.biometrics.face@1.0-service.rc...
[   14.088434] init: Parsing file /vendor/etc/init/android.hardware.biometrics.fingerprint@2.1-service.rc...
[   14.091959] init: Parsing file /vendor/etc/init/android.hardware.bluetooth@1.1-service.sim.rc...
[   14.095602] init: Parsing file /vendor/etc/init/android.hardware.camera.provider@2.4-service_64.rc...
[   14.100083] init: Parsing file /vendor/etc/init/android.hardware.camera.provider@2.6-service-google.rc...
[   14.104264] init: Parsing file /vendor/etc/init/android.hardware.contexthub@1.1-service.rc...
[   14.110474] init: Parsing file /vendor/etc/init/android.hardware.drm@1.0-service.rc...
[   14.116951] init: Parsing file /vendor/etc/init/android.hardware.drm@1.3-service.clearkey.rc...
[   14.121431] init: Parsing file /vendor/etc/init/android.hardware.drm@1.3-service.widevine.rc...
[   14.129826] init: Parsing file /vendor/etc/init/android.hardware.dumpstate@1.1-service.example.rc...
[   14.134873] init: Parsing file /vendor/etc/init/android.hardware.gatekeeper@1.0-service.software.rc...
[   14.138132] init: Parsing file /vendor/etc/init/android.hardware.gnss@2.0-service.ranchu.rc...
[   14.143351] init: Parsing file /vendor/etc/init/android.hardware.graphics.allocator@3.0-service.rc...
[   14.147488] init: Parsing file /vendor/etc/init/android.hardware.graphics.composer@2.3-service.rc...
[   14.150862] init: Parsing file /vendor/etc/init/android.hardware.health.storage@1.0-service.rc...
[   14.153905] init: Parsing file /vendor/etc/init/android.hardware.health@2.1-service.rc...
[   14.157008] init: Parsing file /vendor/etc/init/android.hardware.input.classifier@1.0-service.default.rc...
[   14.160024] init: Parsing file /vendor/etc/init/android.hardware.keymaster@4.1-service.rc...
[   14.162563] init: Parsing file /vendor/etc/init/android.hardware.media.omx@1.0-service.rc...
[   14.167136] init: Parsing file /vendor/etc/init/android.hardware.neuralnetworks@1.3-service-sample-all.rc...
[   14.172601] init: Parsing file /vendor/etc/init/android.hardware.neuralnetworks@1.3-service-sample-float-fast.rc...
[   14.177609] init: Parsing file /vendor/etc/init/android.hardware.neuralnetworks@1.3-service-sample-float-slow.rc...
[   14.182550] init: Parsing file /vendor/etc/init/android.hardware.neuralnetworks@1.3-service-sample-minimal.rc...
[   14.185998] init: Parsing file /vendor/etc/init/android.hardware.neuralnetworks@1.3-service-sample-quant.rc...
[   14.190121] init: Parsing file /vendor/etc/init/android.hardware.power.stats@1.0-service.rc...
[   14.193315] init: Parsing file /vendor/etc/init/android.hardware.sensors@2.1-service-multihal.rc...
[   14.197028] init: Parsing file /vendor/etc/init/android.hardware.thermal@2.0-service.rc...
[   14.201214] init: Parsing file /vendor/etc/init/android.hardware.usb@1.0-service.rc...
[   14.204368] init: Parsing file /vendor/etc/init/android.hardware.wifi@1.0-service.rc...
[   14.208146] init: Parsing file /vendor/etc/init/boringssl_self_test.rc...
[   14.212782] init: Parsing file /vendor/etc/init/hostapd.android.rc...
[   14.216918] init: Parsing file /vendor/etc/init/identity-default.rc...
[   14.220078] init: Parsing file /vendor/etc/init/lights-default.rc...
[   14.224202] init: Parsing file /vendor/etc/init/power-default.rc...
[   14.227206] init: Parsing file /vendor/etc/init/rebootescrow-default.rc...
[   14.230575] init: Parsing file /vendor/etc/init/rild_goldfish.rc...
[   14.235213] init: Parsing file /vendor/etc/init/vendor_flash_recovery.rc...
[   14.237912] init: Parsing file /vendor/etc/init/vibrator-default.rc...
[   14.255865] init: processing action (SetupCgroups) from (<Builtin Action>:0)
[   14.789917] cgroup1: Unknown subsys name 'schedtune'
[   14.791039] libprocessgroup: Failed to mount schedtune cgroup: Invalid argument
[   14.792207] libprocessgroup: Failed to setup schedtune cgroup
[   14.798018] init: Command 'SetupCgroups' action=SetupCgroups (<Builtin Action>:0) took 540ms and succeeded
[   14.836789] init: processing action (SetKptrRestrict) from (<Builtin Action>:0)
[   14.848466] init: processing action (TestPerfEventSelinux) from (<Builtin Action>:0)
[   14.862099] init: processing action (early-init) from (/system/etc/init/hw/init.rc:15)
[   14.942756] init: starting service 'exec 1 (/system/bin/linkerconfig --target /linkerconfig/bootstrap)'...
[   14.975948] init: SVC_EXEC service 'exec 1 (/system/bin/linkerconfig --target /linkerconfig/bootstrap)' pid 155 (uid 0 gid 0+0 context default) started; waiting...
[   14.978898] init: Command 'exec -- /system/bin/linkerconfig --target /linkerconfig/bootstrap' action=early-init (/system/etc/init/hw/init.rc:59) took 64ms and succeeded
[   15.100551] linkerconfig (155) used greatest stack depth: 11952 bytes left
[   15.105415] init: Service 'exec 1 (/system/bin/linkerconfig --target /linkerconfig/bootstrap)' (pid 155) exited with status 0 waiting took 0.150000 seconds
[   15.107653] init: Sending signal 9 to service 'exec 1 (/system/bin/linkerconfig --target /linkerconfig/bootstrap)' (pid 155) process group...
[   15.113252] libprocessgroup: Successfully killed process cgroup uid 0 pid 155 in 3ms
[   15.144642] init: starting service 'ueventd'...
[   15.148020] linkerconfig (155): highest shadow stack usage: 296 bytes
[   15.229120] init: Command 'start ueventd' action=early-init (/system/etc/init/hw/init.rc:67) took 83ms and succeeded
[   15.240339] init: starting service 'apexd-bootstrap'...
[   15.392211] init: SVC_EXEC service 'apexd-bootstrap' pid 157 (uid 0 gid 1000+0 context default) started; waiting...
[   15.396847] init: Command 'exec_start apexd-bootstrap' action=early-init (/system/etc/init/hw/init.rc:72) took 163ms and succeeded
[   15.990651] ueventd: ueventd started!
[   16.061120] selinux: SELinux: Loaded file_contexts
[   16.061617] selinux: 
[   16.073048] ueventd: Parsing file /system/etc/ueventd.rc...
[   16.095488] ueventd: Parsing file /vendor/ueventd.rc...
[   16.106537] ueventd: Parsing file /odm/ueventd.rc...
[   16.110026] ueventd: Unable to read config file '/odm/ueventd.rc': open() failed: No such file or directory
[   16.111164] ueventd: Parsing file /ueventd.ranchu.rc...
[   16.112993] ueventd: Unable to read config file '/ueventd.ranchu.rc': open() failed: No such file or directory
[   16.206820] apexd: Bootstrap subcommand detected
[   19.813130] ueventd: firmware: loading 'regulatory.db' for '/devices/platform/regulatory.0/firmware/regulatory.db'
[   20.005205] apexd: wait for '/dev/loop-control' took 3315ms
[   20.551911] ueventd: Coldboot took 4.412 seconds
[   20.671742] apexd: Pre-allocated 28 loopback devices
[   20.674456] apexd: Scanning /system/apex for preinstalled data
[   20.861671] apexd: Scanning /system_ext/apex for preinstalled data
[   20.862912] apexd: ... does not exist. Skipping
[   20.864140] apexd: Scanning /vendor/apex for preinstalled data
[   20.865483] apexd: ... does not exist. Skipping
[   20.866495] apexd: Scanning /system/apex looking for APEX packages.
[   20.877516] apexd: Found /system/apex/com.google.android.cellbroadcast.apex
[   20.885907] apexd: Found /system/apex/com.google.android.extservices.apex
[   20.896837] apexd: Found /system/apex/com.google.android.ipsec.apex
[   20.904698] apexd: Found /system/apex/com.google.android.tethering.apex
[   20.914104] apexd: Found /system/apex/com.google.android.mediaprovider.apex
[   20.924154] apexd: Found /system/apex/com.google.android.telephony.apex
[   20.933564] apexd: Found /system/apex/com.android.vndk.current.apex
[   20.947754] apexd: Found /system/apex/com.android.i18n.apex
[   20.954129] apexd: Found /system/apex/com.google.android.permission.apex
[   20.961033] apexd: Found /system/apex/com.google.android.tzdata2.apex
[   20.967020] apexd: Found /system/apex/com.google.android.neuralnetworks.apex
[   20.973093] apexd: Found /system/apex/com.google.android.resolv.apex
[   20.978546] apexd: Found /system/apex/com.google.android.sdkext.apex
[   20.987383] apexd: Found /system/apex/com.google.android.os.statsd.apex
[   20.994354] apexd: Found /system/apex/com.google.android.adbd.apex
[   21.000900] apexd: Found /system/apex/com.android.apex.cts.shim.apex
[   21.006542] apexd: Found /system/apex/com.google.android.wifi.apex
[   21.012347] apexd: Found /system/apex/com.android.runtime.apex
[   21.018551] apexd: Found /system/apex/com.google.android.media.swcodec.apex
[   21.024433] apexd: Found /system/apex/com.android.art.debug.apex
[   21.030585] apexd: Found /system/apex/com.google.android.media.apex
[   21.037816] apexd: Found /system/apex/com.google.android.conscrypt.apex
[   21.185390] EXT4-fs (loop0): mounted filesystem without journal. Opts: (null)
[   21.187617] apexd: Successfully mounted package /system/apex/com.android.vndk.current.apex on /apex/com.android.vndk.v30@1
[   21.326026] EXT4-fs (loop1): mounted filesystem without journal. Opts: (null)
[   21.327318] apexd: Successfully mounted package /system/apex/com.android.i18n.apex on /apex/com.android.i18n@1
[   21.460014] EXT4-fs (loop2): mounted filesystem without journal. Opts: (null)
[   21.461365] apexd: Successfully mounted package /system/apex/com.google.android.tzdata2.apex on /apex/com.android.tzdata@300900700
[   21.579820] EXT4-fs (loop3): mounted filesystem without journal. Opts: (null)
[   21.582105] apexd: Successfully mounted package /system/apex/com.google.android.os.statsd.apex on /apex/com.android.os.statsd@300900700
[   21.707397] EXT4-fs (loop4): mounted filesystem without journal. Opts: (null)
[   21.708827] apexd: Successfully mounted package /system/apex/com.android.runtime.apex on /apex/com.android.runtime@1
[   21.837541] EXT4-fs (loop5): mounted filesystem without journal. Opts: (null)
[   21.839552] apexd: Successfully mounted package /system/apex/com.android.art.debug.apex on /apex/com.android.art@1
[   21.852467] apexd: Activated 22 packages. Skipped: 0
[   21.855019] apexd: Scanning /system_ext/apex looking for APEX packages.
[   21.857276] apexd: ... does not exist. Skipping
[   21.893595] apexd: Activated 0 packages. Skipped: 0
[   21.895143] apexd: Scanning /vendor/apex looking for APEX packages.
[   21.896003] apexd: ... does not exist. Skipping
[   21.924830] apexd: Activated 0 packages. Skipped: 0
[   21.925489] apexd: Bootstrapping done
[   21.965515] init: Service 'apexd-bootstrap' (pid 157) exited with status 0 waiting took 6.689000 seconds
[   21.966297] init: Sending signal 9 to service 'apexd-bootstrap' (pid 157) process group...
[   21.970717] libprocessgroup: Successfully killed process cgroup uid 0 pid 157 in 2ms
[   22.000547] apexd (157): highest shadow stack usage: 312 bytes
[   22.209437] init: linkerconfig generated /linkerconfig with mounted APEX modules info
[   22.210507] init: Command 'update_linker_config' action=early-init (/system/etc/init/hw/init.rc:75) took 223ms and succeeded
[   22.238512] init: processing action (ro.product.cpu.abilist64=* && early-init) from (/system/etc/init/hw/init.rc:87)
[   22.244923] init: starting service 'boringssl_self_test64'...
[   22.313438] init: SVC_EXEC service 'boringssl_self_test64' pid 178 (uid 0 gid 0+0 context default) started; waiting...
[   22.315702] init: Command 'exec_start boringssl_self_test64' action=ro.product.cpu.abilist64=* && early-init (/system/etc/init/hw/init.rc:88) took 74ms and succeeded
[   22.849854] init: Service 'boringssl_self_test64' (pid 178) exited with status 0 waiting took 0.594000 seconds
[   22.851343] init: Sending signal 9 to service 'boringssl_self_test64' (pid 178) process group...
[   22.855366] libprocessgroup: Successfully killed process cgroup uid 0 pid 178 in 2ms
[   22.904380] init: processing action (early-init) from (/init.environ.rc:2)
[   22.910851] init: processing action (early-init) from (/vendor/etc/init/hw/init.ranchu.rc:12)
[   22.936512] boringssl_self_ (178): highest shadow stack usage: 336 bytes
[   23.064875] init: Command 'mount proc proc /proc remount hidepid=2,gid=3009' action=early-init (/vendor/etc/init/hw/init.ranchu.rc:13) took 151ms and succeeded
[   23.118044] init: processing action (ro.product.cpu.abilist64=* && early-init) from (/vendor/etc/init/boringssl_self_test.rc:4)
[   23.135452] init: starting service 'boringssl_self_test64_vendor'...
[   23.268570] init: SVC_EXEC service 'boringssl_self_test64_vendor' pid 179 (uid 0 gid 0+0 context default) started; waiting...
[   23.272242] init: Command 'exec_start boringssl_self_test64_vendor' action=ro.product.cpu.abilist64=* && early-init (/vendor/etc/init/boringssl_self_test.rc:5) took 150ms and succeeded
[   23.585065] init: Service 'boringssl_self_test64_vendor' (pid 179) exited with status 0 waiting took 0.430000 seconds
[   23.585752] init: Sending signal 9 to service 'boringssl_self_test64_vendor' (pid 179) process group...
[   23.588882] libprocessgroup: Successfully killed process cgroup uid 0 pid 179 in 1ms
[   23.603407] init: processing action (wait_for_coldboot_done) from (<Builtin Action>:0)
[   23.604674] init: start_waiting_for_property("ro.cold_boot_done", "true"): already set
[   23.607445] init: processing action (MixHwrngIntoLinuxRng) from (<Builtin Action>:0)
[   23.638195] init: Mixed 512 bytes from /dev/hw_random into /dev/urandom
[   23.640644] init: processing action (SetMmapRndBits) from (<Builtin Action>:0)
[   23.658673] init: processing action (KeychordInit) from (<Builtin Action>:0)
[   23.666010] init: EVIOCSMASK not supported: Invalid argument
[   23.670699] init: processing action (init) from (/system/etc/init/hw/init.rc:114)
[   23.741766] init: Command 'write /dev/blkio/blkio.weight 1000' action=init (/system/etc/init/hw/init.rc:164) took 4ms and failed: Unable to write to file '/dev/blkio/blkio.weight': open() failed: Permission denied
[   23.748551] init: Command 'write /dev/blkio/background/blkio.weight 200' action=init (/system/etc/init/hw/init.rc:165) took 5ms and failed: Unable to write to file '/dev/blkio/background/blkio.weight': open() failed: Permission denied
[   23.756800] init: Command 'write /dev/blkio/blkio.group_idle 0' action=init (/system/etc/init/hw/init.rc:166) took 6ms and failed: Unable to write to file '/dev/blkio/blkio.group_idle': open() failed: Permission denied
[   23.761074] init: Command 'write /dev/blkio/background/blkio.group_idle 0' action=init (/system/etc/init/hw/init.rc:167) took 2ms and failed: Unable to write to file '/dev/blkio/background/blkio.group_idle': open() failed: Permission denied
[   23.871986] init: Command 'mount binder binder /dev/binderfs stats=global' action=init (/system/etc/init/hw/init.rc:177) took 71ms and succeeded
[   24.045665] init: Command 'write /dev/cpuctl/cpu.rt_period_us 1000000' action=init (/system/etc/init/hw/init.rc:271) took 2ms and failed: Unable to write to file '/dev/cpuctl/cpu.rt_period_us': open() failed: Permission denied
[   24.052418] init: Command 'write /dev/cpuctl/cpu.rt_runtime_us 950000' action=init (/system/etc/init/hw/init.rc:272) took 4ms and failed: Unable to write to file '/dev/cpuctl/cpu.rt_runtime_us': open() failed: Permission denied
[   24.235966] Registered swp emulation handler
[   24.246231] init: Command 'write /dev/cpu_variant:${ro.bionic.2nd_arch} ${ro.bionic.2nd_cpu_variant}' action=init (/system/etc/init/hw/init.rc:384) took 0ms and failed: property 'ro.bionic.2nd_arch' doesn't exist while expanding '/dev/cpu_variant:${ro.bionic.2nd_arch}'
[   24.248927] init: Command 'chmod 0444 /dev/cpu_variant:${ro.bionic.2nd_arch}' action=init (/system/etc/init/hw/init.rc:385) took 0ms and failed: property 'ro.bionic.2nd_arch' doesn't exist while expanding '/dev/cpu_variant:${ro.bionic.2nd_arch}'
[   24.259487] init: starting service 'logd'...
[   24.266268] init: Created socket '/dev/socket/logd', mode 666, user 1036, group 1036
[   24.274331] init: Created socket '/dev/socket/logdr', mode 666, user 1036, group 1036
[   24.289179] init: Created socket '/dev/socket/logdw', mode 222, user 1036, group 1036
[   24.291665] init: Opened file '/proc/kmsg', flags 0
[   24.293980] init: Opened file '/dev/kmsg', flags 1
[   24.344993] init: Command 'start logd' action=init (/system/etc/init/hw/init.rc:398) took 87ms and succeeded
[   24.353771] init: starting service 'lmkd'...
[   24.362922] init: Created socket '/dev/socket/lmkd', mode 660, user 1000, group 1000
[   24.509991] init: Command 'start lmkd' action=init (/system/etc/init/hw/init.rc:404) took 150ms and succeeded
[   24.547088] init: starting service 'servicemanager'...
[   24.781893] init: Command 'start servicemanager' action=init (/system/etc/init/hw/init.rc:407) took 253ms and succeeded
[   24.826121] init: starting service 'hwservicemanager'...
[   25.141836] init: Command 'start hwservicemanager' action=init (/system/etc/init/hw/init.rc:408) took 339ms and succeeded
[   25.148085] init: Command 'start vndservicemanager' action=init (/system/etc/init/hw/init.rc:409) took 1ms and failed: service vndservicemanager not found
[   25.154194] init: processing action (ro.debuggable=1 && init) from (/system/etc/init/hw/init.rc:1065)
[   25.172937] init: starting service 'console'...
[   25.517952] init: Command 'start console' action=ro.debuggable=1 && init (/system/etc/init/hw/init.rc:1066) took 338ms and succeeded
[   25.522573] init: processing action (init) from (/system/etc/init/hw/init.usb.rc:24)
[   25.605174] init: Command 'setprop sys.usb.configfs 0' action=init (/system/etc/init/hw/init.usb.rc:25) took 78ms and succeeded
[   25.618636] init: processing action (init) from (/vendor/etc/init/hw/init.ranchu.rc:17)
[   25.882500] init: Command 'symlink /dev/goldfish_pipe /dev/android_pipe' action=init (/vendor/etc/init/hw/init.ranchu.rc:21) took 240ms and succeeded
[   25.982980] init: Command 'write /sys/block/zram0/comp_algorithm lz4' action=init (/vendor/etc/init/hw/init.ranchu.rc:24) took 64ms and succeeded
[   26.394667] init: starting service 'qemu-props'...
[   26.766353] init: Command 'start qemu-props' action=init (/vendor/etc/init/hw/init.ranchu.rc:50) took 390ms and succeeded
[   26.784345] init: processing action (init) from (/system/etc/init/audioserver.rc:48)
[   26.867411] init: Command 'mkdir /dev/socket/audioserver 0775 audioserver audioserver' action=init (/system/etc/init/audioserver.rc:49) took 73ms and succeeded
[   26.877232] init: processing action (MixHwrngIntoLinuxRng) from (<Builtin Action>:0)
[   26.933249] init: Mixed 512 bytes from /dev/hw_random into /dev/urandom
[   26.943940] init: Command 'MixHwrngIntoLinuxRng' action=MixHwrngIntoLinuxRng (<Builtin Action>:0) took 59ms and succeeded
[   26.955407] init: processing action (late-init) from (/system/etc/init/hw/init.rc:427)
[   26.968445] init: processing action (late-init) from (/system/etc/init/atrace.rc:3)
console:/ $ [   27.053825] init: Command 'write /proc/sys/kernel/sched_schedstats 1' action=late-init (/system/etc/init/atrace.rc:10) took 54ms and succeeded
[   28.173550] init: processing action (late-init) from (/vendor/etc/init/android.hardware.atrace@1.0-service.rc:1)
[   28.193369] init: processing action (queue_property_triggers) from (<Builtin Action>:0)
[   28.198049] init: processing action (early-fs) from (/system/etc/init/hw/init.rc:463)
[   28.209480] init: starting service 'vold'...
[   28.305958] init: Command 'start vold' action=early-fs (/system/etc/init/hw/init.rc:465) took 102ms and succeeded
[   28.309702] init: processing action (early-fs) from (/vendor/etc/init/hw/init.ranchu.rc:1)
[   28.317837] init: processing action (fs) from (/vendor/etc/init/hw/init.ranchu.rc:4)
[   28.346978] init: starting service 'wait_for_keymaster'...
[   28.510105] logd.auditd: start
[   28.512194] logd.klogd: 28132991904
[   28.590811] init: SVC_EXEC service 'wait_for_keymaster' pid 189 (uid 0 gid 0+1 context default) started; waiting...
[   28.597701] init: Command 'exec_start wait_for_keymaster' action=fs (/vendor/etc/init/hw/init.ranchu.rc:5) took 276ms and succeeded
[   29.521746] wait_for_keymaster: Waiting for Keymaster device
[   30.316783] HidlServiceManagement: getService: Trying again for android.hardware.keymaster@4.0::IKeymasterDevice/default...
[   30.329427] init: starting service 'vendor.keymaster-4-1'...
[   30.513571] init: Control message: Processed ctl.interface_start for 'android.hardware.keymaster@4.0::IKeymasterDevice/default' from pid: 183 (/system/bin/hwservicemanager)
[   30.535861] init: Control message: Processed ctl.interface_start for 'android.hardware.keymaster@4.0::IKeymasterDevice/default' from pid: 183 (/system/bin/hwservicemanager)
[   31.326585] HidlServiceManagement: Waited one second for android.hardware.keymaster@4.0::IKeymasterDevice/default
[   31.366582] HidlServiceManagement: getService: Trying again for android.hardware.keymaster@4.0::IKeymasterDevice/default...
[   31.408033] init: Control message: Processed ctl.interface_start for 'android.hardware.keymaster@4.0::IKeymasterDevice/default' from pid: 183 (/system/bin/hwservicemanager)
[   32.192781] wait_for_keymaster: List of Keymaster HALs found:
[   32.210998] wait_for_keymaster: Keymaster HAL #1: SoftwareKeymasterDevice from Google SecurityLevel: SOFTWARE HAL: android.hardware.keymaster@4.1::IKeymasterDevice/default
[   32.261533] wait_for_keymaster: Using SoftwareKeymasterDevice from Google for encryption.  Security level: SOFTWARE, HAL: android.hardware.keymaster@4.1::IKeymasterDevice/default
[   32.264278] wait_for_keymaster: Keymaster device ready
[   32.361951] init: Service 'wait_for_keymaster' (pid 189) exited with status 0 waiting took 3.958000 seconds
[   32.365416] init: Sending signal 9 to service 'wait_for_keymaster' (pid 189) process group...
[   32.373071] libprocessgroup: Successfully killed process cgroup uid 0 pid 189 in 3ms
[   32.462146] init: [libfs_mgr]Invalid ext4 superblock on '/dev/block/vdc'
[   32.474064] init: [libfs_mgr]mount_with_alternatives(): skipping mount due to invalid magic, mountpoint=/data blk_dev=/dev/block/vdc rec[4].fs_type=ext4
[   32.485834] init: Calling: /system/bin/vdc cryptfs mountFstab /dev/block/vdc /data
[   34.661196] EXT4-fs (dm-4): Ignoring removed nomblk_io_submit option
[   34.662638] EXT4-fs (dm-4): Using encoding defined by superblock: utf8-12.1.0 with flags 0x0
[   37.550209] EXT4-fs (dm-4): 3 orphan inodes deleted
[   37.550612] EXT4-fs (dm-4): recovery complete
[   37.573901] EXT4-fs (dm-4): mounted filesystem with ordered data mode. Opts: errors=remount-ro,nomblk_io_submit
[   37.954663] e2fsck: e2fsck 1.45.4 (23-Sep-2019)
[   38.124354] e2fsck: Pass 1: Checking inodes, blocks, and sizes
[   38.590521] e2fsck: Pass 2: Checking directory structure
[   38.725780] e2fsck: Pass 3: Checking directory connectivity
[   38.738550] e2fsck: Pass 4: Checking reference counts
[   38.928520] e2fsck: Pass 5: Checking group summary information
[   39.050850] e2fsck: data: 241/524288 files (2.9% non-contiguous), 58996/2097152 blocks
[   39.174457] EXT4-fs (dm-4): Ignoring removed nomblk_io_submit option
[   39.174822] EXT4-fs (dm-4): Using encoding defined by superblock: utf8-12.1.0 with flags 0x0
[   39.192901] EXT4-fs (dm-4): mounted filesystem with ordered data mode. Opts: nomblk_io_submit,errors=panic
[   39.368864] init: Keyring created with id 633148975 in process 1
[   39.382945] init: Command 'mount_all /vendor/etc/fstab.ranchu' action=fs (/vendor/etc/init/hw/init.ranchu.rc:6) took 6958ms and succeeded
[   39.403882] init: processing action (fs) from (/system/etc/init/logd.rc:28)
[   39.410976] init: processing action (fs) from (/system/etc/init/wifi.rc:25)
[   39.418225] init: processing action (post-fs) from (/system/etc/init/hw/init.rc:467)
[   39.423269] init: starting service 'exec 2 (/system/bin/vdc checkpoint markBootAttempt)'...
[   39.445544] init: SVC_EXEC service 'exec 2 (/system/bin/vdc checkpoint markBootAttempt)' pid 217 (uid 1000 gid 1000+0 context default) started; waiting...
[   39.743434] init: Service 'exec 2 (/system/bin/vdc checkpoint markBootAttempt)' (pid 217) exited with status 0 waiting took 0.309000 seconds
[   39.744277] init: Sending signal 9 to service 'exec 2 (/system/bin/vdc checkpoint markBootAttempt)' (pid 217) process group...
[   39.748233] libprocessgroup: Successfully killed process cgroup uid 1000 pid 217 in 1ms
[   39.763748] selinux: SELinux:  Could not stat /sys/kernel/debug: No such file or directory.
[   39.764537] selinux: 
[   39.765965] init: Command 'chown system cache /cache' action=post-fs (/system/etc/init/hw/init.rc:479) took 0ms and failed: lchown() failed: Read-only file system
[   39.768848] init: Command 'chmod 0770 /cache' action=post-fs (/system/etc/init/hw/init.rc:480) took 1ms and failed: fchmodat() failed: Read-only file system
[   39.816332] selinux: SELinux:  setxattr failed: /cache:  Read-only file system
[   39.816813] selinux: 
[   39.821571] init: Command 'mkdir /cache/recovery 0770 system cache' action=post-fs (/system/etc/init/hw/init.rc:486) took 3ms and failed: mkdir() failed on /cache/recovery: Read-only file system
[   39.825666] init: Command 'mkdir /cache/backup_stage 0700 system system' action=post-fs (/system/etc/init/hw/init.rc:489) took 2ms and failed: mkdir() failed on /cache/backup_stage: Read-only file system
[   39.830822] init: Command 'mkdir /cache/backup 0700 system system' action=post-fs (/system/etc/init/hw/init.rc:490) took 3ms and failed: mkdir() failed on /cache/backup: Read-only file system
[   39.847289] init: Command 'mkdir /cache/lost+found 0770 root root' action=post-fs (/system/etc/init/hw/init.rc:511) took 4ms and failed: mkdir() failed on /cache/lost+found: Read-only file system
[   39.857323] selinux: SELinux: Skipping restorecon on directory(/metadata)
[   39.857922] selinux: 
[   39.875877] selinux: SELinux: Skipping restorecon on directory(/metadata/apex)
[   39.876333] selinux: 
[   39.877829] init: processing action (post-fs) from (/system/etc/init/atrace_userdebug.rc:7)
[   39.889991] init: processing action (post-fs) from (/system/etc/init/gsid.rc:8)
[   39.892940] init: processing action (post-fs) from (/system/etc/init/recovery-refresh.rc:1)
[   39.898071] init: starting service 'exec 3 (/system/bin/recovery-refresh)'...
[   39.920124] init: processing action (late-fs) from (/system/etc/init/hw/init.rc:531)
[   39.950664] init: starting service 'system_suspend'...
[   40.121897] init: starting service 'vendor.atrace-hal-1-0'...
[   40.554450] init: Command 'class_start early_hal' action=late-fs (/system/etc/init/hw/init.rc:538) took 623ms and succeeded
[   40.567772] init: processing action (late-fs) from (/vendor/etc/init/hw/init.ranchu.rc:8)
[   41.093078] init: Unable to set property 'ro.crypto.state' from uid:0 gid:0 pid:1: Read-only property was already set
[   41.104322] init: Command 'mount_all /vendor/etc/fstab.ranchu --late' action=late-fs (/vendor/etc/init/hw/init.ranchu.rc:10) took 533ms and succeeded
[   41.115059] init: Service 'exec 3 (/system/bin/recovery-refresh)' (pid 218) exited with status 254 oneshot service took 1.206000 seconds in background
[   41.117329] init: Sending signal 9 to service 'exec 3 (/system/bin/recovery-refresh)' (pid 218) process group...
[   41.122339] libprocessgroup: Successfully killed process cgroup uid 1000 pid 218 in 2ms
[   41.130558] init: processing action (post-fs-data) from (/system/etc/init/hw/init.rc:540)
[   41.143109] init: starting service 'exec 4 (/system/bin/vdc checkpoint prepareCheckpoint)'...
[   41.261833] init: SVC_EXEC service 'exec 4 (/system/bin/vdc checkpoint prepareCheckpoint)' pid 221 (uid 1000 gid 1000+0 context default) started; waiting...
[   41.270500] init: Command 'exec - system system -- /system/bin/vdc checkpoint prepareCheckpoint' action=post-fs-data (/system/etc/init/hw/init.rc:544) took 133ms and succeeded
[   42.144010] init: Service 'exec 4 (/system/bin/vdc checkpoint prepareCheckpoint)' (pid 221) exited with status 0 waiting took 0.941000 seconds
[   42.145061] init: Sending signal 9 to service 'exec 4 (/system/bin/vdc checkpoint prepareCheckpoint)' (pid 221) process group...
[   42.149714] libprocessgroup: Successfully killed process cgroup uid 1000 pid 221 in 3ms
[   42.178092] init: starting service 'exec 5 (/system/bin/vdc --wait cryptfs enablefilecrypto)'...
[   42.198741] init: SVC_EXEC service 'exec 5 (/system/bin/vdc --wait cryptfs enablefilecrypto)' pid 224 (uid 0 gid 0+0 context default) started; waiting...
[   42.840581] init: Service 'exec 5 (/system/bin/vdc --wait cryptfs enablefilecrypto)' (pid 224) exited with status 0 waiting took 0.651000 seconds
[   42.841649] init: Sending signal 9 to service 'exec 5 (/system/bin/vdc --wait cryptfs enablefilecrypto)' (pid 224) process group...
[   42.845774] libprocessgroup: Successfully killed process cgroup uid 0 pid 224 in 2ms
[   42.864179] fscrypt: AES-256-CTS-CBC using implementation "cts-cbc-aes-ce"
[   42.868211] init: Verified that /data/bootchart has the encryption policy 49cb5fd2309ca5c7fc9bb1c4a93e8926 v2 modes 1/4 flags 0x2
[   42.884793] init: Switched to default mount namespace
[   42.886651] init: Not setting encryption policy on: /data/apex
[   42.944374] init: Not setting encryption policy on: /data/app-staging
[   42.958293] init: starting service 'apexd'...
[   43.061419] init: Command 'start apexd' action=post-fs-data (/system/etc/init/hw/init.rc:570) took 106ms and succeeded
[   43.092574] init: Command 'copy /data/system/entropy.dat /dev/urandom' action=post-fs-data (/system/etc/init/hw/init.rc:573) took 22ms and failed: Could not read input file '/data/system/entropy.dat': open() failed: No such file or directory
[   43.122151] init: Verified that /data/misc has the encryption policy 49cb5fd2309ca5c7fc9bb1c4a93e8926 v2 modes 1/4 flags 0x2
[   43.153135] fscrypt: AES-256-XTS using implementation "xts-aes-ce"
[   43.204984] init: Command 'copy /data/misc/recovery/ro.build.fingerprint /data/misc/recovery/ro.build.fingerprint.1' action=post-fs-data (/system/etc/init/hw/init.rc:578) took 65ms and succeeded
[   43.416475] init: Verified that /data/local has the encryption policy 49cb5fd2309ca5c7fc9bb1c4a93e8926 v2 modes 1/4 flags 0x2
[   43.546950] init: Not setting encryption policy on: /data/preloads
[   43.561481] init: Verified that /data/vendor has the encryption policy 49cb5fd2309ca5c7fc9bb1c4a93e8926 v2 modes 1/4 flags 0x2
[   43.564902] init: Not setting encryption policy on: /data/vendor_ce
[   43.568532] init: Not setting encryption policy on: /data/vendor_de
[   43.595660] init: Not setting encryption policy on: /data/data
[   43.617839] init: Verified that /data/app-private has the encryption policy 49cb5fd2309ca5c7fc9bb1c4a93e8926 v2 modes 1/4 flags 0x2
[   43.637964] init: Verified that /data/app-ephemeral has the encryption policy 49cb5fd2309ca5c7fc9bb1c4a93e8926 v2 modes 1/4 flags 0x2
[   43.651526] init: Verified that /data/app-asec has the encryption policy 49cb5fd2309ca5c7fc9bb1c4a93e8926 v2 modes 1/4 flags 0x2
[   43.664860] init: Verified that /data/app-lib has the encryption policy 49cb5fd2309ca5c7fc9bb1c4a93e8926 v2 modes 1/4 flags 0x2
[   43.679748] init: Verified that /data/app has the encryption policy 49cb5fd2309ca5c7fc9bb1c4a93e8926 v2 modes 1/4 flags 0x2
[   43.701364] init: Verified that /data/property has the encryption policy 49cb5fd2309ca5c7fc9bb1c4a93e8926 v2 modes 1/4 flags 0x2
[   43.717825] init: Verified that /data/tombstones has the encryption policy 49cb5fd2309ca5c7fc9bb1c4a93e8926 v2 modes 1/4 flags 0x2
[   43.724397] apexd: Scanning /system/apex for preinstalled data
[   43.760253] init: Verified that /data/dalvik-cache has the encryption policy 49cb5fd2309ca5c7fc9bb1c4a93e8926 v2 modes 1/4 flags 0x2
[   43.772767] init: Verified that /data/ota has the encryption policy 49cb5fd2309ca5c7fc9bb1c4a93e8926 v2 modes 1/4 flags 0x2
[   43.783961] init: Verified that /data/ota_package has the encryption policy 49cb5fd2309ca5c7fc9bb1c4a93e8926 v2 modes 1/4 flags 0x2
[   43.795752] init: Verified that /data/resource-cache has the encryption policy 49cb5fd2309ca5c7fc9bb1c4a93e8926 v2 modes 1/4 flags 0x2
[   43.800378] init: Not setting encryption policy on: /data/lost+found
[   43.811498] init: Verified that /data/drm has the encryption policy 49cb5fd2309ca5c7fc9bb1c4a93e8926 v2 modes 1/4 flags 0x2
[   43.821948] init: Verified that /data/mediadrm has the encryption policy 49cb5fd2309ca5c7fc9bb1c4a93e8926 v2 modes 1/4 flags 0x2
[   43.833436] init: Verified that /data/anr has the encryption policy 49cb5fd2309ca5c7fc9bb1c4a93e8926 v2 modes 1/4 flags 0x2
[   43.846536] init: Verified that /data/nfc has the encryption policy 49cb5fd2309ca5c7fc9bb1c4a93e8926 v2 modes 1/4 flags 0x2
[   43.865090] init: Verified that /data/backup has the encryption policy 49cb5fd2309ca5c7fc9bb1c4a93e8926 v2 modes 1/4 flags 0x2
[   43.875915] init: Verified that /data/ss has the encryption policy 49cb5fd2309ca5c7fc9bb1c4a93e8926 v2 modes 1/4 flags 0x2
[   43.884528] init: Verified that /data/system has the encryption policy 49cb5fd2309ca5c7fc9bb1c4a93e8926 v2 modes 1/4 flags 0x2
[   43.904360] init: Not setting encryption policy on: /data/system_de
[   43.906947] init: Not setting encryption policy on: /data/system_ce
[   43.909651] init: Not setting encryption policy on: /data/misc_de
[   43.912252] init: Not setting encryption policy on: /data/misc_ce
[   43.918674] init: Not setting encryption policy on: /data/user
[   43.922418] init: Not setting encryption policy on: /data/user_de
[   43.933569] init: Command 'rm /data/user/0' action=post-fs-data (/system/etc/init/hw/init.rc:718) took 7ms and failed: unlink() failed: Is a directory
[   43.947825] apexd: Scanning /system_ext/apex for preinstalled data
[   43.949141] apexd: ... does not exist. Skipping
[   43.949858] apexd: Scanning /product/apex for preinstalled data
[   43.952181] apexd: ... does not exist. Skipping
[   43.953374] apexd: Scanning /vendor/apex for preinstalled data
[   43.954940] apexd: ... does not exist. Skipping
[   43.956410] apexd: Populating APEX database from mounts...
[   43.971802] apexd: 0 packages restored.
[   44.004170] apexd: Marking APEXd as starting
[   44.033834] apexd: Scanning /metadata/apex/sessions looking for sessions to be activated.
[   44.048576] apexd: Scanning /data/apex/active looking for APEX packages.
[   44.058084] apexd: Activated 0 packages. Skipped: 0
[   44.060908] apexd: Scanning /system/apex looking for APEX packages.
[   44.074965] apexd: Found /system/apex/com.google.android.cellbroadcast.apex
[   44.097941] apexd: Found /system/apex/com.google.android.extservices.apex
[   44.104072] init: Command 'mount tmpfs tmpfs /data_mirror nodev noexec nosuid mode=0700,uid=0,gid=1000' action=post-fs-data (/system/etc/init/hw/init.rc:726) took 127ms and succeeded
[   44.109937] apexd: Found /system/apex/com.google.android.ipsec.apex
[   44.119780] apexd: Found /system/apex/com.google.android.tethering.apex
[   44.129402] apexd: Found /system/apex/com.google.android.mediaprovider.apex
[   44.138308] apexd: Found /system/apex/com.google.android.telephony.apex
[   44.147968] apexd: Found /system/apex/com.android.vndk.current.apex
[   44.157122] apexd: Found /system/apex/com.android.i18n.apex
[   44.168653] apexd: Found /system/apex/com.google.android.permission.apex
[   44.188461] apexd: Found /system/apex/com.google.android.tzdata2.apex
[   44.199827] apexd: Found /system/apex/com.google.android.neuralnetworks.apex
[   44.210314] apexd: Found /system/apex/com.google.android.resolv.apex
[   44.220302] apexd: Found /system/apex/com.google.android.sdkext.apex
[   44.229333] apexd: Found /system/apex/com.google.android.os.statsd.apex
[   44.239855] apexd: Found /system/apex/com.google.android.adbd.apex
[   44.248646] apexd: Found /system/apex/com.android.apex.cts.shim.apex
[   44.257399] apexd: Found /system/apex/com.google.android.wifi.apex
[   44.268092] apexd: Found /system/apex/com.android.runtime.apex
[   44.278539] apexd: Found /system/apex/com.google.android.media.swcodec.apex
[   44.289145] apexd: Found /system/apex/com.android.art.debug.apex
[   44.294807] init: Verified that /data/cache has the encryption policy 49cb5fd2309ca5c7fc9bb1c4a93e8926 v2 modes 1/4 flags 0x2
[   44.302323] apexd: Found /system/apex/com.google.android.media.apex
[   44.317340] apexd: Found /system/apex/com.google.android.conscrypt.apex
[   44.333137] init: Verified that /data/rollback has the encryption policy 49cb5fd2309ca5c7fc9bb1c4a93e8926 v2 modes 1/4 flags 0x2
[   44.350808] init: Verified that /data/rollback-observer has the encryption policy 49cb5fd2309ca5c7fc9bb1c4a93e8926 v2 modes 1/4 flags 0x2
[   44.365520] init: Verified that /data/incremental has the encryption policy 49cb5fd2309ca5c7fc9bb1c4a93e8926 v2 modes 1/4 flags 0x2
[   44.440219] EXT4-fs (loop6): mounted filesystem without journal. Opts: (null)
[   44.441893] apexd: Successfully mounted package /system/apex/com.google.android.cellbroadcast.apex on /apex/com.android.cellbroadcast@300900720
[   44.576161] EXT4-fs (loop7): mounted filesystem without journal. Opts: (null)
[   44.577277] apexd: Successfully mounted package /system/apex/com.google.android.extservices.apex on /apex/com.android.extservices@300900700
[   44.699303] EXT4-fs (loop8): mounted filesystem without journal. Opts: (null)
[   44.700425] apexd: Successfully mounted package /system/apex/com.google.android.ipsec.apex on /apex/com.android.ipsec@300900700
[   44.795258] EXT4-fs (loop9): mounted filesystem without journal. Opts: (null)
[   44.797464] apexd: Successfully mounted package /system/apex/com.google.android.tethering.apex on /apex/com.android.tethering@300900700
[   44.909982] EXT4-fs (loop10): mounted filesystem without journal. Opts: (null)
[   44.911567] apexd: Successfully mounted package /system/apex/com.google.android.mediaprovider.apex on /apex/com.android.mediaprovider@300900719
[   45.016156] EXT4-fs (loop11): mounted filesystem without journal. Opts: (null)
[   45.017112] apexd: Successfully mounted package /system/apex/com.google.android.telephony.apex on /apex/com.android.telephony@1
[   45.132651] EXT4-fs (loop12): mounted filesystem without journal. Opts: (null)
[   45.133736] apexd: Successfully mounted package /system/apex/com.android.vndk.current.apex on /apex/com.android.vndk.v30@1
[   45.257253] EXT4-fs (loop13): mounted filesystem without journal. Opts: (null)
[   45.260390] apexd: Successfully mounted package /system/apex/com.android.i18n.apex on /apex/com.android.i18n@1
[   45.367784] EXT4-fs (loop14): mounted filesystem without journal. Opts: (null)
[   45.368866] apexd: Successfully mounted package /system/apex/com.google.android.permission.apex on /apex/com.android.permission@300900706
[   45.486191] EXT4-fs (loop15): mounted filesystem without journal. Opts: (null)
[   45.488517] apexd: Successfully mounted package /system/apex/com.google.android.tzdata2.apex on /apex/com.android.tzdata@300900700
[   45.597353] EXT4-fs (loop16): mounted filesystem without journal. Opts: (null)
[   45.598355] apexd: Successfully mounted package /system/apex/com.google.android.neuralnetworks.apex on /apex/com.android.neuralnetworks@300900700
[   45.688748] EXT4-fs (loop17): mounted filesystem without journal. Opts: (null)
[   45.689913] apexd: Successfully mounted package /system/apex/com.google.android.resolv.apex on /apex/com.android.resolv@300900700
[   45.786957] EXT4-fs (loop18): mounted filesystem without journal. Opts: (null)
[   45.788637] apexd: Successfully mounted package /system/apex/com.google.android.sdkext.apex on /apex/com.android.sdkext@300900700
[   45.881430] EXT4-fs (loop19): mounted filesystem without journal. Opts: (null)
[   45.882487] apexd: Successfully mounted package /system/apex/com.google.android.os.statsd.apex on /apex/com.android.os.statsd@300900700
[   45.992706] EXT4-fs (loop20): mounted filesystem without journal. Opts: (null)
[   45.993832] apexd: Successfully mounted package /system/apex/com.google.android.adbd.apex on /apex/com.android.adbd@300900700
[   46.096158] EXT4-fs (loop21): mounted filesystem without journal. Opts: (null)
[   46.097341] apexd: Successfully mounted package /system/apex/com.android.apex.cts.shim.apex on /apex/com.android.apex.cts.shim@1
[   46.258902] EXT4-fs (loop22): mounted filesystem without journal. Opts: (null)
[   46.260483] apexd: Successfully mounted package /system/apex/com.google.android.wifi.apex on /apex/com.android.wifi@300900711
[   46.397036] EXT4-fs (loop23): mounted filesystem without journal. Opts: (null)
[   46.398706] apexd: Successfully mounted package /system/apex/com.android.runtime.apex on /apex/com.android.runtime@1
[   46.529603] EXT4-fs (loop24): mounted filesystem without journal. Opts: (null)
[   46.532820] apexd: Successfully mounted package /system/apex/com.google.android.media.swcodec.apex on /apex/com.android.media.swcodec@300900714
[   46.660566] EXT4-fs (loop25): mounted filesystem without journal. Opts: (null)
[   46.661933] apexd: Successfully mounted package /system/apex/com.android.art.debug.apex on /apex/com.android.art@1
[   46.838849] EXT4-fs (loop26): mounted filesystem without journal. Opts: (null)
[   46.841092] apexd: Successfully mounted package /system/apex/com.google.android.media.apex on /apex/com.android.media@300900700
[   47.002645] EXT4-fs (loop27): mounted filesystem without journal. Opts: (null)
[   47.006374] apexd: Successfully mounted package /system/apex/com.google.android.conscrypt.apex on /apex/com.android.conscrypt@300900703
[   47.021890] apexd: Activated 22 packages. Skipped: 0
[   47.025250] apexd: Scanning /system_ext/apex looking for APEX packages.
[   47.027116] apexd: ... does not exist. Skipping
[   47.219539] apexd: Activated 0 packages. Skipped: 0
[   47.222454] apexd: Scanning /product/apex looking for APEX packages.
[   47.224736] apexd: ... does not exist. Skipping
[   47.412844] apexd: Activated 0 packages. Skipped: 0
[   47.413971] apexd: Scanning /vendor/apex looking for APEX packages.
[   47.415047] apexd: ... does not exist. Skipping
[   47.598237] apexd: Activated 0 packages. Skipped: 0
[   47.603674] AidlLazyServiceRegistrar: Registering service apexservice
[   47.633654] apexd: Marking APEXd as activated
[   47.658882] init: Wait for property 'apexd.status=activated' took 3266ms
[   47.909066] init: Parsing file /apex/com.android.adbd/etc/init.rc...
[   47.917813] init: Parsing file /apex/com.android.media.swcodec/etc/init.rc...
[   47.925641] init: Parsing file /apex/com.android.os.statsd/etc/init.rc...
[   47.933522] init: Parsing file /apex/com.android.sdkext/etc/derive_sdk.rc...
[   48.417164] init: linkerconfig generated /linkerconfig with mounted APEX modules info
[   48.418728] init: Command 'perform_apex_config' action=post-fs-data (/system/etc/init/hw/init.rc:764) took 755ms and succeeded
[   48.425714] init: Not setting encryption policy on: /data/media
[   48.436612] init: starting service 'exec 6 (/system/bin/chattr +F /data/media)'...
[   48.477574] init: SVC_EXEC service 'exec 6 (/system/bin/chattr +F /data/media)' pid 277 (uid 1023 gid 1023+0 context default) started; waiting...
[   48.483445] init: Command 'exec - media_rw media_rw -- /system/bin/chattr +F /data/media' action=post-fs-data (/system/etc/init/hw/init.rc:768) took 52ms and succeeded
[   48.882639] init: Service 'exec 6 (/system/bin/chattr +F /data/media)' (pid 277) exited with status 0 waiting took 0.426000 seconds
[   48.883963] init: Sending signal 9 to service 'exec 6 (/system/bin/chattr +F /data/media)' (pid 277) process group...
[   48.886973] libprocessgroup: Successfully killed process cgroup uid 1023 pid 277 in 1ms
[   48.902469] init: Verified that /data/media/obb has the encryption policy 49cb5fd2309ca5c7fc9bb1c4a93e8926 v2 modes 1/4 flags 0x2
[   48.910303] init: starting service 'derive_sdk'...
[   48.981466] init: SVC_EXEC service 'derive_sdk' pid 278 (uid 9999 gid 9999+0 context default) started; waiting...
[   48.983680] init: Command 'exec_start derive_sdk' action=post-fs-data (/system/etc/init/hw/init.rc:771) took 78ms and succeeded
[   49.220207] init: Service 'derive_sdk' (pid 278) exited with status 0 waiting took 0.297000 seconds
[   49.221113] init: Sending signal 9 to service 'derive_sdk' (pid 278) process group...
[   49.225592] libprocessgroup: Successfully killed process cgroup uid 9999 pid 278 in 1ms
[   49.247447] init: starting service 'exec 7 (/system/bin/vdc --wait cryptfs init_user0)'...
[   49.269135] init: SVC_EXEC service 'exec 7 (/system/bin/vdc --wait cryptfs init_user0)' pid 279 (uid 0 gid 0+0 context default) started; waiting...
[   50.497119] init: Service 'exec 7 (/system/bin/vdc --wait cryptfs init_user0)' (pid 279) exited with status 0 waiting took 1.237000 seconds
[   50.498382] init: Sending signal 9 to service 'exec 7 (/system/bin/vdc --wait cryptfs init_user0)' (pid 279) process group...
[   50.502323] libprocessgroup: Successfully killed process cgroup uid 0 pid 279 in 1ms
[   50.514020] init: starting service 'apexd-snapshotde'...
[   50.594031] init: SVC_EXEC service 'apexd-snapshotde' pid 282 (uid 0 gid 1000+0 context default) started; waiting...
[   50.597933] init: Command 'exec_start apexd-snapshotde' action=post-fs-data (/system/etc/init/hw/init.rc:779) took 86ms and succeeded
[   50.966857] apexd: Snapshot DE subcommand detected
[   50.994204] apexd: Marking APEXd as ready
[   51.041736] init: Service 'apexd-snapshotde' (pid 282) exited with status 0 waiting took 0.514000 seconds
[   51.042480] init: Sending signal 9 to service 'apexd-snapshotde' (pid 282) process group...
[   51.046808] libprocessgroup: Successfully killed process cgroup uid 0 pid 282 in 2ms
[   51.070581] selinux: SELinux: Skipping restorecon on directory(/data)
[   51.071938] selinux: 
[   51.077107] init: starting service 'exec 8 (/system/bin/tzdatacheck /apex/com.android.tzdata/etc/tz /data/misc/zoneinfo)'...
[   51.103754] init: SVC_EXEC service 'exec 8 (/system/bin/tzdatacheck /apex/com.android.tzdata/etc/tz /data/misc/zoneinfo)' pid 283 (uid 1000 gid 1000+0 context default) started; waiting...
[   51.326958] init: Service 'exec 8 (/system/bin/tzdatacheck /apex/com.android.tzdata/etc/tz /data/misc/zoneinfo)' (pid 283) exited with status 0 waiting took 0.236000 seconds
[   51.328456] init: Sending signal 9 to service 'exec 8 (/system/bin/tzdatacheck /apex/com.android.tzdata/etc/tz /data/misc/zoneinfo)' (pid 283) process group...
[   51.331707] libprocessgroup: Successfully killed process cgroup uid 1000 pid 283 in 1ms
[   51.351574] init: processing action (post-fs-data) from (/system/etc/init/hw/init.usb.rc:6)
[   51.364568] init: Verified that /data/adb has the encryption policy 49cb5fd2309ca5c7fc9bb1c4a93e8926 v2 modes 1/4 flags 0x2
[   51.365693] init: processing action (post-fs-data) from (/vendor/etc/init/hw/init.ranchu.rc:52)
[   51.400543] init: starting service 'create_router_ns'...
[   51.464192] init: Command 'start create_router_ns' action=post-fs-data (/vendor/etc/init/hw/init.ranchu.rc:57) took 68ms and succeeded
[   51.466393] init: processing action (post-fs-data) from (/system/etc/init/bootstat.rc:9)
[   51.532183] init: processing action (ro.debuggable=1 && post-fs-data) from (/system/etc/init/clean_scratch_files.rc:1)
[   51.545746] init: Command 'exec_background - root root -- /system/bin/clean_scratch_files' action=ro.debuggable=1 && post-fs-data (/system/etc/init/clean_scratch_files.rc:2) took 11ms and failed: Could not start exec background service: File /system/bin/clean_scratch_files(labeled "u:object_r:system_file:s0") has incorrect label or no domain transition from u:r:init:s0 to another SELinux domain defined. Have you configured your service correctly? https://source.android.com/security/selinux/device-policy#label_new_services_and_address_denials
[   51.549335] init: processing action (post-fs-data) from (/system/etc/init/gsid.rc:14)
[   51.550331] init: Not setting encryption policy on: /data/gsi
[   51.563001] init: processing action (post-fs-data) from (/system/etc/init/incidentd.rc:21)
[   51.569857] init: processing action (post-fs-data) from (/system/etc/init/iorapd.rc:28)
[   51.579955] init: processing action (post-fs-data) from (/system/etc/init/logtagd.rc:4)
[   51.612443] init: processing action (post-fs-data) from (/system/etc/init/otapreopt.rc:3)
[   51.619538] init: starting service 'exec 10 (/system/bin/otapreopt_slot)'...
[   51.658943] init: SVC_EXEC service 'exec 10 (/system/bin/otapreopt_slot)' pid 285 (uid 0 gid 0+0 context default) started; waiting...
[   52.739596] init: Service 'exec 10 (/system/bin/otapreopt_slot)' (pid 285) exited with status 1 waiting took 1.100000 seconds
[   52.741464] init: Sending signal 9 to service 'exec 10 (/system/bin/otapreopt_slot)' (pid 285) process group...
[   52.745656] libprocessgroup: Successfully killed process cgroup uid 0 pid 285 in 2ms
[   52.758832] selinux: SELinux:  Could not stat /data/dalvik-cache/arm: No such file or directory.
[   52.760041] selinux: 
[   52.764335] selinux: SELinux:  Could not stat /data/dalvik-cache/arm64: No such file or directory.
[   52.765356] selinux: 
[   52.768628] selinux: SELinux:  Could not stat /data/dalvik-cache/mips: No such file or directory.
[   52.769905] selinux: 
[   52.773855] selinux: SELinux:  Could not stat /data/dalvik-cache/mips64: No such file or directory.
[   52.776355] selinux: 
[   52.780247] selinux: SELinux:  Could not stat /data/dalvik-cache/x86: No such file or directory.
[   52.781441] selinux: 
[   52.784675] selinux: SELinux:  Could not stat /data/dalvik-cache/x86_64: No such file or directory.
[   52.785447] selinux: 
[   52.786453] init: processing action (post-fs-data) from (/system/etc/init/perfetto.rc:67)
[   52.794308] init: Command 'rm /data/misc/perfetto-traces/.guardraildata' action=post-fs-data (/system/etc/init/perfetto.rc:68) took 5ms and failed: unlink() failed: No such file or directory
[   52.796855] init: processing action (post-fs-data) from (/system/etc/init/recovery-persist.rc:1)
[   52.803863] init: starting service 'exec 11 (/system/bin/recovery-persist)'...
[   52.830197] init: processing action (post-fs-data) from (/system/etc/init/tombstoned.rc:10)
[   52.847288] init: starting service 'tombstoned'...
[   52.873076] init: Created socket '/dev/socket/tombstoned_crash', mode 666, user 1000, group 1000
[   52.911991] init: Created socket '/dev/socket/tombstoned_intercept', mode 666, user 1000, group 1000
[   52.937920] init: Created socket '/dev/socket/tombstoned_java_trace', mode 666, user 1000, group 1000
[   53.129531] init: Command 'start tombstoned' action=post-fs-data (/system/etc/init/tombstoned.rc:11) took 285ms and succeeded
[   53.141251] init: processing action (post-fs-data) from (/system/etc/init/wifi.rc:18)
[   53.203316] selinux: SELinux: Skipping restorecon on directory(/data/misc/apexdata/com.android.wifi)
[   53.204551] selinux: 
[   53.210328] init: Command 'restorecon_recursive /data/misc/apexdata/com.android.wifi' action=post-fs-data (/system/etc/init/wifi.rc:19) took 62ms and succeeded
[   53.215583] init: processing action (post-fs-data) from (/vendor/etc/init/hostapd.android.rc:9)
[   53.284853] init: processing action (load_persist_props_action) from (/system/etc/init/hw/init.rc:417)
[   53.306758] init: Couldn't load property file '/data/local.prop': open() failed: No such file or directory: No such file or directory
[   53.364538] init: Wait for property 'ro.persistent_properties.ready=true' took 66ms
[   53.392552] init: starting service 'logd-reinit'...
[   53.607070] init: Command 'start logd-reinit' action=load_persist_props_action (/system/etc/init/hw/init.rc:420) took 220ms and succeeded
[   53.618351] init: processing action (load_persist_props_action) from (/system/etc/init/flags_health_check.rc:1)
[   53.630310] init: Top-level directory needs encryption action, eg mkdir /data/server_configurable_flags <mode> <uid> <gid> encryption=Require
[   53.705259] init: Verified that /data/server_configurable_flags has the encryption policy 49cb5fd2309ca5c7fc9bb1c4a93e8926 v2 modes 1/4 flags 0x2
[   53.721319] init: Command 'mkdir /data/server_configurable_flags 0775 system system' action=load_persist_props_action (/system/etc/init/flags_health_check.rc:4) took 90ms and succeeded
[   53.768019] init: starting service 'exec 12 (/system/bin/flags_health_check BOOT_FAILURE)'...
[   53.894156] init: SVC_EXEC service 'exec 12 (/system/bin/flags_health_check BOOT_FAILURE)' pid 291 (uid 1000 gid 1000+0 context default) started; waiting...
[   53.904396] init: Command 'exec - system system -- /system/bin/flags_health_check BOOT_FAILURE' action=load_persist_props_action (/system/etc/init/flags_health_check.rc:5) took 174ms and succeeded
[   53.913165] init: Service 'exec 11 (/system/bin/recovery-persist)' (pid 288) exited with status 0 oneshot service took 1.095000 seconds in background
[   53.918602] init: Sending signal 9 to service 'exec 11 (/system/bin/recovery-persist)' (pid 288) process group...
[   53.938854] libprocessgroup: Successfully killed process cgroup uid 1000 pid 288 in 11ms
[   54.396313] logd.daemon: reinit
[   54.426235] init: Service 'logd-reinit' (pid 290) exited with status 0 oneshot service took 0.987000 seconds in background
[   54.429233] init: Sending signal 9 to service 'logd-reinit' (pid 290) process group...
[   54.434829] libprocessgroup: Successfully killed process cgroup uid 1036 pid 290 in 2ms
[   54.631284] init: Service 'exec 12 (/system/bin/flags_health_check BOOT_FAILURE)' (pid 291) exited with status 0 waiting took 0.773000 seconds
[   54.632429] init: Sending signal 9 to service 'exec 12 (/system/bin/flags_health_check BOOT_FAILURE)' (pid 291) process group...
[   54.635112] libprocessgroup: Successfully killed process cgroup uid 1000 pid 291 in 1ms
[   54.638538] init: processing action (load_persist_props_action) from (/system/etc/init/logcatd.rc:29)
[   54.648124] init: processing action (load_bpf_programs) from (/system/etc/init/bpfloader.rc:20)
[   54.659519] init: starting service 'bpfloader'...
[   54.724217] init: Command 'start bpfloader' action=load_bpf_programs (/system/etc/init/bpfloader.rc:26) took 64ms and succeeded
[   54.726786] init: processing action (persist.sys.fuse=true && zygote-start) from (/system/etc/init/hw/init.rc:809)
[   54.774252] init: processing action (ro.crypto.state=encrypted && ro.crypto.type=file && zygote-start) from (/system/etc/init/hw/init.rc:840)
[   54.785444] init: starting service 'update_verifier_nonencrypted'...
[   54.921700] init: SVC_EXEC service 'update_verifier_nonencrypted' pid 293 (uid 0 gid 2001+1 context default) started; waiting...
[   54.927148] init: Command 'exec_start update_verifier_nonencrypted' action=ro.crypto.state=encrypted && ro.crypto.type=file && zygote-start (/system/etc/init/hw/init.rc:842) took 148ms and succeeded
[   55.556886] init: Service 'update_verifier_nonencrypted' (pid 293) exited with status 0 waiting took 0.743000 seconds
[   55.558194] init: Sending signal 9 to service 'update_verifier_nonencrypted' (pid 293) process group...
[   55.562938] libprocessgroup: Successfully killed process cgroup uid 0 pid 293 in 2ms
[   55.593585] init: starting service 'statsd'...
[   55.613262] init: Created socket '/dev/socket/statsdw', mode 222, user 1066, group 1066
[   55.713810] init: Command 'start statsd' action=ro.crypto.state=encrypted && ro.crypto.type=file && zygote-start (/system/etc/init/hw/init.rc:843) took 119ms and succeeded
[   55.763394] init: starting service 'netd'...
[   55.814799] init: Created socket '/dev/socket/dnsproxyd', mode 660, user 0, group 3003
[   55.845314] init: Created socket '/dev/socket/mdns', mode 660, user 0, group 1000
[   55.874232] init: Created socket '/dev/socket/fwmarkd', mode 660, user 0, group 3003
[   56.122657] init: Command 'start netd' action=ro.crypto.state=encrypted && ro.crypto.type=file && zygote-start (/system/etc/init/hw/init.rc:844) took 394ms and succeeded
[   56.150894] init: starting service 'zygote'...
[   56.199482] init: Created socket '/dev/socket/zygote', mode 660, user 0, group 1000
[   56.240498] init: Created socket '/dev/socket/usap_pool_primary', mode 660, user 0, group 1000
[   56.513776] init: Command 'start zygote' action=ro.crypto.state=encrypted && ro.crypto.type=file && zygote-start (/system/etc/init/hw/init.rc:845) took 317ms and succeeded
[   56.551791] init: Command 'start zygote_secondary' action=ro.crypto.state=encrypted && ro.crypto.type=file && zygote-start (/system/etc/init/hw/init.rc:846) took 0ms and failed: service zygote_secondary not found
[   56.563652] init: processing action (zygote-start) from (/vendor/etc/init/hw/init.ranchu.rc:59)
[   56.682799] init: Command 'mkdir /data/vendor/wifi/wpa/sockets 0770 wifi wifi' action=zygote-start (/vendor/etc/init/hw/init.ranchu.rc:63) took 51ms and succeeded
[   56.693674] init: processing action (firmware_mounts_complete) from (/system/etc/init/hw/init.rc:423)
[   56.703760] init: processing action (early-boot) from (/system/etc/init/installd.rc:5)
[   56.795566] ueventd: firmware: could not find firmware for regulatory.db
[   56.797391] ueventd: firmware: attempted /etc/firmware/regulatory.db, open failed: No such file or directory
[   56.798749] ueventd: firmware: attempted /odm/firmware/regulatory.db, open failed: No such file or directory
[   56.802085] ueventd: firmware: attempted /vendor/firmware/regulatory.db, open failed: No such file or directory
[   56.803472] ueventd: firmware: attempted /firmware/image/regulatory.db, open failed: No such file or directory
[   56.824069] ueventd: loading /devices/platform/regulatory.0/firmware/regulatory.db took 37057ms
[   56.831085] cfg80211: failed to load regulatory.db
[   56.874285] init: Untracked pid 162 exited with status 0
[   57.673469] init: processing action (boot) from (/system/etc/init/hw/init.rc:848)
[   57.797717] init: Command 'write /sys/devices/virtual/block/${dev.mnt.blk.data}/queue/discard_max_bytes 134217728' action=boot (/system/etc/init/hw/init.rc:884) took 11ms and failed: Unable to write to file '/sys/devices/virtual/block/dm-4/queue/discard_max_bytes': Unable to write file contents: Invalid argument
[   58.037105] init: starting service 'hidl_memory'...
[   58.485292] init: starting service 'vendor.audio-hal'...
[   59.004080] init: starting service 'vendor.authsecret-1-0'...
[   59.572904] init: starting service 'vendor.bluetooth-1-1'...
[   60.104680] init: starting service 'vendor.camera-provider-2-4'...
[   60.721587] init: starting service 'vendor.camera-provider-2-6-google'...
[   61.156104] init: failed to write pid to files: couldn't write 305 to /dev/cpuset/camera-daemon/tasks: No such file or directory
[   61.415697] init: starting service 'vendor.contexthub-hal-1-1-mock'...
[   61.509943] libprocessgroup: Failed to open /dev/cpuset/camera-daemon/tasks: No such file or directory: No such file or directory
[   61.535201] libprocessgroup: Failed to apply CameraServiceCapacity task profile: No such file or directory
[   62.189382] init: starting service 'vendor.drm-hal-1-0'...
[   63.125169] init: starting service 'vendor.drm-clearkey-hal-1-3'...
[   64.082725] init: starting service 'vendor.drm-widevine-hal-1-3'...
[   64.918395] init: starting service 'vendor.gatekeeper-1-0'...
[   65.478837] init: starting service 'vendor.gralloc-3-0'...
[   66.124852] init: starting service 'vendor.hwcomposer-2-3'...
[   66.825097] init: starting service 'health-hal-2-1'...
[   66.879989] init: Opened file '/dev/kmsg', flags 1
[   68.099054] init: starting service 'neuralnetworks_hal_service_sample_all'...
[   69.456633] init: starting service 'neuralnetworks_hal_service_sample_float_fast'...
[   70.855490] init: starting service 'neuralnetworks_hal_service_sample_float_slow'...
[   72.626378] init: starting service 'neuralnetworks_hal_service_sample_minimal'...
[   73.973805] init: starting service 'neuralnetworks_hal_service_sample_quant'...
[   75.390679] init: starting service 'vendor.power.stats-hal-1-0-mock'...
[   76.936821] init: starting service 'vendor.sensors-hal-2-1-multihal'...
[   78.449208] init: starting service 'vendor.thermal-hal-2-0-mock'...
[   79.683663] init: starting service 'vendor.usb-hal-1-0'...
[   81.134861] init: starting service 'vendor.wifi_hal_legacy'...
[   82.837865] init: starting service 'vendor.identity-default'...
[   83.203546] healthd: batteryCapacityLevelPath not found
[   83.206675] healthd: batteryChargeTimeToFullNowPath. not found
[   83.245080] healthd: batteryFullChargeDesignCapacityUahPath. not found
[   84.770089] init: starting service 'vendor.light-default'...
[   86.546291] healthd: battery none chg=a
[   86.858162] init: starting service 'vendor.power-default'...
[   88.865320] init: starting service 'vendor.rebootescrow-default'...
[   90.846501] init: starting service 'vendor.vibrator-default'...
[   92.294836] init: Command 'class_start hal' action=boot (/system/etc/init/hw/init.rc:946) took 34206ms and succeeded
[   92.381597] init: Service 'bpfloader' (pid 292) exited with status 0 oneshot service took 37.652000 seconds in background
[   92.441705] init: Sending signal 9 to service 'bpfloader' (pid 292) process group...
[   92.518942] libprocessgroup: Successfully killed process cgroup uid 0 pid 292 in 32ms
[   93.223462] init: Control message: Processed ctl.interface_start for 'android.hardware.graphics.allocator@3.0::IAllocator/default' from pid: 183 (/system/bin/hwservicemanager)
[   93.548866] init: starting service 'ranchu-setup'...
[   95.623601] init: starting service 'audioserver'...
[   97.237924] init: starting service 'credstore'...
[   98.457473] init: starting service 'gpu'...
[  100.165161] init: starting service 'surfaceflinger'...
[  100.520586] init: Could not create socket 'pdx/system/vr/display/client': Failed to bind socket 'pdx/system/vr/display/client': No such file or directory
[  100.704441] init: Could not create socket 'pdx/system/vr/display/manager': Failed to bind socket 'pdx/system/vr/display/manager': No such file or directory
[  100.912946] init: Could not create socket 'pdx/system/vr/display/vsync': Failed to bind socket 'pdx/system/vr/display/vsync': No such file or directory
[  102.246927] init: Command 'class_start core' action=boot (/system/etc/init/hw/init.rc:948) took 8933ms and succeeded
[  102.280203] init: Service 'zygote' (pid 296) received signal 11
[  102.283812] init: Sending signal 9 to service 'zygote' (pid 296) process group...
[  102.337544] libprocessgroup: Successfully killed process cgroup uid 0 pid 296 in 48ms
[  102.670290] init: starting service 'exec 13 (/system/bin/vdc volume abort_fuse)'...
[  103.743470] init: Command 'exec_background - system system -- /system/bin/vdc volume abort_fuse' action=onrestart (<Service 'zygote' onrestart>:1) took 1242ms and succeeded
[  103.965825] init: Command 'write /sys/power/state on' action=onrestart (<Service 'zygote' onrestart>:2) took 193ms and failed: Unable to write to file '/sys/power/state': Unable to write file contents: Invalid argument
[  104.020444] init: Sending signal 9 to service 'audioserver' (pid 362) process group...
[  104.281602] libprocessgroup: Successfully killed process cgroup uid 1041 pid 362 in 222ms
[  104.604448] init: Command 'restart audioserver' action=onrestart (<Service 'zygote' onrestart>:3) took 612ms and succeeded
[  104.732949] init: starting service 'cameraserver'...
[  105.695381] init: Command 'restart cameraserver' action=onrestart (<Service 'zygote' onrestart>:4) took 1067ms and succeeded
[  105.760894] init: starting service 'media'...
[  106.683007] init: Command 'restart media' action=onrestart (<Service 'zygote' onrestart>:5) took 946ms and succeeded
[  106.730806] libprocessgroup: Failed to open /dev/cpuset/camera-daemon/tasks: No such file or directory: No such file or directory
[  106.733627] libprocessgroup: Failed to apply CameraServiceCapacity task profile: No such file or directory
[  106.741350] init: Sending signal 9 to service 'netd' (pid 295) process group...
[  107.242538] libprocessgroup: Successfully killed process cgroup uid 0 pid 295 in 485ms
[  107.376636] init: Command 'restart netd' action=onrestart (<Service 'zygote' onrestart>:6) took 668ms and succeeded
[  107.451560] init: starting service 'wificond'...
[  108.145654] init: Command 'restart wificond' action=onrestart (<Service 'zygote' onrestart>:7) took 720ms and succeeded
[  108.484142] init: Service 'netd' (pid 295) received signal 9
[  108.534488] init: Command 'restart zygote_secondary' action=onrestart (<Service 'netd' onrestart>:2) took 18ms and failed: service zygote_secondary not found
[  108.696825] init: Untracked pid 324 exited with status 0
[  108.712222] init: Untracked pid 326 exited with status 0
[  108.750536] init: Service 'audioserver' (pid 362) received signal 9
[  108.886538] init: Command 'setprop sys.audio.restart.hal 1' action=onrestart (<Service 'audioserver' onrestart>:1) took 112ms and succeeded
[  108.975502] init: Untracked pid 335 received signal 9
[  109.005047] init: Untracked pid 337 received signal 9
[  109.038202] init: Control message: Processed ctl.interface_start for 'android.hardware.graphics.allocator@3.0::IAllocator/default' from pid: 183 (/system/bin/hwservicemanager)
[  109.150073] init: starting service 'exec 14 (/system/bin/fsverity_init)'...
[  109.460448] init: SVC_EXEC service 'exec 14 (/system/bin/fsverity_init)' pid 389 (uid 0 gid 0+0 context default) started; waiting...
[  109.478484] init: Command 'exec -- /system/bin/fsverity_init' action=boot (/system/etc/init/hw/init.rc:951) took 410ms and succeeded
[  109.552530] init: starting service 'zygote'...
[  109.684898] init: Created socket '/dev/socket/zygote', mode 660, user 0, group 1000
[  109.820324] init: Created socket '/dev/socket/usap_pool_primary', mode 660, user 0, group 1000
[  110.512665] init: starting service 'audioserver'...
[  111.402326] init: starting service 'netd'...
[  111.590440] init: Created socket '/dev/socket/dnsproxyd', mode 660, user 0, group 3003
[  111.725566] init: Created socket '/dev/socket/mdns', mode 660, user 0, group 1000
[  111.837838] init: Created socket '/dev/socket/fwmarkd', mode 660, user 0, group 3003
[  112.461423] init: Service 'exec 13 (/system/bin/vdc volume abort_fuse)' (pid 376) exited with status 0 oneshot service took 8.967000 seconds in background
[  112.480632] init: Sending signal 9 to service 'exec 13 (/system/bin/vdc volume abort_fuse)' (pid 376) process group...
[  112.525248] libprocessgroup: Successfully killed process cgroup uid 1000 pid 376 in 24ms
[  112.691894] init: Control message: Processed ctl.interface_start for 'android.hardware.graphics.allocator@3.0::IAllocator/default' from pid: 183 (/system/bin/hwservicemanager)
[  112.744737] init: Control message: Processed ctl.interface_start for 'android.hardware.graphics.allocator@3.0::IAllocator/default' from pid: 183 (/system/bin/hwservicemanager)
[  112.821869] init: Control message: Processed ctl.interface_start for 'android.hardware.graphics.allocator@3.0::IAllocator/default' from pid: 183 (/system/bin/hwservicemanager)
[  112.864197] init: Control message: Processed ctl.interface_start for 'android.hardware.graphics.allocator@3.0::IAllocator/default' from pid: 183 (/system/bin/hwservicemanager)
[  114.265218] init: Service 'exec 14 (/system/bin/fsverity_init)' (pid 389) exited with status 0 waiting took 4.901000 seconds
[  114.283879] init: Sending signal 9 to service 'exec 14 (/system/bin/fsverity_init)' (pid 389) process group...
[  114.317468] libprocessgroup: Successfully killed process cgroup uid 0 pid 389 in 29ms
[  114.395423] init: processing action (persist.sys.usb.config=* && boot) from (/system/etc/init/hw/init.usb.rc:105)
[  114.469879] init: Command 'setprop sys.usb.config ${persist.sys.usb.config}' action=persist.sys.usb.config=* && boot (/system/etc/init/hw/init.usb.rc:106) took 69ms and succeeded
[  114.485652] init: processing action (boot) from (/vendor/etc/init/hw/init.ranchu.rc:65)
[  114.568713] init: Unable to set property 'ro.hardware.egl' from uid:0 gid:0 pid:154: Read-only property was already set
[  114.593452] init: Command 'setprop ro.hardware.egl emulation' action=boot (/vendor/etc/init/hw/init.ranchu.rc:66) took 104ms and succeeded
[  114.670351] init: Command 'setprop debug.sf.vsync_reactor 0' action=boot (/vendor/etc/init/hw/init.ranchu.rc:67) took 61ms and succeeded
[  114.775790] init: Command 'setprop debug.hwui.renderer opengl' action=boot (/vendor/etc/init/hw/init.ranchu.rc:68) took 93ms and succeeded
[  114.883029] init: Command 'setprop debug.hwui.renderer ${ro.kernel.qemu.uirenderer}' action=boot (/vendor/etc/init/hw/init.ranchu.rc:69) took 73ms and failed: property 'ro.kernel.qemu.uirenderer' doesn't exist while expanding '${ro.kernel.qemu.uirenderer}'
[  114.979945] init: Command 'setprop ro.opengles.version ${ro.kernel.qemu.opengles.version}' action=boot (/vendor/etc/init/hw/init.ranchu.rc:70) took 76ms and succeeded
[  115.066945] init: Command 'setprop ro.zygote.disable_gl_preload 1' action=boot (/vendor/etc/init/hw/init.ranchu.rc:71) took 63ms and succeeded
[  115.157244] init: Command 'setprop debug.stagefright.ccodec ${ro.kernel.qemu.media.ccodec}' action=boot (/vendor/etc/init/hw/init.ranchu.rc:77) took 84ms and succeeded
[  115.237540] init: Command 'setprop dalvik.vm.heapsize 192m' action=boot (/vendor/etc/init/hw/init.ranchu.rc:79) took 72ms and succeeded
[  115.257855] init: Command 'setprop dalvik.vm.heapsize ${ro.kernel.qemu.dalvik.vm.heapsize}' action=boot (/vendor/etc/init/hw/init.ranchu.rc:80) took 8ms and failed: property 'ro.kernel.qemu.dalvik.vm.heapsize' doesn't exist while expanding '${ro.kernel.qemu.dalvik.vm.heapsize}'
[  115.415752] init: Command 'setprop wifi.interface wlan0' action=boot (/vendor/etc/init/hw/init.ranchu.rc:85) took 63ms and succeeded
[  115.484951] init: Command 'setprop wifi.direct.interface p2p-dev-wlan0' action=boot (/vendor/etc/init/hw/init.ranchu.rc:86) took 63ms and succeeded
[  115.549695] init: starting service 'goldfish-logcat'...
[  115.787006] init.ranchu-cor (359) used greatest stack depth: 11808 bytes left
[  115.977853] init: Command 'start goldfish-logcat' action=boot (/vendor/etc/init/hw/init.ranchu.rc:88) took 475ms and succeeded
[  115.994846] init: Service 'ranchu-setup' (pid 359) exited with status 0 oneshot service took 21.709000 seconds in background
[  116.021127] init: Sending signal 9 to service 'ranchu-setup' (pid 359) process group...
[  116.073223] libprocessgroup: Successfully killed process cgroup uid 0 pid 359 in 22ms
[  116.280467] init: Command 'mkdir /config/usb_gadget/g1 0770 root root' action=boot (/vendor/etc/init/hw/init.ranchu.rc:91) took 86ms and succeeded
[  116.286940] init: processing action (boot) from (/system/etc/init/dumpstate.rc:1)
[  116.296022] init: processing action (boot) from (/system/etc/init/gsid.rc:20)
[  116.319997] init: starting service 'exec 15 (/system/bin/gsid run-startup-tasks)'...
[  116.413542] init: Command 'exec_background - root root -- /system/bin/gsid run-startup-tasks' action=boot (/system/etc/init/gsid.rc:21) took 111ms and succeeded
[  116.428859] init: processing action (enable_property_trigger) from (<Builtin Action>:0)
[  116.446304] init: processing action (apexd.status=ready && ro.product.cpu.abilist64=*) from (/system/etc/init/hw/init.rc:91)
[  116.469980] init: starting service 'boringssl_self_test_apex64'...
[  116.805663] init: SVC_EXEC service 'boringssl_self_test_apex64' pid 402 (uid 0 gid 0+0 context default) started; waiting...
[  116.841140] init: Command 'exec_start boringssl_self_test_apex64' action=apexd.status=ready && ro.product.cpu.abilist64=* (/system/etc/init/hw/init.rc:92) took 373ms and succeeded
[  118.716287] logcat (399) used greatest stack depth: 11616 bytes left
[  118.729776] init: Service 'goldfish-logcat' (pid 399) exited with status 0 oneshot service took 3.039000 seconds in background
[  118.750373] init: Sending signal 9 to service 'goldfish-logcat' (pid 399) process group...
[  118.809866] libprocessgroup: Successfully killed process cgroup uid 1036 pid 399 in 47ms
[  119.049607] logcat (399): highest shadow stack usage: 344 bytes
[  120.027763] init: Service 'boringssl_self_test_apex64' (pid 402) exited with status 0 waiting took 3.455000 seconds
[  120.030728] init: Sending signal 9 to service 'boringssl_self_test_apex64' (pid 402) process group...
[  120.100397] libprocessgroup: Successfully killed process cgroup uid 0 pid 402 in 19ms
[  120.364319] init: processing action (sys.init.perf_lsm_hooks=1) from (/system/etc/init/hw/init.rc:1017)
[  120.409311] init: processing action (security.perf_harden=1) from (/system/etc/init/hw/init.rc:1031)
[  120.491127] init: processing action (ro.debuggable=1) from (/system/etc/init/hw/init.rc:1058)
[  120.540094] init: processing action (sys.usb.config=adb && sys.usb.configfs=0) from (/system/etc/init/hw/init.usb.rc:37)
[  120.577811] init: Command 'write /sys/class/android_usb/android0/enable 0' action=sys.usb.config=adb && sys.usb.configfs=0 (/system/etc/init/hw/init.usb.rc:38) took 25ms and failed: Unable to write to file '/sys/class/android_usb/android0/enable': open() failed: Permission denied
[  120.618785] init: Command 'write /sys/class/android_usb/android0/idVendor 18d1' action=sys.usb.config=adb && sys.usb.configfs=0 (/system/etc/init/hw/init.usb.rc:39) took 23ms and failed: Unable to write to file '/sys/class/android_usb/android0/idVendor': open() failed: Permission denied
[  120.651539] init: Command 'write /sys/class/android_usb/android0/idProduct 4EE7' action=sys.usb.config=adb && sys.usb.configfs=0 (/system/etc/init/hw/init.usb.rc:40) took 12ms and failed: Unable to write to file '/sys/class/android_usb/android0/idProduct': open() failed: Permission denied
[  120.717306] init: Command 'write /sys/class/android_usb/android0/functions ${sys.usb.config}' action=sys.usb.config=adb && sys.usb.configfs=0 (/system/etc/init/hw/init.usb.rc:41) took 39ms and failed: Unable to write to file '/sys/class/android_usb/android0/functions': open() failed: Permission denied
[  120.758290] init: Command 'write /sys/class/android_usb/android0/enable 1' action=sys.usb.config=adb && sys.usb.configfs=0 (/system/etc/init/hw/init.usb.rc:42) took 13ms and failed: Unable to write to file '/sys/class/android_usb/android0/enable': open() failed: Permission denied
[  120.793941] init: starting service 'adbd'...
[  120.895899] init: Created socket '/dev/socket/adbd', mode 660, user 1000, group 1000
[  121.364560] init: Command 'start adbd' action=sys.usb.config=adb && sys.usb.configfs=0 (/system/etc/init/hw/init.usb.rc:43) took 575ms and succeeded
[  121.398271] init: Service 'exec 15 (/system/bin/gsid run-startup-tasks)' (pid 401) exited with status 0 oneshot service took 5.023000 seconds in background
[  121.428092] init: Sending signal 9 to service 'exec 15 (/system/bin/gsid run-startup-tasks)' (pid 401) process group...
[  121.467918] libprocessgroup: Successfully killed process cgroup uid 0 pid 401 in 21ms
[  121.645757] init: Command 'setprop sys.usb.state ${sys.usb.config}' action=sys.usb.config=adb && sys.usb.configfs=0 (/system/etc/init/hw/init.usb.rc:44) took 128ms and succeeded
[  121.674656] init: processing action (qemu.networknamespace=ready) from (/vendor/etc/init/hw/init.ranchu.rc:109)
[  121.759835] init: starting service 'ranchu-net'...
[  122.515628] init: Command 'start ranchu-net' action=qemu.networknamespace=ready (/vendor/etc/init/hw/init.ranchu.rc:110) took 781ms and succeeded
[  122.569571] init: processing action (init.svc.audioserver=running) from (/system/etc/init/audioserver.rc:32)
[  122.645379] init: Command 'start vendor.audio-hal-4-0-msd' action=init.svc.audioserver=running (/system/etc/init/audioserver.rc:34) took 5ms and failed: service vendor.audio-hal-4-0-msd not found
[  122.725841] init: Command 'start vendor.audio-hal-2-0' action=init.svc.audioserver=running (/system/etc/init/audioserver.rc:36) took 17ms and failed: service vendor.audio-hal-2-0 not found
[  122.753409] init: Command 'start audio-hal-2-0' action=init.svc.audioserver=running (/system/etc/init/audioserver.rc:37) took 0ms and failed: service audio-hal-2-0 not found
[  122.773171] init: processing action (sys.audio.restart.hal=1) from (/system/etc/init/audioserver.rc:39)
[  122.832955] init: Sending signal 9 to service 'vendor.audio-hal' (pid 301) process group...
[  123.401867] libprocessgroup: Successfully killed process cgroup uid 1041 pid 301 in 543ms
[  123.556573] init: Command 'restart vendor.audio-hal' action=sys.audio.restart.hal=1 (/system/etc/init/audioserver.rc:40) took 759ms and succeeded
[  123.593513] init: Service 'vendor.audio-hal' (pid 301) received signal 9
[  123.618560] init: Sending signal 9 to service 'audioserver' (pid 392) process group...
[  124.365201] libprocessgroup: Successfully killed process cgroup uid 1041 pid 392 in 713ms
[  124.500189] init: Command 'restart audioserver' action=onrestart (<Service 'vendor.audio-hal' onrestart>:1) took 895ms and succeeded
[  124.634951] init: Service 'audioserver' (pid 392) received signal 9
[  124.730289] init: Command 'setprop sys.audio.restart.hal 1' action=onrestart (<Service 'audioserver' onrestart>:1) took 93ms and succeeded
[  125.052070] init: Command 'restart vendor.audio-hal-4-0-msd' action=sys.audio.restart.hal=1 (/system/etc/init/audioserver.rc:41) took 1ms and failed: service vendor.audio-hal-4-0-msd not found
[  125.225850] init: starting service 'audioserver'...
[  126.381961] init: starting service 'vendor.audio-hal'...
[  127.380293] init: Command 'restart vendor.audio-hal-2-0' action=sys.audio.restart.hal=1 (/system/etc/init/audioserver.rc:43) took 5ms and failed: service vendor.audio-hal-2-0 not found
[  127.425831] init: Command 'restart audio-hal-2-0' action=sys.audio.restart.hal=1 (/system/etc/init/audioserver.rc:44) took 0ms and failed: service audio-hal-2-0 not found
[  127.583355] init: Command 'setprop sys.audio.restart.hal 0' action=sys.audio.restart.hal=1 (/system/etc/init/audioserver.rc:46) took 145ms and succeeded
[  127.625374] init: processing action (ro.persistent_properties.ready=true) from (/system/etc/init/bootstat.rc:67)
[  127.807903] init: Command 'setprop sys.bootstat.first_boot_completed 0' action=ro.persistent_properties.ready=true (/system/etc/init/bootstat.rc:68) took 136ms and succeeded
[  127.839845] init: processing action (ro.persistent_properties.ready=true) from (/system/etc/init/bootstat.rc:71)
[  128.119593] init: starting service 'exec 16 (/system/bin/bootstat --set_system_boot_reason)'...
[  129.340393] init: Command 'exec_background - system log -- /system/bin/bootstat --set_system_boot_reason' action=ro.persistent_properties.ready=true (/system/etc/init/bootstat.rc:74) took 1405ms and succeeded
[  129.422942] init: processing action (persist.heapprofd.enable= && traced.lazy.heapprofd=) from (/system/etc/init/heapprofd.rc:34)
[  129.985129] init: Command 'stop heapprofd' action=persist.heapprofd.enable= && traced.lazy.heapprofd= (/system/etc/init/heapprofd.rc:35) took 465ms and succeeded
[  130.057891] init: processing action (ro.debuggable=1) from (/system/etc/init/llkd-debuggable.rc:1)
[  130.398581] init: Command 'setprop llk.enable ${ro.llk.enable:-1}' action=ro.debuggable=1 (/system/etc/init/llkd-debuggable.rc:2) took 336ms and succeeded
[  130.659848] init: Command 'setprop khungtask.enable ${ro.khungtask.enable:-1}' action=ro.debuggable=1 (/system/etc/init/llkd-debuggable.rc:3) took 176ms and succeeded
[  130.677637] init: processing action (ro.debuggable=*) from (/system/etc/init/llkd.rc:2)
[  130.841975] init: Command 'setprop khungtask.enable ${ro.khungtask.enable:-0}' action=ro.debuggable=* (/system/etc/init/llkd.rc:4) took 82ms and succeeded
[  130.886672] init: processing action (init.svc.media=*) from (/system/etc/init/mediaserver.rc:1)
[  131.089397] init: Command 'setprop init.svc.mediadrm ${init.svc.media}' action=init.svc.media=* (/system/etc/init/mediaserver.rc:2) took 188ms and succeeded
[  131.147047] init: processing action (debug.atrace.user_initiated= && persist.traced.enable=1) from (/system/etc/init/perfetto.rc:47)
[  131.394176] init: starting service 'traced_probes'...
[  131.438656] init: Opened file '/dev/kmsg', flags 1
[  133.303033] init: Command 'start traced_probes' action=debug.atrace.user_initiated= && persist.traced.enable=1 (/system/etc/init/perfetto.rc:48) took 2078ms and succeeded
[  133.677824] init: starting service 'mdnsd'...
[  133.828603] init: Created socket '/dev/socket/mdnsd', mode 660, user 1020, group 3003
[  134.884889] init: Control message: Processed ctl.start for 'mdnsd' from pid: 405 (/apex/com.android.adbd/bin/adbd --root_seclabel=u:r:su:s0)
[  134.907043] init: processing action (persist.traced.enable=1) from (/system/etc/init/perfetto.rc:50)
[  135.084200] init: starting service 'bootanim'...
[  136.117837] init: Control message: Processed ctl.start for 'bootanim' from pid: 373 (/system/bin/surfaceflinger)
[  136.328611] init: starting service 'traced'...
[  136.557710] init: Created socket '/dev/socket/traced_consumer', mode 666, user 0, group 0
[  136.733890] init: Created socket '/dev/socket/traced_producer', mode 666, user 0, group 0
[  138.890658] init: Command 'start traced' action=persist.traced.enable=1 (/system/etc/init/perfetto.rc:59) took 2674ms and succeeded
[  138.958111] init: processing action (persist.traced_perf.enable= && sys.init.perf_lsm_hooks=1 && traced.lazy.traced_perf=) from (/system/etc/init/traced_perf.rc:43)
[  139.893508] init: Command 'stop traced_perf' action=persist.traced_perf.enable= && sys.init.perf_lsm_hooks=1 && traced.lazy.traced_perf= (/system/etc/init/traced_perf.rc:44) took 874ms and succeeded
[  139.919154] init: processing action (nonencrypted) from (/system/etc/init/hw/init.rc:953)
[  140.021916] init: starting service 'drm'...
[  141.017356] init: starting service 'idmap2d'...
[  141.979000] init: starting service 'incidentd'...
[  143.268764] init: starting service 'installd'...
[  144.225062] init: starting service 'iorapd'...
[  145.121828] init: starting service 'keystore'...
[  145.712790] healthd: battery none chg=a
[  146.129920] init: starting service 'mediaextractor'...
[  147.061203] init: starting service 'mediametrics'...
[  147.821288] init: starting service 'storaged'...
[  147.879365] init: Could not open file '/d/mmc0/mmc0:0001/ext_csd': Failed to open file '/d/mmc0/mmc0:0001/ext_csd': No such file or directory
[  149.089218] init: starting service 'vendor.media.omx'...
[  151.671461] init: starting service 'vendor.ril-daemon'...
[  152.685865] init: Could not start service 'vendor_flash_recovery' as part of class 'main': Cannot find '/vendor/bin/install-recovery.sh': No such file or directory
[  152.836054] init: starting service 'media.swcodec'...
[  153.714145] init: Command 'class_start main' action=nonencrypted (/system/etc/init/hw/init.rc:954) took 13778ms and succeeded
[  153.770352] init: Service 'zygote' (pid 390) received signal 11
[  153.785302] init: Sending signal 9 to service 'zygote' (pid 390) process group...
[  153.844968] libprocessgroup: Successfully killed process cgroup uid 0 pid 390 in 28ms
[  153.972116] init: starting service 'exec 17 (/system/bin/vdc volume abort_fuse)'...
[  154.357899] init: Command 'exec_background - system system -- /system/bin/vdc volume abort_fuse' action=onrestart (<Service 'zygote' onrestart>:1) took 423ms and succeeded
[  154.567547] init: Command 'write /sys/power/state on' action=onrestart (<Service 'zygote' onrestart>:2) took 150ms and failed: Unable to write to file '/sys/power/state': Unable to write file contents: Invalid argument
[  154.588243] init: Sending signal 9 to service 'audioserver' (pid 416) process group...
[  155.258514] libprocessgroup: Successfully killed process cgroup uid 1041 pid 416 in 650ms
[  155.444761] init: Command 'restart audioserver' action=onrestart (<Service 'zygote' onrestart>:3) took 857ms and succeeded
[  155.455148] init: Sending signal 9 to service 'cameraserver' (pid 385) process group...
[  156.367035] libprocessgroup: Successfully killed process cgroup uid 1047 pid 385 in 890ms
[  156.451394] init: Command 'restart cameraserver' action=onrestart (<Service 'zygote' onrestart>:4) took 998ms and succeeded
[  156.463010] init: Sending signal 9 to service 'media' (pid 387) process group...
[  157.160085] libprocessgroup: Successfully killed process cgroup uid 1013 pid 387 in 683ms
[  157.232575] init: Command 'restart media' action=onrestart (<Service 'zygote' onrestart>:5) took 777ms and succeeded
[  157.247027] init: Sending signal 9 to service 'netd' (pid 397) process group...
[  157.273113] Binder:397_4 (397) used greatest stack depth: 11280 bytes left
[  157.774069] libprocessgroup: Successfully killed process cgroup uid 0 pid 397 in 523ms
[  157.896246] init: Command 'restart netd' action=onrestart (<Service 'zygote' onrestart>:6) took 659ms and succeeded
[  157.898548] init: Sending signal 9 to service 'wificond' (pid 388) process group...
[  158.066334] libprocessgroup: Successfully killed process cgroup uid 1010 pid 388 in 154ms
[  158.156843] init: Command 'restart wificond' action=onrestart (<Service 'zygote' onrestart>:7) took 255ms and succeeded
[  158.334663] init: Service 'cameraserver' (pid 385) received signal 9
[  158.501984] init: Service 'media' (pid 387) received signal 9
[  158.649261] init: Service 'wificond' (pid 388) received signal 9
[  158.725703] init: Service 'netd' (pid 397) received signal 9
[  158.769491] init: Command 'restart zygote_secondary' action=onrestart (<Service 'netd' onrestart>:2) took 0ms and failed: service zygote_secondary not found
[  158.844741] init: Untracked pid 407 exited with status 0
[  158.859878] init: Untracked pid 411 exited with status 0
[  158.878164] init: Service 'audioserver' (pid 416) received signal 9
[  159.029010] init: Service 'exec 16 (/system/bin/bootstat --set_system_boot_reason)' (pid 426) exited with status 0 oneshot service took 30.054001 seconds in background
[  159.031108] init: Sending signal 9 to service 'exec 16 (/system/bin/bootstat --set_system_boot_reason)' (pid 426) process group...
[  159.069714] libprocessgroup: Successfully killed process cgroup uid 1000 pid 426 in 17ms
[  159.101452] init: Untracked pid 474 received signal 9
[  159.115791] init: Untracked pid 480 received signal 9
[  159.120941] init: Untracked pid 485 received signal 9
[  159.133308] init: Untracked pid 490 received signal 9
[  159.137736] init: Untracked pid 406 received signal 9
[  159.155269] init: Untracked pid 408 received signal 9
[  159.259639] init: starting service 'dhcpclient_def'...
[  159.630313] init: Control message: Processed ctl.start for 'dhcpclient_def' from pid: 476 (setprop ctl.start dhcpclient_def)
[  159.705628] init: starting service 'gatekeeperd'...
[  160.353420] init: starting service 'usbd'...
[  161.000618] init: starting service 'vendor.face-hal-1-0-default'...
[  161.677450] init: starting service 'vendor.fps_hal'...
[  162.146223] init: Command 'class_start late_start' action=nonencrypted (/system/etc/init/hw/init.rc:955) took 2483ms and succeeded
[  162.219431] init: starting service 'zygote'...
[  162.348406] init: Created socket '/dev/socket/zygote', mode 660, user 0, group 1000
[  162.489012] init: Created socket '/dev/socket/usap_pool_primary', mode 660, user 0, group 1000
[  163.645819] init: starting service 'audioserver'...
[  164.658265] init: starting service 'cameraserver'...
[  165.785601] init: starting service 'media'...
[  166.673813] libprocessgroup: Failed to open /dev/cpuset/camera-daemon/tasks: No such file or directory: No such file or directory
[  166.705181] libprocessgroup: Failed to apply CameraServiceCapacity task profile: No such file or directory
[  167.027795] init: starting service 'netd'...
[  167.486275] init: Created socket '/dev/socket/dnsproxyd', mode 660, user 0, group 3003
[  168.029726] init: Created socket '/dev/socket/mdns', mode 660, user 0, group 1000
[  168.369788] init: Created socket '/dev/socket/fwmarkd', mode 660, user 0, group 3003
[  169.475813] init: starting service 'wificond'...
[  170.242920] init: Service 'ranchu-net' (pid 414) exited with status 0 oneshot service took 48.084000 seconds in background
[  170.290533] init: Sending signal 9 to service 'ranchu-net' (pid 414) process group...
[  170.393080] libprocessgroup: Successfully killed process cgroup uid 0 pid 414 in 35ms
[  170.614018] init: Service 'exec 17 (/system/bin/vdc volume abort_fuse)' (pid 515) exited with status 0 oneshot service took 16.344999 seconds in background
[  170.618666] init: Sending signal 9 to service 'exec 17 (/system/bin/vdc volume abort_fuse)' (pid 515) process group...
[  170.707736] libprocessgroup: Successfully killed process cgroup uid 1000 pid 515 in 49ms
[  170.821930] init: Service 'usbd' (pid 525) exited with status 0 oneshot service took 10.241000 seconds in background
[  170.854935] init: Sending signal 9 to service 'usbd' (pid 525) process group...
[  170.952490] libprocessgroup: Successfully killed process cgroup uid 0 pid 525 in 56ms
[  171.330706] init: processing action (nonencrypted) from (/system/etc/init/hw/init.rc:953)
[  171.481346] init: processing action (sys.audio.restart.hal=1) from (/system/etc/init/audioserver.rc:39)
[  171.505871] init: Sending signal 9 to service 'vendor.audio-hal' (pid 417) process group...
[  172.231970] libprocessgroup: Successfully killed process cgroup uid 1041 pid 417 in 692ms
[  172.425129] init: Command 'restart vendor.audio-hal' action=sys.audio.restart.hal=1 (/system/etc/init/audioserver.rc:40) took 898ms and succeeded
[  172.477042] init: Service 'vendor.audio-hal' (pid 417) received signal 9
[  172.518795] init: Sending signal 9 to service 'audioserver' (pid 533) process group...
[  172.810403] libprocessgroup: Successfully killed process cgroup uid 1041 pid 533 in 220ms
[  173.028946] init: Command 'restart audioserver' action=onrestart (<Service 'vendor.audio-hal' onrestart>:1) took 548ms and succeeded
[  173.256328] init: Service 'audioserver' (pid 533) received signal 9
[  173.398511] init: Command 'setprop sys.audio.restart.hal 1' action=onrestart (<Service 'audioserver' onrestart>:1) took 124ms and succeeded
[  173.584799] init: Command 'restart vendor.audio-hal-4-0-msd' action=sys.audio.restart.hal=1 (/system/etc/init/audioserver.rc:41) took 0ms and failed: service vendor.audio-hal-4-0-msd not found
[  173.718354] init: starting service 'audioserver'...
[  174.601443] init: starting service 'vendor.audio-hal'...
[  175.609989] init: Command 'restart vendor.audio-hal-2-0' action=sys.audio.restart.hal=1 (/system/etc/init/audioserver.rc:43) took 3ms and failed: service vendor.audio-hal-2-0 not found
[  175.643501] init: Command 'restart audio-hal-2-0' action=sys.audio.restart.hal=1 (/system/etc/init/audioserver.rc:44) took 0ms and failed: service audio-hal-2-0 not found
[  175.761054] init: Command 'setprop sys.audio.restart.hal 0' action=sys.audio.restart.hal=1 (/system/etc/init/audioserver.rc:46) took 91ms and succeeded
[  175.812634] init: processing action (init.svc.audioserver=running) from (/system/etc/init/audioserver.rc:32)
[  175.839727] init: Command 'start vendor.audio-hal-4-0-msd' action=init.svc.audioserver=running (/system/etc/init/audioserver.rc:34) took 1ms and failed: service vendor.audio-hal-4-0-msd not found
[  175.861833] init: Command 'start vendor.audio-hal-2-0' action=init.svc.audioserver=running (/system/etc/init/audioserver.rc:36) took 1ms and failed: service vendor.audio-hal-2-0 not found
[  175.897899] init: Command 'start audio-hal-2-0' action=init.svc.audioserver=running (/system/etc/init/audioserver.rc:37) took 1ms and failed: service audio-hal-2-0 not found
[  175.952944] init: processing action (llk.enable=1) from (/system/etc/init/llkd.rc:9)
[  176.018927] init: Command 'setprop llk.enable true' action=llk.enable=1 (/system/etc/init/llkd.rc:10) took 61ms and succeeded
[  176.035312] init: processing action (khungtask.enable=1) from (/system/etc/init/llkd.rc:18)
[  176.132602] init: Command 'setprop khungtask.enable true' action=khungtask.enable=1 (/system/etc/init/llkd.rc:19) took 85ms and succeeded
[  176.147030] init: processing action (llk.enable=0) from (/system/etc/init/llkd.rc:12)
[  176.297915] init: Command 'setprop llk.enable false' action=llk.enable=0 (/system/etc/init/llkd.rc:13) took 125ms and succeeded
[  176.322936] init: processing action (khungtask.enable=0) from (/system/etc/init/llkd.rc:21)
[  176.458126] init: Command 'setprop khungtask.enable false' action=khungtask.enable=0 (/system/etc/init/llkd.rc:22) took 103ms and succeeded
[  176.481976] init: processing action (init.svc.mediadrm=running) from (/vendor/etc/init/android.hardware.drm@1.3-service.widevine.rc:1)
[  176.662363] init: processing action (init.svc.media=*) from (/system/etc/init/mediaserver.rc:1)
[  176.757138] init: Command 'setprop init.svc.mediadrm ${init.svc.media}' action=init.svc.media=* (/system/etc/init/mediaserver.rc:2) took 65ms and succeeded
[  176.793529] init: processing action (init.svc.media=*) from (/system/etc/init/mediaserver.rc:1)
[  176.909745] init: Command 'setprop init.svc.mediadrm ${init.svc.media}' action=init.svc.media=* (/system/etc/init/mediaserver.rc:2) took 113ms and succeeded
[  176.934099] init: processing action (sys.audio.restart.hal=1) from (/system/etc/init/audioserver.rc:39)
[  176.974469] init: Sending signal 9 to service 'vendor.audio-hal' (pid 551) process group...
[  177.254233] libprocessgroup: Successfully killed process cgroup uid 1041 pid 551 in 269ms
[  177.390825] init: Command 'restart vendor.audio-hal' action=sys.audio.restart.hal=1 (/system/etc/init/audioserver.rc:40) took 415ms and succeeded
[  177.423212] init: Service 'vendor.audio-hal' (pid 551) received signal 9
[  177.464176] init: Sending signal 9 to service 'audioserver' (pid 547) process group...
[  177.579777] libprocessgroup: Successfully killed process cgroup uid 1041 pid 547 in 100ms
[  177.747061] init: Command 'restart audioserver' action=onrestart (<Service 'vendor.audio-hal' onrestart>:1) took 316ms and succeeded
[  177.810364] init: Service 'audioserver' (pid 547) received signal 9
[  177.912165] init: Command 'setprop sys.audio.restart.hal 1' action=onrestart (<Service 'audioserver' onrestart>:1) took 91ms and succeeded
[  178.030535] init: Command 'restart vendor.audio-hal-4-0-msd' action=sys.audio.restart.hal=1 (/system/etc/init/audioserver.rc:41) took 0ms and failed: service vendor.audio-hal-4-0-msd not found
[  178.057404] init: Command 'restart vendor.audio-hal-2-0' action=sys.audio.restart.hal=1 (/system/etc/init/audioserver.rc:43) took 2ms and failed: service vendor.audio-hal-2-0 not found
[  178.092928] init: Command 'restart audio-hal-2-0' action=sys.audio.restart.hal=1 (/system/etc/init/audioserver.rc:44) took 0ms and failed: service audio-hal-2-0 not found
[  178.188576] init: Command 'setprop sys.audio.restart.hal 0' action=sys.audio.restart.hal=1 (/system/etc/init/audioserver.rc:46) took 80ms and succeeded
[  178.237141] init: processing action (init.svc.audioserver=running) from (/system/etc/init/audioserver.rc:32)
[  178.302325] init: starting service 'vendor.audio-hal'...
[  178.954848] init: Command 'start vendor.audio-hal' action=init.svc.audioserver=running (/system/etc/init/audioserver.rc:33) took 701ms and succeeded
[  179.004751] init: Command 'start vendor.audio-hal-4-0-msd' action=init.svc.audioserver=running (/system/etc/init/audioserver.rc:34) took 0ms and failed: service vendor.audio-hal-4-0-msd not found
[  179.027717] init: Command 'start vendor.audio-hal-2-0' action=init.svc.audioserver=running (/system/etc/init/audioserver.rc:36) took 0ms and failed: service vendor.audio-hal-2-0 not found
[  179.034582] init: Command 'start audio-hal-2-0' action=init.svc.audioserver=running (/system/etc/init/audioserver.rc:37) took 1ms and failed: service audio-hal-2-0 not found
[  179.083905] init: processing action (init.svc.media=*) from (/system/etc/init/mediaserver.rc:1)
[  179.169737] init: Command 'setprop init.svc.mediadrm ${init.svc.media}' action=init.svc.media=* (/system/etc/init/mediaserver.rc:2) took 82ms and succeeded
[  179.255654] init: starting service 'audioserver'...
[  180.049380] init: processing action (sys.audio.restart.hal=1) from (/system/etc/init/audioserver.rc:39)
[  180.076467] init: Sending signal 9 to service 'vendor.audio-hal' (pid 560) process group...
[  180.232091] libprocessgroup: Successfully killed process cgroup uid 1041 pid 560 in 124ms
[  180.414356] init: Command 'restart vendor.audio-hal' action=sys.audio.restart.hal=1 (/system/etc/init/audioserver.rc:40) took 355ms and succeeded
[  180.446022] init: Service 'vendor.audio-hal' (pid 560) received signal 9
[  180.485905] init: Sending signal 9 to service 'audioserver' (pid 562) process group...
[  180.771011] libprocessgroup: Successfully killed process cgroup uid 1041 pid 562 in 270ms
[  180.933565] init: Command 'restart audioserver' action=onrestart (<Service 'vendor.audio-hal' onrestart>:1) took 484ms and succeeded
[  181.018101] init: Service 'audioserver' (pid 562) received signal 9
[  181.117761] init: Command 'setprop sys.audio.restart.hal 1' action=onrestart (<Service 'audioserver' onrestart>:1) took 79ms and succeeded
[  181.234035] init: Command 'restart vendor.audio-hal-4-0-msd' action=sys.audio.restart.hal=1 (/system/etc/init/audioserver.rc:41) took 0ms and failed: service vendor.audio-hal-4-0-msd not found
[  181.262232] init: Command 'restart vendor.audio-hal-2-0' action=sys.audio.restart.hal=1 (/system/etc/init/audioserver.rc:43) took 0ms and failed: service vendor.audio-hal-2-0 not found
[  181.282939] init: Command 'restart audio-hal-2-0' action=sys.audio.restart.hal=1 (/system/etc/init/audioserver.rc:44) took 1ms and failed: service audio-hal-2-0 not found
[  181.374475] init: Command 'setprop sys.audio.restart.hal 0' action=sys.audio.restart.hal=1 (/system/etc/init/audioserver.rc:46) took 67ms and succeeded
[  181.400216] init: processing action (init.svc.audioserver=running) from (/system/etc/init/audioserver.rc:32)
[  181.457893] init: starting service 'vendor.audio-hal'...
[  181.951353] init: Command 'start vendor.audio-hal' action=init.svc.audioserver=running (/system/etc/init/audioserver.rc:33) took 534ms and succeeded
[  181.989639] init: Command 'start vendor.audio-hal-4-0-msd' action=init.svc.audioserver=running (/system/etc/init/audioserver.rc:34) took 16ms and failed: service vendor.audio-hal-4-0-msd not found
[  182.003381] init: Command 'start vendor.audio-hal-2-0' action=init.svc.audioserver=running (/system/etc/init/audioserver.rc:36) took 0ms and failed: service vendor.audio-hal-2-0 not found
[  182.020777] init: Command 'start audio-hal-2-0' action=init.svc.audioserver=running (/system/etc/init/audioserver.rc:37) took 0ms and failed: service audio-hal-2-0 not found
[  182.026063] init: processing action (llk.enable=true) from (/system/etc/init/llkd.rc:34)
[  182.084134] init: starting service 'llkd-1'...
[  182.088996] init: Opened file '/dev/kmsg', flags 1
[  182.106322] init: Opened file '/proc/sysrq-trigger', flags 1
[  182.848324] init: Command 'start llkd-${ro.debuggable:-0}' action=llk.enable=true (/system/etc/init/llkd.rc:35) took 783ms and succeeded
[  182.907158] init: processing action (khungtask.enable=true) from (/system/etc/init/llkd.rc:25)
[  183.169507] init: Command 'write /proc/sys/kernel/hung_task_timeout_secs ${ro.khungtask.timeout:-720}' action=khungtask.enable=true (/system/etc/init/llkd.rc:26) took 197ms and succeeded
[  183.301978] init: Command 'write /proc/sys/kernel/hung_task_panic 1' action=khungtask.enable=true (/system/etc/init/llkd.rc:29) took 62ms and succeeded
[  183.328917] init: processing action (khungtask.enable=false) from (/system/etc/init/llkd.rc:31)
[  183.394486] init: processing action (init.svc.mediadrm=running) from (/vendor/etc/init/android.hardware.drm@1.3-service.widevine.rc:1)
[  183.485041] init: processing action (init.svc.mediadrm=running) from (/vendor/etc/init/android.hardware.drm@1.3-service.widevine.rc:1)
[  184.055509] init: Command 'start vendor.move_data_sh' action=init.svc.mediadrm=running (/vendor/etc/init/android.hardware.drm@1.3-service.widevine.rc:3) took 413ms and succeeded
[  184.163299] init: processing action (sys.audio.restart.hal=1) from (/system/etc/init/audioserver.rc:39)
[  184.197607] init: Sending signal 9 to service 'vendor.audio-hal' (pid 565) process group...
[  184.560615] libprocessgroup: Successfully killed process cgroup uid 1041 pid 565 in 284ms
[  185.086525] init: Command 'restart vendor.audio-hal' action=sys.audio.restart.hal=1 (/system/etc/init/audioserver.rc:40) took 899ms and succeeded
[  185.454150] init: starting service 'audioserver'...
[  186.700841] init: Service 'vendor.audio-hal' (pid 565) received signal 9
[  186.771930] init: Sending signal 9 to service 'audioserver' (pid 579) process group...
[  187.071239] libprocessgroup: Successfully killed process cgroup uid 1041 pid 579 in 278ms
[  187.211782] init: Command 'restart audioserver' action=onrestart (<Service 'vendor.audio-hal' onrestart>:1) took 479ms and succeeded
[  187.306856] init: Service 'audioserver' (pid 579) received signal 9
[  187.427126] init: Command 'setprop sys.audio.restart.hal 1' action=onrestart (<Service 'audioserver' onrestart>:1) took 89ms and succeeded
[  187.601865] init: Command 'restart vendor.audio-hal-4-0-msd' action=sys.audio.restart.hal=1 (/system/etc/init/audioserver.rc:41) took 1ms and failed: service vendor.audio-hal-4-0-msd not found
[  187.677333] init: starting service 'vendor.audio-hal'...
[  188.591775] init: Command 'restart vendor.audio-hal-2-0' action=sys.audio.restart.hal=1 (/system/etc/init/audioserver.rc:43) took 1ms and failed: service vendor.audio-hal-2-0 not found
[  188.612420] init: Command 'restart audio-hal-2-0' action=sys.audio.restart.hal=1 (/system/etc/init/audioserver.rc:44) took 0ms and failed: service audio-hal-2-0 not found
[  188.755234] init: Command 'setprop sys.audio.restart.hal 0' action=sys.audio.restart.hal=1 (/system/etc/init/audioserver.rc:46) took 113ms and succeeded
[  188.787231] init: processing action (init.svc.mediadrm=running) from (/vendor/etc/init/android.hardware.drm@1.3-service.widevine.rc:1)
[  188.877128] init: Command 'mkdir /data/vendor/mediadrm 0770 media mediadrm' action=init.svc.mediadrm=running (/vendor/etc/init/android.hardware.drm@1.3-service.widevine.rc:2) took 71ms and succeeded
[  188.915129] init: processing action (init.svc.audioserver=running) from (/system/etc/init/audioserver.rc:32)
[  188.942840] init: Command 'start vendor.audio-hal-4-0-msd' action=init.svc.audioserver=running (/system/etc/init/audioserver.rc:34) took 10ms and failed: service vendor.audio-hal-4-0-msd not found
[  188.987602] init: Command 'start vendor.audio-hal-2-0' action=init.svc.audioserver=running (/system/etc/init/audioserver.rc:36) took 0ms and failed: service vendor.audio-hal-2-0 not found
[  189.003615] init: Command 'start audio-hal-2-0' action=init.svc.audioserver=running (/system/etc/init/audioserver.rc:37) took 0ms and failed: service audio-hal-2-0 not found
[  189.032125] init: processing action (sys.audio.restart.hal=1) from (/system/etc/init/audioserver.rc:39)
[  189.034787] init: Sending signal 9 to service 'vendor.audio-hal' (pid 583) process group...
[  189.342285] libprocessgroup: Successfully killed process cgroup uid 1041 pid 583 in 286ms
[  189.471003] init: Command 'restart vendor.audio-hal' action=sys.audio.restart.hal=1 (/system/etc/init/audioserver.rc:40) took 431ms and succeeded
[  189.486098] init: Service 'vendor.audio-hal' (pid 583) received signal 9
[  189.690311] init: Command 'restart vendor.audio-hal-4-0-msd' action=sys.audio.restart.hal=1 (/system/etc/init/audioserver.rc:41) took 10ms and failed: service vendor.audio-hal-4-0-msd not found
[  189.758186] init: Command 'restart vendor.audio-hal-2-0' action=sys.audio.restart.hal=1 (/system/etc/init/audioserver.rc:43) took 1ms and failed: service vendor.audio-hal-2-0 not found
[  189.771282] init: Command 'restart audio-hal-2-0' action=sys.audio.restart.hal=1 (/system/etc/init/audioserver.rc:44) took 0ms and failed: service audio-hal-2-0 not found
[  189.884858] init: Command 'setprop sys.audio.restart.hal 0' action=sys.audio.restart.hal=1 (/system/etc/init/audioserver.rc:46) took 73ms and succeeded
[  189.907946] init: processing action (init.svc.audioserver=running) from (/system/etc/init/audioserver.rc:32)
[  189.952737] init: starting service 'vendor.audio-hal'...
[  190.473859] init: Command 'start vendor.audio-hal' action=init.svc.audioserver=running (/system/etc/init/audioserver.rc:33) took 556ms and succeeded
[  190.514108] init: Command 'start vendor.audio-hal-4-0-msd' action=init.svc.audioserver=running (/system/etc/init/audioserver.rc:34) took 0ms and failed: service vendor.audio-hal-4-0-msd not found
[  190.521770] init: Command 'start vendor.audio-hal-2-0' action=init.svc.audioserver=running (/system/etc/init/audioserver.rc:36) took 0ms and failed: service vendor.audio-hal-2-0 not found
[  190.538595] init: Command 'start audio-hal-2-0' action=init.svc.audioserver=running (/system/etc/init/audioserver.rc:37) took 0ms and failed: service audio-hal-2-0 not found
[  190.570381] init: processing action (sys.audio.restart.hal=1) from (/system/etc/init/audioserver.rc:39)
[  190.592250] init: Sending signal 9 to service 'vendor.audio-hal' (pid 587) process group...
[  190.721448] libprocessgroup: Successfully killed process cgroup uid 1041 pid 587 in 121ms
[  190.800775] init: Command 'restart vendor.audio-hal' action=sys.audio.restart.hal=1 (/system/etc/init/audioserver.rc:40) took 209ms and succeeded
[  190.815714] init: Service 'vendor.audio-hal' (pid 587) received signal 9
[  190.862334] init: Command 'restart vendor.audio-hal-4-0-msd' action=sys.audio.restart.hal=1 (/system/etc/init/audioserver.rc:41) took 0ms and failed: service vendor.audio-hal-4-0-msd not found
[  190.875389] init: Command 'restart vendor.audio-hal-2-0' action=sys.audio.restart.hal=1 (/system/etc/init/audioserver.rc:43) took 0ms and failed: service vendor.audio-hal-2-0 not found
[  190.882884] init: Command 'restart audio-hal-2-0' action=sys.audio.restart.hal=1 (/system/etc/init/audioserver.rc:44) took 3ms and failed: service audio-hal-2-0 not found
[  190.966805] init: starting service 'audioserver'...
[  191.334110] init: processing action (init.svc.audioserver=running) from (/system/etc/init/audioserver.rc:32)
[  191.440516] init: starting service 'vendor.audio-hal'...
[  192.088093] init: Command 'start vendor.audio-hal' action=init.svc.audioserver=running (/system/etc/init/audioserver.rc:33) took 730ms and succeeded
[  192.120052] init: Command 'start vendor.audio-hal-4-0-msd' action=init.svc.audioserver=running (/system/etc/init/audioserver.rc:34) took 0ms and failed: service vendor.audio-hal-4-0-msd not found
[  192.145394] init: Command 'start vendor.audio-hal-2-0' action=init.svc.audioserver=running (/system/etc/init/audioserver.rc:36) took 0ms and failed: service vendor.audio-hal-2-0 not found
[  192.149388] init: Command 'start audio-hal-2-0' action=init.svc.audioserver=running (/system/etc/init/audioserver.rc:37) took 0ms and failed: service audio-hal-2-0 not found
[  197.443999] init: Untracked pid 550 exited with status 0
[  197.563179] init: Untracked pid 554 exited with status 0
[  197.680893] init: Service 'zygote' (pid 532) received signal 11
[  197.698297] init: Sending signal 9 to service 'zygote' (pid 532) process group...
[  197.737182] libprocessgroup: Successfully killed process cgroup uid 0 pid 532 in 18ms
[  197.889340] init: starting service 'exec 18 (/system/bin/vdc volume abort_fuse)'...
[  198.375082] init: Command 'exec_background - system system -- /system/bin/vdc volume abort_fuse' action=onrestart (<Service 'zygote' onrestart>:1) took 543ms and succeeded
[  198.500491] init: Command 'write /sys/power/state on' action=onrestart (<Service 'zygote' onrestart>:2) took 114ms and failed: Unable to write to file '/sys/power/state': Unable to write file contents: Invalid argument
[  198.522812] init: Sending signal 9 to service 'audioserver' (pid 588) process group...
[  198.837972] libprocessgroup: Successfully killed process cgroup uid 1041 pid 588 in 289ms
[  198.996967] init: Command 'restart audioserver' action=onrestart (<Service 'zygote' onrestart>:3) took 473ms and succeeded
[  199.022426] init: Sending signal 9 to service 'cameraserver' (pid 534) process group...
[  199.520890] libprocessgroup: Successfully killed process cgroup uid 1047 pid 534 in 480ms
[  199.623993] init: Command 'restart cameraserver' action=onrestart (<Service 'zygote' onrestart>:4) took 598ms and succeeded
[  199.641723] init: Sending signal 9 to service 'media' (pid 535) process group...
[  200.186898] libprocessgroup: Successfully killed process cgroup uid 1013 pid 535 in 528ms
[  200.283002] init: Command 'restart media' action=onrestart (<Service 'zygote' onrestart>:5) took 654ms and succeeded
[  200.320703] init: Sending signal 9 to service 'netd' (pid 539) process group...
[  200.644528] libprocessgroup: Successfully killed process cgroup uid 0 pid 539 in 317ms
[  200.729136] init: Command 'restart netd' action=onrestart (<Service 'zygote' onrestart>:6) took 424ms and succeeded
[  200.747685] init: Sending signal 9 to service 'wificond' (pid 541) process group...
[  201.006023] libprocessgroup: Successfully killed process cgroup uid 1010 pid 541 in 255ms
[  201.104575] init: Command 'restart wificond' action=onrestart (<Service 'zygote' onrestart>:7) took 371ms and succeeded
[  201.311217] init: Service 'cameraserver' (pid 534) received signal 9
[  201.448943] init: Service 'media' (pid 535) received signal 9
[  201.653752] init: Service 'netd' (pid 539) received signal 9
[  201.686427] init: Command 'restart zygote_secondary' action=onrestart (<Service 'netd' onrestart>:2) took 0ms and failed: service zygote_secondary not found
[  201.735613] init: Service 'wificond' (pid 541) received signal 9
[  201.822236] init: Service 'audioserver' (pid 588) received signal 9
[  201.903206] init: Command 'setprop sys.audio.restart.hal 1' action=onrestart (<Service 'audioserver' onrestart>:1) took 68ms and succeeded
[  201.991971] init: Untracked pid 606 received signal 9
[  201.997288] init: Untracked pid 574 received signal 9
[  202.005456] init: Untracked pid 576 received signal 9
[  202.023208] init: processing action (init.svc.media=*) from (/system/etc/init/mediaserver.rc:1)
[  202.093958] init: Command 'setprop init.svc.mediadrm ${init.svc.media}' action=init.svc.media=* (/system/etc/init/mediaserver.rc:2) took 66ms and succeeded
[  202.125020] init: starting service 'zygote'...
[  202.242361] init: Created socket '/dev/socket/zygote', mode 660, user 0, group 1000
[  202.329398] init: Created socket '/dev/socket/usap_pool_primary', mode 660, user 0, group 1000
[  202.846905] init: starting service 'audioserver'...
[  203.398247] init: starting service 'cameraserver'...
[  203.944993] init: starting service 'media'...
[  204.290737] libprocessgroup: Failed to open /dev/cpuset/camera-daemon/tasks: No such file or directory: No such file or directory
[  204.293008] libprocessgroup: Failed to apply CameraServiceCapacity task profile: No such file or directory
[  204.486012] init: starting service 'netd'...
[  204.638655] init: Created socket '/dev/socket/dnsproxyd', mode 660, user 0, group 3003
[  204.715922] init: Created socket '/dev/socket/mdns', mode 660, user 0, group 1000
[  204.798151] init: Created socket '/dev/socket/fwmarkd', mode 660, user 0, group 3003
[  205.291412] init: starting service 'wificond'...
[  205.704842] healthd: battery none chg=a
[  205.969874] init: Service 'exec 18 (/system/bin/vdc volume abort_fuse)' (pid 599) exited with status 0 oneshot service took 7.770000 seconds in background
[  205.989295] init: Sending signal 9 to service 'exec 18 (/system/bin/vdc volume abort_fuse)' (pid 599) process group...
[  206.081983] libprocessgroup: Successfully killed process cgroup uid 1000 pid 599 in 63ms
[  206.213126] init: processing action (init.svc.media=*) from (/system/etc/init/mediaserver.rc:1)
[  206.314622] init: Command 'setprop init.svc.mediadrm ${init.svc.media}' action=init.svc.media=* (/system/etc/init/mediaserver.rc:2) took 95ms and succeeded
[  206.330191] init: processing action (sys.audio.restart.hal=1) from (/system/etc/init/audioserver.rc:39)
[  206.357947] init: Sending signal 9 to service 'vendor.audio-hal' (pid 592) process group...
[  206.895929] libprocessgroup: Successfully killed process cgroup uid 1041 pid 592 in 520ms
[  207.016589] init: Command 'restart vendor.audio-hal' action=sys.audio.restart.hal=1 (/system/etc/init/audioserver.rc:40) took 659ms and succeeded
[  207.028739] init: Service 'vendor.audio-hal' (pid 592) received signal 9
[  207.044691] init: Sending signal 9 to service 'audioserver' (pid 611) process group...
[  207.226834] libprocessgroup: Successfully killed process cgroup uid 1041 pid 611 in 178ms
[  207.364148] init: Command 'restart audioserver' action=onrestart (<Service 'vendor.audio-hal' onrestart>:1) took 332ms and succeeded
[  207.484233] init: Service 'audioserver' (pid 611) received signal 9
[  207.538123] init: Command 'setprop sys.audio.restart.hal 1' action=onrestart (<Service 'audioserver' onrestart>:1) took 51ms and succeeded
[  207.673636] init: Command 'restart vendor.audio-hal-4-0-msd' action=sys.audio.restart.hal=1 (/system/etc/init/audioserver.rc:41) took 0ms and failed: service vendor.audio-hal-4-0-msd not found
[  207.746626] init: starting service 'vendor.audio-hal'...
[  208.213803] init: Command 'restart vendor.audio-hal-2-0' action=sys.audio.restart.hal=1 (/system/etc/init/audioserver.rc:43) took 0ms and failed: service vendor.audio-hal-2-0 not found
[  208.253916] init: starting service 'audioserver'...
[  208.745744] init: Command 'restart audio-hal-2-0' action=sys.audio.restart.hal=1 (/system/etc/init/audioserver.rc:44) took 2ms and failed: service audio-hal-2-0 not found
[  208.852478] init: Command 'setprop sys.audio.restart.hal 0' action=sys.audio.restart.hal=1 (/system/etc/init/audioserver.rc:46) took 88ms and succeeded
[  208.876883] init: processing action (init.svc.audioserver=running) from (/system/etc/init/audioserver.rc:32)
[  208.917927] init: Command 'start vendor.audio-hal-4-0-msd' action=init.svc.audioserver=running (/system/etc/init/audioserver.rc:34) took 0ms and failed: service vendor.audio-hal-4-0-msd not found
[  208.939295] init: Command 'start vendor.audio-hal-2-0' action=init.svc.audioserver=running (/system/etc/init/audioserver.rc:36) took 0ms and failed: service vendor.audio-hal-2-0 not found
[  208.946645] init: Command 'start audio-hal-2-0' action=init.svc.audioserver=running (/system/etc/init/audioserver.rc:37) took 0ms and failed: service audio-hal-2-0 not found
[  208.983705] init: processing action (init.svc.media=*) from (/system/etc/init/mediaserver.rc:1)
[  209.054138] init: Command 'setprop init.svc.mediadrm ${init.svc.media}' action=init.svc.media=* (/system/etc/init/mediaserver.rc:2) took 67ms and succeeded
[  209.078502] init: processing action (init.svc.mediadrm=running) from (/vendor/etc/init/android.hardware.drm@1.3-service.widevine.rc:1)
[  209.136844] init: processing action (sys.audio.restart.hal=1) from (/system/etc/init/audioserver.rc:39)
[  209.138616] init: Sending signal 9 to service 'vendor.audio-hal' (pid 620) process group...
[  209.318716] libprocessgroup: Successfully killed process cgroup uid 1041 pid 620 in 143ms
[  209.460292] init: Command 'restart vendor.audio-hal' action=sys.audio.restart.hal=1 (/system/etc/init/audioserver.rc:40) took 315ms and succeeded
[  209.481537] init: Service 'vendor.audio-hal' (pid 620) received signal 9
[  209.514677] init: Sending signal 9 to service 'audioserver' (pid 621) process group...
[  209.865261] libprocessgroup: Successfully killed process cgroup uid 1041 pid 621 in 299ms
[  209.983599] init: Command 'restart audioserver' action=onrestart (<Service 'vendor.audio-hal' onrestart>:1) took 498ms and succeeded
[  210.065578] init: Service 'audioserver' (pid 621) received signal 9
[  210.133407] init: Command 'setprop sys.audio.restart.hal 1' action=onrestart (<Service 'audioserver' onrestart>:1) took 65ms and succeeded
[  210.210360] init: Command 'restart vendor.audio-hal-4-0-msd' action=sys.audio.restart.hal=1 (/system/etc/init/audioserver.rc:41) took 5ms and failed: service vendor.audio-hal-4-0-msd not found
[  210.275989] init: Command 'restart vendor.audio-hal-2-0' action=sys.audio.restart.hal=1 (/system/etc/init/audioserver.rc:43) took 2ms and failed: service vendor.audio-hal-2-0 not found
[  210.333028] init: Command 'restart audio-hal-2-0' action=sys.audio.restart.hal=1 (/system/etc/init/audioserver.rc:44) took 22ms and failed: service audio-hal-2-0 not found
[  210.454425] init: Command 'setprop sys.audio.restart.hal 0' action=sys.audio.restart.hal=1 (/system/etc/init/audioserver.rc:46) took 116ms and succeeded
[  210.486430] init: processing action (init.svc.audioserver=running) from (/system/etc/init/audioserver.rc:32)
[  210.598600] init: starting service 'vendor.audio-hal'...
[  211.407496] init: Command 'start vendor.audio-hal' action=init.svc.audioserver=running (/system/etc/init/audioserver.rc:33) took 902ms and succeeded
[  211.456495] init: Command 'start vendor.audio-hal-4-0-msd' action=init.svc.audioserver=running (/system/etc/init/audioserver.rc:34) took 0ms and failed: service vendor.audio-hal-4-0-msd not found
[  211.465182] init: Command 'start vendor.audio-hal-2-0' action=init.svc.audioserver=running (/system/etc/init/audioserver.rc:36) took 0ms and failed: service vendor.audio-hal-2-0 not found
[  211.480393] init: Command 'start audio-hal-2-0' action=init.svc.audioserver=running (/system/etc/init/audioserver.rc:37) took 0ms and failed: service audio-hal-2-0 not found
[  211.494211] init: processing action (init.svc.mediadrm=running) from (/vendor/etc/init/android.hardware.drm@1.3-service.widevine.rc:1)
[  211.523264] init: processing action (sys.audio.restart.hal=1) from (/system/etc/init/audioserver.rc:39)
[  211.538003] init: Sending signal 9 to service 'vendor.audio-hal' (pid 622) process group...
[  211.873488] libprocessgroup: Successfully killed process cgroup uid 1041 pid 622 in 329ms
[  212.030200] init: Command 'restart vendor.audio-hal' action=sys.audio.restart.hal=1 (/system/etc/init/audioserver.rc:40) took 492ms and succeeded
[  212.034742] init: Service 'vendor.audio-hal' (pid 622) received signal 9
[  212.140479] init: Command 'restart vendor.audio-hal-4-0-msd' action=sys.audio.restart.hal=1 (/system/etc/init/audioserver.rc:41) took 0ms and failed: service vendor.audio-hal-4-0-msd not found
[  212.165892] init: Command 'restart vendor.audio-hal-2-0' action=sys.audio.restart.hal=1 (/system/etc/init/audioserver.rc:43) took 0ms and failed: service vendor.audio-hal-2-0 not found
[  212.181202] init: Command 'restart audio-hal-2-0' action=sys.audio.restart.hal=1 (/system/etc/init/audioserver.rc:44) took 0ms and failed: service audio-hal-2-0 not found
[  212.283587] init: Command 'setprop sys.audio.restart.hal 0' action=sys.audio.restart.hal=1 (/system/etc/init/audioserver.rc:46) took 98ms and succeeded
[  212.687164] init: Untracked pid 568 received signal 14
[  213.256536] init: Untracked pid 575 exited with status 0
[  213.374829] init: Service 'mediaextractor' (pid 481) received signal 11
[  213.378258] init: Sending signal 9 to service 'mediaextractor' (pid 481) process group...
[  213.456266] libprocessgroup: Successfully killed process cgroup uid 1040 pid 481 in 29ms
[  213.883551] init: starting service 'audioserver'...
[  214.422193] init: starting service 'mediaextractor'...
[  214.950624] init: processing action (init.svc.audioserver=running) from (/system/etc/init/audioserver.rc:32)
[  215.043583] init: starting service 'vendor.audio-hal'...
[  215.662748] init: Command 'start vendor.audio-hal' action=init.svc.audioserver=running (/system/etc/init/audioserver.rc:33) took 691ms and succeeded
[  215.684838] init: Command 'start vendor.audio-hal-4-0-msd' action=init.svc.audioserver=running (/system/etc/init/audioserver.rc:34) took 0ms and failed: service vendor.audio-hal-4-0-msd not found
[  215.689705] init: Command 'start vendor.audio-hal-2-0' action=init.svc.audioserver=running (/system/etc/init/audioserver.rc:36) took 0ms and failed: service vendor.audio-hal-2-0 not found
[  215.715551] init: Command 'start audio-hal-2-0' action=init.svc.audioserver=running (/system/etc/init/audioserver.rc:37) took 0ms and failed: service audio-hal-2-0 not found
[  216.975258] init: Untracked pid 580 received signal 14
[  217.328983] init: Untracked pid 582 exited with status 0
[  217.551969] init: Service 'media.swcodec' (pid 513) received signal 11
[  217.554100] init: Sending signal 9 to service 'media.swcodec' (pid 513) process group...
[  217.620416] libprocessgroup: Successfully killed process cgroup uid 1046 pid 513 in 32ms
[  217.887285] init: starting service 'media.swcodec'...
[  218.649748] init: Untracked pid 584 received signal 14
[  219.207541] init: Untracked pid 586 exited with status 0
[  219.525074] init: Service 'bootanim' (pid 450) received signal 11 oneshot service took 83.953003 seconds in background
[  219.584681] init: Sending signal 9 to service 'bootanim' (pid 450) process group...
[  219.657128] libprocessgroup: Successfully killed process cgroup uid 1003 pid 450 in 58ms
[  236.977998] init: Untracked pid 625 exited with status 0
[  237.126431] init: Untracked pid 627 exited with status 0
[  237.228240] init: Service 'zygote' (pid 610) received signal 11
[  237.230624] init: Sending signal 9 to service 'zygote' (pid 610) process group...
[  237.259157] libprocessgroup: Successfully killed process cgroup uid 0 pid 610 in 14ms
[  237.353793] init: starting service 'exec 19 (/system/bin/vdc volume abort_fuse)'...
[  237.546738] init: Command 'exec_background - system system -- /system/bin/vdc volume abort_fuse' action=onrestart (<Service 'zygote' onrestart>:1) took 242ms and succeeded
[  237.598212] init: Command 'write /sys/power/state on' action=onrestart (<Service 'zygote' onrestart>:2) took 36ms and failed: Unable to write to file '/sys/power/state': Unable to write file contents: Invalid argument
[  237.614868] init: Sending signal 9 to service 'audioserver' (pid 628) process group...
[  237.981191] libprocessgroup: Successfully killed process cgroup uid 1041 pid 628 in 359ms
[  238.095078] init: Command 'restart audioserver' action=onrestart (<Service 'zygote' onrestart>:3) took 493ms and succeeded
[  238.108644] init: Sending signal 9 to service 'cameraserver' (pid 612) process group...
[  238.452226] libprocessgroup: Successfully killed process cgroup uid 1047 pid 612 in 339ms
[  238.505152] init: Command 'restart cameraserver' action=onrestart (<Service 'zygote' onrestart>:4) took 398ms and succeeded
[  238.508624] init: Sending signal 9 to service 'media' (pid 613) process group...
[  238.863664] libprocessgroup: Successfully killed process cgroup uid 1013 pid 613 in 345ms
[  238.921712] init: Command 'restart media' action=onrestart (<Service 'zygote' onrestart>:5) took 412ms and succeeded
[  238.926618] init: Sending signal 9 to service 'netd' (pid 614) process group...
[  239.184596] libprocessgroup: Successfully killed process cgroup uid 0 pid 614 in 243ms
[  239.277755] init: Command 'restart netd' action=onrestart (<Service 'zygote' onrestart>:6) took 347ms and succeeded
[  239.289937] init: Sending signal 9 to service 'wificond' (pid 615) process group...
[  239.494189] libprocessgroup: Successfully killed process cgroup uid 1010 pid 615 in 196ms
[  239.565818] init: Command 'restart wificond' action=onrestart (<Service 'zygote' onrestart>:7) took 284ms and succeeded
[  239.748112] init: Service 'cameraserver' (pid 612) received signal 9
[  239.889848] init: Service 'media' (pid 613) received signal 9
[  240.017483] init: Service 'netd' (pid 614) received signal 9
[  240.052915] init: Command 'restart zygote_secondary' action=onrestart (<Service 'netd' onrestart>:2) took 0ms and failed: service zygote_secondary not found
[  240.093099] init: Service 'wificond' (pid 615) received signal 9
[  240.153145] init: Service 'audioserver' (pid 628) received signal 9
[  240.232978] init: Untracked pid 660 received signal 9
[  240.241899] init: Untracked pid 663 received signal 9
[  240.275729] init: Untracked pid 665 received signal 9
[  240.281350] init: Untracked pid 670 received signal 9
[  240.300948] init: Service 'exec 19 (/system/bin/vdc volume abort_fuse)' (pid 688) exited with status 0 oneshot service took 2.810000 seconds in background
[  240.309309] init: Sending signal 9 to service 'exec 19 (/system/bin/vdc volume abort_fuse)' (pid 688) process group...
[  240.335334] libprocessgroup: Successfully killed process cgroup uid 1000 pid 688 in 10ms
[  240.357456] init: Untracked pid 636 received signal 9
[  240.364623] init: Untracked pid 637 received signal 9
[  240.377537] init: processing action (init.svc.media=*) from (/system/etc/init/mediaserver.rc:1)
[  240.460943] init: starting service 'zygote'...
[  240.496132] init: Created socket '/dev/socket/zygote', mode 660, user 0, group 1000
[  240.523296] init: Created socket '/dev/socket/usap_pool_primary', mode 660, user 0, group 1000
[  240.722733] init: starting service 'audioserver'...
[  241.052732] init: starting service 'cameraserver'...
[  241.324802] init: starting service 'media'...
[  241.745645] init: starting service 'netd'...
[  241.805518] libprocessgroup: Failed to open /dev/cpuset/camera-daemon/tasks: No such file or directory: No such file or directory
[  241.809700] libprocessgroup: Failed to apply CameraServiceCapacity task profile: No such file or directory
[  241.875187] init: Created socket '/dev/socket/dnsproxyd', mode 660, user 0, group 3003
[  241.928099] init: Created socket '/dev/socket/mdns', mode 660, user 0, group 1000
[  241.966710] init: Created socket '/dev/socket/fwmarkd', mode 660, user 0, group 3003
[  242.353985] init: starting service 'wificond'...
[  243.008654] init: processing action (init.svc.media=*) from (/system/etc/init/mediaserver.rc:1)
[  243.109983] init: Command 'setprop init.svc.mediadrm ${init.svc.media}' action=init.svc.media=* (/system/etc/init/mediaserver.rc:2) took 82ms and succeeded
[  243.126597] init: processing action (sys.audio.restart.hal=1) from (/system/etc/init/audioserver.rc:39)
[  243.147249] init: Sending signal 9 to service 'vendor.audio-hal' (pid 633) process group...
[  243.530461] libprocessgroup: Successfully killed process cgroup uid 1041 pid 633 in 376ms
[  243.668762] init: Command 'restart vendor.audio-hal' action=sys.audio.restart.hal=1 (/system/etc/init/audioserver.rc:40) took 528ms and succeeded
[  243.698343] init: Service 'vendor.audio-hal' (pid 633) received signal 9
[  243.741610] init: Sending signal 9 to service 'audioserver' (pid 699) process group...
[  243.910517] libprocessgroup: Successfully killed process cgroup uid 1041 pid 699 in 145ms
[  244.028014] init: Command 'restart audioserver' action=onrestart (<Service 'vendor.audio-hal' onrestart>:1) took 324ms and succeeded
[  244.107192] init: Service 'audioserver' (pid 699) received signal 9
[  244.195374] init: Command 'setprop sys.audio.restart.hal 1' action=onrestart (<Service 'audioserver' onrestart>:1) took 55ms and succeeded
[  244.305667] init: Command 'restart vendor.audio-hal-4-0-msd' action=sys.audio.restart.hal=1 (/system/etc/init/audioserver.rc:41) took 0ms and failed: service vendor.audio-hal-4-0-msd not found
[  244.352773] init: starting service 'vendor.audio-hal'...
[  244.738089] init: Command 'restart vendor.audio-hal-2-0' action=sys.audio.restart.hal=1 (/system/etc/init/audioserver.rc:43) took 1ms and failed: service vendor.audio-hal-2-0 not found
[  244.764038] init: Command 'restart audio-hal-2-0' action=sys.audio.restart.hal=1 (/system/etc/init/audioserver.rc:44) took 0ms and failed: service audio-hal-2-0 not found
[  244.837798] init: Command 'setprop sys.audio.restart.hal 0' action=sys.audio.restart.hal=1 (/system/etc/init/audioserver.rc:46) took 69ms and succeeded
[  244.866808] init: processing action (init.svc.audioserver=running) from (/system/etc/init/audioserver.rc:32)
[  244.911125] init: Command 'start vendor.audio-hal-4-0-msd' action=init.svc.audioserver=running (/system/etc/init/audioserver.rc:34) took 0ms and failed: service vendor.audio-hal-4-0-msd not found
[  244.923029] init: Command 'start vendor.audio-hal-2-0' action=init.svc.audioserver=running (/system/etc/init/audioserver.rc:36) took 0ms and failed: service vendor.audio-hal-2-0 not found
[  244.949586] init: Command 'start audio-hal-2-0' action=init.svc.audioserver=running (/system/etc/init/audioserver.rc:37) took 0ms and failed: service audio-hal-2-0 not found
[  244.964249] init: processing action (init.svc.media=*) from (/system/etc/init/mediaserver.rc:1)
[  245.044620] init: Command 'setprop init.svc.mediadrm ${init.svc.media}' action=init.svc.media=* (/system/etc/init/mediaserver.rc:2) took 75ms and succeeded
[  245.067108] init: processing action (init.svc.mediadrm=running) from (/vendor/etc/init/android.hardware.drm@1.3-service.widevine.rc:1)
[  245.147143] init: processing action (sys.audio.restart.hal=1) from (/system/etc/init/audioserver.rc:39)
[  245.191368] init: Sending signal 9 to service 'vendor.audio-hal' (pid 704) process group...
[  245.370953] libprocessgroup: Successfully killed process cgroup uid 1041 pid 704 in 175ms
[  245.455834] init: Command 'restart vendor.audio-hal' action=sys.audio.restart.hal=1 (/system/etc/init/audioserver.rc:40) took 288ms and succeeded
[  245.459357] init: Service 'vendor.audio-hal' (pid 704) received signal 9
[  245.534939] init: Command 'restart vendor.audio-hal-4-0-msd' action=sys.audio.restart.hal=1 (/system/etc/init/audioserver.rc:41) took 0ms and failed: service vendor.audio-hal-4-0-msd not found
[  245.545270] init: Command 'restart vendor.audio-hal-2-0' action=sys.audio.restart.hal=1 (/system/etc/init/audioserver.rc:43) took 0ms and failed: service vendor.audio-hal-2-0 not found
[  245.557300] init: Command 'restart audio-hal-2-0' action=sys.audio.restart.hal=1 (/system/etc/init/audioserver.rc:44) took 0ms and failed: service audio-hal-2-0 not found
[  245.615185] init: processing action (init.svc.mediadrm=running) from (/vendor/etc/init/android.hardware.drm@1.3-service.widevine.rc:1)
[  245.901298] init: starting service 'audioserver'...
[  246.121449] init: processing action (init.svc.audioserver=running) from (/system/etc/init/audioserver.rc:32)
[  246.153052] init: starting service 'vendor.audio-hal'...
[  246.373092] init: Command 'start vendor.audio-hal' action=init.svc.audioserver=running (/system/etc/init/audioserver.rc:33) took 245ms and succeeded
[  246.393541] init: Command 'start vendor.audio-hal-4-0-msd' action=init.svc.audioserver=running (/system/etc/init/audioserver.rc:34) took 16ms and failed: service vendor.audio-hal-4-0-msd not found
[  246.409856] init: Command 'start vendor.audio-hal-2-0' action=init.svc.audioserver=running (/system/etc/init/audioserver.rc:36) took 0ms and failed: service vendor.audio-hal-2-0 not found
[  246.414254] init: Command 'start audio-hal-2-0' action=init.svc.audioserver=running (/system/etc/init/audioserver.rc:37) took 0ms and failed: service audio-hal-2-0 not found
[  265.730412] healthd: battery none chg=a
[  267.023987] selinux: SELinux: Could not get canonical path for /sys/devices/virtual/net/ipsec_test/queues/rx-0 restorecon: No such file or directory.
[  267.026585] selinux: 
[  267.043306] ueventd: selinux_android_restorecon(/sys/devices/virtual/net/ipsec_test/queues/rx-0) failed: No such file or directory
[  267.277103] init: Untracked pid 684 received signal 14
[  267.536162] init: Untracked pid 690 exited with status 0
[  267.634035] init: Service 'media.swcodec' (pid 639) received signal 11
[  267.647017] init: Sending signal 9 to service 'media.swcodec' (pid 639) process group...
[  267.686382] libprocessgroup: Successfully killed process cgroup uid 1046 pid 639 in 23ms
[  268.015511] init: starting service 'media.swcodec'...
[  268.797975] init: Untracked pid 691 received signal 14
[  269.082378] init: Untracked pid 693 exited with status 0
[  269.212318] init: Service 'mediaextractor' (pid 630) received signal 11
[  269.236412] init: Sending signal 9 to service 'mediaextractor' (pid 630) process group...
[  269.280812] libprocessgroup: Successfully killed process cgroup uid 1040 pid 630 in 35ms
[  269.549828] init: starting service 'mediaextractor'...
[  278.668597] init: Untracked pid 718 exited with status 0
[  278.765797] init: Service 'zygote' (pid 698) received signal 11
[  278.771149] init: Sending signal 9 to service 'zygote' (pid 698) process group...
[  278.847925] libprocessgroup: Successfully killed process cgroup uid 0 pid 698 in 57ms
[  278.878255] init: updatable process 'zygote' exited 4 times before boot completed
[  278.977073] apexd: Native process 'zygote' is crashing. Attempting a revert
[  279.009982] apexd: Revert failed : Revert requested, when there are no active sessions.
[  279.042176] init: starting service 'exec 20 (/system/bin/vdc volume abort_fuse)'...
[  279.258356] init: Command 'exec_background - system system -- /system/bin/vdc volume abort_fuse' action=onrestart (<Service 'zygote' onrestart>:1) took 290ms and succeeded
[  279.416422] init: Command 'write /sys/power/state on' action=onrestart (<Service 'zygote' onrestart>:2) took 146ms and failed: Unable to write to file '/sys/power/state': Unable to write file contents: Invalid argument
[  279.445528] init: Sending signal 9 to service 'audioserver' (pid 705) process group...
[  280.176313] libprocessgroup: Successfully killed process cgroup uid 1041 pid 705 in 700ms
[  280.292633] init: Command 'restart audioserver' action=onrestart (<Service 'zygote' onrestart>:3) took 857ms and succeeded
[  280.308116] init: Sending signal 9 to service 'cameraserver' (pid 700) process group...
[  280.765086] libprocessgroup: Successfully killed process cgroup uid 1047 pid 700 in 447ms
[  280.820257] init: Command 'restart cameraserver' action=onrestart (<Service 'zygote' onrestart>:4) took 522ms and succeeded
[  280.824115] init: Sending signal 9 to service 'media' (pid 701) process group...
[  281.246942] libprocessgroup: Successfully killed process cgroup uid 1013 pid 701 in 417ms
[  281.336533] init: Command 'restart media' action=onrestart (<Service 'zygote' onrestart>:5) took 506ms and succeeded
[  281.345199] init: Sending signal 9 to service 'netd' (pid 702) process group...
[  281.757663] libprocessgroup: Successfully killed process cgroup uid 0 pid 702 in 401ms
[  281.823453] init: Command 'restart netd' action=onrestart (<Service 'zygote' onrestart>:6) took 482ms and succeeded
[  281.826526] init: Sending signal 9 to service 'wificond' (pid 703) process group...
[  281.993373] libprocessgroup: Successfully killed process cgroup uid 1010 pid 703 in 150ms
[  282.037353] init: Command 'restart wificond' action=onrestart (<Service 'zygote' onrestart>:7) took 211ms and succeeded
[  282.161487] init: Service 'storaged' (pid 486) received signal 11
[  282.175110] init: Sending signal 9 to service 'storaged' (pid 486) process group...
[  282.192593] libprocessgroup: Successfully killed process cgroup uid 0 pid 486 in 11ms
[  282.242062] init: Service 'cameraserver' (pid 700) received signal 9
[  282.308758] init: Service 'media' (pid 701) received signal 9
[  282.376499] init: Service 'netd' (pid 702) received signal 9
[  282.406224] init: Command 'restart zygote_secondary' action=onrestart (<Service 'netd' onrestart>:2) took 0ms and failed: service zygote_secondary not found
[  282.444703] init: Service 'wificond' (pid 703) received signal 9
[  282.493903] init: Service 'audioserver' (pid 705) received signal 9
[  282.640529] init: Untracked pid 720 exited with status 0
[  282.649226] init: Untracked pid 726 exited with status 0
[  282.657318] init: Untracked pid 712 received signal 14
[  282.677312] init: Untracked pid 740 received signal 9
[  282.682399] init: Untracked pid 746 received signal 9
[  282.693712] init: Untracked pid 749 received signal 9
[  282.698409] init: Untracked pid 752 received signal 9
[  282.706722] init: Service 'exec 20 (/system/bin/vdc volume abort_fuse)' (pid 799) exited with status 0 oneshot service took 3.497000 seconds in background
[  282.709755] init: Sending signal 9 to service 'exec 20 (/system/bin/vdc volume abort_fuse)' (pid 799) process group...
[  282.737165] libprocessgroup: Successfully killed process cgroup uid 1000 pid 799 in 12ms
[  282.765375] init: Untracked pid 713 received signal 9
[  282.772440] init: Untracked pid 715 received signal 9
[  282.786657] init: processing action (sys.init.updatable_crashing=1) from (/system/etc/init/flags_health_check.rc:10)
[  282.819863] init: starting service 'exec 21 (/system/bin/flags_health_check UPDATABLE_CRASHING)'...
[  282.930720] init: SVC_EXEC service 'exec 21 (/system/bin/flags_health_check UPDATABLE_CRASHING)' pid 803 (uid 1000 gid 1000+0 context default) started; waiting...
[  282.956175] init: Command 'exec - system system -- /system/bin/flags_health_check UPDATABLE_CRASHING' action=sys.init.updatable_crashing=1 (/system/etc/init/flags_health_check.rc:11) took 148ms and succeeded
[  283.039054] init: starting service 'zygote'...
[  283.162790] init: Created socket '/dev/socket/zygote', mode 660, user 0, group 1000
[  283.237394] init: Created socket '/dev/socket/usap_pool_primary', mode 660, user 0, group 1000
[  283.636991] init: starting service 'audioserver'...
[  284.100065] init: starting service 'cameraserver'...
[  284.510602] init: starting service 'media'...
[  284.614549] libprocessgroup: Failed to open /dev/cpuset/camera-daemon/tasks: No such file or directory: No such file or directory
[  284.626559] libprocessgroup: Failed to apply CameraServiceCapacity task profile: No such file or directory
[  285.137720] init: starting service 'netd'...
[  285.234333] init: Created socket '/dev/socket/dnsproxyd', mode 660, user 0, group 3003
[  285.313589] init: Created socket '/dev/socket/mdns', mode 660, user 0, group 1000
[  285.452805] init: Created socket '/dev/socket/fwmarkd', mode 660, user 0, group 3003
[  285.968989] init: starting service 'storaged'...
[  286.013417] init: Could not open file '/d/mmc0/mmc0:0001/ext_csd': Failed to open file '/d/mmc0/mmc0:0001/ext_csd': No such file or directory
[  286.691632] init: starting service 'wificond'...
[  287.491091] init: Service 'exec 21 (/system/bin/flags_health_check UPDATABLE_CRASHING)' (pid 803) exited with status 0 waiting took 4.572000 seconds
[  287.523478] init: Sending signal 9 to service 'exec 21 (/system/bin/flags_health_check UPDATABLE_CRASHING)' (pid 803) process group...
[  287.589817] libprocessgroup: Successfully killed process cgroup uid 1000 pid 803 in 35ms
[  287.701647] init: processing action (init.svc.media=*) from (/system/etc/init/mediaserver.rc:1)
[  287.830314] init: Command 'setprop init.svc.mediadrm ${init.svc.media}' action=init.svc.media=* (/system/etc/init/mediaserver.rc:2) took 118ms and succeeded
[  287.881483] init: processing action (init.svc.media=*) from (/system/etc/init/mediaserver.rc:1)
[  287.963177] init: Command 'setprop init.svc.mediadrm ${init.svc.media}' action=init.svc.media=* (/system/etc/init/mediaserver.rc:2) took 76ms and succeeded
[  288.023115] init: processing action (sys.audio.restart.hal=1) from (/system/etc/init/audioserver.rc:39)
[  288.029591] init: Sending signal 9 to service 'vendor.audio-hal' (pid 706) process group...
[  288.657457] libprocessgroup: Successfully killed process cgroup uid 1041 pid 706 in 591ms
[  288.811824] init: Command 'restart vendor.audio-hal' action=sys.audio.restart.hal=1 (/system/etc/init/audioserver.rc:40) took 783ms and succeeded
[  288.826080] init: Service 'vendor.audio-hal' (pid 706) received signal 9
[  288.833450] init: Sending signal 9 to service 'audioserver' (pid 807) process group...
[  289.019213] libprocessgroup: Successfully killed process cgroup uid 1041 pid 807 in 158ms
[  289.107127] init: Command 'restart audioserver' action=onrestart (<Service 'vendor.audio-hal' onrestart>:1) took 278ms and succeeded
[  289.181716] init: Service 'audioserver' (pid 807) received signal 9
[  289.252444] init: Command 'setprop sys.audio.restart.hal 1' action=onrestart (<Service 'audioserver' onrestart>:1) took 69ms and succeeded
[  289.361937] init: Command 'restart vendor.audio-hal-4-0-msd' action=sys.audio.restart.hal=1 (/system/etc/init/audioserver.rc:41) took 0ms and failed: service vendor.audio-hal-4-0-msd not found
[  289.409357] init: starting service 'audioserver'...
[  289.742392] init: starting service 'vendor.audio-hal'...
[  290.090268] init: Command 'restart vendor.audio-hal-2-0' action=sys.audio.restart.hal=1 (/system/etc/init/audioserver.rc:43) took 1ms and failed: service vendor.audio-hal-2-0 not found
[  290.098845] init: Command 'restart audio-hal-2-0' action=sys.audio.restart.hal=1 (/system/etc/init/audioserver.rc:44) took 0ms and failed: service audio-hal-2-0 not found
[  290.161438] init: processing action (init.svc.audioserver=running) from (/system/etc/init/audioserver.rc:32)
[  290.184656] init: Command 'start vendor.audio-hal-4-0-msd' action=init.svc.audioserver=running (/system/etc/init/audioserver.rc:34) took 0ms and failed: service vendor.audio-hal-4-0-msd not found
[  290.197519] init: Command 'start vendor.audio-hal-2-0' action=init.svc.audioserver=running (/system/etc/init/audioserver.rc:36) took 9ms and failed: service vendor.audio-hal-2-0 not found
[  290.206134] init: Command 'start audio-hal-2-0' action=init.svc.audioserver=running (/system/etc/init/audioserver.rc:37) took 0ms and failed: service audio-hal-2-0 not found
[  290.227764] init: processing action (init.svc.media=*) from (/system/etc/init/mediaserver.rc:1)
[  290.361090] init: Command 'setprop init.svc.mediadrm ${init.svc.media}' action=init.svc.media=* (/system/etc/init/mediaserver.rc:2) took 129ms and succeeded
[  290.383208] init: processing action (init.svc.mediadrm=running) from (/vendor/etc/init/android.hardware.drm@1.3-service.widevine.rc:1)
[  290.440883] init: processing action (init.svc.mediadrm=running) from (/vendor/etc/init/android.hardware.drm@1.3-service.widevine.rc:1)
[  290.480868] init: processing action (sys.audio.restart.hal=1) from (/system/etc/init/audioserver.rc:39)
[  290.483646] init: Sending signal 9 to service 'vendor.audio-hal' (pid 818) process group...
[  290.617105] libprocessgroup: Successfully killed process cgroup uid 1041 pid 818 in 129ms
[  290.688788] init: Command 'restart vendor.audio-hal' action=sys.audio.restart.hal=1 (/system/etc/init/audioserver.rc:40) took 204ms and succeeded
[  290.701452] init: Service 'vendor.audio-hal' (pid 818) received signal 9
[  290.717278] init: Sending signal 9 to service 'audioserver' (pid 817) process group...
[  290.768078] libprocessgroup: Successfully killed process cgroup uid 1041 pid 817 in 37ms
[  290.810483] init: Command 'restart audioserver' action=onrestart (<Service 'vendor.audio-hal' onrestart>:1) took 106ms and succeeded
[  290.877908] init: Service 'audioserver' (pid 817) received signal 9
[  290.996712] init: Command 'setprop sys.audio.restart.hal 1' action=onrestart (<Service 'audioserver' onrestart>:1) took 89ms and succeeded
[  291.074474] init: Command 'restart vendor.audio-hal-4-0-msd' action=sys.audio.restart.hal=1 (/system/etc/init/audioserver.rc:41) took 0ms and failed: service vendor.audio-hal-4-0-msd not found
[  291.079194] init: Command 'restart vendor.audio-hal-2-0' action=sys.audio.restart.hal=1 (/system/etc/init/audioserver.rc:43) took 0ms and failed: service vendor.audio-hal-2-0 not found
[  291.091950] init: Command 'restart audio-hal-2-0' action=sys.audio.restart.hal=1 (/system/etc/init/audioserver.rc:44) took 0ms and failed: service audio-hal-2-0 not found
[  291.176410] init: Command 'setprop sys.audio.restart.hal 0' action=sys.audio.restart.hal=1 (/system/etc/init/audioserver.rc:46) took 81ms and succeeded
[  291.187279] init: processing action (init.svc.audioserver=running) from (/system/etc/init/audioserver.rc:32)
[  291.231828] init: starting service 'vendor.audio-hal'...
[  291.638674] init: Command 'start vendor.audio-hal' action=init.svc.audioserver=running (/system/etc/init/audioserver.rc:33) took 430ms and succeeded
[  291.673060] init: Command 'start vendor.audio-hal-4-0-msd' action=init.svc.audioserver=running (/system/etc/init/audioserver.rc:34) took 0ms and failed: service vendor.audio-hal-4-0-msd not found
[  291.700376] init: Command 'start vendor.audio-hal-2-0' action=init.svc.audioserver=running (/system/etc/init/audioserver.rc:36) took 0ms and failed: service vendor.audio-hal-2-0 not found
[  291.714100] init: Command 'start audio-hal-2-0' action=init.svc.audioserver=running (/system/etc/init/audioserver.rc:37) took 0ms and failed: service audio-hal-2-0 not found
[  291.749855] init: processing action (init.svc.mediadrm=running) from (/vendor/etc/init/android.hardware.drm@1.3-service.widevine.rc:1)
[  291.807642] init: processing action (sys.audio.restart.hal=1) from (/system/etc/init/audioserver.rc:39)
[  291.821093] init: Sending signal 9 to service 'vendor.audio-hal' (pid 819) process group...
[  292.062818] libprocessgroup: Successfully killed process cgroup uid 1041 pid 819 in 222ms
[  292.200466] init: Command 'restart vendor.audio-hal' action=sys.audio.restart.hal=1 (/system/etc/init/audioserver.rc:40) took 386ms and succeeded
[  292.220903] init: Service 'vendor.audio-hal' (pid 819) received signal 9
[  292.346149] init: Command 'restart vendor.audio-hal-4-0-msd' action=sys.audio.restart.hal=1 (/system/etc/init/audioserver.rc:41) took 0ms and failed: service vendor.audio-hal-4-0-msd not found
[  292.389118] init: Command 'restart vendor.audio-hal-2-0' action=sys.audio.restart.hal=1 (/system/etc/init/audioserver.rc:43) took 7ms and failed: service vendor.audio-hal-2-0 not found
[  292.420577] init: Command 'restart audio-hal-2-0' action=sys.audio.restart.hal=1 (/system/etc/init/audioserver.rc:44) took 0ms and failed: service audio-hal-2-0 not found
[  292.506510] init: Command 'setprop sys.audio.restart.hal 0' action=sys.audio.restart.hal=1 (/system/etc/init/audioserver.rc:46) took 67ms and succeeded
[  294.607340] init: starting service 'audioserver'...
[  295.313058] init: processing action (init.svc.audioserver=running) from (/system/etc/init/audioserver.rc:32)
[  295.355572] init: starting service 'vendor.audio-hal'...
[  295.799216] init: Command 'start vendor.audio-hal' action=init.svc.audioserver=running (/system/etc/init/audioserver.rc:33) took 473ms and succeeded
[  295.821935] init: Command 'start vendor.audio-hal-4-0-msd' action=init.svc.audioserver=running (/system/etc/init/audioserver.rc:34) took 1ms and failed: service vendor.audio-hal-4-0-msd not found
[  295.852940] init: Command 'start vendor.audio-hal-2-0' action=init.svc.audioserver=running (/system/etc/init/audioserver.rc:36) took 1ms and failed: service vendor.audio-hal-2-0 not found
[  295.888773] init: Command 'start audio-hal-2-0' action=init.svc.audioserver=running (/system/etc/init/audioserver.rc:37) took 1ms and failed: service audio-hal-2-0 not found
[  307.837751] init: Untracked pid 788 received signal 14
[  308.021098] init: Untracked pid 790 exited with status 0
[  308.202007] init: Service 'media.swcodec' (pid 764) received signal 11
[  308.205313] init: Sending signal 9 to service 'media.swcodec' (pid 764) process group...
[  308.246842] libprocessgroup: Successfully killed process cgroup uid 1046 pid 764 in 36ms
[  308.434795] init: starting service 'media.swcodec'...
[  312.158223] selinux: SELinux:  Could not stat /sys/devices/virtual/net/ipsec_test/queues/rx-0: No such file or directory.
[  312.160017] selinux: 
[  313.305179] init: Untracked pid 802 received signal 14
[  313.769829] init: Service 'mediaextractor' (pid 768) received signal 11
[  313.774235] init: Sending signal 9 to service 'mediaextractor' (pid 768) process group...
[  313.913402] libprocessgroup: Successfully killed process cgroup uid 1040 pid 768 in 96ms
[  314.162387] init: Untracked pid 806 exited with status 0
[  314.238706] init: starting service 'mediaextractor'...
[  321.439085] init: Untracked pid 828 exited with status 0
[  321.502261] init: Untracked pid 830 exited with status 0
[  321.598249] init: Service 'zygote' (pid 805) received signal 11
[  321.601268] init: Sending signal 9 to service 'zygote' (pid 805) process group...
[  321.640791] libprocessgroup: Successfully killed process cgroup uid 0 pid 805 in 14ms
[  321.704997] init: updatable process 'zygote' exited 4 times before boot completed
[  321.946314] init: starting service 'exec 22 (/system/bin/vdc volume abort_fuse)'...
[  322.165357] init: Command 'exec_background - system system -- /system/bin/vdc volume abort_fuse' action=onrestart (<Service 'zygote' onrestart>:1) took 264ms and succeeded
[  322.245004] init: Command 'write /sys/power/state on' action=onrestart (<Service 'zygote' onrestart>:2) took 48ms and failed: Unable to write to file '/sys/power/state': Unable to write file contents: Invalid argument
[  322.253077] init: Sending signal 9 to service 'audioserver' (pid 827) process group...
[  323.144709] libprocessgroup: Successfully killed process cgroup uid 1041 pid 827 in 887ms
[  323.237410] init: Command 'restart audioserver' action=onrestart (<Service 'zygote' onrestart>:3) took 984ms and succeeded
[  323.252549] init: Sending signal 9 to service 'cameraserver' (pid 808) process group...
[  323.788940] libprocessgroup: Successfully killed process cgroup uid 1047 pid 808 in 506ms
[  323.853281] init: Command 'restart cameraserver' action=onrestart (<Service 'zygote' onrestart>:4) took 613ms and succeeded
[  323.857381] init: Sending signal 9 to service 'media' (pid 809) process group...
[  324.305601] libprocessgroup: Successfully killed process cgroup uid 1013 pid 809 in 435ms
[  324.381927] init: Command 'restart media' action=onrestart (<Service 'zygote' onrestart>:5) took 526ms and succeeded
[  324.385372] init: Sending signal 9 to service 'netd' (pid 814) process group...
[  324.785954] libprocessgroup: Successfully killed process cgroup uid 0 pid 814 in 380ms
[  324.865519] init: Command 'restart netd' action=onrestart (<Service 'zygote' onrestart>:6) took 479ms and succeeded
[  324.874666] init: Sending signal 9 to service 'wificond' (pid 816) process group...
[  325.173739] libprocessgroup: Successfully killed process cgroup uid 1010 pid 816 in 282ms
[  325.297602] init: Command 'restart wificond' action=onrestart (<Service 'zygote' onrestart>:7) took 428ms and succeeded
[  325.536627] healthd: battery none chg=a
[  325.570330] init: Service 'cameraserver' (pid 808) received signal 9
[  325.688805] init: Service 'media' (pid 809) received signal 9
[  325.905055] init: Service 'netd' (pid 814) received signal 9
[  325.933989] init: Command 'restart zygote_secondary' action=onrestart (<Service 'netd' onrestart>:2) took 0ms and failed: service zygote_secondary not found
[  325.999990] init: Service 'wificond' (pid 816) received signal 9
[  326.084580] init: Service 'audioserver' (pid 827) received signal 9
[  326.186097] init: Command 'setprop sys.audio.restart.hal 1' action=onrestart (<Service 'audioserver' onrestart>:1) took 97ms and succeeded
[  326.286487] init: Untracked pid 852 received signal 9
[  326.290705] init: Untracked pid 857 received signal 9
[  326.304762] init: Untracked pid 854 received signal 9
[  326.321649] init: Untracked pid 859 received signal 9
[  326.344693] init: Service 'exec 22 (/system/bin/vdc volume abort_fuse)' (pid 893) exited with status 0 oneshot service took 4.295000 seconds in background
[  326.347699] init: Sending signal 9 to service 'exec 22 (/system/bin/vdc volume abort_fuse)' (pid 893) process group...
[  326.383859] libprocessgroup: Successfully killed process cgroup uid 1000 pid 893 in 17ms
[  326.412218] init: Untracked pid 832 received signal 9
[  326.419965] init: Untracked pid 833 received signal 9
[  326.428676] init: processing action (sys.init.updatable_crashing=1) from (/system/etc/init/flags_health_check.rc:10)
[  326.458833] init: starting service 'exec 23 (/system/bin/flags_health_check UPDATABLE_CRASHING)'...
[  326.603576] init: SVC_EXEC service 'exec 23 (/system/bin/flags_health_check UPDATABLE_CRASHING)' pid 901 (uid 1000 gid 1000+0 context default) started; waiting...
[  326.628781] init: Command 'exec - system system -- /system/bin/flags_health_check UPDATABLE_CRASHING' action=sys.init.updatable_crashing=1 (/system/etc/init/flags_health_check.rc:11) took 177ms and succeeded
[  326.697884] init: starting service 'zygote'...
[  326.849945] init: Created socket '/dev/socket/zygote', mode 660, user 0, group 1000
[  326.985114] init: Created socket '/dev/socket/usap_pool_primary', mode 660, user 0, group 1000
[  327.368118] init: starting service 'audioserver'...
[  327.917497] init: starting service 'cameraserver'...
[  328.385889] init: starting service 'media'...
[  328.832376] libprocessgroup: Failed to open /dev/cpuset/camera-daemon/tasks: No such file or directory: No such file or directory
[  328.834235] libprocessgroup: Failed to apply CameraServiceCapacity task profile: No such file or directory
[  328.940149] init: starting service 'netd'...
[  329.080241] init: Created socket '/dev/socket/dnsproxyd', mode 660, user 0, group 3003
[  329.216429] init: Created socket '/dev/socket/mdns', mode 660, user 0, group 1000
[  329.320590] init: Created socket '/dev/socket/fwmarkd', mode 660, user 0, group 3003
[  329.911000] init: starting service 'wificond'...
[  331.725427] init: Service 'exec 23 (/system/bin/flags_health_check UPDATABLE_CRASHING)' (pid 901) exited with status 0 waiting took 5.167000 seconds
[  331.749110] init: Sending signal 9 to service 'exec 23 (/system/bin/flags_health_check UPDATABLE_CRASHING)' (pid 901) process group...
[  331.810302] libprocessgroup: Successfully killed process cgroup uid 1000 pid 901 in 39ms
[  331.862026] init: processing action (init.svc.media=*) from (/system/etc/init/mediaserver.rc:1)
[  331.917416] init: Command 'setprop init.svc.mediadrm ${init.svc.media}' action=init.svc.media=* (/system/etc/init/mediaserver.rc:2) took 52ms and succeeded
[  331.959384] init: processing action (init.svc.media=*) from (/system/etc/init/mediaserver.rc:1)
[  332.007556] init: processing action (sys.audio.restart.hal=1) from (/system/etc/init/audioserver.rc:39)
[  332.020130] init: Sending signal 9 to service 'vendor.audio-hal' (pid 831) process group...
[  332.437536] libprocessgroup: Successfully killed process cgroup uid 1041 pid 831 in 388ms
[  332.541732] init: Command 'restart vendor.audio-hal' action=sys.audio.restart.hal=1 (/system/etc/init/audioserver.rc:40) took 531ms and succeeded
[  332.579120] init: Service 'vendor.audio-hal' (pid 831) received signal 9
[  332.599126] init: Sending signal 9 to service 'audioserver' (pid 905) process group...
[  332.831941] libprocessgroup: Successfully killed process cgroup uid 1041 pid 905 in 187ms
[  332.884947] init: Command 'restart audioserver' action=onrestart (<Service 'vendor.audio-hal' onrestart>:1) took 302ms and succeeded
[  333.045089] init: Service 'audioserver' (pid 905) received signal 9
[  333.137053] init: Command 'setprop sys.audio.restart.hal 1' action=onrestart (<Service 'audioserver' onrestart>:1) took 87ms and succeeded
[  333.266767] init: Command 'restart vendor.audio-hal-4-0-msd' action=sys.audio.restart.hal=1 (/system/etc/init/audioserver.rc:41) took 0ms and failed: service vendor.audio-hal-4-0-msd not found
[  333.344470] init: starting service 'audioserver'...
[  333.765501] init: starting service 'vendor.audio-hal'...
[  334.156331] init: Command 'restart vendor.audio-hal-2-0' action=sys.audio.restart.hal=1 (/system/etc/init/audioserver.rc:43) took 1ms and failed: service vendor.audio-hal-2-0 not found
[  334.174475] init: Command 'restart audio-hal-2-0' action=sys.audio.restart.hal=1 (/system/etc/init/audioserver.rc:44) took 0ms and failed: service audio-hal-2-0 not found
[  334.273400] init: Command 'setprop sys.audio.restart.hal 0' action=sys.audio.restart.hal=1 (/system/etc/init/audioserver.rc:46) took 86ms and succeeded
[  334.288276] init: processing action (init.svc.audioserver=running) from (/system/etc/init/audioserver.rc:32)
[  334.302137] init: Command 'start vendor.audio-hal-4-0-msd' action=init.svc.audioserver=running (/system/etc/init/audioserver.rc:34) took 0ms and failed: service vendor.audio-hal-4-0-msd not found
[  334.332329] init: Command 'start vendor.audio-hal-2-0' action=init.svc.audioserver=running (/system/etc/init/audioserver.rc:36) took 0ms and failed: service vendor.audio-hal-2-0 not found
[  334.353495] init: Command 'start audio-hal-2-0' action=init.svc.audioserver=running (/system/etc/init/audioserver.rc:37) took 0ms and failed: service audio-hal-2-0 not found
[  334.374400] init: processing action (init.svc.media=*) from (/system/etc/init/mediaserver.rc:1)
[  334.514630] init: Command 'setprop init.svc.mediadrm ${init.svc.media}' action=init.svc.media=* (/system/etc/init/mediaserver.rc:2) took 128ms and succeeded
[  334.553378] init: processing action (init.svc.mediadrm=running) from (/vendor/etc/init/android.hardware.drm@1.3-service.widevine.rc:1)
[  334.603189] init: processing action (init.svc.mediadrm=running) from (/vendor/etc/init/android.hardware.drm@1.3-service.widevine.rc:1)
[  334.681666] init: processing action (sys.audio.restart.hal=1) from (/system/etc/init/audioserver.rc:39)
[  334.689210] init: Sending signal 9 to service 'vendor.audio-hal' (pid 921) process group...
[  334.994426] libprocessgroup: Successfully killed process cgroup uid 1041 pid 921 in 275ms
[  335.074534] init: Command 'restart vendor.audio-hal' action=sys.audio.restart.hal=1 (/system/etc/init/audioserver.rc:40) took 385ms and succeeded
[  335.088519] init: Service 'vendor.audio-hal' (pid 921) received signal 9
[  335.106659] init: Sending signal 9 to service 'audioserver' (pid 920) process group...
[  335.168907] libprocessgroup: Successfully killed process cgroup uid 1041 pid 920 in 29ms
[  335.281555] init: Command 'restart audioserver' action=onrestart (<Service 'vendor.audio-hal' onrestart>:1) took 166ms and succeeded
[  335.372071] init: Service 'audioserver' (pid 920) received signal 9
[  335.438283] init: Command 'setprop sys.audio.restart.hal 1' action=onrestart (<Service 'audioserver' onrestart>:1) took 60ms and succeeded
[  335.561472] init: Command 'restart vendor.audio-hal-4-0-msd' action=sys.audio.restart.hal=1 (/system/etc/init/audioserver.rc:41) took 0ms and failed: service vendor.audio-hal-4-0-msd not found
[  335.579965] init: Command 'restart vendor.audio-hal-2-0' action=sys.audio.restart.hal=1 (/system/etc/init/audioserver.rc:43) took 0ms and failed: service vendor.audio-hal-2-0 not found
[  335.606083] init: Command 'restart audio-hal-2-0' action=sys.audio.restart.hal=1 (/system/etc/init/audioserver.rc:44) took 21ms and failed: service audio-hal-2-0 not found
[  335.687153] init: Command 'setprop sys.audio.restart.hal 0' action=sys.audio.restart.hal=1 (/system/etc/init/audioserver.rc:46) took 53ms and succeeded
[  335.715658] init: processing action (init.svc.audioserver=running) from (/system/etc/init/audioserver.rc:32)
[  335.773987] init: starting service 'vendor.audio-hal'...
[  336.488099] init: Command 'start vendor.audio-hal' action=init.svc.audioserver=running (/system/etc/init/audioserver.rc:33) took 739ms and succeeded
[  336.570808] init: Command 'start vendor.audio-hal-4-0-msd' action=init.svc.audioserver=running (/system/etc/init/audioserver.rc:34) took 2ms and failed: service vendor.audio-hal-4-0-msd not found
[  336.612748] init: Command 'start vendor.audio-hal-2-0' action=init.svc.audioserver=running (/system/etc/init/audioserver.rc:36) took 0ms and failed: service vendor.audio-hal-2-0 not found
[  336.639695] init: Command 'start audio-hal-2-0' action=init.svc.audioserver=running (/system/etc/init/audioserver.rc:37) took 0ms and failed: service audio-hal-2-0 not found
[  336.680335] init: processing action (init.svc.mediadrm=running) from (/vendor/etc/init/android.hardware.drm@1.3-service.widevine.rc:1)
[  336.782436] init: Command 'start vendor.move_data_sh' action=init.svc.mediadrm=running (/vendor/etc/init/android.hardware.drm@1.3-service.widevine.rc:3) took 68ms and succeeded
[  336.872761] init: processing action (sys.audio.restart.hal=1) from (/system/etc/init/audioserver.rc:39)
[  336.893937] init: Sending signal 9 to service 'vendor.audio-hal' (pid 922) process group...
[  337.321599] libprocessgroup: Successfully killed process cgroup uid 1041 pid 922 in 422ms
[  337.443872] init: Command 'restart vendor.audio-hal' action=sys.audio.restart.hal=1 (/system/etc/init/audioserver.rc:40) took 548ms and succeeded
[  337.464954] init: Service 'vendor.audio-hal' (pid 922) received signal 9
[  337.639422] init: Command 'restart vendor.audio-hal-4-0-msd' action=sys.audio.restart.hal=1 (/system/etc/init/audioserver.rc:41) took 1ms and failed: service vendor.audio-hal-4-0-msd not found
[  337.677350] init: Command 'restart vendor.audio-hal-2-0' action=sys.audio.restart.hal=1 (/system/etc/init/audioserver.rc:43) took 0ms and failed: service vendor.audio-hal-2-0 not found
[  337.703198] init: Command 'restart audio-hal-2-0' action=sys.audio.restart.hal=1 (/system/etc/init/audioserver.rc:44) took 0ms and failed: service audio-hal-2-0 not found
[  337.850969] init: Command 'setprop sys.audio.restart.hal 0' action=sys.audio.restart.hal=1 (/system/etc/init/audioserver.rc:46) took 114ms and succeeded
[  338.613387] init: starting service 'audioserver'...
[  338.997690] init: processing action (init.svc.audioserver=running) from (/system/etc/init/audioserver.rc:32)
[  339.069496] init: starting service 'vendor.audio-hal'...
[  339.531265] init: Command 'start vendor.audio-hal' action=init.svc.audioserver=running (/system/etc/init/audioserver.rc:33) took 498ms and succeeded
[  339.553771] init: Command 'start vendor.audio-hal-4-0-msd' action=init.svc.audioserver=running (/system/etc/init/audioserver.rc:34) took 0ms and failed: service vendor.audio-hal-4-0-msd not found
[  339.569678] init: Command 'start vendor.audio-hal-2-0' action=init.svc.audioserver=running (/system/etc/init/audioserver.rc:36) took 0ms and failed: service vendor.audio-hal-2-0 not found
[  339.600767] init: Command 'start audio-hal-2-0' action=init.svc.audioserver=running (/system/etc/init/audioserver.rc:37) took 0ms and failed: service audio-hal-2-0 not found
[  355.488533] init: Untracked pid 897 received signal 14
[  355.831364] init: Untracked pid 899 exited with status 0
[  356.086561] init: Service 'media.swcodec' (pid 848) received signal 11
[  356.101923] init: Sending signal 9 to service 'media.swcodec' (pid 848) process group...
[  356.342179] libprocessgroup: Successfully killed process cgroup uid 1046 pid 848 in 21ms
[  356.580323] init: starting service 'media.swcodec'...
[  362.825325] init: Untracked pid 914 received signal 14
[  363.133952] init: Untracked pid 918 exited with status 0
[  363.280086] init: Service 'mediaextractor' (pid 874) received signal 11
[  363.293898] init: Sending signal 9 to service 'mediaextractor' (pid 874) process group...
[  363.339272] libprocessgroup: Successfully killed process cgroup uid 1040 pid 874 in 31ms
[  363.598051] init: starting service 'mediaextractor'...
[  368.324220] init: Untracked pid 928 received signal 14
[  368.332577] init: Untracked pid 930 exited with status 0
[  368.408130] init: Service 'zygote' (pid 903) received signal 11
[  368.411466] init: Sending signal 9 to service 'zygote' (pid 903) process group...
[  368.450824] libprocessgroup: Successfully killed process cgroup uid 0 pid 903 in 19ms
[  368.492466] init: updatable process 'zygote' exited 4 times before boot completed
[  368.771679] init: starting service 'exec 24 (/system/bin/vdc volume abort_fuse)'...
[  369.185041] init: Command 'exec_background - system system -- /system/bin/vdc volume abort_fuse' action=onrestart (<Service 'zygote' onrestart>:1) took 485ms and succeeded
[  369.280680] init: Command 'write /sys/power/state on' action=onrestart (<Service 'zygote' onrestart>:2) took 70ms and failed: Unable to write to file '/sys/power/state': Unable to write file contents: Invalid argument
[  369.305663] init: Sending signal 9 to service 'audioserver' (pid 931) process group...
[  370.048410] libprocessgroup: Successfully killed process cgroup uid 1041 pid 931 in 710ms
[  370.126930] init: Command 'restart audioserver' action=onrestart (<Service 'zygote' onrestart>:3) took 842ms and succeeded
[  370.130035] init: Sending signal 9 to service 'cameraserver' (pid 907) process group...
[  370.687490] libprocessgroup: Successfully killed process cgroup uid 1047 pid 907 in 537ms
[  370.751215] init: Command 'restart cameraserver' action=onrestart (<Service 'zygote' onrestart>:4) took 620ms and succeeded
[  370.772380] init: Sending signal 9 to service 'media' (pid 909) process group...
[  371.227431] libprocessgroup: Successfully killed process cgroup uid 1013 pid 909 in 446ms
[  371.364904] init: Command 'restart media' action=onrestart (<Service 'zygote' onrestart>:5) took 608ms and succeeded
[  371.380488] init: Sending signal 9 to service 'netd' (pid 910) process group...
[  371.756713] libprocessgroup: Successfully killed process cgroup uid 0 pid 910 in 368ms
[  371.861330] init: Command 'restart netd' action=onrestart (<Service 'zygote' onrestart>:6) took 491ms and succeeded
[  371.875524] init: Sending signal 9 to service 'wificond' (pid 911) process group...
[  372.099930] libprocessgroup: Successfully killed process cgroup uid 1010 pid 911 in 210ms
[  372.190443] init: Command 'restart wificond' action=onrestart (<Service 'zygote' onrestart>:7) took 325ms and succeeded
[  372.290614] init: Service 'cameraserver' (pid 907) received signal 9
[  372.405922] init: Service 'media' (pid 909) received signal 9
[  372.541602] init: Service 'netd' (pid 910) received signal 9
[  372.602190] init: Command 'restart zygote_secondary' action=onrestart (<Service 'netd' onrestart>:2) took 0ms and failed: service zygote_secondary not found
[  372.715365] init: Service 'wificond' (pid 911) received signal 9
[  372.754071] init: Service 'audioserver' (pid 931) received signal 9
[  372.819017] init: Untracked pid 952 received signal 9
[  372.822268] init: Untracked pid 955 received signal 9
[  372.829735] init: Untracked pid 953 received signal 9
[  372.842861] init: Untracked pid 960 received signal 9
[  372.850494] init: Service 'exec 24 (/system/bin/vdc volume abort_fuse)' (pid 994) exited with status 0 oneshot service took 3.781000 seconds in background
[  372.864734] init: Sending signal 9 to service 'exec 24 (/system/bin/vdc volume abort_fuse)' (pid 994) process group...
[  372.878319] libprocessgroup: Successfully killed process cgroup uid 1000 pid 994 in 6ms
[  372.902772] init: Untracked pid 932 received signal 9
[  372.912903] init: Untracked pid 934 received signal 9
[  372.944458] init: processing action (sys.init.updatable_crashing=1) from (/system/etc/init/flags_health_check.rc:10)
[  372.993789] init: starting service 'exec 25 (/system/bin/flags_health_check UPDATABLE_CRASHING)'...
[  373.102190] init: SVC_EXEC service 'exec 25 (/system/bin/flags_health_check UPDATABLE_CRASHING)' pid 1006 (uid 1000 gid 1000+0 context default) started; waiting...
[  373.112820] init: Command 'exec - system system -- /system/bin/flags_health_check UPDATABLE_CRASHING' action=sys.init.updatable_crashing=1 (/system/etc/init/flags_health_check.rc:11) took 158ms and succeeded
[  373.137360] init: starting service 'zygote'...
[  373.186591] init: Created socket '/dev/socket/zygote', mode 660, user 0, group 1000
[  373.249198] init: Created socket '/dev/socket/usap_pool_primary', mode 660, user 0, group 1000
[  373.480395] init: starting service 'audioserver'...
[  373.902336] init: starting service 'cameraserver'...
[  374.217399] init: starting service 'media'...
[  374.752969] libprocessgroup: Failed to open /dev/cpuset/camera-daemon/tasks: No such file or directory: No such file or directory
[  374.764476] init: starting service 'netd'...
[  374.768893] libprocessgroup: Failed to apply CameraServiceCapacity task profile: No such file or directory
[  374.865498] init: Created socket '/dev/socket/dnsproxyd', mode 660, user 0, group 3003
[  375.039515] init: Created socket '/dev/socket/mdns', mode 660, user 0, group 1000
[  375.164267] init: Created socket '/dev/socket/fwmarkd', mode 660, user 0, group 3003
[  375.713898] init: starting service 'wificond'...
[  377.934078] init: Service 'exec 25 (/system/bin/flags_health_check UPDATABLE_CRASHING)' (pid 1006) exited with status 0 waiting took 4.861000 seconds
[  377.949633] init: Sending signal 9 to service 'exec 25 (/system/bin/flags_health_check UPDATABLE_CRASHING)' (pid 1006) process group...
[  378.009005] libprocessgroup: Successfully killed process cgroup uid 1000 pid 1006 in 28ms
[  378.059268] init: processing action (init.svc.media=*) from (/system/etc/init/mediaserver.rc:1)
[  378.146510] init: Command 'setprop init.svc.mediadrm ${init.svc.media}' action=init.svc.media=* (/system/etc/init/mediaserver.rc:2) took 82ms and succeeded
[  378.162397] init: processing action (init.svc.media=*) from (/system/etc/init/mediaserver.rc:1)
[  378.239295] init: processing action (sys.audio.restart.hal=1) from (/system/etc/init/audioserver.rc:39)
[  378.243489] init: Sending signal 9 to service 'vendor.audio-hal' (pid 933) process group...
[  378.576583] libprocessgroup: Successfully killed process cgroup uid 1041 pid 933 in 300ms
[  378.632681] init: Command 'restart vendor.audio-hal' action=sys.audio.restart.hal=1 (/system/etc/init/audioserver.rc:40) took 389ms and succeeded
[  378.645970] init: Service 'vendor.audio-hal' (pid 933) received signal 9
[  378.654265] init: Sending signal 9 to service 'audioserver' (pid 1008) process group...
[  378.770909] libprocessgroup: Successfully killed process cgroup uid 1041 pid 1008 in 97ms
[  378.844902] init: Command 'restart audioserver' action=onrestart (<Service 'vendor.audio-hal' onrestart>:1) took 195ms and succeeded
[  378.915385] init: Service 'audioserver' (pid 1008) received signal 9
[  378.998122] init: Command 'setprop sys.audio.restart.hal 1' action=onrestart (<Service 'audioserver' onrestart>:1) took 59ms and succeeded
[  379.093756] init: Command 'restart vendor.audio-hal-4-0-msd' action=sys.audio.restart.hal=1 (/system/etc/init/audioserver.rc:41) took 0ms and failed: service vendor.audio-hal-4-0-msd not found
[  379.130431] init: starting service 'audioserver'...
[  379.480029] init: starting service 'vendor.audio-hal'...
[  379.797573] init: Command 'restart vendor.audio-hal-2-0' action=sys.audio.restart.hal=1 (/system/etc/init/audioserver.rc:43) took 2ms and failed: service vendor.audio-hal-2-0 not found
[  379.811799] init: Command 'restart audio-hal-2-0' action=sys.audio.restart.hal=1 (/system/etc/init/audioserver.rc:44) took 11ms and failed: service audio-hal-2-0 not found
[  379.885176] init: Command 'setprop sys.audio.restart.hal 0' action=sys.audio.restart.hal=1 (/system/etc/init/audioserver.rc:46) took 68ms and succeeded
[  379.899694] init: processing action (init.svc.audioserver=running) from (/system/etc/init/audioserver.rc:32)
[  379.902719] init: Command 'start vendor.audio-hal-4-0-msd' action=init.svc.audioserver=running (/system/etc/init/audioserver.rc:34) took 0ms and failed: service vendor.audio-hal-4-0-msd not found
[  379.922157] init: Command 'start vendor.audio-hal-2-0' action=init.svc.audioserver=running (/system/etc/init/audioserver.rc:36) took 0ms and failed: service vendor.audio-hal-2-0 not found
[  379.940329] init: Command 'start audio-hal-2-0' action=init.svc.audioserver=running (/system/etc/init/audioserver.rc:37) took 0ms and failed: service audio-hal-2-0 not found
[  379.959946] init: processing action (init.svc.media=*) from (/system/etc/init/mediaserver.rc:1)
[  380.041391] init: Command 'setprop init.svc.mediadrm ${init.svc.media}' action=init.svc.media=* (/system/etc/init/mediaserver.rc:2) took 79ms and succeeded
[  380.065912] init: processing action (init.svc.mediadrm=running) from (/vendor/etc/init/android.hardware.drm@1.3-service.widevine.rc:1)
[  380.124310] init: processing action (init.svc.mediadrm=running) from (/vendor/etc/init/android.hardware.drm@1.3-service.widevine.rc:1)
[  380.202043] init: processing action (sys.audio.restart.hal=1) from (/system/etc/init/audioserver.rc:39)
[  380.205027] init: Sending signal 9 to service 'vendor.audio-hal' (pid 1017) process group...
[  380.537494] libprocessgroup: Successfully killed process cgroup uid 1041 pid 1017 in 316ms
[  380.694843] init: Command 'restart vendor.audio-hal' action=sys.audio.restart.hal=1 (/system/etc/init/audioserver.rc:40) took 487ms and succeeded
[  380.714401] init: Service 'vendor.audio-hal' (pid 1017) received signal 9
[  380.760465] init: Sending signal 9 to service 'audioserver' (pid 1015) process group...
[  380.870877] libprocessgroup: Successfully killed process cgroup uid 1041 pid 1015 in 79ms
[  380.997446] init: Command 'restart audioserver' action=onrestart (<Service 'vendor.audio-hal' onrestart>:1) took 262ms and succeeded
[  381.066268] init: Service 'audioserver' (pid 1015) received signal 9
[  381.130305] init: Command 'setprop sys.audio.restart.hal 1' action=onrestart (<Service 'audioserver' onrestart>:1) took 52ms and succeeded
[  381.207268] init: Command 'restart vendor.audio-hal-4-0-msd' action=sys.audio.restart.hal=1 (/system/etc/init/audioserver.rc:41) took 3ms and failed: service vendor.audio-hal-4-0-msd not found
[  381.244309] init: Command 'restart vendor.audio-hal-2-0' action=sys.audio.restart.hal=1 (/system/etc/init/audioserver.rc:43) took 14ms and failed: service vendor.audio-hal-2-0 not found
[  381.257221] init: Command 'restart audio-hal-2-0' action=sys.audio.restart.hal=1 (/system/etc/init/audioserver.rc:44) took 9ms and failed: service audio-hal-2-0 not found
[  381.346041] init: Command 'setprop sys.audio.restart.hal 0' action=sys.audio.restart.hal=1 (/system/etc/init/audioserver.rc:46) took 73ms and succeeded
[  381.387758] init: processing action (init.svc.audioserver=running) from (/system/etc/init/audioserver.rc:32)
[  381.460625] init: starting service 'vendor.audio-hal'...
[  382.132270] init: Command 'start vendor.audio-hal' action=init.svc.audioserver=running (/system/etc/init/audioserver.rc:33) took 710ms and succeeded
[  382.155615] init: Command 'start vendor.audio-hal-4-0-msd' action=init.svc.audioserver=running (/system/etc/init/audioserver.rc:34) took 1ms and failed: service vendor.audio-hal-4-0-msd not found
[  382.206970] init: Command 'start vendor.audio-hal-2-0' action=init.svc.audioserver=running (/system/etc/init/audioserver.rc:36) took 0ms and failed: service vendor.audio-hal-2-0 not found
[  382.230010] init: Command 'start audio-hal-2-0' action=init.svc.audioserver=running (/system/etc/init/audioserver.rc:37) took 0ms and failed: service audio-hal-2-0 not found
[  382.273606] init: processing action (init.svc.mediadrm=running) from (/vendor/etc/init/android.hardware.drm@1.3-service.widevine.rc:1)
[  382.380323] init: processing action (sys.audio.restart.hal=1) from (/system/etc/init/audioserver.rc:39)
[  382.415143] init: Sending signal 9 to service 'vendor.audio-hal' (pid 1019) process group...
[  382.905912] libprocessgroup: Successfully killed process cgroup uid 1041 pid 1019 in 464ms
[  383.114355] init: Command 'restart vendor.audio-hal' action=sys.audio.restart.hal=1 (/system/etc/init/audioserver.rc:40) took 730ms and succeeded
[  383.149811] init: Service 'vendor.audio-hal' (pid 1019) received signal 9
[  383.342834] init: Command 'restart vendor.audio-hal-4-0-msd' action=sys.audio.restart.hal=1 (/system/etc/init/audioserver.rc:41) took 0ms and failed: service vendor.audio-hal-4-0-msd not found
[  383.376472] init: Command 'restart vendor.audio-hal-2-0' action=sys.audio.restart.hal=1 (/system/etc/init/audioserver.rc:43) took 0ms and failed: service vendor.audio-hal-2-0 not found
[  383.389055] init: Command 'restart audio-hal-2-0' action=sys.audio.restart.hal=1 (/system/etc/init/audioserver.rc:44) took 9ms and failed: service audio-hal-2-0 not found
[  383.493627] init: Command 'setprop sys.audio.restart.hal 0' action=sys.audio.restart.hal=1 (/system/etc/init/audioserver.rc:46) took 94ms and succeeded
[  384.437865] init: starting service 'audioserver'...
[  385.235715] init: processing action (init.svc.audioserver=running) from (/system/etc/init/audioserver.rc:32)
[  385.325831] init: starting service 'vendor.audio-hal'...
[  385.599027] healthd: battery none chg=a
[  385.908143] init: Command 'start vendor.audio-hal' action=init.svc.audioserver=running (/system/etc/init/audioserver.rc:33) took 634ms and succeeded
[  385.945247] init: Command 'start vendor.audio-hal-4-0-msd' action=init.svc.audioserver=running (/system/etc/init/audioserver.rc:34) took 0ms and failed: service vendor.audio-hal-4-0-msd not found
[  385.954118] init: Command 'start vendor.audio-hal-2-0' action=init.svc.audioserver=running (/system/etc/init/audioserver.rc:36) took 0ms and failed: service vendor.audio-hal-2-0 not found
[  385.986030] init: Command 'start audio-hal-2-0' action=init.svc.audioserver=running (/system/etc/init/audioserver.rc:37) took 1ms and failed: service audio-hal-2-0 not found
[  400.004736] init: Untracked pid 988 received signal 14
[  400.989199] init: Untracked pid 1002 exited with status 0
[  402.024684] init: Service 'storaged' (pid 815) received signal 11
[  402.029943] init: Sending signal 9 to service 'storaged' (pid 815) process group...
[  402.263359] libprocessgroup: Successfully killed process cgroup uid 0 pid 815 in 113ms
[  402.488052] init: Untracked pid 1001 received signal 14
[  402.523103] init: Untracked pid 1004 exited with status 0
[  402.705464] init: starting service 'storaged'...
[  402.721677] init: Could not open file '/d/mmc0/mmc0:0001/ext_csd': Failed to open file '/d/mmc0/mmc0:0001/ext_csd': No such file or directory
[  403.110992] init: Service 'media.swcodec' (pid 957) received signal 11
[  403.145378] init: Sending signal 9 to service 'media.swcodec' (pid 957) process group...
[  403.204118] libprocessgroup: Successfully killed process cgroup uid 1046 pid 957 in 43ms
[  403.251724] init: updatable process 'media.swcodec' exited 4 times before boot completed
[  403.549084] init: processing action (sys.init.updatable_crashing=1) from (/system/etc/init/flags_health_check.rc:10)
[  403.645503] init: starting service 'exec 26 (/system/bin/flags_health_check UPDATABLE_CRASHING)'...
[  403.876245] init: SVC_EXEC service 'exec 26 (/system/bin/flags_health_check UPDATABLE_CRASHING)' pid 1074 (uid 1000 gid 1000+0 context default) started; waiting...
[  403.900632] init: Command 'exec - system system -- /system/bin/flags_health_check UPDATABLE_CRASHING' action=sys.init.updatable_crashing=1 (/system/etc/init/flags_health_check.rc:11) took 322ms and succeeded
[  403.969060] init: starting service 'media.swcodec'...
[  409.812698] init: Service 'exec 26 (/system/bin/flags_health_check UPDATABLE_CRASHING)' (pid 1074) exited with status 0 waiting took 6.000000 seconds
[  409.834327] init: Sending signal 9 to service 'exec 26 (/system/bin/flags_health_check UPDATABLE_CRASHING)' (pid 1074) process group...
[  409.876246] libprocessgroup: Successfully killed process cgroup uid 1000 pid 1074 in 17ms
[  414.380522] init: Untracked pid 1022 received signal 14
[  414.513927] init: Untracked pid 1028 exited with status 0
[  414.617792] init: Service 'zygote' (pid 1007) received signal 11
[  414.621270] init: Sending signal 9 to service 'zygote' (pid 1007) process group...
[  414.653316] libprocessgroup: Successfully killed process cgroup uid 0 pid 1007 in 17ms
[  414.677852] init: updatable process 'zygote' exited 4 times before boot completed
[  414.833221] init: starting service 'exec 27 (/system/bin/vdc volume abort_fuse)'...
[  415.007677] init: Command 'exec_background - system system -- /system/bin/vdc volume abort_fuse' action=onrestart (<Service 'zygote' onrestart>:1) took 198ms and succeeded
[  415.122676] init: Command 'write /sys/power/state on' action=onrestart (<Service 'zygote' onrestart>:2) took 98ms and failed: Unable to write to file '/sys/power/state': Unable to write file contents: Invalid argument
[  415.138893] init: Sending signal 9 to service 'audioserver' (pid 1029) process group...
[  415.602112] libprocessgroup: Successfully killed process cgroup uid 1041 pid 1029 in 445ms
[  415.684350] init: Command 'restart audioserver' action=onrestart (<Service 'zygote' onrestart>:3) took 548ms and succeeded
[  415.689005] init: Sending signal 9 to service 'cameraserver' (pid 1009) process group...
[  416.116904] libprocessgroup: Successfully killed process cgroup uid 1047 pid 1009 in 414ms
[  416.162493] init: Command 'restart cameraserver' action=onrestart (<Service 'zygote' onrestart>:4) took 474ms and succeeded
[  416.185160] init: Sending signal 9 to service 'media' (pid 1010) process group...
[  416.568752] libprocessgroup: Successfully killed process cgroup uid 1013 pid 1010 in 374ms
[  416.649509] init: Command 'restart media' action=onrestart (<Service 'zygote' onrestart>:5) took 448ms and succeeded
[  416.654173] init: Sending signal 9 to service 'netd' (pid 1012) process group...
[  416.943487] libprocessgroup: Successfully killed process cgroup uid 0 pid 1012 in 284ms
[  417.013440] init: Command 'restart netd' action=onrestart (<Service 'zygote' onrestart>:6) took 357ms and succeeded
[  417.026129] init: Sending signal 9 to service 'wificond' (pid 1014) process group...
[  417.217746] libprocessgroup: Successfully killed process cgroup uid 1010 pid 1014 in 183ms
[  417.279809] init: Command 'restart wificond' action=onrestart (<Service 'zygote' onrestart>:7) took 248ms and succeeded
[  417.366588] init: Service 'mediaextractor' (pid 982) received signal 11
[  417.377381] init: Sending signal 9 to service 'mediaextractor' (pid 982) process group...
[  417.405357] libprocessgroup: Successfully killed process cgroup uid 1040 pid 982 in 20ms
[  417.428647] init: updatable process 'mediaextractor' exited 4 times before boot completed
[  417.586421] init: Service 'cameraserver' (pid 1009) received signal 9
[  417.693360] init: Service 'media' (pid 1010) received signal 9
[  417.785921] init: Service 'netd' (pid 1012) received signal 9
[  417.798009] init: Command 'restart zygote_secondary' action=onrestart (<Service 'netd' onrestart>:2) took 1ms and failed: service zygote_secondary not found
[  417.859412] init: Service 'wificond' (pid 1014) received signal 9
[  417.941309] init: Service 'audioserver' (pid 1029) received signal 9
[  418.077216] init: Untracked pid 1026 received signal 14
[  418.094386] init: Untracked pid 1034 exited with status 0
[  418.104651] init: Untracked pid 1048 received signal 9
[  418.114395] init: Untracked pid 1051 received signal 9
[  418.128909] init: Untracked pid 1052 received signal 9
[  418.155613] init: Untracked pid 1055 received signal 9
[  418.165938] init: Service 'exec 27 (/system/bin/vdc volume abort_fuse)' (pid 1096) exited with status 0 oneshot service took 3.229000 seconds in background
[  418.169909] init: Sending signal 9 to service 'exec 27 (/system/bin/vdc volume abort_fuse)' (pid 1096) process group...
[  418.209714] libprocessgroup: Successfully killed process cgroup uid 1000 pid 1096 in 18ms
[  418.226903] init: Untracked pid 1023 received signal 9
[  418.237772] init: Untracked pid 1027 received signal 9
[  418.266465] init: processing action (sys.init.updatable_crashing=1) from (/system/etc/init/flags_health_check.rc:10)
[  418.320448] init: starting service 'exec 28 (/system/bin/flags_health_check UPDATABLE_CRASHING)'...
[  418.464521] init: SVC_EXEC service 'exec 28 (/system/bin/flags_health_check UPDATABLE_CRASHING)' pid 1101 (uid 1000 gid 1000+0 context default) started; waiting...
[  418.474077] init: Command 'exec - system system -- /system/bin/flags_health_check UPDATABLE_CRASHING' action=sys.init.updatable_crashing=1 (/system/etc/init/flags_health_check.rc:11) took 195ms and succeeded
[  418.501974] init: starting service 'zygote'...
[  418.580330] init: Created socket '/dev/socket/zygote', mode 660, user 0, group 1000
[  418.624073] init: Created socket '/dev/socket/usap_pool_primary', mode 660, user 0, group 1000
[  418.854288] init: starting service 'audioserver'...
[  419.200802] init: starting service 'cameraserver'...
[  419.637333] type=1400 audit(1790543263.600:4): avc: denied { getattr } for comm=73796E6320737663203138 path="/data/tombstones" dev="dm-4" ino=24578 scontext=u:r:adbd:s0 tcontext=u:object_r:tombstone_data_file:s0 tclass=dir permissive=0
[  419.822969] libprocessgroup: Failed to open /dev/cpuset/camera-daemon/tasks: No such file or directory: No such file or directory
[  419.837480] libprocessgroup: Failed to apply CameraServiceCapacity task profile: No such file or directory
[  419.982125] init: starting service 'mediaextractor'...
[  420.586513] init: starting service 'media'...
[  421.018537] init: starting service 'netd'...
[  421.116999] init: Created socket '/dev/socket/dnsproxyd', mode 660, user 0, group 3003
[  421.216272] init: Created socket '/dev/socket/mdns', mode 660, user 0, group 1000
[  421.305069] init: Created socket '/dev/socket/fwmarkd', mode 660, user 0, group 3003
[  421.753375] init: starting service 'wificond'...
[  422.301533] init: Service 'adbd' (pid 405) exited with status 1
[  422.322140] init: Sending signal 9 to service 'adbd' (pid 405) process group...
[  422.373614] libprocessgroup: Successfully killed process cgroup uid 0 pid 405 in 29ms
[  422.641291] init: Service 'exec 28 (/system/bin/flags_health_check UPDATABLE_CRASHING)' (pid 1101) exited with status 0 waiting took 4.173000 seconds
[  422.698510] init: Sending signal 9 to service 'exec 28 (/system/bin/flags_health_check UPDATABLE_CRASHING)' (pid 1101) process group...
[  422.765922] libprocessgroup: Successfully killed process cgroup uid 1000 pid 1101 in 24ms
[  422.809558] init: processing action (init.svc.media=*) from (/system/etc/init/mediaserver.rc:1)
[  422.864024] init: starting service 'adbd'...
[  423.066293] init: Created socket '/dev/socket/adbd', mode 660, user 1000, group 1000
[  423.628732] init: processing action (sys.init.updatable_crashing=1) from (/system/etc/init/flags_health_check.rc:10)
[  423.686829] init: starting service 'exec 29 (/system/bin/flags_health_check UPDATABLE_CRASHING)'...
[  423.968865] init: SVC_EXEC service 'exec 29 (/system/bin/flags_health_check UPDATABLE_CRASHING)' pid 1112 (uid 1000 gid 1000+0 context default) started; waiting...
[  424.000449] init: Command 'exec - system system -- /system/bin/flags_health_check UPDATABLE_CRASHING' action=sys.init.updatable_crashing=1 (/system/etc/init/flags_health_check.rc:11) took 355ms and succeeded
[  429.182653] init: Service 'exec 29 (/system/bin/flags_health_check UPDATABLE_CRASHING)' (pid 1112) exited with status 0 waiting took 5.318000 seconds
[  429.220586] init: Sending signal 9 to service 'exec 29 (/system/bin/flags_health_check UPDATABLE_CRASHING)' (pid 1112) process group...
[  429.308490] libprocessgroup: Successfully killed process cgroup uid 1000 pid 1112 in 50ms
[  429.411039] init: processing action (init.svc.media=*) from (/system/etc/init/mediaserver.rc:1)
[  429.601363] init: Command 'setprop init.svc.mediadrm ${init.svc.media}' action=init.svc.media=* (/system/etc/init/mediaserver.rc:2) took 158ms and succeeded
[  429.668962] init: processing action (sys.audio.restart.hal=1) from (/system/etc/init/audioserver.rc:39)
[  429.685222] init: Sending signal 9 to service 'vendor.audio-hal' (pid 1033) process group...
[  430.404875] libprocessgroup: Successfully killed process cgroup uid 1041 pid 1033 in 699ms
[  430.544653] init: Command 'restart vendor.audio-hal' action=sys.audio.restart.hal=1 (/system/etc/init/audioserver.rc:40) took 855ms and succeeded
[  430.565827] init: Service 'vendor.audio-hal' (pid 1033) received signal 9
[  430.627310] init: Sending signal 9 to service 'audioserver' (pid 1103) process group...
[  431.273257] libprocessgroup: Successfully killed process cgroup uid 1041 pid 1103 in 641ms
[  431.383053] init: Command 'restart audioserver' action=onrestart (<Service 'vendor.audio-hal' onrestart>:1) took 814ms and succeeded
[  431.497135] init: Service 'audioserver' (pid 1103) received signal 9
[  431.562307] init: Command 'setprop sys.audio.restart.hal 1' action=onrestart (<Service 'audioserver' onrestart>:1) took 62ms and succeeded
[  431.750524] init: Command 'restart vendor.audio-hal-4-0-msd' action=sys.audio.restart.hal=1 (/system/etc/init/audioserver.rc:41) took 0ms and failed: service vendor.audio-hal-4-0-msd not found
[  431.828599] init: starting service 'audioserver'...
[  432.514461] init: starting service 'vendor.audio-hal'...
[  433.169082] init: Command 'restart vendor.audio-hal-2-0' action=sys.audio.restart.hal=1 (/system/etc/init/audioserver.rc:43) took 1ms and failed: service vendor.audio-hal-2-0 not found
[  433.197131] init: Command 'restart audio-hal-2-0' action=sys.audio.restart.hal=1 (/system/etc/init/audioserver.rc:44) took 0ms and failed: service audio-hal-2-0 not found
[  433.270430] init: Command 'setprop sys.audio.restart.hal 0' action=sys.audio.restart.hal=1 (/system/etc/init/audioserver.rc:46) took 51ms and succeeded
[  433.294278] init: processing action (init.svc.audioserver=running) from (/system/etc/init/audioserver.rc:32)
[  433.319535] init: Command 'start vendor.audio-hal-4-0-msd' action=init.svc.audioserver=running (/system/etc/init/audioserver.rc:34) took 0ms and failed: service vendor.audio-hal-4-0-msd not found
[  433.350937] init: Command 'start vendor.audio-hal-2-0' action=init.svc.audioserver=running (/system/etc/init/audioserver.rc:36) took 0ms and failed: service vendor.audio-hal-2-0 not found
[  433.367380] init: Command 'start audio-hal-2-0' action=init.svc.audioserver=running (/system/etc/init/audioserver.rc:37) took 0ms and failed: service audio-hal-2-0 not found
[  433.390028] init: processing action (init.svc.media=*) from (/system/etc/init/mediaserver.rc:1)
[  433.465275] init: Command 'setprop init.svc.mediadrm ${init.svc.media}' action=init.svc.media=* (/system/etc/init/mediaserver.rc:2) took 55ms and succeeded
[  433.506037] init: processing action (init.svc.mediadrm=running) from (/vendor/etc/init/android.hardware.drm@1.3-service.widevine.rc:1)
[  433.581340] init: Command 'mkdir /data/vendor/mediadrm 0770 media mediadrm' action=init.svc.mediadrm=running (/vendor/etc/init/android.hardware.drm@1.3-service.widevine.rc:2) took 55ms and succeeded
[  433.613851] init: processing action (init.svc.mediadrm=running) from (/vendor/etc/init/android.hardware.drm@1.3-service.widevine.rc:1)
[  433.680760] init: processing action (sys.audio.restart.hal=1) from (/system/etc/init/audioserver.rc:39)
[  433.698065] init: Sending signal 9 to service 'vendor.audio-hal' (pid 1138) process group...
[  433.921115] libprocessgroup: Successfully killed process cgroup uid 1041 pid 1138 in 203ms
[  434.069960] init: Command 'restart vendor.audio-hal' action=sys.audio.restart.hal=1 (/system/etc/init/audioserver.rc:40) took 385ms and succeeded
[  434.091685] init: Service 'vendor.audio-hal' (pid 1138) received signal 9
[  434.112948] init: Sending signal 9 to service 'audioserver' (pid 1137) process group...
[  434.222647] libprocessgroup: Successfully killed process cgroup uid 1041 pid 1137 in 96ms
[  434.330469] init: Command 'restart audioserver' action=onrestart (<Service 'vendor.audio-hal' onrestart>:1) took 235ms and succeeded
[  434.419706] init: Service 'audioserver' (pid 1137) received signal 9
[  434.494636] init: Command 'setprop sys.audio.restart.hal 1' action=onrestart (<Service 'audioserver' onrestart>:1) took 72ms and succeeded
[  434.680837] init: Command 'restart vendor.audio-hal-4-0-msd' action=sys.audio.restart.hal=1 (/system/etc/init/audioserver.rc:41) took 0ms and failed: service vendor.audio-hal-4-0-msd not found
[  434.684741] init: Command 'restart vendor.audio-hal-2-0' action=sys.audio.restart.hal=1 (/system/etc/init/audioserver.rc:43) took 0ms and failed: service vendor.audio-hal-2-0 not found
[  434.730794] init: Command 'restart audio-hal-2-0' action=sys.audio.restart.hal=1 (/system/etc/init/audioserver.rc:44) took 42ms and failed: service audio-hal-2-0 not found
[  434.809030] init: Command 'setprop sys.audio.restart.hal 0' action=sys.audio.restart.hal=1 (/system/etc/init/audioserver.rc:46) took 60ms and succeeded
[  434.821928] init: processing action (init.svc.audioserver=running) from (/system/etc/init/audioserver.rc:32)
[  434.889309] init: starting service 'vendor.audio-hal'...
[  435.481097] init: Command 'start vendor.audio-hal' action=init.svc.audioserver=running (/system/etc/init/audioserver.rc:33) took 647ms and succeeded
[  435.527836] init: Command 'start vendor.audio-hal-4-0-msd' action=init.svc.audioserver=running (/system/etc/init/audioserver.rc:34) took 1ms and failed: service vendor.audio-hal-4-0-msd not found
[  435.579238] init: Command 'start vendor.audio-hal-2-0' action=init.svc.audioserver=running (/system/etc/init/audioserver.rc:36) took 0ms and failed: service vendor.audio-hal-2-0 not found
[  435.596871] init: Command 'start audio-hal-2-0' action=init.svc.audioserver=running (/system/etc/init/audioserver.rc:37) took 12ms and failed: service audio-hal-2-0 not found
[  435.612185] init: processing action (init.svc.mediadrm=running) from (/vendor/etc/init/android.hardware.drm@1.3-service.widevine.rc:1)
[  435.657899] init: processing action (sys.audio.restart.hal=1) from (/system/etc/init/audioserver.rc:39)
[  435.663243] init: Sending signal 9 to service 'vendor.audio-hal' (pid 1139) process group...
[  435.884986] libprocessgroup: Successfully killed process cgroup uid 1041 pid 1139 in 216ms
[  435.977754] init: Command 'restart vendor.audio-hal' action=sys.audio.restart.hal=1 (/system/etc/init/audioserver.rc:40) took 313ms and succeeded
[  435.984702] init: Service 'vendor.audio-hal' (pid 1139) received signal 9
[  436.066074] init: Command 'restart vendor.audio-hal-4-0-msd' action=sys.audio.restart.hal=1 (/system/etc/init/audioserver.rc:41) took 0ms and failed: service vendor.audio-hal-4-0-msd not found
[  436.072682] init: Command 'restart vendor.audio-hal-2-0' action=sys.audio.restart.hal=1 (/system/etc/init/audioserver.rc:43) took 1ms and failed: service vendor.audio-hal-2-0 not found
[  436.086629] init: Command 'restart audio-hal-2-0' action=sys.audio.restart.hal=1 (/system/etc/init/audioserver.rc:44) took 0ms and failed: service audio-hal-2-0 not found
[  437.237418] init: starting service 'audioserver'...
[  437.925146] init: processing action (init.svc.audioserver=running) from (/system/etc/init/audioserver.rc:32)
[  437.978845] init: starting service 'vendor.audio-hal'...
[  438.535420] init: Command 'start vendor.audio-hal' action=init.svc.audioserver=running (/system/etc/init/audioserver.rc:33) took 594ms and succeeded
[  438.588128] init: Command 'start vendor.audio-hal-4-0-msd' action=init.svc.audioserver=running (/system/etc/init/audioserver.rc:34) took 18ms and failed: service vendor.audio-hal-4-0-msd not found
[  438.605542] init: Command 'start vendor.audio-hal-2-0' action=init.svc.audioserver=running (/system/etc/init/audioserver.rc:36) took 0ms and failed: service vendor.audio-hal-2-0 not found
[  438.647597] init: Command 'start audio-hal-2-0' action=init.svc.audioserver=running (/system/etc/init/audioserver.rc:37) took 1ms and failed: service audio-hal-2-0 not found
[  445.733879] healthd: battery none chg=a
[  447.438144] init: Untracked pid 1098 received signal 14
[  447.728042] init: Untracked pid 1100 exited with status 0
[  447.966512] init: Service 'media.swcodec' (pid 1075) received signal 11
[  447.981410] init: Sending signal 9 to service 'media.swcodec' (pid 1075) process group...
[  448.049795] libprocessgroup: Successfully killed process cgroup uid 1046 pid 1075 in 63ms
[  448.088266] init: updatable process 'media.swcodec' exited 4 times before boot completed
[  448.596496] init: processing action (sys.init.updatable_crashing=1) from (/system/etc/init/flags_health_check.rc:10)
[  448.757687] init: starting service 'exec 30 (/system/bin/flags_health_check UPDATABLE_CRASHING)'...
[  449.099980] init: SVC_EXEC service 'exec 30 (/system/bin/flags_health_check UPDATABLE_CRASHING)' pid 1162 (uid 1000 gid 1000+0 context default) started; waiting...
[  449.115371] init: Command 'exec - system system -- /system/bin/flags_health_check UPDATABLE_CRASHING' action=sys.init.updatable_crashing=1 (/system/etc/init/flags_health_check.rc:11) took 513ms and succeeded
[  449.180525] init: starting service 'media.swcodec'...
[  452.119168] init: Untracked pid 1120 exited with status 0
[  452.194018] init: Service 'zygote' (pid 1102) received signal 11
[  452.196990] init: Sending signal 9 to service 'zygote' (pid 1102) process group...
[  452.244169] libprocessgroup: Successfully killed process cgroup uid 0 pid 1102 in 44ms
[  452.295794] init: updatable process 'zygote' exited 4 times before boot completed
[  452.501824] init: starting service 'exec 31 (/system/bin/vdc volume abort_fuse)'...
[  453.028896] init: Command 'exec_background - system system -- /system/bin/vdc volume abort_fuse' action=onrestart (<Service 'zygote' onrestart>:1) took 532ms and succeeded
[  453.143700] init: Command 'write /sys/power/state on' action=onrestart (<Service 'zygote' onrestart>:2) took 91ms and failed: Unable to write to file '/sys/power/state': Unable to write file contents: Invalid argument
[  453.163500] init: Sending signal 9 to service 'audioserver' (pid 1141) process group...
[  453.678042] libprocessgroup: Successfully killed process cgroup uid 1041 pid 1141 in 511ms
[  453.795868] init: Command 'restart audioserver' action=onrestart (<Service 'zygote' onrestart>:3) took 643ms and succeeded
[  453.817440] init: Sending signal 9 to service 'cameraserver' (pid 1105) process group...
[  454.688102] libprocessgroup: Successfully killed process cgroup uid 1047 pid 1105 in 848ms
[  454.753981] init: Command 'restart cameraserver' action=onrestart (<Service 'zygote' onrestart>:4) took 954ms and succeeded
[  454.757689] init: Sending signal 9 to service 'media' (pid 1108) process group...
[  455.382018] libprocessgroup: Successfully killed process cgroup uid 1013 pid 1108 in 606ms
[  455.478723] init: Command 'restart media' action=onrestart (<Service 'zygote' onrestart>:5) took 716ms and succeeded
[  455.481555] init: Sending signal 9 to service 'netd' (pid 1109) process group...
[  455.762262] libprocessgroup: Successfully killed process cgroup uid 0 pid 1109 in 261ms
[  455.832153] init: Command 'restart netd' action=onrestart (<Service 'zygote' onrestart>:6) took 342ms and succeeded
[  455.835469] init: Sending signal 9 to service 'wificond' (pid 1110) process group...
[  455.987254] libprocessgroup: Successfully killed process cgroup uid 1010 pid 1110 in 138ms
[  456.065310] init: Command 'restart wificond' action=onrestart (<Service 'zygote' onrestart>:7) took 223ms and succeeded
[  456.234699] init: Service 'cameraserver' (pid 1105) received signal 9
[  456.351115] init: Service 'media' (pid 1108) received signal 9
[  456.473156] init: Service 'netd' (pid 1109) received signal 9
[  456.501422] init: Command 'restart zygote_secondary' action=onrestart (<Service 'netd' onrestart>:2) took 0ms and failed: service zygote_secondary not found
[  456.559745] init: Service 'wificond' (pid 1110) received signal 9
[  456.610279] init: Untracked pid 1130 exited with status 0
[  456.613771] init: Service 'audioserver' (pid 1141) received signal 9
[  456.704317] init: Service 'exec 30 (/system/bin/flags_health_check UPDATABLE_CRASHING)' (pid 1162) exited with status 0 waiting took 7.720000 seconds
[  456.711510] init: Sending signal 9 to service 'exec 30 (/system/bin/flags_health_check UPDATABLE_CRASHING)' (pid 1162) process group...
[  456.720010] libprocessgroup: Successfully killed process cgroup uid 1000 pid 1162 in 2ms
[  456.740327] init: Untracked pid 1161 received signal 9
[  456.768575] init: Untracked pid 1167 received signal 9
[  456.777104] init: Untracked pid 1164 received signal 9
[  456.783000] init: Untracked pid 1170 received signal 9
[  456.789147] init: Untracked pid 1133 received signal 9
[  456.801706] init: Untracked pid 1134 received signal 9
[  456.830666] init: processing action (sys.init.updatable_crashing=1) from (/system/etc/init/flags_health_check.rc:10)
[  456.869035] init: starting service 'exec 32 (/system/bin/flags_health_check UPDATABLE_CRASHING)'...
[  457.077343] init: SVC_EXEC service 'exec 32 (/system/bin/flags_health_check UPDATABLE_CRASHING)' pid 1187 (uid 1000 gid 1000+0 context default) started; waiting...
[  457.093454] init: Command 'exec - system system -- /system/bin/flags_health_check UPDATABLE_CRASHING' action=sys.init.updatable_crashing=1 (/system/etc/init/flags_health_check.rc:11) took 244ms and succeeded
[  457.130185] init: starting service 'zygote'...
[  457.205789] init: Created socket '/dev/socket/zygote', mode 660, user 0, group 1000
[  457.284985] init: Created socket '/dev/socket/usap_pool_primary', mode 660, user 0, group 1000
[  457.726558] init: starting service 'audioserver'...
[  458.271241] init: starting service 'cameraserver'...
[  458.838561] init: starting service 'media'...
[  459.328307] libprocessgroup: Failed to open /dev/cpuset/camera-daemon/tasks: No such file or directory: No such file or directory
[  459.347871] libprocessgroup: Failed to apply CameraServiceCapacity task profile: No such file or directory
[  459.529644] init: starting service 'netd'...
[  459.709876] init: Created socket '/dev/socket/dnsproxyd', mode 660, user 0, group 3003
[  459.889439] init: Created socket '/dev/socket/mdns', mode 660, user 0, group 1000
[  460.018066] init: Created socket '/dev/socket/fwmarkd', mode 660, user 0, group 3003
[  461.062143] init: starting service 'wificond'...
[  461.934297] init: Service 'exec 31 (/system/bin/vdc volume abort_fuse)' (pid 1172) exited with status 0 oneshot service took 8.997000 seconds in background
[  461.979993] init: Sending signal 9 to service 'exec 31 (/system/bin/vdc volume abort_fuse)' (pid 1172) process group...
[  462.083274] libprocessgroup: Successfully killed process cgroup uid 1000 pid 1172 in 79ms
[  462.626351] init: Service 'exec 32 (/system/bin/flags_health_check UPDATABLE_CRASHING)' (pid 1187) exited with status 0 waiting took 5.592000 seconds
[  462.659047] init: Sending signal 9 to service 'exec 32 (/system/bin/flags_health_check UPDATABLE_CRASHING)' (pid 1187) process group...
[  462.785703] libprocessgroup: Successfully killed process cgroup uid 1000 pid 1187 in 29ms
[  463.019763] init: processing action (init.svc.media=*) from (/system/etc/init/mediaserver.rc:1)
[  463.243205] init: Command 'setprop init.svc.mediadrm ${init.svc.media}' action=init.svc.media=* (/system/etc/init/mediaserver.rc:2) took 198ms and succeeded
[  463.392865] init: processing action (init.svc.media=*) from (/system/etc/init/mediaserver.rc:1)
[  463.657994] init: Command 'setprop init.svc.mediadrm ${init.svc.media}' action=init.svc.media=* (/system/etc/init/mediaserver.rc:2) took 260ms and succeeded
[  463.677859] init: processing action (sys.audio.restart.hal=1) from (/system/etc/init/audioserver.rc:39)
[  463.704576] init: Sending signal 9 to service 'vendor.audio-hal' (pid 1143) process group...
[  464.073540] libprocessgroup: Successfully killed process cgroup uid 1041 pid 1143 in 343ms
[  464.178441] init: Command 'restart vendor.audio-hal' action=sys.audio.restart.hal=1 (/system/etc/init/audioserver.rc:40) took 475ms and succeeded
[  464.190462] init: Service 'vendor.audio-hal' (pid 1143) received signal 9
[  464.220427] init: Sending signal 9 to service 'audioserver' (pid 1189) process group...
[  464.420965] libprocessgroup: Successfully killed process cgroup uid 1041 pid 1189 in 179ms
[  464.519491] init: Command 'restart audioserver' action=onrestart (<Service 'vendor.audio-hal' onrestart>:1) took 325ms and succeeded
[  464.677954] init: Service 'audioserver' (pid 1189) received signal 9
[  464.754096] init: Command 'setprop sys.audio.restart.hal 1' action=onrestart (<Service 'audioserver' onrestart>:1) took 53ms and succeeded
[  464.904703] init: Command 'restart vendor.audio-hal-4-0-msd' action=sys.audio.restart.hal=1 (/system/etc/init/audioserver.rc:41) took 0ms and failed: service vendor.audio-hal-4-0-msd not found
[  464.952933] init: starting service 'audioserver'...
[  465.468947] init: starting service 'vendor.audio-hal'...
[  465.900883] init: Command 'restart vendor.audio-hal-2-0' action=sys.audio.restart.hal=1 (/system/etc/init/audioserver.rc:43) took 1ms and failed: service vendor.audio-hal-2-0 not found
[  465.929984] init: Command 'restart audio-hal-2-0' action=sys.audio.restart.hal=1 (/system/etc/init/audioserver.rc:44) took 0ms and failed: service audio-hal-2-0 not found
[  466.012983] init: processing action (init.svc.audioserver=running) from (/system/etc/init/audioserver.rc:32)
[  466.018152] init: Command 'start vendor.audio-hal-4-0-msd' action=init.svc.audioserver=running (/system/etc/init/audioserver.rc:34) took 0ms and failed: service vendor.audio-hal-4-0-msd not found
[  466.041324] init: Command 'start vendor.audio-hal-2-0' action=init.svc.audioserver=running (/system/etc/init/audioserver.rc:36) took 0ms and failed: service vendor.audio-hal-2-0 not found
[  466.061306] init: Command 'start audio-hal-2-0' action=init.svc.audioserver=running (/system/etc/init/audioserver.rc:37) took 0ms and failed: service audio-hal-2-0 not found
[  466.065872] init: processing action (init.svc.media=*) from (/system/etc/init/mediaserver.rc:1)
[  466.141221] init: Command 'setprop init.svc.mediadrm ${init.svc.media}' action=init.svc.media=* (/system/etc/init/mediaserver.rc:2) took 53ms and succeeded
[  466.170313] init: processing action (init.svc.mediadrm=running) from (/vendor/etc/init/android.hardware.drm@1.3-service.widevine.rc:1)
[  466.268510] init: Command 'mkdir /data/vendor/mediadrm 0770 media mediadrm' action=init.svc.mediadrm=running (/vendor/etc/init/android.hardware.drm@1.3-service.widevine.rc:2) took 82ms and succeeded
[  466.350102] init: Command 'start vendor.move_data_sh' action=init.svc.mediadrm=running (/vendor/etc/init/android.hardware.drm@1.3-service.widevine.rc:3) took 60ms and succeeded
[  466.370202] init: processing action (init.svc.mediadrm=running) from (/vendor/etc/init/android.hardware.drm@1.3-service.widevine.rc:1)
[  466.508205] init: processing action (sys.audio.restart.hal=1) from (/system/etc/init/audioserver.rc:39)
[  466.510336] init: Sending signal 9 to service 'vendor.audio-hal' (pid 1198) process group...
[  467.084813] libprocessgroup: Successfully killed process cgroup uid 1041 pid 1198 in 505ms
[  467.221908] init: Command 'restart vendor.audio-hal' action=sys.audio.restart.hal=1 (/system/etc/init/audioserver.rc:40) took 710ms and succeeded
[  467.269293] init: Service 'vendor.audio-hal' (pid 1198) received signal 9
[  467.321512] init: Sending signal 9 to service 'audioserver' (pid 1197) process group...
[  467.476302] libprocessgroup: Successfully killed process cgroup uid 1041 pid 1197 in 115ms
[  467.727141] init: Command 'restart audioserver' action=onrestart (<Service 'vendor.audio-hal' onrestart>:1) took 454ms and succeeded
[  467.918506] init: Service 'audioserver' (pid 1197) received signal 9
[  468.248736] init: Command 'setprop sys.audio.restart.hal 1' action=onrestart (<Service 'audioserver' onrestart>:1) took 302ms and succeeded
[  468.490264] init: Command 'restart vendor.audio-hal-4-0-msd' action=sys.audio.restart.hal=1 (/system/etc/init/audioserver.rc:41) took 0ms and failed: service vendor.audio-hal-4-0-msd not found
[  468.569286] init: Command 'restart vendor.audio-hal-2-0' action=sys.audio.restart.hal=1 (/system/etc/init/audioserver.rc:43) took 1ms and failed: service vendor.audio-hal-2-0 not found
[  468.590335] init: Command 'restart audio-hal-2-0' action=sys.audio.restart.hal=1 (/system/etc/init/audioserver.rc:44) took 17ms and failed: service audio-hal-2-0 not found
[  468.736102] init: Command 'setprop sys.audio.restart.hal 0' action=sys.audio.restart.hal=1 (/system/etc/init/audioserver.rc:46) took 125ms and succeeded
[  468.806833] init: processing action (init.svc.audioserver=running) from (/system/etc/init/audioserver.rc:32)
[  468.946423] init: starting service 'vendor.audio-hal'...
[  469.837681] init: Command 'start vendor.audio-hal' action=init.svc.audioserver=running (/system/etc/init/audioserver.rc:33) took 987ms and succeeded
[  469.850469] init: Command 'start vendor.audio-hal-4-0-msd' action=init.svc.audioserver=running (/system/etc/init/audioserver.rc:34) took 4ms and failed: service vendor.audio-hal-4-0-msd not found
[  469.915809] init: Command 'start vendor.audio-hal-2-0' action=init.svc.audioserver=running (/system/etc/init/audioserver.rc:36) took 0ms and failed: service vendor.audio-hal-2-0 not found
[  469.929687] init: Command 'start audio-hal-2-0' action=init.svc.audioserver=running (/system/etc/init/audioserver.rc:37) took 0ms and failed: service audio-hal-2-0 not found
[  469.961716] init: processing action (init.svc.mediadrm=running) from (/vendor/etc/init/android.hardware.drm@1.3-service.widevine.rc:1)
[  470.040173] init: processing action (sys.audio.restart.hal=1) from (/system/etc/init/audioserver.rc:39)
[  470.046131] init: Sending signal 9 to service 'vendor.audio-hal' (pid 1200) process group...
[  470.457172] libprocessgroup: Successfully killed process cgroup uid 1041 pid 1200 in 375ms
[  470.737730] init: Command 'restart vendor.audio-hal' action=sys.audio.restart.hal=1 (/system/etc/init/audioserver.rc:40) took 685ms and succeeded
[  470.847280] init: starting service 'audioserver'...
[  471.620398] init: Service 'vendor.audio-hal' (pid 1200) received signal 9
[  471.681274] init: Sending signal 9 to service 'audioserver' (pid 1204) process group...
[  472.012623] libprocessgroup: Successfully killed process cgroup uid 1041 pid 1204 in 326ms
[  472.159006] init: Command 'restart audioserver' action=onrestart (<Service 'vendor.audio-hal' onrestart>:1) took 515ms and succeeded
[  472.274791] init: Service 'audioserver' (pid 1204) received signal 9
[  472.413995] init: Command 'setprop sys.audio.restart.hal 1' action=onrestart (<Service 'audioserver' onrestart>:1) took 120ms and succeeded
[  472.602616] init: Command 'restart vendor.audio-hal-4-0-msd' action=sys.audio.restart.hal=1 (/system/etc/init/audioserver.rc:41) took 0ms and failed: service vendor.audio-hal-4-0-msd not found
[  472.676272] init: Command 'restart vendor.audio-hal-2-0' action=sys.audio.restart.hal=1 (/system/etc/init/audioserver.rc:43) took 1ms and failed: service vendor.audio-hal-2-0 not found
[  472.714949] init: Command 'restart audio-hal-2-0' action=sys.audio.restart.hal=1 (/system/etc/init/audioserver.rc:44) took 13ms and failed: service audio-hal-2-0 not found
[  472.797015] init: Command 'setprop sys.audio.restart.hal 0' action=sys.audio.restart.hal=1 (/system/etc/init/audioserver.rc:46) took 65ms and succeeded
[  472.859632] init: processing action (init.svc.audioserver=running) from (/system/etc/init/audioserver.rc:32)
[  472.971793] init: starting service 'vendor.audio-hal'...
[  473.672427] init: Command 'start vendor.audio-hal' action=init.svc.audioserver=running (/system/etc/init/audioserver.rc:33) took 784ms and succeeded
[  473.697563] init: Command 'start vendor.audio-hal-4-0-msd' action=init.svc.audioserver=running (/system/etc/init/audioserver.rc:34) took 0ms and failed: service vendor.audio-hal-4-0-msd not found
[  473.730609] init: Command 'start vendor.audio-hal-2-0' action=init.svc.audioserver=running (/system/etc/init/audioserver.rc:36) took 1ms and failed: service vendor.audio-hal-2-0 not found
[  473.758117] init: Command 'start audio-hal-2-0' action=init.svc.audioserver=running (/system/etc/init/audioserver.rc:37) took 0ms and failed: service audio-hal-2-0 not found
[  473.779066] init: processing action (sys.audio.restart.hal=1) from (/system/etc/init/audioserver.rc:39)
[  473.788846] init: Sending signal 9 to service 'vendor.audio-hal' (pid 1210) process group...
[  473.917570] libprocessgroup: Successfully killed process cgroup uid 1041 pid 1210 in 116ms
[  473.999651] init: Command 'restart vendor.audio-hal' action=sys.audio.restart.hal=1 (/system/etc/init/audioserver.rc:40) took 196ms and succeeded
[  474.034083] init: Service 'vendor.audio-hal' (pid 1210) received signal 9
[  474.120078] init: Command 'restart vendor.audio-hal-4-0-msd' action=sys.audio.restart.hal=1 (/system/etc/init/audioserver.rc:41) took 0ms and failed: service vendor.audio-hal-4-0-msd not found
[  474.125258] init: Command 'restart vendor.audio-hal-2-0' action=sys.audio.restart.hal=1 (/system/etc/init/audioserver.rc:43) took 0ms and failed: service vendor.audio-hal-2-0 not found
[  474.138464] init: Command 'restart audio-hal-2-0' action=sys.audio.restart.hal=1 (/system/etc/init/audioserver.rc:44) took 0ms and failed: service audio-hal-2-0 not found
[  474.248797] init: Command 'setprop sys.audio.restart.hal 0' action=sys.audio.restart.hal=1 (/system/etc/init/audioserver.rc:46) took 95ms and succeeded
[  476.194705] init: starting service 'audioserver'...
[  476.554062] init: processing action (init.svc.audioserver=running) from (/system/etc/init/audioserver.rc:32)
[  476.571690] init: starting service 'vendor.audio-hal'...
[  476.749221] init: Command 'start vendor.audio-hal' action=init.svc.audioserver=running (/system/etc/init/audioserver.rc:33) took 171ms and succeeded
[  476.782255] init: Command 'start vendor.audio-hal-4-0-msd' action=init.svc.audioserver=running (/system/etc/init/audioserver.rc:34) took 0ms and failed: service vendor.audio-hal-4-0-msd not found
[  476.796160] init: Command 'start vendor.audio-hal-2-0' action=init.svc.audioserver=running (/system/etc/init/audioserver.rc:36) took 0ms and failed: service vendor.audio-hal-2-0 not found
[  476.800854] init: Command 'start audio-hal-2-0' action=init.svc.audioserver=running (/system/etc/init/audioserver.rc:37) took 0ms and failed: service audio-hal-2-0 not found
[  477.366333] init: Untracked pid 1153 received signal 14
[  477.609765] init: Untracked pid 1159 exited with status 0
[  477.687873] init: Service 'mediaextractor' (pid 1107) received signal 11
[  477.690866] init: Sending signal 9 to service 'mediaextractor' (pid 1107) process group...
[  477.704269] libprocessgroup: Successfully killed process cgroup uid 1040 pid 1107 in 3ms
[  477.721771] init: updatable process 'mediaextractor' exited 4 times before boot completed
[  477.984590] init: processing action (sys.init.updatable_crashing=1) from (/system/etc/init/flags_health_check.rc:10)
[  478.029137] init: starting service 'exec 33 (/system/bin/flags_health_check UPDATABLE_CRASHING)'...
[  478.292906] init: SVC_EXEC service 'exec 33 (/system/bin/flags_health_check UPDATABLE_CRASHING)' pid 1219 (uid 1000 gid 1000+0 context default) started; waiting...
[  478.313060] init: Command 'exec - system system -- /system/bin/flags_health_check UPDATABLE_CRASHING' action=sys.init.updatable_crashing=1 (/system/etc/init/flags_health_check.rc:11) took 323ms and succeeded
[  478.386237] init: starting service 'mediaextractor'...
[  485.263277] init: Service 'exec 33 (/system/bin/flags_health_check UPDATABLE_CRASHING)' (pid 1219) exited with status 0 waiting took 7.074000 seconds
[  485.278216] init: Sending signal 9 to service 'exec 33 (/system/bin/flags_health_check UPDATABLE_CRASHING)' (pid 1219) process group...
[  485.345234] libprocessgroup: Successfully killed process cgroup uid 1000 pid 1219 in 21ms
[  500.165335] init: Untracked pid 1201 received signal 14
[  500.424361] init: Untracked pid 1206 exited with status 0
[  500.514522] init: Service 'media.swcodec' (pid 1163) received signal 11
[  500.519763] init: Sending signal 9 to service 'media.swcodec' (pid 1163) process group...
[  500.547892] libprocessgroup: Successfully killed process cgroup uid 1046 pid 1163 in 22ms
[  500.585716] init: updatable process 'media.swcodec' exited 4 times before boot completed
[  500.890936] init: processing action (sys.init.updatable_crashing=1) from (/system/etc/init/flags_health_check.rc:10)
[  500.965460] init: starting service 'exec 34 (/system/bin/flags_health_check UPDATABLE_CRASHING)'...
[  501.240980] init: SVC_EXEC service 'exec 34 (/system/bin/flags_health_check UPDATABLE_CRASHING)' pid 1271 (uid 1000 gid 1000+0 context default) started; waiting...
[  501.250374] init: Command 'exec - system system -- /system/bin/flags_health_check UPDATABLE_CRASHING' action=sys.init.updatable_crashing=1 (/system/etc/init/flags_health_check.rc:11) took 352ms and succeeded
[  501.304722] init: starting service 'media.swcodec'...
[  501.859959] init: Untracked pid 1199 received signal 14
[  501.877172] init: Untracked pid 1218 exited with status 0
[  502.576352] init: Service 'storaged' (pid 1073) received signal 11
[  502.608829] init: Sending signal 9 to service 'storaged' (pid 1073) process group...
[  502.656008] libprocessgroup: Successfully killed process cgroup uid 0 pid 1073 in 37ms
[  502.875963] init: Untracked pid 1207 received signal 14
[  503.049085] init: starting service 'storaged'...
[  503.060504] init: Could not open file '/d/mmc0/mmc0:0001/ext_csd': Failed to open file '/d/mmc0/mmc0:0001/ext_csd': No such file or directory
[  503.470326] init: Service 'zygote' (pid 1188) received signal 11
[  503.522934] init: Sending signal 9 to service 'zygote' (pid 1188) process group...
[  503.559928] libprocessgroup: Successfully killed process cgroup uid 0 pid 1188 in 26ms
[  503.593903] init: updatable process 'zygote' exited 4 times before boot completed
[  505.129091] init: starting service 'exec 35 (/system/bin/vdc volume abort_fuse)'...
[  505.481752] init: Command 'exec_background - system system -- /system/bin/vdc volume abort_fuse' action=onrestart (<Service 'zygote' onrestart>:1) took 1771ms and succeeded
[  505.600628] init: Command 'write /sys/power/state on' action=onrestart (<Service 'zygote' onrestart>:2) took 87ms and failed: Unable to write to file '/sys/power/state': Unable to write file contents: Invalid argument
[  505.617369] init: Sending signal 9 to service 'audioserver' (pid 1216) process group...
[  505.849484] healthd: battery none chg=a
[  505.959516] libprocessgroup: Successfully killed process cgroup uid 1041 pid 1216 in 307ms
[  506.058483] init: Command 'restart audioserver' action=onrestart (<Service 'zygote' onrestart>:3) took 451ms and succeeded
[  506.072432] init: Sending signal 9 to service 'cameraserver' (pid 1190) process group...
[  506.550805] libprocessgroup: Successfully killed process cgroup uid 1047 pid 1190 in 463ms
[  506.631553] init: Command 'restart cameraserver' action=onrestart (<Service 'zygote' onrestart>:4) took 560ms and succeeded
[  506.634712] init: Sending signal 9 to service 'media' (pid 1191) process group...
[  507.153043] libprocessgroup: Successfully killed process cgroup uid 1013 pid 1191 in 500ms
[  507.211427] init: Command 'restart media' action=onrestart (<Service 'zygote' onrestart>:5) took 576ms and succeeded
[  507.214363] init: Sending signal 9 to service 'netd' (pid 1192) process group...
[  507.517537] libprocessgroup: Successfully killed process cgroup uid 0 pid 1192 in 293ms
[  507.598839] init: Command 'restart netd' action=onrestart (<Service 'zygote' onrestart>:6) took 384ms and succeeded
[  507.605912] init: Sending signal 9 to service 'wificond' (pid 1193) process group...
[  507.879885] libprocessgroup: Successfully killed process cgroup uid 1010 pid 1193 in 248ms
[  507.960977] init: Command 'restart wificond' action=onrestart (<Service 'zygote' onrestart>:7) took 352ms and succeeded
[  508.185504] init: Service 'cameraserver' (pid 1190) received signal 9
[  508.339866] init: Service 'media' (pid 1191) received signal 9
[  508.457131] init: Service 'netd' (pid 1192) received signal 9
[  508.476602] init: Command 'restart zygote_secondary' action=onrestart (<Service 'netd' onrestart>:2) took 1ms and failed: service zygote_secondary not found
[  508.538251] init: Service 'wificond' (pid 1193) received signal 9
[  508.589168] init: Untracked pid 1209 exited with status 0
[  508.597832] init: Service 'audioserver' (pid 1216) received signal 9
[  508.728375] init: Untracked pid 1232 received signal 9
[  508.732511] init: Untracked pid 1234 received signal 9
[  508.738782] init: Untracked pid 1236 received signal 9
[  508.742437] init: Untracked pid 1250 received signal 9
[  508.752014] init: Service 'exec 34 (/system/bin/flags_health_check UPDATABLE_CRASHING)' (pid 1271) exited with status 0 waiting took 7.625000 seconds
[  508.754299] init: Sending signal 9 to service 'exec 34 (/system/bin/flags_health_check UPDATABLE_CRASHING)' (pid 1271) process group...
[  508.773091] libprocessgroup: Successfully killed process cgroup uid 1000 pid 1271 in 11ms
[  508.799274] init: Service 'exec 35 (/system/bin/vdc volume abort_fuse)' (pid 1276) exited with status 0 oneshot service took 3.443000 seconds in background
[  508.803536] init: Sending signal 9 to service 'exec 35 (/system/bin/vdc volume abort_fuse)' (pid 1276) process group...
[  508.817849] libprocessgroup: Successfully killed process cgroup uid 1000 pid 1276 in 6ms
[  508.839380] init: Untracked pid 1212 received signal 9
[  508.845818] init: Untracked pid 1213 received signal 9
[  508.872851] init: processing action (sys.init.updatable_crashing=1) from (/system/etc/init/flags_health_check.rc:10)
[  508.902539] init: starting service 'exec 36 (/system/bin/flags_health_check UPDATABLE_CRASHING)'...
[  509.019378] init: SVC_EXEC service 'exec 36 (/system/bin/flags_health_check UPDATABLE_CRASHING)' pid 1278 (uid 1000 gid 1000+0 context default) started; waiting...
[  509.035338] init: Command 'exec - system system -- /system/bin/flags_health_check UPDATABLE_CRASHING' action=sys.init.updatable_crashing=1 (/system/etc/init/flags_health_check.rc:11) took 148ms and succeeded
[  509.072299] init: starting service 'zygote'...
[  509.128607] init: Created socket '/dev/socket/zygote', mode 660, user 0, group 1000
[  509.192783] init: Created socket '/dev/socket/usap_pool_primary', mode 660, user 0, group 1000
[  509.480918] init: starting service 'audioserver'...
[  509.966452] init: starting service 'cameraserver'...
[  510.517122] init: starting service 'media'...
[  511.063225] libprocessgroup: Failed to open /dev/cpuset/camera-daemon/tasks: No such file or directory: No such file or directory
[  511.072785] libprocessgroup: Failed to apply CameraServiceCapacity task profile: No such file or directory
[  511.229178] init: starting service 'netd'...
[  511.430688] init: Created socket '/dev/socket/dnsproxyd', mode 660, user 0, group 3003
[  511.557640] init: Created socket '/dev/socket/mdns', mode 660, user 0, group 1000
[  511.685976] init: Created socket '/dev/socket/fwmarkd', mode 660, user 0, group 3003
[  512.356347] init: starting service 'wificond'...
[  514.274720] init: Service 'exec 36 (/system/bin/flags_health_check UPDATABLE_CRASHING)' (pid 1278) exited with status 0 waiting took 5.285000 seconds
[  514.286520] init: Sending signal 9 to service 'exec 36 (/system/bin/flags_health_check UPDATABLE_CRASHING)' (pid 1278) process group...
[  514.337801] libprocessgroup: Successfully killed process cgroup uid 1000 pid 1278 in 9ms
[  514.426061] init: processing action (init.svc.media=*) from (/system/etc/init/mediaserver.rc:1)
[  514.541984] init: Command 'setprop init.svc.mediadrm ${init.svc.media}' action=init.svc.media=* (/system/etc/init/mediaserver.rc:2) took 100ms and succeeded
[  514.598050] init: processing action (init.svc.media=*) from (/system/etc/init/mediaserver.rc:1)
[  514.697837] init: Command 'setprop init.svc.mediadrm ${init.svc.media}' action=init.svc.media=* (/system/etc/init/mediaserver.rc:2) took 97ms and succeeded
[  514.756039] init: processing action (sys.audio.restart.hal=1) from (/system/etc/init/audioserver.rc:39)
[  514.758669] init: Sending signal 9 to service 'vendor.audio-hal' (pid 1217) process group...
[  515.318355] libprocessgroup: Successfully killed process cgroup uid 1041 pid 1217 in 538ms
[  515.406773] init: Command 'restart vendor.audio-hal' action=sys.audio.restart.hal=1 (/system/etc/init/audioserver.rc:40) took 645ms and succeeded
[  515.431847] init: Service 'vendor.audio-hal' (pid 1217) received signal 9
[  515.453894] init: Sending signal 9 to service 'audioserver' (pid 1282) process group...
[  515.653542] libprocessgroup: Successfully killed process cgroup uid 1041 pid 1282 in 171ms
[  515.749108] init: Command 'restart audioserver' action=onrestart (<Service 'vendor.audio-hal' onrestart>:1) took 313ms and succeeded
[  515.842203] init: Service 'audioserver' (pid 1282) received signal 9
[  516.021494] init: Command 'restart vendor.audio-hal-4-0-msd' action=sys.audio.restart.hal=1 (/system/etc/init/audioserver.rc:41) took 1ms and failed: service vendor.audio-hal-4-0-msd not found
[  516.117314] init: starting service 'audioserver'...
[  516.630575] init: starting service 'vendor.audio-hal'...
[  517.096859] init: Command 'restart vendor.audio-hal-2-0' action=sys.audio.restart.hal=1 (/system/etc/init/audioserver.rc:43) took 10ms and failed: service vendor.audio-hal-2-0 not found
[  517.128107] init: Command 'restart audio-hal-2-0' action=sys.audio.restart.hal=1 (/system/etc/init/audioserver.rc:44) took 0ms and failed: service audio-hal-2-0 not found
[  517.232449] init: Command 'setprop sys.audio.restart.hal 0' action=sys.audio.restart.hal=1 (/system/etc/init/audioserver.rc:46) took 100ms and succeeded
[  517.283276] init: processing action (init.svc.audioserver=running) from (/system/etc/init/audioserver.rc:32)
[  517.315834] init: Command 'start vendor.audio-hal-4-0-msd' action=init.svc.audioserver=running (/system/etc/init/audioserver.rc:34) took 0ms and failed: service vendor.audio-hal-4-0-msd not found
[  517.348218] init: Command 'start vendor.audio-hal-2-0' action=init.svc.audioserver=running (/system/etc/init/audioserver.rc:36) took 15ms and failed: service vendor.audio-hal-2-0 not found
[  517.350997] init: Command 'start audio-hal-2-0' action=init.svc.audioserver=running (/system/etc/init/audioserver.rc:37) took 0ms and failed: service audio-hal-2-0 not found
[  517.361737] init: processing action (init.svc.media=*) from (/system/etc/init/mediaserver.rc:1)
[  517.439548] init: processing action (init.svc.mediadrm=running) from (/vendor/etc/init/android.hardware.drm@1.3-service.widevine.rc:1)
[  517.500867] init: processing action (init.svc.mediadrm=running) from (/vendor/etc/init/android.hardware.drm@1.3-service.widevine.rc:1)
[  517.540565] init: processing action (sys.audio.restart.hal=1) from (/system/etc/init/audioserver.rc:39)
[  517.554017] init: Sending signal 9 to service 'vendor.audio-hal' (pid 1290) process group...
[  517.833458] libprocessgroup: Successfully killed process cgroup uid 1041 pid 1290 in 258ms
[  517.952151] init: Command 'restart vendor.audio-hal' action=sys.audio.restart.hal=1 (/system/etc/init/audioserver.rc:40) took 397ms and succeeded
[  517.957497] init: Service 'vendor.audio-hal' (pid 1290) received signal 9
[  518.021412] init: Sending signal 9 to service 'audioserver' (pid 1289) process group...
[  518.107110] libprocessgroup: Successfully killed process cgroup uid 1041 pid 1289 in 81ms
[  518.218191] init: Command 'restart audioserver' action=onrestart (<Service 'vendor.audio-hal' onrestart>:1) took 256ms and succeeded
[  518.302000] init: Service 'audioserver' (pid 1289) received signal 9
[  518.397622] init: Command 'setprop sys.audio.restart.hal 1' action=onrestart (<Service 'audioserver' onrestart>:1) took 81ms and succeeded
[  518.512971] init: Command 'restart vendor.audio-hal-4-0-msd' action=sys.audio.restart.hal=1 (/system/etc/init/audioserver.rc:41) took 8ms and failed: service vendor.audio-hal-4-0-msd not found
[  518.531185] init: Command 'restart vendor.audio-hal-2-0' action=sys.audio.restart.hal=1 (/system/etc/init/audioserver.rc:43) took 0ms and failed: service vendor.audio-hal-2-0 not found
[  518.536442] init: Command 'restart audio-hal-2-0' action=sys.audio.restart.hal=1 (/system/etc/init/audioserver.rc:44) took 0ms and failed: service audio-hal-2-0 not found
[  518.610369] init: Command 'setprop sys.audio.restart.hal 0' action=sys.audio.restart.hal=1 (/system/etc/init/audioserver.rc:46) took 67ms and succeeded
[  518.635203] init: processing action (init.svc.audioserver=running) from (/system/etc/init/audioserver.rc:32)
[  518.696552] init: starting service 'vendor.audio-hal'...
[  519.426102] init: Command 'start vendor.audio-hal' action=init.svc.audioserver=running (/system/etc/init/audioserver.rc:33) took 763ms and succeeded
[  519.459937] init: Command 'start vendor.audio-hal-4-0-msd' action=init.svc.audioserver=running (/system/etc/init/audioserver.rc:34) took 0ms and failed: service vendor.audio-hal-4-0-msd not found
[  519.466184] init: Command 'start vendor.audio-hal-2-0' action=init.svc.audioserver=running (/system/etc/init/audioserver.rc:36) took 1ms and failed: service vendor.audio-hal-2-0 not found
[  519.482745] init: Command 'start audio-hal-2-0' action=init.svc.audioserver=running (/system/etc/init/audioserver.rc:37) took 1ms and failed: service audio-hal-2-0 not found
[  519.513541] init: processing action (init.svc.mediadrm=running) from (/vendor/etc/init/android.hardware.drm@1.3-service.widevine.rc:1)
[  519.627263] init: processing action (sys.audio.restart.hal=1) from (/system/etc/init/audioserver.rc:39)
[  519.651966] init: Sending signal 9 to service 'vendor.audio-hal' (pid 1293) process group...
[  520.063084] libprocessgroup: Successfully killed process cgroup uid 1041 pid 1293 in 404ms
[  520.235053] init: Command 'restart vendor.audio-hal' action=sys.audio.restart.hal=1 (/system/etc/init/audioserver.rc:40) took 600ms and succeeded
[  520.270459] init: Service 'vendor.audio-hal' (pid 1293) received signal 9
[  520.557370] init: Command 'restart vendor.audio-hal-4-0-msd' action=sys.audio.restart.hal=1 (/system/etc/init/audioserver.rc:41) took 0ms and failed: service vendor.audio-hal-4-0-msd not found
[  520.567778] init: Command 'restart vendor.audio-hal-2-0' action=sys.audio.restart.hal=1 (/system/etc/init/audioserver.rc:43) took 0ms and failed: service vendor.audio-hal-2-0 not found
[  520.587519] init: Command 'restart audio-hal-2-0' action=sys.audio.restart.hal=1 (/system/etc/init/audioserver.rc:44) took 0ms and failed: service audio-hal-2-0 not found
[  520.738209] init: Command 'setprop sys.audio.restart.hal 0' action=sys.audio.restart.hal=1 (/system/etc/init/audioserver.rc:46) took 108ms and succeeded
[  521.460932] init: starting service 'audioserver'...
[  522.127472] init: processing action (init.svc.audioserver=running) from (/system/etc/init/audioserver.rc:32)
[  522.285867] init: starting service 'vendor.audio-hal'...
[  523.421452] init: Command 'start vendor.audio-hal' action=init.svc.audioserver=running (/system/etc/init/audioserver.rc:33) took 1275ms and succeeded
[  523.448688] init: Command 'start vendor.audio-hal-4-0-msd' action=init.svc.audioserver=running (/system/etc/init/audioserver.rc:34) took 10ms and failed: service vendor.audio-hal-4-0-msd not found
[  523.494440] init: Command 'start vendor.audio-hal-2-0' action=init.svc.audioserver=running (/system/etc/init/audioserver.rc:36) took 0ms and failed: service vendor.audio-hal-2-0 not found
[  523.528194] init: Command 'start audio-hal-2-0' action=init.svc.audioserver=running (/system/etc/init/audioserver.rc:37) took 0ms and failed: service audio-hal-2-0 not found
[  529.317038] init: Untracked pid 1262 received signal 14
[  529.576413] init: Untracked pid 1267 exited with status 0
[  529.823031] init: Service 'mediaextractor' (pid 1220) received signal 11
[  529.825969] init: Sending signal 9 to service 'mediaextractor' (pid 1220) process group...
[  529.885734] libprocessgroup: Successfully killed process cgroup uid 1040 pid 1220 in 31ms
[  529.925546] init: updatable process 'mediaextractor' exited 4 times before boot completed
[  530.301456] init: processing action (sys.init.updatable_crashing=1) from (/system/etc/init/flags_health_check.rc:10)
[  530.385916] init: starting service 'exec 37 (/system/bin/flags_health_check UPDATABLE_CRASHING)'...
[  530.661617] init: SVC_EXEC service 'exec 37 (/system/bin/flags_health_check UPDATABLE_CRASHING)' pid 1316 (uid 1000 gid 1000+0 context default) started; waiting...
[  530.681121] init: Command 'exec - system system -- /system/bin/flags_health_check UPDATABLE_CRASHING' action=sys.init.updatable_crashing=1 (/system/etc/init/flags_health_check.rc:11) took 360ms and succeeded
[  530.765609] init: starting service 'mediaextractor'...
[  537.197606] init: Service 'exec 37 (/system/bin/flags_health_check UPDATABLE_CRASHING)' (pid 1316) exited with status 0 waiting took 6.623000 seconds
[  537.223043] init: Sending signal 9 to service 'exec 37 (/system/bin/flags_health_check UPDATABLE_CRASHING)' (pid 1316) process group...
[  537.274517] libprocessgroup: Successfully killed process cgroup uid 1000 pid 1316 in 20ms
[  545.113594] selinux: SELinux:  Could not stat /sys/devices/virtual/net/ipsec_test/queues/rx-0: No such file or directory.
[  545.128336] selinux: 
[  545.816544] init: Untracked pid 1299 exited with status 0
[  545.953561] init: Service 'zygote' (pid 1280) received signal 11
[  545.994849] init: Sending signal 9 to service 'zygote' (pid 1280) process group...
[  546.009540] libprocessgroup: Successfully killed process cgroup uid 0 pid 1280 in 8ms
[  546.029180] init: updatable process 'zygote' exited 4 times before boot completed
[  546.222727] init: starting service 'exec 38 (/system/bin/vdc volume abort_fuse)'...
[  546.547320] init: Command 'exec_background - system system -- /system/bin/vdc volume abort_fuse' action=onrestart (<Service 'zygote' onrestart>:1) took 376ms and succeeded
[  546.636066] init: Command 'write /sys/power/state on' action=onrestart (<Service 'zygote' onrestart>:2) took 79ms and failed: Unable to write to file '/sys/power/state': Unable to write file contents: Invalid argument
[  546.651227] init: Sending signal 9 to service 'audioserver' (pid 1298) process group...
[  547.157273] libprocessgroup: Successfully killed process cgroup uid 1041 pid 1298 in 501ms
[  547.252039] init: Command 'restart audioserver' action=onrestart (<Service 'zygote' onrestart>:3) took 608ms and succeeded
[  547.265459] init: Sending signal 9 to service 'cameraserver' (pid 1283) process group...
[  547.776492] libprocessgroup: Successfully killed process cgroup uid 1047 pid 1283 in 501ms
[  547.854218] init: Command 'restart cameraserver' action=onrestart (<Service 'zygote' onrestart>:4) took 588ms and succeeded
[  547.865289] init: Sending signal 9 to service 'media' (pid 1284) process group...
[  548.388545] libprocessgroup: Successfully killed process cgroup uid 1013 pid 1284 in 515ms
[  548.438532] init: Command 'restart media' action=onrestart (<Service 'zygote' onrestart>:5) took 573ms and succeeded
[  548.450606] init: Sending signal 9 to service 'netd' (pid 1285) process group...
[  548.796787] libprocessgroup: Successfully killed process cgroup uid 0 pid 1285 in 335ms
[  548.929830] init: Command 'restart netd' action=onrestart (<Service 'zygote' onrestart>:6) took 479ms and succeeded
[  548.937304] init: Sending signal 9 to service 'wificond' (pid 1286) process group...
[  549.330448] libprocessgroup: Successfully killed process cgroup uid 1010 pid 1286 in 378ms
[  549.433992] init: Command 'restart wificond' action=onrestart (<Service 'zygote' onrestart>:7) took 494ms and succeeded
[  549.627837] init: Service 'cameraserver' (pid 1283) received signal 9
[  549.871551] init: Service 'media' (pid 1284) received signal 9
[  550.007553] init: Service 'netd' (pid 1285) received signal 9
[  550.029112] init: Command 'restart zygote_secondary' action=onrestart (<Service 'netd' onrestart>:2) took 0ms and failed: service zygote_secondary not found
[  550.120242] init: Service 'wificond' (pid 1286) received signal 9
[  550.227202] init: Service 'audioserver' (pid 1298) received signal 9
[  550.323433] init: Command 'setprop sys.audio.restart.hal 1' action=onrestart (<Service 'audioserver' onrestart>:1) took 79ms and succeeded
[  550.476228] init: Untracked pid 1304 exited with status 0
[  550.491175] init: Untracked pid 1334 received signal 9
[  550.497136] init: Untracked pid 1341 received signal 9
[  550.502221] init: Untracked pid 1338 received signal 9
[  550.512936] init: Untracked pid 1344 received signal 9
[  550.525865] init: Service 'exec 38 (/system/bin/vdc volume abort_fuse)' (pid 1361) exited with status 0 oneshot service took 4.053000 seconds in background
[  550.530464] init: Sending signal 9 to service 'exec 38 (/system/bin/vdc volume abort_fuse)' (pid 1361) process group...
[  550.556420] libprocessgroup: Successfully killed process cgroup uid 1000 pid 1361 in 12ms
[  550.599764] init: Untracked pid 1307 received signal 9
[  550.612688] init: Untracked pid 1308 received signal 9
[  550.629087] init: processing action (sys.init.updatable_crashing=1) from (/system/etc/init/flags_health_check.rc:10)
[  550.661008] init: starting service 'exec 39 (/system/bin/flags_health_check UPDATABLE_CRASHING)'...
[  550.805246] init: SVC_EXEC service 'exec 39 (/system/bin/flags_health_check UPDATABLE_CRASHING)' pid 1366 (uid 1000 gid 1000+0 context default) started; waiting...
[  550.817712] init: Command 'exec - system system -- /system/bin/flags_health_check UPDATABLE_CRASHING' action=sys.init.updatable_crashing=1 (/system/etc/init/flags_health_check.rc:11) took 181ms and succeeded
[  550.858722] init: starting service 'zygote'...
[  550.929002] init: Created socket '/dev/socket/zygote', mode 660, user 0, group 1000
[  551.017469] init: Created socket '/dev/socket/usap_pool_primary', mode 660, user 0, group 1000
[  551.532878] init: starting service 'audioserver'...
[  552.078887] init: starting service 'cameraserver'...
[  552.705694] init: starting service 'media'...
[  553.286611] libprocessgroup: Failed to open /dev/cpuset/camera-daemon/tasks: No such file or directory: No such file or directory
[  553.317550] libprocessgroup: Failed to apply CameraServiceCapacity task profile: No such file or directory
[  553.341065] init: starting service 'netd'...
[  553.536884] init: Created socket '/dev/socket/dnsproxyd', mode 660, user 0, group 3003
[  553.640182] init: Created socket '/dev/socket/mdns', mode 660, user 0, group 1000
[  553.782330] init: Created socket '/dev/socket/fwmarkd', mode 660, user 0, group 3003
[  554.419296] init: starting service 'wificond'...
[  555.202042] init: Service 'media.swcodec' (pid 1272) received signal 11
[  555.218058] init: Sending signal 9 to service 'media.swcodec' (pid 1272) process group...
[  555.286991] libprocessgroup: Successfully killed process cgroup uid 1046 pid 1272 in 33ms
[  555.351818] init: updatable process 'media.swcodec' exited 4 times before boot completed
[  555.786222] init: Untracked pid 1301 received signal 14
[  555.809189] init: Untracked pid 1306 exited with status 0
[  555.893858] init: starting service 'media.swcodec'...
[  556.946964] hrtimer: interrupt took 9416304 ns
[  557.126031] init: Service 'exec 39 (/system/bin/flags_health_check UPDATABLE_CRASHING)' (pid 1366) exited with status 0 waiting took 6.340000 seconds
[  557.146370] init: Sending signal 9 to service 'exec 39 (/system/bin/flags_health_check UPDATABLE_CRASHING)' (pid 1366) process group...
[  557.193325] libprocessgroup: Successfully killed process cgroup uid 1000 pid 1366 in 28ms
[  557.270496] init: processing action (init.svc.media=*) from (/system/etc/init/mediaserver.rc:1)
[  557.326387] init: Command 'setprop init.svc.mediadrm ${init.svc.media}' action=init.svc.media=* (/system/etc/init/mediaserver.rc:2) took 53ms and succeeded
[  557.347932] init: processing action (init.svc.media=*) from (/system/etc/init/mediaserver.rc:1)
[  557.409042] init: Command 'setprop init.svc.mediadrm ${init.svc.media}' action=init.svc.media=* (/system/etc/init/mediaserver.rc:2) took 58ms and succeeded
[  557.414338] init: processing action (sys.audio.restart.hal=1) from (/system/etc/init/audioserver.rc:39)
[  557.432813] init: Sending signal 9 to service 'vendor.audio-hal' (pid 1305) process group...
[  557.861997] libprocessgroup: Successfully killed process cgroup uid 1041 pid 1305 in 420ms
[  557.938424] init: Command 'restart vendor.audio-hal' action=sys.audio.restart.hal=1 (/system/etc/init/audioserver.rc:40) took 521ms and succeeded
[  557.950472] init: Service 'vendor.audio-hal' (pid 1305) received signal 9
[  557.966597] init: Sending signal 9 to service 'audioserver' (pid 1369) process group...
[  558.114302] libprocessgroup: Successfully killed process cgroup uid 1041 pid 1369 in 144ms
[  558.212473] init: Command 'restart audioserver' action=onrestart (<Service 'vendor.audio-hal' onrestart>:1) took 259ms and succeeded
[  558.307858] init: Service 'audioserver' (pid 1369) received signal 9
[  558.477008] init: Command 'restart vendor.audio-hal-4-0-msd' action=sys.audio.restart.hal=1 (/system/etc/init/audioserver.rc:41) took 17ms and failed: service vendor.audio-hal-4-0-msd not found
[  558.520903] init: starting service 'audioserver'...
[  558.984335] init: starting service 'vendor.audio-hal'...
[  559.553428] init: Command 'restart vendor.audio-hal-2-0' action=sys.audio.restart.hal=1 (/system/etc/init/audioserver.rc:43) took 1ms and failed: service vendor.audio-hal-2-0 not found
[  559.601733] init: Command 'restart audio-hal-2-0' action=sys.audio.restart.hal=1 (/system/etc/init/audioserver.rc:44) took 1ms and failed: service audio-hal-2-0 not found
[  559.737016] init: Command 'setprop sys.audio.restart.hal 0' action=sys.audio.restart.hal=1 (/system/etc/init/audioserver.rc:46) took 116ms and succeeded
[  559.784520] init: processing action (init.svc.audioserver=running) from (/system/etc/init/audioserver.rc:32)
[  559.815252] init: Command 'start vendor.audio-hal-4-0-msd' action=init.svc.audioserver=running (/system/etc/init/audioserver.rc:34) took 13ms and failed: service vendor.audio-hal-4-0-msd not found
[  559.842466] init: Command 'start vendor.audio-hal-2-0' action=init.svc.audioserver=running (/system/etc/init/audioserver.rc:36) took 22ms and failed: service vendor.audio-hal-2-0 not found
[  559.858638] init: Command 'start audio-hal-2-0' action=init.svc.audioserver=running (/system/etc/init/audioserver.rc:37) took 0ms and failed: service audio-hal-2-0 not found
[  559.892289] init: processing action (init.svc.media=*) from (/system/etc/init/mediaserver.rc:1)
[  560.004875] init: Command 'setprop init.svc.mediadrm ${init.svc.media}' action=init.svc.media=* (/system/etc/init/mediaserver.rc:2) took 101ms and succeeded
[  560.019244] init: processing action (sys.init.updatable_crashing=1) from (/system/etc/init/flags_health_check.rc:10)
[  560.159204] init: starting service 'exec 40 (/system/bin/flags_health_check UPDATABLE_CRASHING)'...
[  560.774621] init: SVC_EXEC service 'exec 40 (/system/bin/flags_health_check UPDATABLE_CRASHING)' pid 1384 (uid 1000 gid 1000+0 context default) started; waiting...
[  560.844285] init: Command 'exec - system system -- /system/bin/flags_health_check UPDATABLE_CRASHING' action=sys.init.updatable_crashing=1 (/system/etc/init/flags_health_check.rc:11) took 763ms and succeeded
[  562.777859] init: Untracked pid 1318 received signal 14
[  563.054769] init: Untracked pid 1322 exited with status 0
[  563.173298] init: Service 'iorapd' (pid 475) received signal 6
[  563.190329] init: Sending signal 9 to service 'iorapd' (pid 475) process group...
[  563.304939] libprocessgroup: Successfully killed process cgroup uid 1071 pid 475 in 53ms
[  563.697777] init: starting service 'iorapd'...
[  565.525797] healthd: battery none chg=a
[  566.691215] init: Service 'exec 40 (/system/bin/flags_health_check UPDATABLE_CRASHING)' (pid 1384) exited with status 0 waiting took 6.040000 seconds
[  566.732581] init: Sending signal 9 to service 'exec 40 (/system/bin/flags_health_check UPDATABLE_CRASHING)' (pid 1384) process group...
[  566.799996] libprocessgroup: Successfully killed process cgroup uid 1000 pid 1384 in 35ms
[  566.900755] init: processing action (init.svc.mediadrm=running) from (/vendor/etc/init/android.hardware.drm@1.3-service.widevine.rc:1)
[  567.000729] init: processing action (init.svc.mediadrm=running) from (/vendor/etc/init/android.hardware.drm@1.3-service.widevine.rc:1)
[  567.064840] init: processing action (sys.audio.restart.hal=1) from (/system/etc/init/audioserver.rc:39)
[  567.078273] init: Sending signal 9 to service 'vendor.audio-hal' (pid 1382) process group...
[  567.302671] libprocessgroup: Successfully killed process cgroup uid 1041 pid 1382 in 209ms
[  567.436458] init: Command 'restart vendor.audio-hal' action=sys.audio.restart.hal=1 (/system/etc/init/audioserver.rc:40) took 369ms and succeeded
[  567.439195] init: Service 'vendor.audio-hal' (pid 1382) received signal 9
[  567.449779] init: Sending signal 9 to service 'audioserver' (pid 1380) process group...
[  567.836924] libprocessgroup: Successfully killed process cgroup uid 1041 pid 1380 in 359ms
[  567.980348] init: Command 'restart audioserver' action=onrestart (<Service 'vendor.audio-hal' onrestart>:1) took 538ms and succeeded
[  568.097381] init: Service 'audioserver' (pid 1380) received signal 9
[  568.194240] init: Command 'setprop sys.audio.restart.hal 1' action=onrestart (<Service 'audioserver' onrestart>:1) took 66ms and succeeded
[  568.397455] init: Command 'restart vendor.audio-hal-4-0-msd' action=sys.audio.restart.hal=1 (/system/etc/init/audioserver.rc:41) took 0ms and failed: service vendor.audio-hal-4-0-msd not found
[  568.511337] init: starting service 'audioserver'...
[  569.339706] init: starting service 'vendor.audio-hal'...
[  570.061631] init: Command 'restart vendor.audio-hal-2-0' action=sys.audio.restart.hal=1 (/system/etc/init/audioserver.rc:43) took 8ms and failed: service vendor.audio-hal-2-0 not found
[  570.092506] init: Command 'restart audio-hal-2-0' action=sys.audio.restart.hal=1 (/system/etc/init/audioserver.rc:44) took 0ms and failed: service audio-hal-2-0 not found
[  570.242104] init: Command 'setprop sys.audio.restart.hal 0' action=sys.audio.restart.hal=1 (/system/etc/init/audioserver.rc:46) took 122ms and succeeded
[  570.287396] init: processing action (init.svc.audioserver=running) from (/system/etc/init/audioserver.rc:32)
[  570.344971] init: Command 'start vendor.audio-hal-4-0-msd' action=init.svc.audioserver=running (/system/etc/init/audioserver.rc:34) took 0ms and failed: service vendor.audio-hal-4-0-msd not found
[  570.376652] init: Command 'start vendor.audio-hal-2-0' action=init.svc.audioserver=running (/system/etc/init/audioserver.rc:36) took 1ms and failed: service vendor.audio-hal-2-0 not found
[  570.415931] init: Command 'start audio-hal-2-0' action=init.svc.audioserver=running (/system/etc/init/audioserver.rc:37) took 0ms and failed: service audio-hal-2-0 not found
[  570.459104] init: processing action (init.svc.mediadrm=running) from (/vendor/etc/init/android.hardware.drm@1.3-service.widevine.rc:1)
[  570.539283] init: processing action (sys.audio.restart.hal=1) from (/system/etc/init/audioserver.rc:39)
[  570.558862] init: Sending signal 9 to service 'vendor.audio-hal' (pid 1400) process group...
[  570.838113] libprocessgroup: Successfully killed process cgroup uid 1041 pid 1400 in 274ms
[  570.969075] init: Command 'restart vendor.audio-hal' action=sys.audio.restart.hal=1 (/system/etc/init/audioserver.rc:40) took 410ms and succeeded
[  570.986913] init: Service 'vendor.audio-hal' (pid 1400) received signal 9
[  571.007915] init: Sending signal 9 to service 'audioserver' (pid 1399) process group...
[  571.117823] libprocessgroup: Successfully killed process cgroup uid 1041 pid 1399 in 98ms
[  571.214688] init: Command 'restart audioserver' action=onrestart (<Service 'vendor.audio-hal' onrestart>:1) took 214ms and succeeded
[  571.305473] init: Service 'audioserver' (pid 1399) received signal 9
[  571.417706] init: Command 'setprop sys.audio.restart.hal 1' action=onrestart (<Service 'audioserver' onrestart>:1) took 91ms and succeeded
[  571.506337] init: Command 'restart vendor.audio-hal-4-0-msd' action=sys.audio.restart.hal=1 (/system/etc/init/audioserver.rc:41) took 0ms and failed: service vendor.audio-hal-4-0-msd not found
[  571.534265] init: Command 'restart vendor.audio-hal-2-0' action=sys.audio.restart.hal=1 (/system/etc/init/audioserver.rc:43) took 0ms and failed: service vendor.audio-hal-2-0 not found
[  571.558010] init: Command 'restart audio-hal-2-0' action=sys.audio.restart.hal=1 (/system/etc/init/audioserver.rc:44) took 0ms and failed: service audio-hal-2-0 not found
[  571.638673] init: Command 'setprop sys.audio.restart.hal 0' action=sys.audio.restart.hal=1 (/system/etc/init/audioserver.rc:46) took 68ms and succeeded
[  571.657745] init: processing action (init.svc.audioserver=running) from (/system/etc/init/audioserver.rc:32)
[  571.721454] init: starting service 'vendor.audio-hal'...
[  572.287964] init: Command 'start vendor.audio-hal' action=init.svc.audioserver=running (/system/etc/init/audioserver.rc:33) took 589ms and succeeded
[  572.315044] init: Command 'start vendor.audio-hal-4-0-msd' action=init.svc.audioserver=running (/system/etc/init/audioserver.rc:34) took 0ms and failed: service vendor.audio-hal-4-0-msd not found
[  572.349705] init: Command 'start vendor.audio-hal-2-0' action=init.svc.audioserver=running (/system/etc/init/audioserver.rc:36) took 1ms and failed: service vendor.audio-hal-2-0 not found
[  572.401503] init: Command 'start audio-hal-2-0' action=init.svc.audioserver=running (/system/etc/init/audioserver.rc:37) took 1ms and failed: service audio-hal-2-0 not found
[  572.483763] init: processing action (sys.audio.restart.hal=1) from (/system/etc/init/audioserver.rc:39)
[  572.512729] init: Sending signal 9 to service 'vendor.audio-hal' (pid 1401) process group...
[  572.909935] libprocessgroup: Successfully killed process cgroup uid 1041 pid 1401 in 379ms
[  573.108198] init: Command 'restart vendor.audio-hal' action=sys.audio.restart.hal=1 (/system/etc/init/audioserver.rc:40) took 605ms and succeeded
[  573.130070] init: Service 'vendor.audio-hal' (pid 1401) received signal 9
[  573.278296] init: Command 'restart vendor.audio-hal-4-0-msd' action=sys.audio.restart.hal=1 (/system/etc/init/audioserver.rc:41) took 0ms and failed: service vendor.audio-hal-4-0-msd not found
[  573.294841] init: Command 'restart vendor.audio-hal-2-0' action=sys.audio.restart.hal=1 (/system/etc/init/audioserver.rc:43) took 0ms and failed: service vendor.audio-hal-2-0 not found
[  573.314307] init: Command 'restart audio-hal-2-0' action=sys.audio.restart.hal=1 (/system/etc/init/audioserver.rc:44) took 0ms and failed: service audio-hal-2-0 not found
[  573.409770] init: Command 'setprop sys.audio.restart.hal 0' action=sys.audio.restart.hal=1 (/system/etc/init/audioserver.rc:46) took 71ms and succeeded
[  574.083455] init: starting service 'audioserver'...
[  574.807244] init: processing action (init.svc.audioserver=running) from (/system/etc/init/audioserver.rc:32)
[  574.936143] init: starting service 'vendor.audio-hal'...
[  575.741259] init: Command 'start vendor.audio-hal' action=init.svc.audioserver=running (/system/etc/init/audioserver.rc:33) took 834ms and succeeded
[  575.772583] init: Command 'start vendor.audio-hal-4-0-msd' action=init.svc.audioserver=running (/system/etc/init/audioserver.rc:34) took 0ms and failed: service vendor.audio-hal-4-0-msd not found
[  575.792951] init: Command 'start vendor.audio-hal-2-0' action=init.svc.audioserver=running (/system/etc/init/audioserver.rc:36) took 0ms and failed: service vendor.audio-hal-2-0 not found
[  575.815738] init: Command 'start audio-hal-2-0' action=init.svc.audioserver=running (/system/etc/init/audioserver.rc:37) took 0ms and failed: service audio-hal-2-0 not found
[  579.076727] apexd: Boot never completed
[  579.098585] AidlLazyServiceRegistrar: Trying to shut down the service. No clients in use for any service in process.
[  579.293671] AidlLazyServiceRegistrar: Unregistered all clients and exiting
[  580.077694] init: Service 'apexd' (pid 229) exited with status 0 oneshot service took 537.088989 seconds in background
[  580.094898] init: Sending signal 9 to service 'apexd' (pid 229) process group...
[  580.167435] libprocessgroup: Successfully killed process cgroup uid 0 pid 229 in 28ms
[  586.012661] init: Untracked pid 1374 received signal 14
[  586.433233] init: Untracked pid 1378 exited with status 0
[  586.861766] init: Service 'mediaextractor' (pid 1317) received signal 11
[  586.882529] init: Sending signal 9 to service 'mediaextractor' (pid 1317) process group...
[  587.056749] libprocessgroup: Successfully killed process cgroup uid 1040 pid 1317 in 90ms
[  587.199757] init: updatable process 'mediaextractor' exited 4 times before boot completed
[  587.760375] init: processing action (sys.init.updatable_crashing=1) from (/system/etc/init/flags_health_check.rc:10)
[  587.909469] init: starting service 'exec 41 (/system/bin/flags_health_check UPDATABLE_CRASHING)'...
[  588.347255] init: SVC_EXEC service 'exec 41 (/system/bin/flags_health_check UPDATABLE_CRASHING)' pid 1427 (uid 1000 gid 1000+0 context default) started; waiting...
[  588.383068] init: Command 'exec - system system -- /system/bin/flags_health_check UPDATABLE_CRASHING' action=sys.init.updatable_crashing=1 (/system/etc/init/flags_health_check.rc:11) took 598ms and succeeded
[  588.518300] init: starting service 'mediaextractor'...
[  589.950999] selinux: SELinux: Could not get canonical path for /sys/devices/virtual/net/ipsec_test/queues/tx-0 restorecon: No such file or directory.
[  589.953973] selinux: 
[  589.976107] ueventd: selinux_android_restorecon(/sys/devices/virtual/net/ipsec_test/queues/tx-0) failed: No such file or directory
[  591.158683] init: Untracked pid 1388 exited with status 0
[  591.279734] init: Service 'zygote' (pid 1367) received signal 11
[  591.282374] init: Sending signal 9 to service 'zygote' (pid 1367) process group...
[  591.341322] libprocessgroup: Successfully killed process cgroup uid 0 pid 1367 in 46ms
[  591.358309] init: updatable process 'zygote' exited 4 times before boot completed
[  591.541524] init: starting service 'exec 42 (/system/bin/vdc volume abort_fuse)'...
[  591.773459] init: Command 'exec_background - system system -- /system/bin/vdc volume abort_fuse' action=onrestart (<Service 'zygote' onrestart>:1) took 283ms and succeeded
[  591.839271] init: Command 'write /sys/power/state on' action=onrestart (<Service 'zygote' onrestart>:2) took 50ms and failed: Unable to write to file '/sys/power/state': Unable to write file contents: Invalid argument
[  591.852145] init: Sending signal 9 to service 'audioserver' (pid 1402) process group...
[  592.202375] libprocessgroup: Successfully killed process cgroup uid 1041 pid 1402 in 335ms
[  592.289822] init: Command 'restart audioserver' action=onrestart (<Service 'zygote' onrestart>:3) took 434ms and succeeded
[  592.293722] init: Sending signal 9 to service 'cameraserver' (pid 1370) process group...
[  592.908930] libprocessgroup: Successfully killed process cgroup uid 1047 pid 1370 in 602ms
[  593.002512] init: Command 'restart cameraserver' action=onrestart (<Service 'zygote' onrestart>:4) took 707ms and succeeded
[  593.017536] init: Sending signal 9 to service 'media' (pid 1371) process group...
[  593.558054] libprocessgroup: Successfully killed process cgroup uid 1013 pid 1371 in 531ms
[  593.629767] init: Command 'restart media' action=onrestart (<Service 'zygote' onrestart>:5) took 613ms and succeeded
[  593.636802] init: Sending signal 9 to service 'netd' (pid 1372) process group...
[  593.928732] libprocessgroup: Successfully killed process cgroup uid 0 pid 1372 in 287ms
[  593.998282] init: Command 'restart netd' action=onrestart (<Service 'zygote' onrestart>:6) took 361ms and succeeded
[  594.001837] init: Sending signal 9 to service 'wificond' (pid 1373) process group...
[  594.215930] libprocessgroup: Successfully killed process cgroup uid 1010 pid 1373 in 203ms
[  594.274290] init: Command 'restart wificond' action=onrestart (<Service 'zygote' onrestart>:7) took 271ms and succeeded
[  594.446376] init: Service 'cameraserver' (pid 1370) received signal 9
[  594.573756] init: Service 'media' (pid 1371) received signal 9
[  594.669940] init: Service 'netd' (pid 1372) received signal 9
[  594.689598] init: Command 'restart zygote_secondary' action=onrestart (<Service 'netd' onrestart>:2) took 0ms and failed: service zygote_secondary not found
[  594.768957] init: Service 'wificond' (pid 1373) received signal 9
[  594.828778] init: Untracked pid 1390 exited with status 0
[  594.834936] init: Service 'audioserver' (pid 1402) received signal 9
[  594.905181] init: Command 'setprop sys.audio.restart.hal 1' action=onrestart (<Service 'audioserver' onrestart>:1) took 57ms and succeeded
[  594.976745] init: Untracked pid 1420 received signal 9
[  594.982624] init: Untracked pid 1424 received signal 9
[  594.990661] init: Service 'exec 41 (/system/bin/flags_health_check UPDATABLE_CRASHING)' (pid 1427) exited with status 0 waiting took 6.853000 seconds
[  595.007482] init: Sending signal 9 to service 'exec 41 (/system/bin/flags_health_check UPDATABLE_CRASHING)' (pid 1427) process group...
[  595.024707] libprocessgroup: Successfully killed process cgroup uid 1000 pid 1427 in 10ms
[  595.050103] init: Untracked pid 1423 received signal 9
[  595.057320] init: Untracked pid 1428 received signal 9
[  595.061251] init: Untracked pid 1394 received signal 9
[  595.071161] init: Untracked pid 1396 received signal 9
[  595.084775] init: processing action (sys.init.updatable_crashing=1) from (/system/etc/init/flags_health_check.rc:10)
[  595.110799] init: starting service 'exec 43 (/system/bin/flags_health_check UPDATABLE_CRASHING)'...
[  595.262258] init: SVC_EXEC service 'exec 43 (/system/bin/flags_health_check UPDATABLE_CRASHING)' pid 1450 (uid 1000 gid 1000+0 context default) started; waiting...
[  595.311985] init: Command 'exec - system system -- /system/bin/flags_health_check UPDATABLE_CRASHING' action=sys.init.updatable_crashing=1 (/system/etc/init/flags_health_check.rc:11) took 203ms and succeeded
[  595.354107] init: starting service 'zygote'...
[  595.401450] init: Created socket '/dev/socket/zygote', mode 660, user 0, group 1000
[  595.459905] init: Created socket '/dev/socket/usap_pool_primary', mode 660, user 0, group 1000
[  595.762090] init: starting service 'audioserver'...
[  596.172180] init: starting service 'cameraserver'...
[  596.576394] init: starting service 'media'...
[  597.055550] init: starting service 'netd'...
[  597.063172] libprocessgroup: Failed to open /dev/cpuset/camera-daemon/tasks: No such file or directory: No such file or directory
[  597.081426] libprocessgroup: Failed to apply CameraServiceCapacity task profile: No such file or directory
[  597.194932] init: Created socket '/dev/socket/dnsproxyd', mode 660, user 0, group 3003
[  597.302275] init: Created socket '/dev/socket/mdns', mode 660, user 0, group 1000
[  597.377971] init: Created socket '/dev/socket/fwmarkd', mode 660, user 0, group 3003
[  597.990485] init: starting service 'wificond'...
[  598.582669] init: Service 'exec 42 (/system/bin/vdc volume abort_fuse)' (pid 1448) exited with status 0 oneshot service took 6.845000 seconds in background
[  598.625786] init: Sending signal 9 to service 'exec 42 (/system/bin/vdc volume abort_fuse)' (pid 1448) process group...
[  598.691744] libprocessgroup: Successfully killed process cgroup uid 1000 pid 1448 in 26ms
[  599.256115] init: Service 'exec 43 (/system/bin/flags_health_check UPDATABLE_CRASHING)' (pid 1450) exited with status 0 waiting took 4.059000 seconds
[  599.275239] init: Sending signal 9 to service 'exec 43 (/system/bin/flags_health_check UPDATABLE_CRASHING)' (pid 1450) process group...
[  599.336312] libprocessgroup: Successfully killed process cgroup uid 1000 pid 1450 in 29ms
[  599.387648] init: processing action (init.svc.media=*) from (/system/etc/init/mediaserver.rc:1)
[  599.462400] init: Command 'setprop init.svc.mediadrm ${init.svc.media}' action=init.svc.media=* (/system/etc/init/mediaserver.rc:2) took 71ms and succeeded
[  599.504553] init: processing action (init.svc.media=*) from (/system/etc/init/mediaserver.rc:1)
[  599.566278] init: Command 'setprop init.svc.mediadrm ${init.svc.media}' action=init.svc.media=* (/system/etc/init/mediaserver.rc:2) took 56ms and succeeded
[  599.595999] init: processing action (sys.audio.restart.hal=1) from (/system/etc/init/audioserver.rc:39)
[  599.625850] init: Sending signal 9 to service 'vendor.audio-hal' (pid 1403) process group...
[  599.930203] libprocessgroup: Successfully killed process cgroup uid 1041 pid 1403 in 301ms
[  599.998151] init: Command 'restart vendor.audio-hal' action=sys.audio.restart.hal=1 (/system/etc/init/audioserver.rc:40) took 399ms and succeeded
[  600.002974] init: Service 'vendor.audio-hal' (pid 1403) received signal 9
[  600.012290] init: Sending signal 9 to service 'audioserver' (pid 1452) process group...
[  600.105645] libprocessgroup: Successfully killed process cgroup uid 1041 pid 1452 in 90ms
[  600.186388] init: Command 'restart audioserver' action=onrestart (<Service 'vendor.audio-hal' onrestart>:1) took 180ms and succeeded
[  600.272133] init: Service 'audioserver' (pid 1452) received signal 9
[  600.357838] init: Command 'setprop sys.audio.restart.hal 1' action=onrestart (<Service 'audioserver' onrestart>:1) took 82ms and succeeded
[  600.427038] init: Command 'restart vendor.audio-hal-4-0-msd' action=sys.audio.restart.hal=1 (/system/etc/init/audioserver.rc:41) took 0ms and failed: service vendor.audio-hal-4-0-msd not found
[  600.469393] init: starting service 'vendor.audio-hal'...
[  600.818374] init: Command 'restart vendor.audio-hal-2-0' action=sys.audio.restart.hal=1 (/system/etc/init/audioserver.rc:43) took 0ms and failed: service vendor.audio-hal-2-0 not found
[  600.841595] init: Command 'restart audio-hal-2-0' action=sys.audio.restart.hal=1 (/system/etc/init/audioserver.rc:44) took 14ms and failed: service audio-hal-2-0 not found
[  600.904545] init: Command 'setprop sys.audio.restart.hal 0' action=sys.audio.restart.hal=1 (/system/etc/init/audioserver.rc:46) took 58ms and succeeded
[  600.923798] init: processing action (init.svc.audioserver=running) from (/system/etc/init/audioserver.rc:32)
[  600.936224] init: Command 'start vendor.audio-hal-4-0-msd' action=init.svc.audioserver=running (/system/etc/init/audioserver.rc:34) took 9ms and failed: service vendor.audio-hal-4-0-msd not found
[  600.938759] init: Command 'start vendor.audio-hal-2-0' action=init.svc.audioserver=running (/system/etc/init/audioserver.rc:36) took 0ms and failed: service vendor.audio-hal-2-0 not found
[  600.956038] init: Command 'start audio-hal-2-0' action=init.svc.audioserver=running (/system/etc/init/audioserver.rc:37) took 0ms and failed: service audio-hal-2-0 not found
[  600.969384] init: processing action (init.svc.media=*) from (/system/etc/init/mediaserver.rc:1)
[  601.040906] init: Command 'setprop init.svc.mediadrm ${init.svc.media}' action=init.svc.media=* (/system/etc/init/mediaserver.rc:2) took 69ms and succeeded
[  601.069814] init: starting service 'audioserver'...
[  601.516358] init: processing action (init.svc.mediadrm=running) from (/vendor/etc/init/android.hardware.drm@1.3-service.widevine.rc:1)
[  601.556170] init: processing action (init.svc.mediadrm=running) from (/vendor/etc/init/android.hardware.drm@1.3-service.widevine.rc:1)
[  601.641147] init: processing action (sys.audio.restart.hal=1) from (/system/etc/init/audioserver.rc:39)
[  601.646351] init: Sending signal 9 to service 'vendor.audio-hal' (pid 1457) process group...
[  601.712123] libprocessgroup: Successfully killed process cgroup uid 1041 pid 1457 in 61ms
[  601.797922] init: Command 'restart vendor.audio-hal' action=sys.audio.restart.hal=1 (/system/etc/init/audioserver.rc:40) took 151ms and succeeded
[  601.801930] init: Service 'vendor.audio-hal' (pid 1457) received signal 9
[  601.820598] init: Sending signal 9 to service 'audioserver' (pid 1458) process group...
[  601.936844] libprocessgroup: Successfully killed process cgroup uid 1041 pid 1458 in 102ms
[  602.009180] init: Command 'restart audioserver' action=onrestart (<Service 'vendor.audio-hal' onrestart>:1) took 192ms and succeeded
[  602.040011] init: Service 'audioserver' (pid 1458) received signal 9
[  602.096761] init: Command 'setprop sys.audio.restart.hal 1' action=onrestart (<Service 'audioserver' onrestart>:1) took 51ms and succeeded
[  602.169698] init: Command 'restart vendor.audio-hal-4-0-msd' action=sys.audio.restart.hal=1 (/system/etc/init/audioserver.rc:41) took 0ms and failed: service vendor.audio-hal-4-0-msd not found
[  602.180852] init: Command 'restart vendor.audio-hal-2-0' action=sys.audio.restart.hal=1 (/system/etc/init/audioserver.rc:43) took 0ms and failed: service vendor.audio-hal-2-0 not found
[  602.186013] init: Command 'restart audio-hal-2-0' action=sys.audio.restart.hal=1 (/system/etc/init/audioserver.rc:44) took 0ms and failed: service audio-hal-2-0 not found
[  602.316689] init: Command 'setprop sys.audio.restart.hal 0' action=sys.audio.restart.hal=1 (/system/etc/init/audioserver.rc:46) took 100ms and succeeded
[  602.356385] init: processing action (init.svc.mediadrm=running) from (/vendor/etc/init/android.hardware.drm@1.3-service.widevine.rc:1)
[  602.412921] init: processing action (init.svc.audioserver=running) from (/system/etc/init/audioserver.rc:32)
[  602.475071] init: starting service 'vendor.audio-hal'...
[  603.070596] init: Command 'start vendor.audio-hal' action=init.svc.audioserver=running (/system/etc/init/audioserver.rc:33) took 613ms and succeeded
[  603.101130] init: Command 'start vendor.audio-hal-4-0-msd' action=init.svc.audioserver=running (/system/etc/init/audioserver.rc:34) took 0ms and failed: service vendor.audio-hal-4-0-msd not found
[  603.107790] init: Command 'start vendor.audio-hal-2-0' action=init.svc.audioserver=running (/system/etc/init/audioserver.rc:36) took 0ms and failed: service vendor.audio-hal-2-0 not found
[  603.157038] init: Command 'start audio-hal-2-0' action=init.svc.audioserver=running (/system/etc/init/audioserver.rc:37) took 0ms and failed: service audio-hal-2-0 not found
[  603.199909] init: processing action (sys.audio.restart.hal=1) from (/system/etc/init/audioserver.rc:39)
[  603.209721] init: Sending signal 9 to service 'vendor.audio-hal' (pid 1459) process group...
[  603.413482] libprocessgroup: Successfully killed process cgroup uid 1041 pid 1459 in 199ms
[  603.551051] init: Command 'restart vendor.audio-hal' action=sys.audio.restart.hal=1 (/system/etc/init/audioserver.rc:40) took 344ms and succeeded
[  603.586680] init: Service 'vendor.audio-hal' (pid 1459) received signal 9
[  603.694120] init: Command 'restart vendor.audio-hal-4-0-msd' action=sys.audio.restart.hal=1 (/system/etc/init/audioserver.rc:41) took 6ms and failed: service vendor.audio-hal-4-0-msd not found
[  603.725285] init: Command 'restart vendor.audio-hal-2-0' action=sys.audio.restart.hal=1 (/system/etc/init/audioserver.rc:43) took 11ms and failed: service vendor.audio-hal-2-0 not found
[  603.738539] init: Command 'restart audio-hal-2-0' action=sys.audio.restart.hal=1 (/system/etc/init/audioserver.rc:44) took 0ms and failed: service audio-hal-2-0 not found
[  603.814251] init: Command 'setprop sys.audio.restart.hal 0' action=sys.audio.restart.hal=1 (/system/etc/init/audioserver.rc:46) took 55ms and succeeded
[  606.318225] init: starting service 'audioserver'...
[  606.858836] init: processing action (init.svc.audioserver=running) from (/system/etc/init/audioserver.rc:32)
[  606.920677] init: starting service 'vendor.audio-hal'...
[  607.348958] init: Command 'start vendor.audio-hal' action=init.svc.audioserver=running (/system/etc/init/audioserver.rc:33) took 449ms and succeeded
[  607.377228] init: Command 'start vendor.audio-hal-4-0-msd' action=init.svc.audioserver=running (/system/etc/init/audioserver.rc:34) took 1ms and failed: service vendor.audio-hal-4-0-msd not found
[  607.380981] init: Command 'start vendor.audio-hal-2-0' action=init.svc.audioserver=running (/system/etc/init/audioserver.rc:36) took 0ms and failed: service vendor.audio-hal-2-0 not found
[  607.438878] init: Command 'start audio-hal-2-0' action=init.svc.audioserver=running (/system/etc/init/audioserver.rc:37) took 1ms and failed: service audio-hal-2-0 not found
[  611.392527] init: Untracked pid 1411 received signal 14
[  611.614569] init: Untracked pid 1414 exited with status 0
[  611.678731] init: Service 'media.swcodec' (pid 1375) received signal 11
[  611.689933] init: Sending signal 9 to service 'media.swcodec' (pid 1375) process group...
[  611.725760] libprocessgroup: Successfully killed process cgroup uid 1046 pid 1375 in 27ms
[  611.753054] init: updatable process 'media.swcodec' exited 4 times before boot completed
[  611.949553] init: processing action (sys.init.updatable_crashing=1) from (/system/etc/init/flags_health_check.rc:10)
[  612.009689] init: starting service 'exec 44 (/system/bin/flags_health_check UPDATABLE_CRASHING)'...
[  612.313497] init: SVC_EXEC service 'exec 44 (/system/bin/flags_health_check UPDATABLE_CRASHING)' pid 1479 (uid 1000 gid 1000+0 context default) started; waiting...
[  612.351697] init: Command 'exec - system system -- /system/bin/flags_health_check UPDATABLE_CRASHING' action=sys.init.updatable_crashing=1 (/system/etc/init/flags_health_check.rc:11) took 380ms and succeeded
[  612.455802] init: starting service 'media.swcodec'...
[  617.312577] init: Service 'exec 44 (/system/bin/flags_health_check UPDATABLE_CRASHING)' (pid 1479) exited with status 0 waiting took 5.097000 seconds
[  617.320105] init: Sending signal 9 to service 'exec 44 (/system/bin/flags_health_check UPDATABLE_CRASHING)' (pid 1479) process group...
[  617.340026] libprocessgroup: Successfully killed process cgroup uid 1000 pid 1479 in 14ms
[  625.156061] selinux: SELinux: Could not get canonical path for /sys/devices/virtual/net/ipsec_test/queues/rx-0 restorecon: No such file or directory.
[  625.157717] selinux: 
[  625.160148] ueventd: selinux_android_restorecon(/sys/devices/virtual/net/ipsec_test/queues/rx-0) failed: No such file or directory
[  625.589747] healthd: battery none chg=a
[  627.773845] init: Untracked pid 1466 exited with status 0
[  627.794171] init: Service 'zygote' (pid 1451) received signal 11
[  627.799218] init: Sending signal 9 to service 'zygote' (pid 1451) process group...
[  627.845286] libprocessgroup: Successfully killed process cgroup uid 0 pid 1451 in 16ms
[  627.893540] init: updatable process 'zygote' exited 4 times before boot completed
[  628.089081] init: starting service 'exec 45 (/system/bin/vdc volume abort_fuse)'...
[  628.289914] init: Command 'exec_background - system system -- /system/bin/vdc volume abort_fuse' action=onrestart (<Service 'zygote' onrestart>:1) took 255ms and succeeded
[  628.376672] init: Command 'write /sys/power/state on' action=onrestart (<Service 'zygote' onrestart>:2) took 65ms and failed: Unable to write to file '/sys/power/state': Unable to write file contents: Invalid argument
[  628.394920] init: Sending signal 9 to service 'audioserver' (pid 1469) process group...
[  629.715842] libprocessgroup: Successfully killed process cgroup uid 1041 pid 1469 in 1238ms
[  630.053567] init: Command 'restart audioserver' action=onrestart (<Service 'zygote' onrestart>:3) took 1657ms and succeeded
[  630.063412] init: Sending signal 9 to service 'cameraserver' (pid 1453) process group...
[  630.725111] libprocessgroup: Successfully killed process cgroup uid 1047 pid 1453 in 619ms
[  630.785061] init: Command 'restart cameraserver' action=onrestart (<Service 'zygote' onrestart>:4) took 726ms and succeeded
[  630.797803] init: Sending signal 9 to service 'media' (pid 1454) process group...
[  631.200700] libprocessgroup: Successfully killed process cgroup uid 1013 pid 1454 in 398ms
[  631.255236] init: Command 'restart media' action=onrestart (<Service 'zygote' onrestart>:5) took 467ms and succeeded
[  631.258246] init: Sending signal 9 to service 'netd' (pid 1455) process group...
[  631.593954] libprocessgroup: Successfully killed process cgroup uid 0 pid 1455 in 322ms
[  631.655805] init: Command 'restart netd' action=onrestart (<Service 'zygote' onrestart>:6) took 396ms and succeeded
[  631.658928] init: Sending signal 9 to service 'wificond' (pid 1456) process group...
[  631.899178] libprocessgroup: Successfully killed process cgroup uid 1010 pid 1456 in 226ms
[  631.996333] init: Command 'restart wificond' action=onrestart (<Service 'zygote' onrestart>:7) took 330ms and succeeded
[  632.170150] init: Service 'cameraserver' (pid 1453) received signal 9
[  632.332812] init: Service 'media' (pid 1454) received signal 9
[  632.443252] init: Service 'netd' (pid 1455) received signal 9
[  632.480138] init: Command 'restart zygote_secondary' action=onrestart (<Service 'netd' onrestart>:2) took 4ms and failed: service zygote_secondary not found
[  632.534701] init: Service 'wificond' (pid 1456) received signal 9
[  632.617537] init: Service 'audioserver' (pid 1469) received signal 9
[  632.684431] init: Command 'setprop sys.audio.restart.hal 1' action=onrestart (<Service 'audioserver' onrestart>:1) took 51ms and succeeded
[  632.801748] init: Untracked pid 1468 exited with status 0
[  632.824803] init: Untracked pid 1492 received signal 9
[  632.836583] init: Untracked pid 1495 received signal 9
[  632.846336] init: Untracked pid 1494 received signal 9
[  632.865306] init: Untracked pid 1497 received signal 9
[  632.887913] init: Service 'exec 45 (/system/bin/vdc volume abort_fuse)' (pid 1524) exited with status 0 oneshot service took 4.638000 seconds in background
[  632.891388] init: Sending signal 9 to service 'exec 45 (/system/bin/vdc volume abort_fuse)' (pid 1524) process group...
[  632.922886] libprocessgroup: Successfully killed process cgroup uid 1000 pid 1524 in 18ms
[  632.944676] init: Untracked pid 1471 received signal 9
[  632.950145] init: Untracked pid 1472 received signal 9
[  632.970209] init: processing action (sys.init.updatable_crashing=1) from (/system/etc/init/flags_health_check.rc:10)
[  633.080388] init: starting service 'exec 46 (/system/bin/flags_health_check UPDATABLE_CRASHING)'...
[  633.450552] init: SVC_EXEC service 'exec 46 (/system/bin/flags_health_check UPDATABLE_CRASHING)' pid 1531 (uid 1000 gid 1000+0 context default) started; waiting...
[  633.470440] init: Command 'exec - system system -- /system/bin/flags_health_check UPDATABLE_CRASHING' action=sys.init.updatable_crashing=1 (/system/etc/init/flags_health_check.rc:11) took 484ms and succeeded
[  633.522411] init: starting service 'zygote'...
[  633.664941] init: Created socket '/dev/socket/zygote', mode 660, user 0, group 1000
[  633.719893] init: Created socket '/dev/socket/usap_pool_primary', mode 660, user 0, group 1000
[  634.060033] init: starting service 'audioserver'...
[  634.382274] init: starting service 'cameraserver'...
[  634.860477] init: starting service 'media'...
[  635.230811] libprocessgroup: Failed to open /dev/cpuset/camera-daemon/tasks: No such file or directory: No such file or directory
[  635.234391] libprocessgroup: Failed to apply CameraServiceCapacity task profile: No such file or directory
[  635.355017] init: starting service 'netd'...
[  635.519608] init: Created socket '/dev/socket/dnsproxyd', mode 660, user 0, group 3003
[  635.582341] init: Created socket '/dev/socket/mdns', mode 660, user 0, group 1000
[  635.707408] init: Created socket '/dev/socket/fwmarkd', mode 660, user 0, group 3003
[  636.362167] init: starting service 'wificond'...
[  637.138204] init: Untracked pid 1460 received signal 14
[  637.936861] init: Untracked pid 1478 exited with status 0
[  638.347863] init: Service 'exec 46 (/system/bin/flags_health_check UPDATABLE_CRASHING)' (pid 1531) exited with status 0 waiting took 5.083000 seconds
[  638.368452] init: Sending signal 9 to service 'exec 46 (/system/bin/flags_health_check UPDATABLE_CRASHING)' (pid 1531) process group...
[  638.403236] libprocessgroup: Successfully killed process cgroup uid 1000 pid 1531 in 19ms
[  638.515150] init: processing action (init.svc.media=*) from (/system/etc/init/mediaserver.rc:1)
[  638.641997] init: Command 'setprop init.svc.mediadrm ${init.svc.media}' action=init.svc.media=* (/system/etc/init/mediaserver.rc:2) took 115ms and succeeded
[  638.669857] init: processing action (init.svc.media=*) from (/system/etc/init/mediaserver.rc:1)
[  638.748948] init: Command 'setprop init.svc.mediadrm ${init.svc.media}' action=init.svc.media=* (/system/etc/init/mediaserver.rc:2) took 76ms and succeeded
[  638.768485] init: processing action (sys.audio.restart.hal=1) from (/system/etc/init/audioserver.rc:39)
[  638.787012] init: Sending signal 9 to service 'vendor.audio-hal' (pid 1470) process group...
[  639.255817] libprocessgroup: Successfully killed process cgroup uid 1041 pid 1470 in 439ms
[  639.345770] init: Command 'restart vendor.audio-hal' action=sys.audio.restart.hal=1 (/system/etc/init/audioserver.rc:40) took 571ms and succeeded
[  639.350050] init: Service 'storaged' (pid 1273) received signal 11
[  639.364821] init: Sending signal 9 to service 'storaged' (pid 1273) process group...
[  639.383690] libprocessgroup: Successfully killed process cgroup uid 0 pid 1273 in 13ms
[  639.487900] init: Service 'vendor.audio-hal' (pid 1470) received signal 9
[  639.580599] init: Sending signal 9 to service 'audioserver' (pid 1534) process group...
[  639.749844] libprocessgroup: Successfully killed process cgroup uid 1041 pid 1534 in 166ms
[  639.800748] init: Command 'restart audioserver' action=onrestart (<Service 'vendor.audio-hal' onrestart>:1) took 310ms and succeeded
[  639.896609] init: Service 'mediaextractor' (pid 1430) received signal 11
[  639.898528] init: Sending signal 9 to service 'mediaextractor' (pid 1430) process group...
[  639.909448] libprocessgroup: Successfully killed process cgroup uid 1040 pid 1430 in 3ms
[  639.954399] init: updatable process 'mediaextractor' exited 4 times before boot completed
[  640.122438] init: Untracked pid 1474 received signal 14
[  640.134040] init: Untracked pid 1477 exited with status 0
[  640.147373] init: Service 'audioserver' (pid 1534) received signal 9
[  640.210537] init: Command 'setprop sys.audio.restart.hal 1' action=onrestart (<Service 'audioserver' onrestart>:1) took 53ms and succeeded
[  640.341728] init: Command 'restart vendor.audio-hal-4-0-msd' action=sys.audio.restart.hal=1 (/system/etc/init/audioserver.rc:41) took 25ms and failed: service vendor.audio-hal-4-0-msd not found
[  640.387888] init: starting service 'audioserver'...
[  640.742951] init: starting service 'mediaextractor'...
[  641.104399] init: starting service 'storaged'...
[  641.144964] init: Could not open file '/d/mmc0/mmc0:0001/ext_csd': Failed to open file '/d/mmc0/mmc0:0001/ext_csd': No such file or directory
[  641.842637] init: starting service 'vendor.audio-hal'...
[  642.552463] init: Command 'restart vendor.audio-hal-2-0' action=sys.audio.restart.hal=1 (/system/etc/init/audioserver.rc:43) took 2ms and failed: service vendor.audio-hal-2-0 not found
[  642.630971] init: Command 'restart audio-hal-2-0' action=sys.audio.restart.hal=1 (/system/etc/init/audioserver.rc:44) took 0ms and failed: service audio-hal-2-0 not found
[  642.795246] init: Command 'setprop sys.audio.restart.hal 0' action=sys.audio.restart.hal=1 (/system/etc/init/audioserver.rc:46) took 137ms and succeeded
[  642.841199] init: processing action (init.svc.audioserver=running) from (/system/etc/init/audioserver.rc:32)
[  642.895400] init: Command 'start vendor.audio-hal-4-0-msd' action=init.svc.audioserver=running (/system/etc/init/audioserver.rc:34) took 2ms and failed: service vendor.audio-hal-4-0-msd not found
[  642.918051] init: Command 'start vendor.audio-hal-2-0' action=init.svc.audioserver=running (/system/etc/init/audioserver.rc:36) took 0ms and failed: service vendor.audio-hal-2-0 not found
[  642.938252] init: Command 'start audio-hal-2-0' action=init.svc.audioserver=running (/system/etc/init/audioserver.rc:37) took 0ms and failed: service audio-hal-2-0 not found
[  643.001513] init: processing action (init.svc.media=*) from (/system/etc/init/mediaserver.rc:1)
[  643.162099] init: Command 'setprop init.svc.mediadrm ${init.svc.media}' action=init.svc.media=* (/system/etc/init/mediaserver.rc:2) took 111ms and succeeded
[  643.213882] init: processing action (init.svc.mediadrm=running) from (/vendor/etc/init/android.hardware.drm@1.3-service.widevine.rc:1)
[  643.366029] init: Command 'mkdir /data/vendor/mediadrm 0770 media mediadrm' action=init.svc.mediadrm=running (/vendor/etc/init/android.hardware.drm@1.3-service.widevine.rc:2) took 145ms and succeeded
[  643.487900] init: Command 'start vendor.move_data_sh' action=init.svc.mediadrm=running (/vendor/etc/init/android.hardware.drm@1.3-service.widevine.rc:3) took 67ms and succeeded
[  643.521171] init: processing action (init.svc.mediadrm=running) from (/vendor/etc/init/android.hardware.drm@1.3-service.widevine.rc:1)
[  643.642059] init: processing action (sys.init.updatable_crashing=1) from (/system/etc/init/flags_health_check.rc:10)
[  643.790989] init: starting service 'exec 47 (/system/bin/flags_health_check UPDATABLE_CRASHING)'...
[  644.368083] init: SVC_EXEC service 'exec 47 (/system/bin/flags_health_check UPDATABLE_CRASHING)' pid 1548 (uid 1000 gid 1000+0 context default) started; waiting...
[  644.455462] init: Command 'exec - system system -- /system/bin/flags_health_check UPDATABLE_CRASHING' action=sys.init.updatable_crashing=1 (/system/etc/init/flags_health_check.rc:11) took 732ms and succeeded
[  654.982518] init: Service 'exec 47 (/system/bin/flags_health_check UPDATABLE_CRASHING)' (pid 1548) exited with status 0 waiting took 10.837000 seconds
[  654.986115] init: Sending signal 9 to service 'exec 47 (/system/bin/flags_health_check UPDATABLE_CRASHING)' (pid 1548) process group...
[  655.041918] libprocessgroup: Successfully killed process cgroup uid 1000 pid 1548 in 25ms
[  655.110144] init: processing action (sys.audio.restart.hal=1) from (/system/etc/init/audioserver.rc:39)
[  655.128276] init: Sending signal 9 to service 'vendor.audio-hal' (pid 1545) process group...
[  655.325565] libprocessgroup: Successfully killed process cgroup uid 1041 pid 1545 in 194ms
[  655.410132] init: Command 'restart vendor.audio-hal' action=sys.audio.restart.hal=1 (/system/etc/init/audioserver.rc:40) took 295ms and succeeded
[  655.418061] init: Service 'vendor.audio-hal' (pid 1545) received signal 9
[  655.441994] init: Sending signal 9 to service 'audioserver' (pid 1542) process group...
[  655.729943] libprocessgroup: Successfully killed process cgroup uid 1041 pid 1542 in 278ms
[  655.799319] init: Command 'restart audioserver' action=onrestart (<Service 'vendor.audio-hal' onrestart>:1) took 373ms and succeeded
[  655.877086] init: Service 'audioserver' (pid 1542) received signal 9
[  655.936811] init: Command 'setprop sys.audio.restart.hal 1' action=onrestart (<Service 'audioserver' onrestart>:1) took 51ms and succeeded
[  656.080675] init: Command 'restart vendor.audio-hal-4-0-msd' action=sys.audio.restart.hal=1 (/system/etc/init/audioserver.rc:41) took 1ms and failed: service vendor.audio-hal-4-0-msd not found
[  656.146772] init: starting service 'audioserver'...
[  656.804594] init: starting service 'vendor.audio-hal'...
[  657.426282] init: Command 'restart vendor.audio-hal-2-0' action=sys.audio.restart.hal=1 (/system/etc/init/audioserver.rc:43) took 11ms and failed: service vendor.audio-hal-2-0 not found
[  657.454340] init: Command 'restart audio-hal-2-0' action=sys.audio.restart.hal=1 (/system/etc/init/audioserver.rc:44) took 1ms and failed: service audio-hal-2-0 not found
[  657.573111] init: Command 'setprop sys.audio.restart.hal 0' action=sys.audio.restart.hal=1 (/system/etc/init/audioserver.rc:46) took 83ms and succeeded
[  657.599389] init: processing action (init.svc.audioserver=running) from (/system/etc/init/audioserver.rc:32)
[  657.625453] init: Command 'start vendor.audio-hal-4-0-msd' action=init.svc.audioserver=running (/system/etc/init/audioserver.rc:34) took 1ms and failed: service vendor.audio-hal-4-0-msd not found
[  657.638251] init: Command 'start vendor.audio-hal-2-0' action=init.svc.audioserver=running (/system/etc/init/audioserver.rc:36) took 0ms and failed: service vendor.audio-hal-2-0 not found
[  657.667695] init: Command 'start audio-hal-2-0' action=init.svc.audioserver=running (/system/etc/init/audioserver.rc:37) took 0ms and failed: service audio-hal-2-0 not found
[  657.701797] init: processing action (init.svc.mediadrm=running) from (/vendor/etc/init/android.hardware.drm@1.3-service.widevine.rc:1)
[  657.765828] init: processing action (sys.audio.restart.hal=1) from (/system/etc/init/audioserver.rc:39)
[  657.769990] init: Sending signal 9 to service 'vendor.audio-hal' (pid 1563) process group...
[  658.062646] libprocessgroup: Successfully killed process cgroup uid 1041 pid 1563 in 267ms
[  658.189440] init: Command 'restart vendor.audio-hal' action=sys.audio.restart.hal=1 (/system/etc/init/audioserver.rc:40) took 402ms and succeeded
[  658.220472] init: Service 'vendor.audio-hal' (pid 1563) received signal 9
[  658.230744] init: Sending signal 9 to service 'audioserver' (pid 1562) process group...
[  658.321711] libprocessgroup: Successfully killed process cgroup uid 1041 pid 1562 in 58ms
[  658.405190] init: Command 'restart audioserver' action=onrestart (<Service 'vendor.audio-hal' onrestart>:1) took 181ms and succeeded
[  658.482458] init: Service 'audioserver' (pid 1562) received signal 9
[  658.561130] init: Command 'setprop sys.audio.restart.hal 1' action=onrestart (<Service 'audioserver' onrestart>:1) took 69ms and succeeded
[  658.647028] init: Command 'restart vendor.audio-hal-4-0-msd' action=sys.audio.restart.hal=1 (/system/etc/init/audioserver.rc:41) took 14ms and failed: service vendor.audio-hal-4-0-msd not found
[  658.653555] init: Command 'restart vendor.audio-hal-2-0' action=sys.audio.restart.hal=1 (/system/etc/init/audioserver.rc:43) took 0ms and failed: service vendor.audio-hal-2-0 not found
[  658.671549] init: Command 'restart audio-hal-2-0' action=sys.audio.restart.hal=1 (/system/etc/init/audioserver.rc:44) took 0ms and failed: service audio-hal-2-0 not found
[  658.772632] init: Command 'setprop sys.audio.restart.hal 0' action=sys.audio.restart.hal=1 (/system/etc/init/audioserver.rc:46) took 96ms and succeeded
[  658.796644] init: Untracked pid 1525 received signal 14
[  658.887789] init: processing action (init.svc.audioserver=running) from (/system/etc/init/audioserver.rc:32)
[  658.990373] init: starting service 'vendor.audio-hal'...
[  659.442419] init: Command 'start vendor.audio-hal' action=init.svc.audioserver=running (/system/etc/init/audioserver.rc:33) took 535ms and succeeded
[  659.457565] init: Service 'media.swcodec' (pid 1480) received signal 11
[  659.474529] init: Sending signal 9 to service 'media.swcodec' (pid 1480) process group...
[  659.504025] libprocessgroup: Successfully killed process cgroup uid 1046 pid 1480 in 16ms
[  659.522732] init: updatable process 'media.swcodec' exited 4 times before boot completed
[  659.963441] init: Untracked pid 1528 exited with status 0
[  659.982058] init: Command 'start vendor.audio-hal-4-0-msd' action=init.svc.audioserver=running (/system/etc/init/audioserver.rc:34) took 0ms and failed: service vendor.audio-hal-4-0-msd not found
[  660.051158] init: starting service 'media.swcodec'...
[  660.809511] init: Command 'start vendor.audio-hal-2-0' action=init.svc.audioserver=running (/system/etc/init/audioserver.rc:36) took 2ms and failed: service vendor.audio-hal-2-0 not found
[  660.839383] init: Command 'start audio-hal-2-0' action=init.svc.audioserver=running (/system/etc/init/audioserver.rc:37) took 0ms and failed: service audio-hal-2-0 not found
[  660.883505] init: processing action (sys.audio.restart.hal=1) from (/system/etc/init/audioserver.rc:39)
[  660.905195] init: Sending signal 9 to service 'vendor.audio-hal' (pid 1565) process group...
[  660.964640] libprocessgroup: Successfully killed process cgroup uid 1041 pid 1565 in 53ms
[  661.139673] init: Command 'restart vendor.audio-hal' action=sys.audio.restart.hal=1 (/system/etc/init/audioserver.rc:40) took 251ms and succeeded
[  661.166361] init: Service 'vendor.audio-hal' (pid 1565) received signal 9
[  661.304560] init: Command 'restart vendor.audio-hal-4-0-msd' action=sys.audio.restart.hal=1 (/system/etc/init/audioserver.rc:41) took 18ms and failed: service vendor.audio-hal-4-0-msd not found
[  661.322551] init: Command 'restart vendor.audio-hal-2-0' action=sys.audio.restart.hal=1 (/system/etc/init/audioserver.rc:43) took 12ms and failed: service vendor.audio-hal-2-0 not found
[  661.357289] init: Command 'restart audio-hal-2-0' action=sys.audio.restart.hal=1 (/system/etc/init/audioserver.rc:44) took 1ms and failed: service audio-hal-2-0 not found
[  661.489808] init: Command 'setprop sys.audio.restart.hal 0' action=sys.audio.restart.hal=1 (/system/etc/init/audioserver.rc:46) took 90ms and succeeded
[  661.644774] init: starting service 'audioserver'...
[  662.333063] init: processing action (sys.init.updatable_crashing=1) from (/system/etc/init/flags_health_check.rc:10)
[  662.429976] init: starting service 'exec 48 (/system/bin/flags_health_check UPDATABLE_CRASHING)'...
[  663.001831] init: SVC_EXEC service 'exec 48 (/system/bin/flags_health_check UPDATABLE_CRASHING)' pid 1569 (uid 1000 gid 1000+0 context default) started; waiting...
[  663.078251] init: Command 'exec - system system -- /system/bin/flags_health_check UPDATABLE_CRASHING' action=sys.init.updatable_crashing=1 (/system/etc/init/flags_health_check.rc:11) took 695ms and succeeded
[  664.294877] init: starting service 'vendor.audio-hal'...
[  670.578540] init: Service 'exec 48 (/system/bin/flags_health_check UPDATABLE_CRASHING)' (pid 1569) exited with status 0 waiting took 7.719000 seconds
[  670.589009] init: Sending signal 9 to service 'exec 48 (/system/bin/flags_health_check UPDATABLE_CRASHING)' (pid 1569) process group...
[  670.630680] libprocessgroup: Successfully killed process cgroup uid 1000 pid 1569 in 21ms
[  670.738340] init: processing action (init.svc.audioserver=running) from (/system/etc/init/audioserver.rc:32)
[  670.755219] init: Command 'start vendor.audio-hal-4-0-msd' action=init.svc.audioserver=running (/system/etc/init/audioserver.rc:34) took 0ms and failed: service vendor.audio-hal-4-0-msd not found
[  670.813867] init: Command 'start vendor.audio-hal-2-0' action=init.svc.audioserver=running (/system/etc/init/audioserver.rc:36) took 0ms and failed: service vendor.audio-hal-2-0 not found
[  670.834947] init: Command 'start audio-hal-2-0' action=init.svc.audioserver=running (/system/etc/init/audioserver.rc:37) took 0ms and failed: service audio-hal-2-0 not found
[  674.140476] init: Untracked pid 1552 exited with status 0
[  674.257897] init: Service 'zygote' (pid 1532) received signal 11
[  674.279205] init: Sending signal 9 to service 'zygote' (pid 1532) process group...
[  674.330833] libprocessgroup: Successfully killed process cgroup uid 0 pid 1532 in 10ms
[  674.393980] init: updatable process 'zygote' exited 4 times before boot completed
[  674.626335] init: starting service 'exec 49 (/system/bin/vdc volume abort_fuse)'...
[  674.869031] init: Command 'exec_background - system system -- /system/bin/vdc volume abort_fuse' action=onrestart (<Service 'zygote' onrestart>:1) took 302ms and succeeded
[  674.949256] init: Command 'write /sys/power/state on' action=onrestart (<Service 'zygote' onrestart>:2) took 65ms and failed: Unable to write to file '/sys/power/state': Unable to write file contents: Invalid argument
[  674.962448] init: Sending signal 9 to service 'audioserver' (pid 1568) process group...
[  675.452791] libprocessgroup: Successfully killed process cgroup uid 1041 pid 1568 in 484ms
[  675.549214] init: Command 'restart audioserver' action=onrestart (<Service 'zygote' onrestart>:3) took 589ms and succeeded
[  675.556553] init: Sending signal 9 to service 'cameraserver' (pid 1536) process group...
[  676.192949] libprocessgroup: Successfully killed process cgroup uid 1047 pid 1536 in 618ms
[  676.250074] init: Command 'restart cameraserver' action=onrestart (<Service 'zygote' onrestart>:4) took 696ms and succeeded
[  676.254750] init: Sending signal 9 to service 'media' (pid 1537) process group...
[  676.578736] libprocessgroup: Successfully killed process cgroup uid 1013 pid 1537 in 295ms
[  676.659557] init: Command 'restart media' action=onrestart (<Service 'zygote' onrestart>:5) took 402ms and succeeded
[  676.674913] init: Sending signal 9 to service 'netd' (pid 1538) process group...
[  677.023915] libprocessgroup: Successfully killed process cgroup uid 0 pid 1538 in 342ms
[  677.089223] init: Command 'restart netd' action=onrestart (<Service 'zygote' onrestart>:6) took 425ms and succeeded
[  677.102586] init: Sending signal 9 to service 'wificond' (pid 1539) process group...
[  677.351143] libprocessgroup: Successfully killed process cgroup uid 1010 pid 1539 in 241ms
[  677.437443] init: Command 'restart wificond' action=onrestart (<Service 'zygote' onrestart>:7) took 335ms and succeeded
[  677.555209] init: Service 'cameraserver' (pid 1536) received signal 9
[  677.674781] init: Service 'media' (pid 1537) received signal 9
[  677.787336] init: Service 'netd' (pid 1538) received signal 9
[  677.816149] init: Command 'restart zygote_secondary' action=onrestart (<Service 'netd' onrestart>:2) took 2ms and failed: service zygote_secondary not found
[  677.907771] init: Service 'wificond' (pid 1539) received signal 9
[  677.984643] init: Untracked pid 1554 exited with status 0
[  677.989996] init: Service 'audioserver' (pid 1568) received signal 9
[  678.121435] init: Untracked pid 1579 received signal 9
[  678.130357] init: Untracked pid 1580 received signal 9
[  678.137700] init: Untracked pid 1586 received signal 9
[  678.151159] init: Untracked pid 1587 received signal 9
[  678.160149] init: Untracked pid 1555 received signal 9
[  678.176459] init: Untracked pid 1556 received signal 9
[  678.232606] init: processing action (sys.init.updatable_crashing=1) from (/system/etc/init/flags_health_check.rc:10)
[  678.297242] init: starting service 'exec 50 (/system/bin/flags_health_check UPDATABLE_CRASHING)'...
[  678.448357] init: SVC_EXEC service 'exec 50 (/system/bin/flags_health_check UPDATABLE_CRASHING)' pid 1618 (uid 1000 gid 1000+0 context default) started; waiting...
[  678.454891] init: Command 'exec - system system -- /system/bin/flags_health_check UPDATABLE_CRASHING' action=sys.init.updatable_crashing=1 (/system/etc/init/flags_health_check.rc:11) took 215ms and succeeded
[  678.495375] init: starting service 'zygote'...
[  678.567142] init: Created socket '/dev/socket/zygote', mode 660, user 0, group 1000
[  678.610799] init: Created socket '/dev/socket/usap_pool_primary', mode 660, user 0, group 1000
[  678.954749] init: starting service 'audioserver'...
[  679.476619] init: starting service 'cameraserver'...
[  679.984855] init: starting service 'media'...
[  680.594469] init: starting service 'netd'...
[  680.691026] libprocessgroup: Failed to open /dev/cpuset/camera-daemon/tasks: No such file or directory: No such file or directory
[  680.700876] libprocessgroup: Failed to apply CameraServiceCapacity task profile: No such file or directory
[  680.725783] init: Created socket '/dev/socket/dnsproxyd', mode 660, user 0, group 3003
[  680.813801] init: Created socket '/dev/socket/mdns', mode 660, user 0, group 1000
[  680.895319] init: Created socket '/dev/socket/fwmarkd', mode 660, user 0, group 3003
[  681.568438] init: starting service 'wificond'...
[  685.697508] healthd: battery none chg=a
[  688.220804] init: Service 'exec 49 (/system/bin/vdc volume abort_fuse)' (pid 1611) exited with status 0 oneshot service took 13.407000 seconds in background
[  688.241533] init: Sending signal 9 to service 'exec 49 (/system/bin/vdc volume abort_fuse)' (pid 1611) process group...
[  688.315932] libprocessgroup: Successfully killed process cgroup uid 1000 pid 1611 in 52ms
[  688.398269] init: Service 'exec 50 (/system/bin/flags_health_check UPDATABLE_CRASHING)' (pid 1618) exited with status 0 waiting took 9.986000 seconds
[  688.423882] init: Sending signal 9 to service 'exec 50 (/system/bin/flags_health_check UPDATABLE_CRASHING)' (pid 1618) process group...
[  688.473251] libprocessgroup: Successfully killed process cgroup uid 1000 pid 1618 in 23ms
[  688.622248] init: processing action (init.svc.media=*) from (/system/etc/init/mediaserver.rc:1)
[  688.780532] init: Command 'setprop init.svc.mediadrm ${init.svc.media}' action=init.svc.media=* (/system/etc/init/mediaserver.rc:2) took 133ms and succeeded
[  688.811704] init: processing action (init.svc.media=*) from (/system/etc/init/mediaserver.rc:1)
[  688.936827] init: Command 'setprop init.svc.mediadrm ${init.svc.media}' action=init.svc.media=* (/system/etc/init/mediaserver.rc:2) took 120ms and succeeded
[  688.969722] init: processing action (sys.audio.restart.hal=1) from (/system/etc/init/audioserver.rc:39)
[  689.007626] init: Sending signal 9 to service 'vendor.audio-hal' (pid 1575) process group...
[  689.557748] libprocessgroup: Successfully killed process cgroup uid 1041 pid 1575 in 505ms
[  689.715513] init: Command 'restart vendor.audio-hal' action=sys.audio.restart.hal=1 (/system/etc/init/audioserver.rc:40) took 733ms and succeeded
[  689.740853] init: Service 'vendor.audio-hal' (pid 1575) received signal 9
[  689.754957] init: Sending signal 9 to service 'audioserver' (pid 1620) process group...
[  690.599932] libprocessgroup: Successfully killed process cgroup uid 1041 pid 1620 in 797ms
[  690.818241] init: Command 'restart audioserver' action=onrestart (<Service 'vendor.audio-hal' onrestart>:1) took 1069ms and succeeded
[  691.005600] init: Service 'audioserver' (pid 1620) received signal 9
[  691.141186] init: Command 'setprop sys.audio.restart.hal 1' action=onrestart (<Service 'audioserver' onrestart>:1) took 118ms and succeeded
[  691.437232] init: Command 'restart vendor.audio-hal-4-0-msd' action=sys.audio.restart.hal=1 (/system/etc/init/audioserver.rc:41) took 0ms and failed: service vendor.audio-hal-4-0-msd not found
[  691.544077] init: starting service 'audioserver'...
[  692.314003] init: starting service 'vendor.audio-hal'...
[  693.378140] init: Command 'restart vendor.audio-hal-2-0' action=sys.audio.restart.hal=1 (/system/etc/init/audioserver.rc:43) took 1ms and failed: service vendor.audio-hal-2-0 not found
[  693.418492] init: Command 'restart audio-hal-2-0' action=sys.audio.restart.hal=1 (/system/etc/init/audioserver.rc:44) took 0ms and failed: service audio-hal-2-0 not found
[  693.512436] init: Command 'setprop sys.audio.restart.hal 0' action=sys.audio.restart.hal=1 (/system/etc/init/audioserver.rc:46) took 87ms and succeeded
[  693.544770] init: processing action (init.svc.audioserver=running) from (/system/etc/init/audioserver.rc:32)
[  693.550541] init: Command 'start vendor.audio-hal-4-0-msd' action=init.svc.audioserver=running (/system/etc/init/audioserver.rc:34) took 0ms and failed: service vendor.audio-hal-4-0-msd not found
[  693.584027] init: Command 'start vendor.audio-hal-2-0' action=init.svc.audioserver=running (/system/etc/init/audioserver.rc:36) took 0ms and failed: service vendor.audio-hal-2-0 not found
[  693.589365] init: Command 'start audio-hal-2-0' action=init.svc.audioserver=running (/system/etc/init/audioserver.rc:37) took 0ms and failed: service audio-hal-2-0 not found
[  693.616361] init: processing action (init.svc.media=*) from (/system/etc/init/mediaserver.rc:1)
[  693.714433] init: Command 'setprop init.svc.mediadrm ${init.svc.media}' action=init.svc.media=* (/system/etc/init/mediaserver.rc:2) took 94ms and succeeded
[  693.729934] init: processing action (init.svc.mediadrm=running) from (/vendor/etc/init/android.hardware.drm@1.3-service.widevine.rc:1)
[  693.798023] init: processing action (init.svc.mediadrm=running) from (/vendor/etc/init/android.hardware.drm@1.3-service.widevine.rc:1)
[  693.853977] init: processing action (sys.audio.restart.hal=1) from (/system/etc/init/audioserver.rc:39)
[  693.868863] init: Sending signal 9 to service 'vendor.audio-hal' (pid 1641) process group...
[  694.109053] libprocessgroup: Successfully killed process cgroup uid 1041 pid 1641 in 234ms
[  694.194431] init: Command 'restart vendor.audio-hal' action=sys.audio.restart.hal=1 (/system/etc/init/audioserver.rc:40) took 337ms and succeeded
[  694.224815] init: Service 'vendor.audio-hal' (pid 1641) received signal 9
[  694.250017] init: Sending signal 9 to service 'audioserver' (pid 1636) process group...
[  694.320927] libprocessgroup: Successfully killed process cgroup uid 1041 pid 1636 in 52ms
[  694.401723] init: Command 'restart audioserver' action=onrestart (<Service 'vendor.audio-hal' onrestart>:1) took 172ms and succeeded
[  694.484205] init: Service 'audioserver' (pid 1636) received signal 9
[  694.561532] init: Command 'setprop sys.audio.restart.hal 1' action=onrestart (<Service 'audioserver' onrestart>:1) took 74ms and succeeded
[  694.634018] init: Command 'restart vendor.audio-hal-4-0-msd' action=sys.audio.restart.hal=1 (/system/etc/init/audioserver.rc:41) took 0ms and failed: service vendor.audio-hal-4-0-msd not found
[  694.644527] init: Command 'restart vendor.audio-hal-2-0' action=sys.audio.restart.hal=1 (/system/etc/init/audioserver.rc:43) took 0ms and failed: service vendor.audio-hal-2-0 not found
[  694.656379] init: Command 'restart audio-hal-2-0' action=sys.audio.restart.hal=1 (/system/etc/init/audioserver.rc:44) took 0ms and failed: service audio-hal-2-0 not found
[  694.722025] init: Command 'setprop sys.audio.restart.hal 0' action=sys.audio.restart.hal=1 (/system/etc/init/audioserver.rc:46) took 51ms and succeeded
[  694.737158] init: processing action (init.svc.audioserver=running) from (/system/etc/init/audioserver.rc:32)
[  694.769473] init: starting service 'vendor.audio-hal'...
[  695.145035] init: Command 'start vendor.audio-hal' action=init.svc.audioserver=running (/system/etc/init/audioserver.rc:33) took 400ms and succeeded
[  695.183825] init: Command 'start vendor.audio-hal-4-0-msd' action=init.svc.audioserver=running (/system/etc/init/audioserver.rc:34) took 0ms and failed: service vendor.audio-hal-4-0-msd not found
[  695.200645] init: Command 'start vendor.audio-hal-2-0' action=init.svc.audioserver=running (/system/etc/init/audioserver.rc:36) took 10ms and failed: service vendor.audio-hal-2-0 not found
[  695.247799] init: Command 'start audio-hal-2-0' action=init.svc.audioserver=running (/system/etc/init/audioserver.rc:37) took 0ms and failed: service audio-hal-2-0 not found
[  695.277770] init: processing action (init.svc.mediadrm=running) from (/vendor/etc/init/android.hardware.drm@1.3-service.widevine.rc:1)
[  695.319075] init: processing action (sys.audio.restart.hal=1) from (/system/etc/init/audioserver.rc:39)
[  695.321895] init: Sending signal 9 to service 'vendor.audio-hal' (pid 1643) process group...
[  695.485053] libprocessgroup: Successfully killed process cgroup uid 1041 pid 1643 in 144ms
[  695.570879] init: Command 'restart vendor.audio-hal' action=sys.audio.restart.hal=1 (/system/etc/init/audioserver.rc:40) took 248ms and succeeded
[  695.588320] init: Service 'vendor.audio-hal' (pid 1643) received signal 9
[  695.677505] init: Command 'restart vendor.audio-hal-4-0-msd' action=sys.audio.restart.hal=1 (/system/etc/init/audioserver.rc:41) took 0ms and failed: service vendor.audio-hal-4-0-msd not found
[  695.705080] init: Command 'restart vendor.audio-hal-2-0' action=sys.audio.restart.hal=1 (/system/etc/init/audioserver.rc:43) took 1ms and failed: service vendor.audio-hal-2-0 not found
[  695.717694] init: Command 'restart audio-hal-2-0' action=sys.audio.restart.hal=1 (/system/etc/init/audioserver.rc:44) took 2ms and failed: service audio-hal-2-0 not found
[  696.916478] init: starting service 'audioserver'...
[  697.450433] init: processing action (init.svc.audioserver=running) from (/system/etc/init/audioserver.rc:32)
[  697.543533] init: starting service 'vendor.audio-hal'...
[  697.948081] init: Command 'start vendor.audio-hal' action=init.svc.audioserver=running (/system/etc/init/audioserver.rc:33) took 471ms and succeeded
[  697.971312] init: Command 'start vendor.audio-hal-4-0-msd' action=init.svc.audioserver=running (/system/etc/init/audioserver.rc:34) took 18ms and failed: service vendor.audio-hal-4-0-msd not found
[  698.005613] init: Command 'start vendor.audio-hal-2-0' action=init.svc.audioserver=running (/system/etc/init/audioserver.rc:36) took 0ms and failed: service vendor.audio-hal-2-0 not found
[  698.029402] init: Command 'start audio-hal-2-0' action=init.svc.audioserver=running (/system/etc/init/audioserver.rc:37) took 1ms and failed: service audio-hal-2-0 not found
[  705.081426] init: Untracked pid 1610 received signal 14
[  705.506264] init: Untracked pid 1613 exited with status 0
[  705.748564] init: Service 'mediaextractor' (pid 1543) received signal 11
[  705.762514] init: Sending signal 9 to service 'mediaextractor' (pid 1543) process group...
[  705.804736] libprocessgroup: Successfully killed process cgroup uid 1040 pid 1543 in 28ms
[  705.864821] init: updatable process 'mediaextractor' exited 4 times before boot completed
[  706.294253] init: processing action (sys.init.updatable_crashing=1) from (/system/etc/init/flags_health_check.rc:10)
[  706.469060] init: starting service 'exec 51 (/system/bin/flags_health_check UPDATABLE_CRASHING)'...
[  707.125665] init: SVC_EXEC service 'exec 51 (/system/bin/flags_health_check UPDATABLE_CRASHING)' pid 1658 (uid 1000 gid 1000+0 context default) started; waiting...
[  707.166937] init: Command 'exec - system system -- /system/bin/flags_health_check UPDATABLE_CRASHING' action=sys.init.updatable_crashing=1 (/system/etc/init/flags_health_check.rc:11) took 843ms and succeeded
[  707.286270] init: starting service 'mediaextractor'...
[  709.877698] init: Untracked pid 1621 received signal 14
[  710.193458] init: Untracked pid 1624 exited with status 0
[  710.461399] init: Service 'media.swcodec' (pid 1567) received signal 11
[  710.476470] init: Sending signal 9 to service 'media.swcodec' (pid 1567) process group...
[  710.513561] libprocessgroup: Successfully killed process cgroup uid 1046 pid 1567 in 22ms
[  710.519754] selinux: SELinux:  Could not stat /sys/devices/virtual/net/ipsec_test/queues/tx-0: No such file or directory.
[  710.521542] selinux: 
[  710.557750] init: updatable process 'media.swcodec' exited 4 times before boot completed
[  711.085026] init: starting service 'media.swcodec'...
[  714.781561] init: Service 'exec 51 (/system/bin/flags_health_check UPDATABLE_CRASHING)' (pid 1658) exited with status 0 waiting took 7.947000 seconds
[  714.785576] init: Sending signal 9 to service 'exec 51 (/system/bin/flags_health_check UPDATABLE_CRASHING)' (pid 1658) process group...
[  714.837836] libprocessgroup: Successfully killed process cgroup uid 1000 pid 1658 in 25ms
[  714.904813] init: processing action (sys.init.updatable_crashing=1) from (/system/etc/init/flags_health_check.rc:10)
[  714.996806] init: starting service 'exec 52 (/system/bin/flags_health_check UPDATABLE_CRASHING)'...
[  715.309951] init: SVC_EXEC service 'exec 52 (/system/bin/flags_health_check UPDATABLE_CRASHING)' pid 1680 (uid 1000 gid 1000+0 context default) started; waiting...
[  715.329045] init: Command 'exec - system system -- /system/bin/flags_health_check UPDATABLE_CRASHING' action=sys.init.updatable_crashing=1 (/system/etc/init/flags_health_check.rc:11) took 393ms and succeeded
[  716.845593] init: Untracked pid 1637 exited with status 0
[  716.958875] init: Service 'zygote' (pid 1619) received signal 11
[  716.982617] init: Sending signal 9 to service 'zygote' (pid 1619) process group...
[  717.025192] libprocessgroup: Successfully killed process cgroup uid 0 pid 1619 in 23ms
[  717.124322] init: updatable process 'zygote' exited 4 times before boot completed
[  717.217230] init: starting service 'exec 53 (/system/bin/vdc volume abort_fuse)'...
[  717.478816] init: Command 'exec_background - system system -- /system/bin/vdc volume abort_fuse' action=onrestart (<Service 'zygote' onrestart>:1) took 267ms and succeeded
[  717.582642] init: Command 'write /sys/power/state on' action=onrestart (<Service 'zygote' onrestart>:2) took 58ms and failed: Unable to write to file '/sys/power/state': Unable to write file contents: Invalid argument
[  717.587383] init: Sending signal 9 to service 'audioserver' (pid 1645) process group...
[  717.947579] libprocessgroup: Successfully killed process cgroup uid 1041 pid 1645 in 345ms
[  718.068911] init: Command 'restart audioserver' action=onrestart (<Service 'zygote' onrestart>:3) took 475ms and succeeded
[  718.089347] init: Sending signal 9 to service 'cameraserver' (pid 1622) process group...
[  718.555811] libprocessgroup: Successfully killed process cgroup uid 1047 pid 1622 in 451ms
[  718.642374] init: Command 'restart cameraserver' action=onrestart (<Service 'zygote' onrestart>:4) took 567ms and succeeded
[  718.653883] init: Sending signal 9 to service 'media' (pid 1625) process group...
[  719.070765] libprocessgroup: Successfully killed process cgroup uid 1013 pid 1625 in 403ms
[  719.162879] init: Command 'restart media' action=onrestart (<Service 'zygote' onrestart>:5) took 508ms and succeeded
[  719.206167] init: Sending signal 9 to service 'netd' (pid 1626) process group...
[  719.573007] libprocessgroup: Successfully killed process cgroup uid 0 pid 1626 in 360ms
[  719.658553] init: Command 'restart netd' action=onrestart (<Service 'zygote' onrestart>:6) took 488ms and succeeded
[  719.671067] init: Sending signal 9 to service 'wificond' (pid 1629) process group...
[  719.884115] libprocessgroup: Successfully killed process cgroup uid 1010 pid 1629 in 198ms
[  719.953751] init: Command 'restart wificond' action=onrestart (<Service 'zygote' onrestart>:7) took 283ms and succeeded
[  720.064591] init: Service 'cameraserver' (pid 1622) received signal 9
[  720.202771] init: Service 'media' (pid 1625) received signal 9
[  720.419817] init: Service 'netd' (pid 1626) received signal 9
[  720.436269] init: Command 'restart zygote_secondary' action=onrestart (<Service 'netd' onrestart>:2) took 0ms and failed: service zygote_secondary not found
[  720.498337] init: Service 'wificond' (pid 1629) received signal 9
[  720.578809] init: Untracked pid 1640 exited with status 0
[  720.601737] init: Service 'audioserver' (pid 1645) received signal 9
[  720.701812] init: Untracked pid 1676 received signal 9
[  720.714876] init: Untracked pid 1678 received signal 9
[  720.731233] init: Service 'exec 52 (/system/bin/flags_health_check UPDATABLE_CRASHING)' (pid 1680) exited with status 0 waiting took 5.512000 seconds
[  720.735778] init: Sending signal 9 to service 'exec 52 (/system/bin/flags_health_check UPDATABLE_CRASHING)' (pid 1680) process group...
[  720.766894] libprocessgroup: Successfully killed process cgroup uid 1000 pid 1680 in 20ms
[  720.785948] init: Service 'exec 53 (/system/bin/vdc volume abort_fuse)' (pid 1686) exited with status 0 oneshot service took 3.376000 seconds in background
[  720.789042] init: Sending signal 9 to service 'exec 53 (/system/bin/vdc volume abort_fuse)' (pid 1686) process group...
[  720.819541] libprocessgroup: Successfully killed process cgroup uid 1000 pid 1686 in 13ms
[  720.839365] init: Untracked pid 1681 received signal 9
[  720.853187] init: Untracked pid 1630 received signal 9
[  720.872909] init: Untracked pid 1631 received signal 9
[  720.898293] init: processing action (sys.init.updatable_crashing=1) from (/system/etc/init/flags_health_check.rc:10)
[  720.930627] init: starting service 'exec 54 (/system/bin/flags_health_check UPDATABLE_CRASHING)'...
[  721.066706] init: SVC_EXEC service 'exec 54 (/system/bin/flags_health_check UPDATABLE_CRASHING)' pid 1689 (uid 1000 gid 1000+0 context default) started; waiting...
[  721.092701] init: Command 'exec - system system -- /system/bin/flags_health_check UPDATABLE_CRASHING' action=sys.init.updatable_crashing=1 (/system/etc/init/flags_health_check.rc:11) took 176ms and succeeded
[  721.147734] init: starting service 'zygote'...
[  721.294725] init: Created socket '/dev/socket/zygote', mode 660, user 0, group 1000
[  721.385201] init: Created socket '/dev/socket/usap_pool_primary', mode 660, user 0, group 1000
[  721.862091] init: starting service 'audioserver'...
[  722.475858] init: starting service 'cameraserver'...
[  723.170087] init: starting service 'media'...
[  723.480561] libprocessgroup: Failed to open /dev/cpuset/camera-daemon/tasks: No such file or directory: No such file or directory
[  723.496434] libprocessgroup: Failed to apply CameraServiceCapacity task profile: No such file or directory
[  723.779736] init: starting service 'netd'...
[  723.871490] init: Created socket '/dev/socket/dnsproxyd', mode 660, user 0, group 3003
[  724.029048] init: Created socket '/dev/socket/mdns', mode 660, user 0, group 1000
[  724.137197] init: Created socket '/dev/socket/fwmarkd', mode 660, user 0, group 3003
[  725.100910] init: starting service 'wificond'...
[  726.831872] init: Service 'exec 54 (/system/bin/flags_health_check UPDATABLE_CRASHING)' (pid 1689) exited with status 0 waiting took 5.820000 seconds
[  726.834523] init: Sending signal 9 to service 'exec 54 (/system/bin/flags_health_check UPDATABLE_CRASHING)' (pid 1689) process group...
[  726.872077] libprocessgroup: Successfully killed process cgroup uid 1000 pid 1689 in 18ms
[  726.989398] init: processing action (init.svc.media=*) from (/system/etc/init/mediaserver.rc:1)
[  727.073755] init: Command 'setprop init.svc.mediadrm ${init.svc.media}' action=init.svc.media=* (/system/etc/init/mediaserver.rc:2) took 80ms and succeeded
[  727.098554] init: processing action (init.svc.media=*) from (/system/etc/init/mediaserver.rc:1)
[  727.188846] init: Command 'setprop init.svc.mediadrm ${init.svc.media}' action=init.svc.media=* (/system/etc/init/mediaserver.rc:2) took 62ms and succeeded
[  727.214224] init: processing action (sys.audio.restart.hal=1) from (/system/etc/init/audioserver.rc:39)
[  727.240883] init: Sending signal 9 to service 'vendor.audio-hal' (pid 1646) process group...
[  727.544921] libprocessgroup: Successfully killed process cgroup uid 1041 pid 1646 in 282ms
[  727.620170] init: Command 'restart vendor.audio-hal' action=sys.audio.restart.hal=1 (/system/etc/init/audioserver.rc:40) took 377ms and succeeded
[  727.672394] init: Service 'vendor.audio-hal' (pid 1646) received signal 9
[  727.680134] init: Sending signal 9 to service 'audioserver' (pid 1693) process group...
[  727.853170] libprocessgroup: Successfully killed process cgroup uid 1041 pid 1693 in 169ms
[  727.946830] init: Command 'restart audioserver' action=onrestart (<Service 'vendor.audio-hal' onrestart>:1) took 272ms and succeeded
[  728.052165] init: Service 'audioserver' (pid 1693) received signal 9
[  728.203084] init: Command 'restart vendor.audio-hal-4-0-msd' action=sys.audio.restart.hal=1 (/system/etc/init/audioserver.rc:41) took 0ms and failed: service vendor.audio-hal-4-0-msd not found
[  728.243211] init: starting service 'audioserver'...
[  728.634003] init: starting service 'vendor.audio-hal'...
[  729.065575] init: Command 'restart vendor.audio-hal-2-0' action=sys.audio.restart.hal=1 (/system/etc/init/audioserver.rc:43) took 0ms and failed: service vendor.audio-hal-2-0 not found
[  729.102720] init: Command 'restart audio-hal-2-0' action=sys.audio.restart.hal=1 (/system/etc/init/audioserver.rc:44) took 0ms and failed: service audio-hal-2-0 not found
[  729.200216] init: Command 'setprop sys.audio.restart.hal 0' action=sys.audio.restart.hal=1 (/system/etc/init/audioserver.rc:46) took 63ms and succeeded
[  729.216668] init: processing action (init.svc.audioserver=running) from (/system/etc/init/audioserver.rc:32)
[  729.227862] init: Command 'start vendor.audio-hal-4-0-msd' action=init.svc.audioserver=running (/system/etc/init/audioserver.rc:34) took 0ms and failed: service vendor.audio-hal-4-0-msd not found
[  729.245781] init: Command 'start vendor.audio-hal-2-0' action=init.svc.audioserver=running (/system/etc/init/audioserver.rc:36) took 1ms and failed: service vendor.audio-hal-2-0 not found
[  729.261961] init: Command 'start audio-hal-2-0' action=init.svc.audioserver=running (/system/etc/init/audioserver.rc:37) took 0ms and failed: service audio-hal-2-0 not found
[  729.266086] init: processing action (init.svc.media=*) from (/system/etc/init/mediaserver.rc:1)
[  729.350166] init: Command 'setprop init.svc.mediadrm ${init.svc.media}' action=init.svc.media=* (/system/etc/init/mediaserver.rc:2) took 68ms and succeeded
[  729.380520] init: processing action (init.svc.mediadrm=running) from (/vendor/etc/init/android.hardware.drm@1.3-service.widevine.rc:1)
[  729.456499] init: processing action (init.svc.mediadrm=running) from (/vendor/etc/init/android.hardware.drm@1.3-service.widevine.rc:1)
[  729.562853] init: processing action (sys.audio.restart.hal=1) from (/system/etc/init/audioserver.rc:39)
[  729.588647] init: Sending signal 9 to service 'vendor.audio-hal' (pid 1702) process group...
[  729.831802] libprocessgroup: Successfully killed process cgroup uid 1041 pid 1702 in 196ms
[  729.918863] init: Command 'restart vendor.audio-hal' action=sys.audio.restart.hal=1 (/system/etc/init/audioserver.rc:40) took 329ms and succeeded
[  729.923750] init: Service 'vendor.audio-hal' (pid 1702) received signal 9
[  729.952480] init: Sending signal 9 to service 'audioserver' (pid 1701) process group...
[  730.254570] libprocessgroup: Successfully killed process cgroup uid 1041 pid 1701 in 292ms
[  730.450234] init: Command 'restart audioserver' action=onrestart (<Service 'vendor.audio-hal' onrestart>:1) took 521ms and succeeded
[  730.605591] init: Service 'audioserver' (pid 1701) received signal 9
[  730.736181] init: Command 'setprop sys.audio.restart.hal 1' action=onrestart (<Service 'audioserver' onrestart>:1) took 109ms and succeeded
[  730.885570] init: Command 'restart vendor.audio-hal-4-0-msd' action=sys.audio.restart.hal=1 (/system/etc/init/audioserver.rc:41) took 0ms and failed: service vendor.audio-hal-4-0-msd not found
[  730.902742] init: Command 'restart vendor.audio-hal-2-0' action=sys.audio.restart.hal=1 (/system/etc/init/audioserver.rc:43) took 0ms and failed: service vendor.audio-hal-2-0 not found
[  730.944856] init: Command 'restart audio-hal-2-0' action=sys.audio.restart.hal=1 (/system/etc/init/audioserver.rc:44) took 0ms and failed: service audio-hal-2-0 not found
[  731.051314] init: Command 'setprop sys.audio.restart.hal 0' action=sys.audio.restart.hal=1 (/system/etc/init/audioserver.rc:46) took 82ms and succeeded
[  731.078648] init: processing action (init.svc.audioserver=running) from (/system/etc/init/audioserver.rc:32)
[  731.128358] init: starting service 'vendor.audio-hal'...
[  731.839979] init: Command 'start vendor.audio-hal' action=init.svc.audioserver=running (/system/etc/init/audioserver.rc:33) took 724ms and succeeded
[  731.886911] init: Command 'start vendor.audio-hal-4-0-msd' action=init.svc.audioserver=running (/system/etc/init/audioserver.rc:34) took 1ms and failed: service vendor.audio-hal-4-0-msd not found
[  731.921388] init: Command 'start vendor.audio-hal-2-0' action=init.svc.audioserver=running (/system/etc/init/audioserver.rc:36) took 0ms and failed: service vendor.audio-hal-2-0 not found
[  731.935737] init: Command 'start audio-hal-2-0' action=init.svc.audioserver=running (/system/etc/init/audioserver.rc:37) took 0ms and failed: service audio-hal-2-0 not found
[  731.974792] init: processing action (init.svc.mediadrm=running) from (/vendor/etc/init/android.hardware.drm@1.3-service.widevine.rc:1)
[  732.038884] init: processing action (sys.audio.restart.hal=1) from (/system/etc/init/audioserver.rc:39)
[  732.041737] init: Sending signal 9 to service 'vendor.audio-hal' (pid 1708) process group...
[  732.262027] libprocessgroup: Successfully killed process cgroup uid 1041 pid 1708 in 211ms
[  732.477841] init: Command 'restart vendor.audio-hal' action=sys.audio.restart.hal=1 (/system/etc/init/audioserver.rc:40) took 428ms and succeeded
[  732.549096] init: Service 'vendor.audio-hal' (pid 1708) received signal 9
[  732.843517] init: Command 'restart vendor.audio-hal-4-0-msd' action=sys.audio.restart.hal=1 (/system/etc/init/audioserver.rc:41) took 0ms and failed: service vendor.audio-hal-4-0-msd not found
[  732.867364] init: Command 'restart vendor.audio-hal-2-0' action=sys.audio.restart.hal=1 (/system/etc/init/audioserver.rc:43) took 14ms and failed: service vendor.audio-hal-2-0 not found
[  732.901767] init: Command 'restart audio-hal-2-0' action=sys.audio.restart.hal=1 (/system/etc/init/audioserver.rc:44) took 0ms and failed: service audio-hal-2-0 not found
[  732.984633] init: Command 'setprop sys.audio.restart.hal 0' action=sys.audio.restart.hal=1 (/system/etc/init/audioserver.rc:46) took 68ms and succeeded
[  733.480325] init: starting service 'audioserver'...
[  734.149268] init: processing action (init.svc.audioserver=running) from (/system/etc/init/audioserver.rc:32)
[  734.321253] init: starting service 'vendor.audio-hal'...
[  734.901938] init: Command 'start vendor.audio-hal' action=init.svc.audioserver=running (/system/etc/init/audioserver.rc:33) took 690ms and succeeded
[  734.922705] init: Command 'start vendor.audio-hal-4-0-msd' action=init.svc.audioserver=running (/system/etc/init/audioserver.rc:34) took 0ms and failed: service vendor.audio-hal-4-0-msd not found
[  734.935065] init: Command 'start vendor.audio-hal-2-0' action=init.svc.audioserver=running (/system/etc/init/audioserver.rc:36) took 0ms and failed: service vendor.audio-hal-2-0 not found
[  734.951419] init: Command 'start audio-hal-2-0' action=init.svc.audioserver=running (/system/etc/init/audioserver.rc:37) took 10ms and failed: service audio-hal-2-0 not found
[  745.480356] healthd: battery none chg=a
