INFO         | Feature 'RefCountPipe' (61) is overridden to 'disabled'
INFO         | Guest Driver: Auto (ext controls)
INFO         | emuglConfig_init: vulkan_mode_selected:host gles_mode_selected:host
INFO         | emuglConfig_get_vulkan_hardware_gpu_support_info: Found physical GPU 'NVIDIA GeForce RTX 2060', type: VK_PHYSICAL_DEVICE_TYPE_DISCRETE_GPU, apiVersion: 1.4.303, driverVersion: 576.80

INFO         | Initializing gfxstream backend
INFO         | startOpenglesRendererImpl: gpu info
INFO         | GPU #1
  Make: 10de
  Model: NVIDIA GeForce RTX 2060
  Device ID: 1f08

INFO         | Disabling implicit Vulkan layers to avoid compatibility issues. Set VK_LOADER_LAYERS_DISABLE manually to disable this behavior.
INFO         | SharedLibrary::open for [C:\Android\Sdk\emulator\qemu\windows-x86_64\lib64\vulkan\vulkan-1.dll]
INFO         | SharedLibrary::open for [C:\Android\Sdk\emulator\qemu\windows-x86_64\lib64\vulkan\vulkan-1.dll]
INFO         | SharedLibrary::open for [vulkan-1.dll]
INFO         | Added library: vulkan-1.dll
INFO         | Selecting Vulkan device: NVIDIA GeForce RTX 2060, Version: 1.4.303
INFO         | Using Vulkan externalMemoryMode: OpaqueWin32 for VkEmulation
INFO         | Initializing VkEmulation features:
INFO         |     glInteropSupported: true
INFO         |     useDeferredCommands: true
INFO         |     createResourceWithRequirements: true
INFO         |     useVulkanComposition: false
INFO         |     useVulkanNativeSwapchain: false
INFO         |     enable guestRenderDoc: false
INFO         |     ASTC LDR emulation mode: Gpu
INFO         |     enable ETC2 emulation: true
INFO         |     enable Ycbcr emulation: false
INFO         |     guestVulkanOnly: false
INFO         |     useDedicatedAllocations: false
INFO         |     guestVulkanMaxApiVersion: 1.3.0
INFO         |     enableProtectedMemoryEmulation: false
INFO         | Graphics Adapter Vendor Google (NVIDIA Corporation)
INFO         | Graphics Adapter Android Emulator OpenGL ES Translator (NVIDIA GeForce RTX 2060/PCIe/SSE2)
INFO         | Graphics API Version OpenGL ES 3.0 (4.5.0 NVIDIA 576.80)
INFO         | Graphics API Extensions GL_OES_EGL_sync GL_OES_EGL_image GL_OES_EGL_image_external GL_OES_depth24 GL_OES_depth32 GL_OES_element_index_uint GL_OES_texture_float GL_OES_texture_float_linear GL_OES_compressed_paletted_texture GL_OES_compressed_ETC1_RGB8_texture GL_OES_depth_texture GL_OES_texture_half_float GL_OES_texture_half_float_linear GL_OES_packed_depth_stencil GL_OES_vertex_half_float GL_OES_texture_npot GL_OES_rgb8_rgba8 GL_OVR_multiview2 GL_EXT_multiview_texture_multisample GL_EXT_color_buffer_float GL_EXT_color_buffer_half_float GL_EXT_texture_format_BGRA8888 GL_APPLE_texture_format_BGRA8888 GL_EXT_texture_buffer 
INFO         | Graphics Device Extensions N/A
INFO         | Disabling sparse binding feature support
INFO         | Feature 'GLAsyncSwap' (50) is overridden to 'disabled'
[    0.000000] Booting Linux on physical CPU 0x0000000000 [0x411fd070]
[    0.000000] Linux version 5.4.249-android11-2-00004-g212a7aaded26-ab10688362 (build-user@build-host) (Android (7284624, based on r416183b) clang version 12.0.5 (https://android.googlesource.com/toolchain/llvm-project c935d99d7cf2016289302412d708641d52d2f7ee), LLD 12.0.5 (/buildbot/src/android/llvm-toolchain/out/llvm-project/lld c935d99d7cf2016289302412d708641d52d2f7ee)) #1 SMP PREEMPT Mon Aug 21 12:17:45 UTC 2023
[    0.000000] Machine model: linux,ranchu
[    0.000000] printk: debug: skip boot console de-registration.
[    0.000000] efi: Getting EFI parameters from FDT:
[    0.000000] efi: UEFI not found.
[    0.000000] cma: Reserved 16 MiB at 0x00000000ff000000
[    0.000000] psci: probing for conduit method from DT.
[    0.000000] psci: PSCIv0.2 detected in firmware.
[    0.000000] psci: Using standard PSCI v0.2 function IDs
[    0.000000] psci: Trusted OS migration not required
[    0.000000] percpu: Embedded 32 pages/cpu s90264 r8192 d32616 u131072
[    0.000000] Detected PIPT I-cache on CPU0
[    0.000000] CPU features: detected: ARM erratum 832075
[    0.000000] CPU features: detected: EL2 vector hardening
[    0.000000] ARM_SMCCC_ARCH_WORKAROUND_1 missing from firmware
[    0.000000] CPU features: detected: Spectre-BHB
[    0.000000] CPU features: detected: ARM erratum 1742098
[    0.000000] Built 1 zonelists, mobility grouping on.  Total pages: 1032192
[    0.000000] Kernel command line: 8250.nr_uarts=1 no_timer_check console=ttyAMA0,38400 keep_bootcon earlyprintk=ttyAMA0 loop.max_part=7 printk.devkmsg=on android.qemud=1 androidboot.boot_devices=a003600.virtio_mmio androidboot.logical_partitions=1 androidboot.hardware=ranchu androidboot.serialno=WARBOTARM64 androidboot.vbmeta.digest=15e6b2e26d1523b6c38c0a60d5ac8f8cf547364c343d16e58338814e45faa6a8 androidboot.vbmeta.hash_alg=sha256 androidboot.vbmeta.size=6720 qemu=1 androidboot.qemu=1 qemu.encrypt=1 qemu.gles=1 qemu.media.ccodec=0 qemu.gltransport=pipe qemu.opengles.version=131072 qemu.skin=1060x2376 qemu.virtiowifi=0 qemu.vsync=60
[    0.000000] Dentry cache hash table entries: 524288 (order: 10, 4194304 bytes, linear)
[    0.000000] Inode-cache hash table entries: 262144 (order: 9, 2097152 bytes, linear)
[    0.000000] mem auto-init: stack:all(zero), heap alloc:on, heap free:off
[    0.000000] software IO TLB: mapped [mem 0xfb000000-0xff000000] (64MB)
[    0.000000] Memory: 4002796K/4194304K available (14164K kernel code, 1192K rwdata, 9688K rodata, 1216K init, 552K bss, 175124K reserved, 16384K cma-reserved)
[    0.000000] SLUB: HWalign=64, Order=0-3, MinObjects=0, CPUs=4, Nodes=1
[    0.000000] rcu: Preemptible hierarchical RCU implementation.
[    0.000000] rcu: 	RCU dyntick-idle grace-period acceleration is enabled.
[    0.000000] rcu: 	RCU restricting CPUs from NR_CPUS=32 to nr_cpu_ids=4.
[    0.000000] 	Tasks RCU enabled.
[    0.000000] rcu: RCU calculated value of scheduler-enlistment delay is 25 jiffies.
[    0.000000] rcu: Adjusting geometry for rcu_fanout_leaf=16, nr_cpu_ids=4
[    0.000000] NR_IRQS: 64, nr_irqs: 64, preallocated irqs: 0
[    0.000000] GICv2m: range[mem 0x08020000-0x08020fff], SPI[96:159]
[    0.000000] rcu: 	Offload RCU callbacks from CPUs: (none).
[    0.000000] arch_timer: cp15 timer(s) running at 62.50MHz (virt).
[    0.000000] clocksource: arch_sys_counter: mask: 0xffffffffffffff max_cycles: 0x1cd42e208c, max_idle_ns: 881590405314 ns
[    0.000050] sched_clock: 56 bits at 62MHz, resolution 16ns, wraps every 4398046511096ns
[    0.008797] Calibrating delay loop (skipped), value calculated using timer frequency.. 125.00 BogoMIPS (lpj=250000)
[    0.008988] pid_max: default: 32768 minimum: 301
[    0.010663] LSM: Security Framework initializing
[    0.011692] SELinux:  Initializing.
[    0.013105] Mount-cache hash table entries: 8192 (order: 4, 65536 bytes, linear)
[    0.013186] Mountpoint-cache hash table entries: 8192 (order: 4, 65536 bytes, linear)
[    0.062781] ASID allocator initialised with 32768 entries
[    0.065277] rcu: Hierarchical SRCU implementation.
[    0.071949] dynamic_debug:dynamic_debug_init: Ignore empty _ddebug table in a CONFIG_DYNAMIC_DEBUG_CORE build
[    0.073196] EFI services will not be available.
[    0.080400] smp: Bringing up secondary CPUs ...
[    0.087253] Detected PIPT I-cache on CPU1
[    0.090062] CPU1: Booted secondary processor 0x0000000001 [0x411fd070]
[    0.098482] Detected PIPT I-cache on CPU2
[    0.098900] CPU2: Booted secondary processor 0x0000000002 [0x411fd070]
[    0.102394] Detected PIPT I-cache on CPU3
[    0.102643] CPU3: Booted secondary processor 0x0000000003 [0x411fd070]
[    0.103239] smp: Brought up 1 node, 4 CPUs
[    0.103309] SMP: Total of 4 processors activated.
[    0.103387] CPU features: detected: 32-bit EL0 Support
[    0.103452] CPU features: detected: CRC32 instructions
[    1.101043] CPU features: emulated: Privileged Access Never (PAN) using TTBR0_EL1 switching
[    1.101733] CPU: All CPU(s) started at EL1
[    1.102505] alternatives: patching kernel code
[    1.107823] CPU3: update max cpu_capacity 1024
[    1.118159] CPU3: update max cpu_capacity 1024
[    1.140382] Registered cp15_barrier emulation handler
[    1.140689] Registered setend emulation handler
[    1.144721] clocksource: jiffies: mask: 0xffffffff max_cycles: 0xffffffff, max_idle_ns: 7645041785100000 ns
[    1.144961] futex hash table entries: 1024 (order: 4, 65536 bytes, linear)
[    1.150114] pinctrl core: initialized pinctrl subsystem
[    1.152810] regulator: Failed to create debugfs directory
[    1.157271] regulator-dummy: Failed to create debugfs directory
[    1.163062] NET: Registered protocol family 16
[    1.172358] DMA: preallocated 256 KiB pool for atomic allocations
[    1.172657] audit: initializing netlink subsys (disabled)
[    1.176323] audit: type=2000 audit(0.872:1): state=initialized audit_enabled=0 res=1
[    1.180577] cpuidle: using governor menu
[    1.182344] hw-breakpoint: found 6 breakpoint and 4 watchpoint registers.
[    1.184952] Serial: AMBA PL011 UART driver
[    1.251532] 9000000.pl011: ttyAMA0 at MMIO 0x9000000 (irq = 44, base_baud = 0) is a PL011 rev1
[    1.282223] printk: console [ttyAMA0] enabled
[    1.346348] cryptomgr_test (35) used greatest stack depth: 15120 bytes left
[    1.363081] cryptomgr_test (48) used greatest stack depth: 14728 bytes left
[    1.366382] cryptd: max_cpu_qlen set to 1000
[    1.385995] cryptomgr_test (35): highest shadow stack usage: 112 bytes
[    1.407663] iommu: Default domain type: Translated 
[    1.412204] SCSI subsystem initialized
[    1.413325] usbcore: registered new interface driver usbfs
[    1.413796] usbcore: registered new interface driver hub
[    1.414209] usbcore: registered new device driver usb
[    1.415793] mc: Linux media interface: v0.10
[    1.416134] videodev: Linux video capture interface: v2.00
[    1.416859] EDAC MC: Ver: 3.0.0
[    1.427778] Advanced Linux Sound Architecture Driver Initialized.
[    1.440412] Bluetooth: Core ver 2.22
[    1.440853] NET: Registered protocol family 31
[    1.441048] Bluetooth: HCI device and connection manager initialized
[    1.441488] Bluetooth: HCI socket layer initialized
[    1.441765] Bluetooth: L2CAP socket layer initialized
[    1.442306] Bluetooth: SCO socket layer initialized
[    1.448607] clocksource: Switched to clocksource arch_sys_counter
[    1.754278] VFS: Disk quotas dquot_6.6.0
[    1.754730] VFS: Dquot-cache hash table entries: 512 (order 0, 4096 bytes)
[    1.758496] thermal_sys: Registered thermal governor 'step_wise'
[    1.758556] thermal_sys: Registered thermal governor 'user_space'
[    1.758843] thermal_sys: Registered thermal governor 'power_allocator'
[    1.761252] NET: Registered protocol family 2
[    1.763256] IP idents hash table entries: 65536 (order: 7, 524288 bytes, linear)
[    1.772045] tcp_listen_portaddr_hash hash table entries: 2048 (order: 3, 32768 bytes, linear)
[    1.772954] TCP established hash table entries: 32768 (order: 6, 262144 bytes, linear)
[    1.774266] TCP bind hash table entries: 32768 (order: 7, 524288 bytes, linear)
[    1.774894] TCP: Hash tables configured (established 32768 bind 32768)
[    1.776504] UDP hash table entries: 2048 (order: 4, 65536 bytes, linear)
[    1.777089] UDP-Lite hash table entries: 2048 (order: 4, 65536 bytes, linear)
[    1.778828] NET: Registered protocol family 1
[    1.781702] NET: Registered protocol family 44
[    1.782485] PCI: CLS 0 bytes, default 64
[    1.794416] Trying to unpack rootfs image as initramfs...
[    1.971710] Freeing initrd memory: 1620K
[    1.980129] hw perfevents: enabled with armv8_pmuv3 PMU driver, 1 counters available
[    1.982859] cryptomgr_test (94) used greatest stack depth: 14528 bytes left
[    2.027016] Initialise system trusted keyrings
[    2.030789] workingset: timestamp_bits=46 max_order=20 bucket_order=0
[    2.091752] fuse: init (API version 7.31)
[    2.121462] Key type asymmetric registered
[    2.122104] Asymmetric key parser 'x509' registered
[    2.122867] Block layer SCSI generic (bsg) driver version 0.4 loaded (major 244)
[    2.123310] io scheduler mq-deadline registered
[    2.123581] io scheduler kyber registered
[    2.136965] pl061_gpio 9030000.pl061: PL061 GPIO chip registered
[    2.139259] pci-host-generic 3f000000.pcie: host bridge /pcie@10000000 ranges:
[    2.139964] pci-host-generic 3f000000.pcie:    IO 0x3eff0000..0x3effffff -> 0x00000000
[    2.140950] pci-host-generic 3f000000.pcie:   MEM 0x10000000..0x3efeffff -> 0x10000000
[    2.141336] pci-host-generic 3f000000.pcie:   MEM 0x8000000000..0xffffffffff -> 0x8000000000
[    2.142928] pci-host-generic 3f000000.pcie: ECAM at [mem 0x3f000000-0x3fffffff] for [bus 00-0f]
[    2.144677] pci-host-generic 3f000000.pcie: PCI host bridge to bus 0000:00
[    2.145127] pci_bus 0000:00: root bus resource [bus 00-0f]
[    2.145422] pci_bus 0000:00: root bus resource [io  0x0000-0xffff]
[    2.145714] pci_bus 0000:00: root bus resource [mem 0x10000000-0x3efeffff]
[    2.145990] pci_bus 0000:00: root bus resource [mem 0x8000000000-0xffffffffff]
[    2.147750] pci 0000:00:00.0: [1b36:0008] type 00 class 0x060000
[    2.152358] pci 0000:00:0b.0: [607d:f153] type 00 class 0x00ff00
[    2.152798] pci 0000:00:0b.0: reg 0x10: [mem 0x00000000-0x00000fff]
[    2.153112] pci 0000:00:0b.0: reg 0x14: [mem 0x00000000-0x3ffffffff 64bit]
[    2.156444] pci 0000:00:0b.0: BAR 1: assigned [mem 0x8000000000-0x83ffffffff 64bit]
[    2.157167] pci 0000:00:0b.0: BAR 0: assigned [mem 0x10000000-0x10000fff]
[    2.163265] Serial: 8250/16550 driver, 1 ports, IRQ sharing disabled
[    2.171103] cacheinfo: Unable to detect cache hierarchy for CPU 0
[    2.218034] brd: module loaded
[    2.260765] loop: module loaded
[    2.262913] zram: Added device: zram0
[    2.270576] tun: Universal TUN/TAP device driver, 1.6
[    2.271349] PPP generic driver version 2.4.2
[    2.272006] PPP BSD Compression module registered
[    2.272248] PPP Deflate Compression module registered
[    2.272676] PPP MPPE Compression module registered
[    2.272887] NET: Registered protocol family 24
[    2.273079] PPTP driver version 0.8.5
[    2.274262] usbcore: registered new interface driver r8152
[    2.274673] usbcore: registered new interface driver asix
[    2.275015] usbcore: registered new interface driver ax88179_178a
[    2.275519] usbcore: registered new interface driver cdc_ether
[    2.276006] ehci_hcd: USB 2.0 'Enhanced' Host Controller (EHCI) Driver
[    2.276319] ehci-pci: EHCI PCI platform driver
[    2.276735] ehci-platform: EHCI generic platform driver
[    2.279063] usbcore: registered new interface driver uas
[    2.279667] usbcore: registered new interface driver usb-storage
[    2.282586] dummy_hcd dummy_hcd.0: USB Host+Gadget Emulator, driver 02 May 2005
[    2.283240] dummy_hcd dummy_hcd.0: Dummy host controller
[    2.283698] dummy_hcd dummy_hcd.0: new USB bus registered, assigned bus number 1
[    2.292563] hub 1-0:1.0: USB hub found
[    2.293984] hub 1-0:1.0: 1 port detected
[    2.309215] usbcore: registered new interface driver xpad
[    2.314752] rtc-pl031 9010000.pl031: registered as rtc0
[    2.316001] rtc-pl031 9010000.pl031: setting system clock to 2026-09-27T20:09:11 UTC (1790539751)
[    2.317142] uvcvideo: Unable to create debugfs directory
[    2.317778] usbcore: registered new interface driver uvcvideo
[    2.318015] USB Video Class driver (1.1.1)
[    2.318201] gspca_main: v2.14.0 registered
[    2.319514] device-mapper: uevent: version 1.0.3
[    2.321008] device-mapper: ioctl: 4.41.0-ioctl (2019-09-16) initialised: dm-devel@redhat.com
[    2.324266] Bluetooth: HCI UART driver ver 2.3
[    2.324550] Bluetooth: HCI UART protocol H4 registered
[    2.324896] Bluetooth: HCI UART protocol LL registered
[    2.325647] Bluetooth: HCI UART protocol Broadcom registered
[    2.325981] Bluetooth: HCI UART protocol QCA registered
[    2.327346] sdhci: Secure Digital Host Controller Interface driver
[    2.327581] sdhci: Copyright(c) Pierre Ossman
[    2.327753] sdhci-pltfm: SDHCI platform and OF driver helper
[    2.328710] hidraw: raw HID events driver (C) Jiri Kosina
[    2.334975] usbcore: registered new interface driver usbhid
[    2.335364] usbhid: USB HID core driver
[    2.337037] ashmem: initialized
[    2.340227] gnss: GNSS driver registered with major 237
[    2.342844] usbcore: registered new interface driver snd-usb-audio
[    2.345976] u32 classifier
[    2.346167]     input device check on
[    2.346362]     Actions configured
[    2.357082] xt_time: kernel timezone is -0000
[    2.358178] ipip: IPv4 and MPLS over IPv4 tunneling driver
[    2.361299] gre: GRE over IPv4 demultiplexor driver
[    2.361898] ip_gre: GRE over IPv4 tunneling driver
[    2.367399] IPv4 over IPsec tunneling driver
[    2.376727] Initializing XFRM netlink socket
[    2.377210] IPsec XFRM device driver
[    2.381505] NET: Registered protocol family 10
[    2.398865] Segment Routing with IPv6
[    2.400614] mip6: Mobile IPv6
[    2.409507] sit: IPv6, IPv4 and MPLS over IPv4 tunneling driver
[    2.416210] ip6_gre: GRE over IPv6 tunneling driver
[    2.419429] NET: Registered protocol family 17
[    2.419921] NET: Registered protocol family 15
[    2.422806] Bluetooth: RFCOMM TTY layer initialized
[    2.425538] Bluetooth: RFCOMM socket layer initialized
[    2.426000] Bluetooth: RFCOMM ver 1.11
[    2.426480] Bluetooth: HIDP (Human Interface Emulation) ver 1.2
[    2.427160] Bluetooth: HIDP socket layer initialized
[    2.427819] l2tp_core: L2TP core driver, V2.0
[    2.428121] l2tp_ppp: PPPoL2TP kernel driver, V2.0
[    2.428328] tipc: Activated (version 2.0.0)
[    2.430320] NET: Registered protocol family 30
[    2.432626] tipc: Started in single node mode
[    2.435344] registered taskstats version 1
[    2.435642] Loading compiled-in X.509 certificates
[    2.436482] Key type ._fscrypt registered
[    2.436998] Key type .fscrypt registered
[    2.437364] Key type fscrypt-provisioning registered
[    2.441017] Failed to find error inject entry at (____ptrval____)
[    2.441294] Failed to find error inject entry at (____ptrval____)
[    2.441505] Failed to find error inject entry at (____ptrval____)
[    2.441788] Failed to find error inject entry at (____ptrval____)
[    2.442465] Failed to find error inject entry at (____ptrval____)
[    2.442804] Failed to find error inject entry at (____ptrval____)
[    2.443126] Failed to find error inject entry at (____ptrval____)
[    2.443443] Failed to find error inject entry at (____ptrval____)
[    2.443767] Failed to find error inject entry at (____ptrval____)
[    2.444083] Failed to find error inject entry at (____ptrval____)
[    2.444392] Failed to find error inject entry at (____ptrval____)
[    2.444710] Failed to find error inject entry at (____ptrval____)
[    2.445024] Failed to find error inject entry at (____ptrval____)
[    2.445332] Failed to find error inject entry at (____ptrval____)
[    2.445667] Failed to find error inject entry at (____ptrval____)
[    2.445986] Failed to find error inject entry at (____ptrval____)
[    2.446472] Failed to find error inject entry at (____ptrval____)
[    2.446693] Failed to find error inject entry at (____ptrval____)
[    2.446920] Failed to find error inject entry at (____ptrval____)
[    2.447134] Failed to find error inject entry at (____ptrval____)
[    2.447347] Failed to find error inject entry at (____ptrval____)
[    2.447624] Failed to find error inject entry at (____ptrval____)
[    2.447844] Failed to find error inject entry at (____ptrval____)
[    2.448158] Failed to find error inject entry at (____ptrval____)
[    2.448403] Failed to find error inject entry at (____ptrval____)
[    2.448630] Failed to find error inject entry at (____ptrval____)
[    2.448897] Failed to find error inject entry at (____ptrval____)
[    2.449115] Failed to find error inject entry at (____ptrval____)
[    2.449326] Failed to find error inject entry at (____ptrval____)
[    2.449608] Failed to find error inject entry at (____ptrval____)
[    2.449861] Failed to find error inject entry at (____ptrval____)
[    2.450122] Failed to find error inject entry at (____ptrval____)
[    2.450603] Failed to find error inject entry at (____ptrval____)
[    2.450839] Failed to find error inject entry at (____ptrval____)
[    2.451048] Failed to find error inject entry at (____ptrval____)
[    2.451253] Failed to find error inject entry at (____ptrval____)
[    2.451462] Failed to find error inject entry at (____ptrval____)
[    2.451668] Failed to find error inject entry at (____ptrval____)
[    2.451873] Failed to find error inject entry at (____ptrval____)
[    2.452077] Failed to find error inject entry at (____ptrval____)
[    2.452298] Failed to find error inject entry at (____ptrval____)
[    2.452515] Failed to find error inject entry at (____ptrval____)
[    2.452720] Failed to find error inject entry at (____ptrval____)
[    2.452925] Failed to find error inject entry at (____ptrval____)
[    2.453129] Failed to find error inject entry at (____ptrval____)
[    2.453470] Failed to find error inject entry at (____ptrval____)
[    2.453976] Failed to find error inject entry at (____ptrval____)
[    2.454281] Failed to find error inject entry at (____ptrval____)
[    2.454631] Failed to find error inject entry at (____ptrval____)
[    2.454872] Failed to find error inject entry at (____ptrval____)
[    2.455120] Failed to find error inject entry at (____ptrval____)
[    2.455383] Failed to find error inject entry at (____ptrval____)
[    2.455631] Failed to find error inject entry at (____ptrval____)
[    2.455896] Failed to find error inject entry at (____ptrval____)
[    2.456174] Failed to find error inject entry at (____ptrval____)
[    2.456420] Failed to find error inject entry at (____ptrval____)
[    2.456666] Failed to find error inject entry at (____ptrval____)
[    2.456938] Failed to find error inject entry at (____ptrval____)
[    2.457249] Failed to find error inject entry at (____ptrval____)
[    2.457513] Failed to find error inject entry at (____ptrval____)
[    2.457795] Failed to find error inject entry at (____ptrval____)
[    2.458067] Failed to find error inject entry at (____ptrval____)
[    2.458590] Failed to find error inject entry at (____ptrval____)
[    2.458820] Failed to find error inject entry at (____ptrval____)
[    2.459027] Failed to find error inject entry at (____ptrval____)
[    2.459270] Failed to find error inject entry at (____ptrval____)
[    2.459478] Failed to find error inject entry at (____ptrval____)
[    2.459683] Failed to find error inject entry at (____ptrval____)
[    2.459888] Failed to find error inject entry at (____ptrval____)
[    2.460099] Failed to find error inject entry at (____ptrval____)
[    2.460306] Failed to find error inject entry at (____ptrval____)
[    2.460512] Failed to find error inject entry at (____ptrval____)
[    2.460718] Failed to find error inject entry at (____ptrval____)
[    2.460957] Failed to find error inject entry at (____ptrval____)
[    2.461213] Failed to find error inject entry at (____ptrval____)
[    2.461554] Failed to find error inject entry at (____ptrval____)
[    2.462083] Failed to find error inject entry at (____ptrval____)
[    2.462345] Failed to find error inject entry at (____ptrval____)
[    2.462590] Failed to find error inject entry at (____ptrval____)
[    2.462856] Failed to find error inject entry at (____ptrval____)
[    2.463263] Failed to find error inject entry at (____ptrval____)
[    2.463564] Failed to find error inject entry at (____ptrval____)
[    2.463844] Failed to find error inject entry at (____ptrval____)
[    2.464213] Failed to find error inject entry at (____ptrval____)
[    2.464454] Failed to find error inject entry at (____ptrval____)
[    2.464710] Failed to find error inject entry at (____ptrval____)
[    2.465031] Failed to find error inject entry at (____ptrval____)
[    2.465473] Failed to find error inject entry at (____ptrval____)
[    2.465681] Failed to find error inject entry at (____ptrval____)
[    2.465887] Failed to find error inject entry at (____ptrval____)
[    2.466097] Failed to find error inject entry at (____ptrval____)
[    2.466314] Failed to find error inject entry at (____ptrval____)
[    2.466518] Failed to find error inject entry at (____ptrval____)
[    2.466724] Failed to find error inject entry at (____ptrval____)
[    2.466992] Failed to find error inject entry at (____ptrval____)
[    2.467256] Failed to find error inject entry at (____ptrval____)
[    2.467463] Failed to find error inject entry at (____ptrval____)
[    2.467671] Failed to find error inject entry at (____ptrval____)
[    2.467877] Failed to find error inject entry at (____ptrval____)
[    2.468091] Failed to find error inject entry at (____ptrval____)
[    2.468297] Failed to find error inject entry at (____ptrval____)
[    2.468504] Failed to find error inject entry at (____ptrval____)
[    2.468734] Failed to find error inject entry at (____ptrval____)
[    2.468976] Failed to find error inject entry at (____ptrval____)
[    2.469182] Failed to find error inject entry at (____ptrval____)
[    2.469388] Failed to find error inject entry at (____ptrval____)
[    2.469594] Failed to find error inject entry at (____ptrval____)
[    2.469801] Failed to find error inject entry at (____ptrval____)
[    2.470021] Failed to find error inject entry at (____ptrval____)
[    2.470228] Failed to find error inject entry at (____ptrval____)
[    2.470642] Failed to find error inject entry at (____ptrval____)
[    2.470869] Failed to find error inject entry at (____ptrval____)
[    2.471080] Failed to find error inject entry at (____ptrval____)
[    2.471289] Failed to find error inject entry at (____ptrval____)
[    2.471557] Failed to find error inject entry at (____ptrval____)
[    2.471766] Failed to find error inject entry at (____ptrval____)
[    2.472031] Failed to find error inject entry at (____ptrval____)
[    2.472279] Failed to find error inject entry at (____ptrval____)
[    2.472526] Failed to find error inject entry at (____ptrval____)
[    2.472854] Failed to find error inject entry at (____ptrval____)
[    2.473492] Failed to find error inject entry at (____ptrval____)
[    2.473791] Failed to find error inject entry at (____ptrval____)
[    2.474033] Failed to find error inject entry at (____ptrval____)
[    2.474273] Failed to find error inject entry at (____ptrval____)
[    2.474508] Failed to find error inject entry at (____ptrval____)
[    2.474787] Failed to find error inject entry at (____ptrval____)
[    2.475064] Failed to find error inject entry at (____ptrval____)
[    2.475339] Failed to find error inject entry at (____ptrval____)
[    2.475580] Failed to find error inject entry at (____ptrval____)
[    2.475907] Failed to find error inject entry at (____ptrval____)
[    2.476151] Failed to find error inject entry at (____ptrval____)
[    2.476431] Failed to find error inject entry at (____ptrval____)
[    2.476732] Failed to find error inject entry at (____ptrval____)
[    2.477028] Failed to find error inject entry at (____ptrval____)
[    2.477275] Failed to find error inject entry at (____ptrval____)
[    2.477513] Failed to find error inject entry at (____ptrval____)
[    2.478124] Failed to find error inject entry at (____ptrval____)
[    2.478378] Failed to find error inject entry at (____ptrval____)
[    2.478584] Failed to find error inject entry at (____ptrval____)
[    2.478810] Failed to find error inject entry at (____ptrval____)
[    2.479016] Failed to find error inject entry at (____ptrval____)
[    2.479218] Failed to find error inject entry at (____ptrval____)
[    2.479423] Failed to find error inject entry at (____ptrval____)
[    2.479632] Failed to find error inject entry at (____ptrval____)
[    2.479836] Failed to find error inject entry at (____ptrval____)
[    2.480040] Failed to find error inject entry at (____ptrval____)
[    2.480243] Failed to find error inject entry at (____ptrval____)
[    2.480446] Failed to find error inject entry at (____ptrval____)
[    2.480654] Failed to find error inject entry at (____ptrval____)
[    2.480871] Failed to find error inject entry at (____ptrval____)
[    2.481075] Failed to find error inject entry at (____ptrval____)
[    2.481281] Failed to find error inject entry at (____ptrval____)
[    2.481484] Failed to find error inject entry at (____ptrval____)
[    2.481694] Failed to find error inject entry at (____ptrval____)
[    2.481932] Failed to find error inject entry at (____ptrval____)
[    2.482382] Failed to find error inject entry at (____ptrval____)
[    2.482663] Failed to find error inject entry at (____ptrval____)
[    2.482906] Failed to find error inject entry at (____ptrval____)
[    2.483157] Failed to find error inject entry at (____ptrval____)
[    2.483408] Failed to find error inject entry at (____ptrval____)
[    2.483852] Failed to find error inject entry at (____ptrval____)
[    2.484215] Failed to find error inject entry at (____ptrval____)
[    2.484572] Failed to find error inject entry at (____ptrval____)
[    2.485250] Failed to find error inject entry at (____ptrval____)
[    2.485636] Failed to find error inject entry at (____ptrval____)
[    2.485930] Failed to find error inject entry at (____ptrval____)
[    2.486160] Failed to find error inject entry at (____ptrval____)
[    2.486375] Failed to find error inject entry at (____ptrval____)
[    2.486627] Failed to find error inject entry at (____ptrval____)
[    2.486883] Failed to find error inject entry at (____ptrval____)
[    2.487130] Failed to find error inject entry at (____ptrval____)
[    2.487376] Failed to find error inject entry at (____ptrval____)
[    2.487622] Failed to find error inject entry at (____ptrval____)
[    2.487833] Failed to find error inject entry at (____ptrval____)
[    2.488039] Failed to find error inject entry at (____ptrval____)
[    2.488247] Failed to find error inject entry at (____ptrval____)
[    2.488530] Failed to find error inject entry at (____ptrval____)
[    2.488900] Failed to find error inject entry at (____ptrval____)
[    2.489109] Failed to find error inject entry at (____ptrval____)
[    2.489315] Failed to find error inject entry at (____ptrval____)
[    2.489542] Failed to find error inject entry at (____ptrval____)
[    2.489749] Failed to find error inject entry at (____ptrval____)
[    2.489956] Failed to find error inject entry at (____ptrval____)
[    2.490162] Failed to find error inject entry at (____ptrval____)
[    2.490386] Failed to find error inject entry at (____ptrval____)
[    2.490658] Failed to find error inject entry at (____ptrval____)
[    2.490868] Failed to find error inject entry at (____ptrval____)
[    2.491078] Failed to find error inject entry at (____ptrval____)
[    2.491286] Failed to find error inject entry at (____ptrval____)
[    2.491500] Failed to find error inject entry at (____ptrval____)
[    2.491706] Failed to find error inject entry at (____ptrval____)
[    2.491914] Failed to find error inject entry at (____ptrval____)
[    2.492121] Failed to find error inject entry at (____ptrval____)
[    2.492345] Failed to find error inject entry at (____ptrval____)
[    2.492550] Failed to find error inject entry at (____ptrval____)
[    2.492759] Failed to find error inject entry at (____ptrval____)
[    2.492967] Failed to find error inject entry at (____ptrval____)
[    2.493175] Failed to find error inject entry at (____ptrval____)
[    2.493389] Failed to find error inject entry at (____ptrval____)
[    2.493596] Failed to find error inject entry at (____ptrval____)
[    2.493801] Failed to find error inject entry at (____ptrval____)
[    2.494012] Failed to find error inject entry at (____ptrval____)
[    2.494220] Failed to find error inject entry at (____ptrval____)
[    2.494602] Failed to find error inject entry at (____ptrval____)
[    2.494820] Failed to find error inject entry at (____ptrval____)
[    2.495028] Failed to find error inject entry at (____ptrval____)
[    2.495238] Failed to find error inject entry at (____ptrval____)
[    2.495445] Failed to find error inject entry at (____ptrval____)
[    2.495737] Failed to find error inject entry at (____ptrval____)
[    2.495994] Failed to find error inject entry at (____ptrval____)
[    2.496203] Failed to find error inject entry at (____ptrval____)
[    2.496553] Failed to find error inject entry at (____ptrval____)
[    2.496802] Failed to find error inject entry at (____ptrval____)
[    2.497032] Failed to find error inject entry at (____ptrval____)
[    2.497240] Failed to find error inject entry at (____ptrval____)
[    2.497470] Failed to find error inject entry at (____ptrval____)
[    2.497678] Failed to find error inject entry at (____ptrval____)
[    2.497884] Failed to find error inject entry at (____ptrval____)
[    2.498090] Failed to find error inject entry at (____ptrval____)
[    2.498296] Failed to find error inject entry at (____ptrval____)
[    2.498505] Failed to find error inject entry at (____ptrval____)
[    2.498713] Failed to find error inject entry at (____ptrval____)
[    2.498919] Failed to find error inject entry at (____ptrval____)
[    2.499126] Failed to find error inject entry at (____ptrval____)
[    2.499332] Failed to find error inject entry at (____ptrval____)
[    2.499540] Failed to find error inject entry at (____ptrval____)
[    2.499745] Failed to find error inject entry at (____ptrval____)
[    2.499951] Failed to find error inject entry at (____ptrval____)
[    2.500159] Failed to find error inject entry at (____ptrval____)
[    2.500377] Failed to find error inject entry at (____ptrval____)
[    2.500585] Failed to find error inject entry at (____ptrval____)
[    2.500825] Failed to find error inject entry at (____ptrval____)
[    2.501035] Failed to find error inject entry at (____ptrval____)
[    2.501242] Failed to find error inject entry at (____ptrval____)
[    2.501523] Failed to find error inject entry at (____ptrval____)
[    2.501733] Failed to find error inject entry at (____ptrval____)
[    2.501941] Failed to find error inject entry at (____ptrval____)
[    2.502147] Failed to find error inject entry at (____ptrval____)
[    2.502672] Failed to find error inject entry at (____ptrval____)
[    2.502905] Failed to find error inject entry at (____ptrval____)
[    2.503111] Failed to find error inject entry at (____ptrval____)
[    2.503361] Failed to find error inject entry at (____ptrval____)
[    2.503567] Failed to find error inject entry at (____ptrval____)
[    2.503770] Failed to find error inject entry at (____ptrval____)
[    2.503972] Failed to find error inject entry at (____ptrval____)
[    2.504191] Failed to find error inject entry at (____ptrval____)
[    2.504415] Failed to find error inject entry at (____ptrval____)
[    2.504703] Failed to find error inject entry at (____ptrval____)
[    2.504938] Failed to find error inject entry at (____ptrval____)
[    2.505162] Failed to find error inject entry at (____ptrval____)
[    2.505458] Failed to find error inject entry at (____ptrval____)
[    2.505891] Failed to find error inject entry at (____ptrval____)
[    2.506099] Failed to find error inject entry at (____ptrval____)
[    2.506338] Failed to find error inject entry at (____ptrval____)
[    2.506546] Failed to find error inject entry at (____ptrval____)
[    2.506752] Failed to find error inject entry at (____ptrval____)
[    2.506957] Failed to find error inject entry at (____ptrval____)
[    2.507161] Failed to find error inject entry at (____ptrval____)
[    2.507371] Failed to find error inject entry at (____ptrval____)
[    2.507575] Failed to find error inject entry at (____ptrval____)
[    2.507780] Failed to find error inject entry at (____ptrval____)
[    2.507985] Failed to find error inject entry at (____ptrval____)
[    2.508211] Failed to find error inject entry at (____ptrval____)
[    2.508442] Failed to find error inject entry at (____ptrval____)
[    2.508776] Failed to find error inject entry at (____ptrval____)
[    2.509059] Failed to find error inject entry at (____ptrval____)
[    2.509534] Failed to find error inject entry at (____ptrval____)
[    2.509757] Failed to find error inject entry at (____ptrval____)
[    2.509966] Failed to find error inject entry at (____ptrval____)
[    2.510198] Failed to find error inject entry at (____ptrval____)
[    2.510406] Failed to find error inject entry at (____ptrval____)
[    2.510612] Failed to find error inject entry at (____ptrval____)
[    2.510819] Failed to find error inject entry at (____ptrval____)
[    2.511024] Failed to find error inject entry at (____ptrval____)
[    2.511237] Failed to find error inject entry at (____ptrval____)
[    2.511444] Failed to find error inject entry at (____ptrval____)
[    2.511653] Failed to find error inject entry at (____ptrval____)
[    2.511858] Failed to find error inject entry at (____ptrval____)
[    2.512070] Failed to find error inject entry at (____ptrval____)
[    2.512304] Failed to find error inject entry at (____ptrval____)
[    2.512513] Failed to find error inject entry at (____ptrval____)
[    2.512732] Failed to find error inject entry at (____ptrval____)
[    2.512941] Failed to find error inject entry at (____ptrval____)
[    2.513149] Failed to find error inject entry at (____ptrval____)
[    2.513389] Failed to find error inject entry at (____ptrval____)
[    2.513762] Failed to find error inject entry at (____ptrval____)
[    2.513968] Failed to find error inject entry at (____ptrval____)
[    2.514174] Failed to find error inject entry at (____ptrval____)
[    2.514378] Failed to find error inject entry at (____ptrval____)
[    2.514586] Failed to find error inject entry at (____ptrval____)
[    2.514789] Failed to find error inject entry at (____ptrval____)
[    2.514991] Failed to find error inject entry at (____ptrval____)
[    2.515194] Failed to find error inject entry at (____ptrval____)
[    2.515397] Failed to find error inject entry at (____ptrval____)
[    2.515605] Failed to find error inject entry at (____ptrval____)
[    2.515808] Failed to find error inject entry at (____ptrval____)
[    2.516012] Failed to find error inject entry at (____ptrval____)
[    2.516214] Failed to find error inject entry at (____ptrval____)
[    2.516417] Failed to find error inject entry at (____ptrval____)
[    2.516671] Failed to find error inject entry at (____ptrval____)
[    2.516941] Failed to find error inject entry at (____ptrval____)
[    2.517321] Failed to find error inject entry at (____ptrval____)
[    2.517628] Failed to find error inject entry at (____ptrval____)
[    2.517870] Failed to find error inject entry at (____ptrval____)
[    2.518106] Failed to find error inject entry at (____ptrval____)
[    2.518342] Failed to find error inject entry at (____ptrval____)
[    2.518629] Failed to find error inject entry at (____ptrval____)
[    2.518871] Failed to find error inject entry at (____ptrval____)
[    2.519105] Failed to find error inject entry at (____ptrval____)
[    2.519339] Failed to find error inject entry at (____ptrval____)
[    2.519586] Failed to find error inject entry at (____ptrval____)
[    2.519822] Failed to find error inject entry at (____ptrval____)
[    2.520076] Failed to find error inject entry at (____ptrval____)
[    2.520368] Failed to find error inject entry at (____ptrval____)
[    2.520614] Failed to find error inject entry at (____ptrval____)
[    2.520853] Failed to find error inject entry at (____ptrval____)
[    2.521090] Failed to find error inject entry at (____ptrval____)
[    2.521324] Failed to find error inject entry at (____ptrval____)
[    2.521800] Failed to find error inject entry at (____ptrval____)
[    2.522033] Failed to find error inject entry at (____ptrval____)
[    2.522241] Failed to find error inject entry at (____ptrval____)
[    2.522452] Failed to find error inject entry at (____ptrval____)
[    2.522656] Failed to find error inject entry at (____ptrval____)
[    2.522860] Failed to find error inject entry at (____ptrval____)
[    2.523066] Failed to find error inject entry at (____ptrval____)
[    2.523282] Failed to find error inject entry at (____ptrval____)
[    2.523501] Failed to find error inject entry at (____ptrval____)
[    2.523708] Failed to find error inject entry at (____ptrval____)
[    2.523912] Failed to find error inject entry at (____ptrval____)
[    2.524116] Failed to find error inject entry at (____ptrval____)
[    2.524324] Failed to find error inject entry at (____ptrval____)
[    2.524530] Failed to find error inject entry at (____ptrval____)
[    2.524735] Failed to find error inject entry at (____ptrval____)
[    2.524941] Failed to find error inject entry at (____ptrval____)
[    2.525145] Failed to find error inject entry at (____ptrval____)
[    2.525708] Failed to find error inject entry at (____ptrval____)
[    2.525959] Failed to find error inject entry at (____ptrval____)
[    2.526194] Failed to find error inject entry at (____ptrval____)
[    2.526439] Failed to find error inject entry at (____ptrval____)
[    2.526675] Failed to find error inject entry at (____ptrval____)
[    2.526911] Failed to find error inject entry at (____ptrval____)
[    2.527149] Failed to find error inject entry at (____ptrval____)
[    2.527415] Failed to find error inject entry at (____ptrval____)
[    2.527653] Failed to find error inject entry at (____ptrval____)
[    2.527887] Failed to find error inject entry at (____ptrval____)
[    2.528121] Failed to find error inject entry at (____ptrval____)
[    2.528366] Failed to find error inject entry at (____ptrval____)
[    2.528601] Failed to find error inject entry at (____ptrval____)
[    2.528838] Failed to find error inject entry at (____ptrval____)
[    2.529072] Failed to find error inject entry at (____ptrval____)
[    2.529450] Failed to find error inject entry at (____ptrval____)
[    2.529706] Failed to find error inject entry at (____ptrval____)
[    2.529946] Failed to find error inject entry at (____ptrval____)
[    2.530181] Failed to find error inject entry at (____ptrval____)
[    2.530416] Failed to find error inject entry at (____ptrval____)
[    2.530650] Failed to find error inject entry at (____ptrval____)
[    2.530916] Failed to find error inject entry at (____ptrval____)
[    2.531156] Failed to find error inject entry at (____ptrval____)
[    2.531392] Failed to find error inject entry at (____ptrval____)
[    2.531627] Failed to find error inject entry at (____ptrval____)
[    2.531906] Failed to find error inject entry at (____ptrval____)
[    2.532191] Failed to find error inject entry at (____ptrval____)
[    2.532429] Failed to find error inject entry at (____ptrval____)
[    2.532833] Failed to find error inject entry at (____ptrval____)
[    2.533054] Failed to find error inject entry at (____ptrval____)
[    2.533262] Failed to find error inject entry at (____ptrval____)
[    2.533467] Failed to find error inject entry at (____ptrval____)
[    2.533716] Failed to find error inject entry at (____ptrval____)
[    2.533928] Failed to find error inject entry at (____ptrval____)
[    2.534152] Failed to find error inject entry at (____ptrval____)
[    2.534365] Failed to find error inject entry at (____ptrval____)
[    2.534572] Failed to find error inject entry at (____ptrval____)
[    2.534784] Failed to find error inject entry at (____ptrval____)
[    2.534991] Failed to find error inject entry at (____ptrval____)
[    2.535197] Failed to find error inject entry at (____ptrval____)
[    2.535402] Failed to find error inject entry at (____ptrval____)
[    2.535669] Failed to find error inject entry at (____ptrval____)
[    2.535880] Failed to find error inject entry at (____ptrval____)
[    2.536086] Failed to find error inject entry at (____ptrval____)
[    2.536293] Failed to find error inject entry at (____ptrval____)
[    2.536498] Failed to find error inject entry at (____ptrval____)
[    2.536709] Failed to find error inject entry at (____ptrval____)
[    2.536916] Failed to find error inject entry at (____ptrval____)
[    2.537135] Failed to find error inject entry at (____ptrval____)
[    2.537341] Failed to find error inject entry at (____ptrval____)
[    2.537606] Failed to find error inject entry at (____ptrval____)
[    2.537993] Failed to find error inject entry at (____ptrval____)
[    2.538232] Failed to find error inject entry at (____ptrval____)
[    2.538466] Failed to find error inject entry at (____ptrval____)
[    2.538711] Failed to find error inject entry at (____ptrval____)
[    2.538948] Failed to find error inject entry at (____ptrval____)
[    2.539185] Failed to find error inject entry at (____ptrval____)
[    2.539420] Failed to find error inject entry at (____ptrval____)
[    2.539663] Failed to find error inject entry at (____ptrval____)
[    2.539899] Failed to find error inject entry at (____ptrval____)
[    2.540133] Failed to find error inject entry at (____ptrval____)
[    2.540368] Failed to find error inject entry at (____ptrval____)
[    2.540609] Failed to find error inject entry at (____ptrval____)
[    2.540853] Failed to find error inject entry at (____ptrval____)
[    2.541090] Failed to find error inject entry at (____ptrval____)
[    2.541325] Failed to find error inject entry at (____ptrval____)
[    2.541708] Failed to find error inject entry at (____ptrval____)
[    2.541930] Failed to find error inject entry at (____ptrval____)
[    2.542139] Failed to find error inject entry at (____ptrval____)
[    2.542347] Failed to find error inject entry at (____ptrval____)
[    2.542560] Failed to find error inject entry at (____ptrval____)
[    2.542767] Failed to find error inject entry at (____ptrval____)
[    2.542974] Failed to find error inject entry at (____ptrval____)
[    2.543182] Failed to find error inject entry at (____ptrval____)
[    2.543394] Failed to find error inject entry at (____ptrval____)
[    2.543623] Failed to find error inject entry at (____ptrval____)
[    2.543831] Failed to find error inject entry at (____ptrval____)
[    2.544036] Failed to find error inject entry at (____ptrval____)
[    2.544243] Failed to find error inject entry at (____ptrval____)
[    2.544464] Failed to find error inject entry at (____ptrval____)
[    2.544676] Failed to find error inject entry at (____ptrval____)
[    2.544883] Failed to find error inject entry at (____ptrval____)
[    2.545089] Failed to find error inject entry at (____ptrval____)
[    2.545293] Failed to find error inject entry at (____ptrval____)
[    2.545634] Failed to find error inject entry at (____ptrval____)
[    2.545859] Failed to find error inject entry at (____ptrval____)
[    2.546069] Failed to find error inject entry at (____ptrval____)
[    2.546280] Failed to find error inject entry at (____ptrval____)
[    2.546492] Failed to find error inject entry at (____ptrval____)
[    2.546699] Failed to find error inject entry at (____ptrval____)
[    2.546906] Failed to find error inject entry at (____ptrval____)
[    2.547112] Failed to find error inject entry at (____ptrval____)
[    2.547325] Failed to find error inject entry at (____ptrval____)
[    2.547532] Failed to find error inject entry at (____ptrval____)
[    2.547739] Failed to find error inject entry at (____ptrval____)
[    2.547950] Failed to find error inject entry at (____ptrval____)
[    2.548155] Failed to find error inject entry at (____ptrval____)
[    2.548426] Failed to find error inject entry at (____ptrval____)
[    2.548635] Failed to find error inject entry at (____ptrval____)
[    2.548882] Failed to find error inject entry at (____ptrval____)
[    2.549091] Failed to find error inject entry at (____ptrval____)
[    2.549311] Failed to find error inject entry at (____ptrval____)
[    2.549658] Failed to find error inject entry at (____ptrval____)
[    2.549963] Failed to find error inject entry at (____ptrval____)
[    2.550660] Failed to find error inject entry at (____ptrval____)
[    2.551043] Failed to find error inject entry at (____ptrval____)
[    2.551639] Failed to find error inject entry at (____ptrval____)
[    2.552007] Failed to find error inject entry at (____ptrval____)
[    2.552384] Failed to find error inject entry at (____ptrval____)
[    2.552716] Failed to find error inject entry at (____ptrval____)
[    2.553038] Failed to find error inject entry at (____ptrval____)
[    2.553513] Failed to find error inject entry at (____ptrval____)
[    2.554062] Failed to find error inject entry at (____ptrval____)
[    2.554323] Failed to find error inject entry at (____ptrval____)
[    2.554531] Failed to find error inject entry at (____ptrval____)
[    2.554737] Failed to find error inject entry at (____ptrval____)
[    2.562849] input: gpio-keys as /devices/platform/gpio-keys/input/input0
[    2.565068] cfg80211: Loading compiled-in X.509 certificates for regulatory database
[    2.579294] cfg80211: Loaded X.509 cert 'sforshee: 00b28ddf47aef9cea7'
[    2.581996] ALSA device list:
[    2.582460]   No soundcards found.
[    2.584700] platform regulatory.0: Direct firmware load for regulatory.db failed with error -2
[    2.585454] platform regulatory.0: Falling back to sysfs fallback for: regulatory.db
[    2.590216] uart-pl011 9000000.pl011: no DMA platform data
[    2.646375] cryptomgr_probe (125): highest shadow stack usage: 168 bytes
[    2.716478] Freeing unused kernel memory: 1216K
[    2.726356] Run /init as init process
[    3.074350] init: init first stage started!
[    3.110891] init: Loading module /lib/modules/btintel.ko with args ""
[    3.150015] init: Loaded kernel module /lib/modules/btintel.ko
[    3.152471] init: Loading module /lib/modules/btrtl.ko with args ""
[    3.193864] init: Loaded kernel module /lib/modules/btrtl.ko
[    3.197227] init: Loading module /lib/modules/btusb.ko with args ""
[    3.233623] usbcore: registered new interface driver btusb
[    3.236443] init: Loaded kernel module /lib/modules/btusb.ko
[    3.238651] init: Loading module /lib/modules/dummy-cpufreq.ko with args ""
[    3.285303] init: Loaded kernel module /lib/modules/dummy-cpufreq.ko
[    3.287873] init: Loading module /lib/modules/failover.ko with args ""
[    3.354365] init: Loaded kernel module /lib/modules/failover.ko
[    3.355710] init: Loading module /lib/modules/goldfish_address_space.ko with args ""
[    3.356524] goldfish_address_space: loading out-of-tree module taints kernel.
[    3.387737] goldfish_address_space 0000:00:0b.0: enabling device (0000 -> 0002)
[    3.393121] init: Loaded kernel module /lib/modules/goldfish_address_space.ko
[    3.395261] init: Loading module /lib/modules/goldfish_battery.ko with args ""
[    3.438411] init: Loaded kernel module /lib/modules/goldfish_battery.ko
[    3.439870] init: Loading module /lib/modules/goldfish_pipe.ko with args ""
[    3.485649] init: Loaded kernel module /lib/modules/goldfish_pipe.ko
[    3.487157] init: Loading module /lib/modules/goldfish_sync.ko with args ""
[    3.529801] init: Loaded kernel module /lib/modules/goldfish_sync.ko
[    3.531629] init: Loading module /lib/modules/hci_vhci.ko with args ""
[    3.579388] init: Loaded kernel module /lib/modules/hci_vhci.ko
[    3.580563] init: Loading module /lib/modules/incrementalfs.ko with args ""
[    3.631051] init: Loaded kernel module /lib/modules/incrementalfs.ko
[    3.632403] init: Loading module /lib/modules/mac80211_hwsim.ko with args ""
[    3.674564] mac80211_hwsim: initializing netlink
[    3.698367] init: Loaded kernel module /lib/modules/mac80211_hwsim.ko
[    3.699595] init: Loading module /lib/modules/md-mod.ko with args ""
[    3.783926] init: Loaded kernel module /lib/modules/md-mod.ko
[    3.785138] init: Loading module /lib/modules/nd_virtio.ko with args ""
[    3.833529] init: Loaded kernel module /lib/modules/nd_virtio.ko
[    3.835199] init: Loading module /lib/modules/net_failover.ko with args ""
[    3.882726] init: Loaded kernel module /lib/modules/net_failover.ko
[    3.884391] init: Loading module /lib/modules/rtc-test.ko with args ""
[    3.928616] rtc-test rtc-test.0: registered as rtc1
[    3.949611] rtc rtc2: invalid alarm value: 18446744073704833238-04-05T09:46:26
[    3.950625] rtc-test rtc-test.1: registered as rtc2
[    3.971076] rtc rtc3: invalid alarm value: 18446744073704833238-04-05T09:46:26
[    3.971817] rtc-test rtc-test.2: registered as rtc3
[    3.973850] init: Loaded kernel module /lib/modules/rtc-test.ko
[    3.975592] init: Loading module /lib/modules/snd-hda-core.ko with args ""
[    4.032864] init: Loaded kernel module /lib/modules/snd-hda-core.ko
[    4.034650] init: Loading module /lib/modules/snd-hda-codec.ko with args ""
[    4.085348] init: Loaded kernel module /lib/modules/snd-hda-codec.ko
[    4.086984] init: Loading module /lib/modules/snd-hda-codec-generic.ko with args ""
[    4.126405] init: Loaded kernel module /lib/modules/snd-hda-codec-generic.ko
[    4.128252] init: Loading module /lib/modules/snd-hda-intel.ko with args ""
[    4.172736] init: Loaded kernel module /lib/modules/snd-hda-intel.ko
[    4.174689] init: Loading module /lib/modules/test_meminit.ko with args ""
[    4.253057] test_meminit: all 10 tests in test_pages passed
[    4.270000] test_meminit: all 40 tests in test_kvmalloc passed
[    6.840225] test_meminit: all 70 tests in test_kmemcache passed
[    7.159190] test_meminit: all 10 tests in test_rcu_persistent passed
[    7.159580] test_meminit: all 130 tests passed!
[    7.161818] init: Loaded kernel module /lib/modules/test_meminit.ko
[    7.163267] init: Loading module /lib/modules/test_stackinit.ko with args ""
[    7.208695] test_stackinit: u8_zero ok
[    7.209671] test_stackinit: u16_zero ok
[    7.210040] test_stackinit: u32_zero ok
[    7.210517] test_stackinit: u64_zero ok
[    7.211148] test_stackinit: char_array_zero ok
[    7.211761] test_stackinit: small_hole_zero ok
[    7.212178] test_stackinit: big_hole_zero ok
[    7.212911] test_stackinit: trailing_hole_zero ok
[    7.213362] test_stackinit: packed_zero ok
[    7.213964] test_stackinit: small_hole_dynamic_partial ok
[    7.214543] test_stackinit: big_hole_dynamic_partial ok
[    7.215298] test_stackinit: trailing_hole_dynamic_partial ok
[    7.216145] test_stackinit: packed_dynamic_partial ok
[    7.216730] test_stackinit: small_hole_static_partial ok
[    7.217936] test_stackinit: big_hole_static_partial ok
[    7.218773] test_stackinit: trailing_hole_static_partial ok
[    7.219614] test_stackinit: packed_static_partial ok
[    7.220254] test_stackinit: small_hole_static_all ok
[    7.220759] test_stackinit: big_hole_static_all ok
[    7.221471] test_stackinit: trailing_hole_static_all ok
[    7.222008] test_stackinit: packed_static_all ok
[    7.222445] test_stackinit: small_hole_dynamic_all ok
[    7.222902] test_stackinit: big_hole_dynamic_all ok
[    7.223337] test_stackinit: trailing_hole_dynamic_all ok
[    7.223813] test_stackinit: packed_dynamic_all ok
[    7.224382] test_stackinit: small_hole_runtime_partial ok
[    7.225992] test_stackinit: big_hole_runtime_partial ok
[    7.226772] test_stackinit: trailing_hole_runtime_partial ok
[    7.227463] test_stackinit: packed_runtime_partial ok
[    7.228239] test_stackinit: small_hole_runtime_all ok
[    7.228807] test_stackinit: big_hole_runtime_all ok
[    7.229352] test_stackinit: trailing_hole_runtime_all ok
[    7.230403] test_stackinit: packed_runtime_all ok
[    7.230907] test_stackinit: u8_none ok
[    7.231313] test_stackinit: u16_none ok
[    7.231732] test_stackinit: u32_none ok
[    7.232132] test_stackinit: u64_none ok
[    7.232684] test_stackinit: char_array_none ok
[    7.233402] test_stackinit: switch_1_none XFAIL (uninit bytes: 3)
[    7.233994] test_stackinit: switch_2_none XFAIL (uninit bytes: 3)
[    7.234485] test_stackinit: small_hole_none ok
[    7.235146] test_stackinit: big_hole_none ok
[    7.235653] test_stackinit: trailing_hole_none ok
[    7.236099] test_stackinit: packed_none ok
[    7.236709] test_stackinit: user ok
[    7.236958] test_stackinit: all tests passed!
[    7.240105] init: Loaded kernel module /lib/modules/test_stackinit.ko
[    7.242904] init: Loading module /lib/modules/usbip-core.ko with args ""
[    7.291974] init: Loaded kernel module /lib/modules/usbip-core.ko
[    7.294504] init: Loading module /lib/modules/vhci-hcd.ko with args ""
[    7.338126] vhci_hcd vhci_hcd.0: USB/IP Virtual Host Controller
[    7.338460] vhci_hcd vhci_hcd.0: new USB bus registered, assigned bus number 2
[    7.339359] vhci_hcd: created sysfs vhci_hcd.0
[    7.343367] hub 2-0:1.0: USB hub found
[    7.344695] hub 2-0:1.0: 8 ports detected
[    7.352543] vhci_hcd vhci_hcd.0: USB/IP Virtual Host Controller
[    7.352879] vhci_hcd vhci_hcd.0: new USB bus registered, assigned bus number 3
[    7.354088] usb usb3: We don't know the algorithms for LPM for this host, disabling LPM.
[    7.356372] hub 3-0:1.0: USB hub found
[    7.356830] hub 3-0:1.0: 8 ports detected
[    7.367484] init: Loaded kernel module /lib/modules/vhci-hcd.ko
[    7.369059] init: Loading module /lib/modules/virtio-gpu.ko with args ""
[    7.410527] init: Loaded kernel module /lib/modules/virtio-gpu.ko
[    7.412631] init: Loading module /lib/modules/virtio-rng.ko with args ""
[    7.452324] init: Loaded kernel module /lib/modules/virtio-rng.ko
[    7.455374] init: Loading module /lib/modules/virtio_blk.ko with args ""
[    7.502496] init: Loaded kernel module /lib/modules/virtio_blk.ko
[    7.504128] init: Loading module /lib/modules/virtio_console.ko with args ""
[    7.552481] init: Loaded kernel module /lib/modules/virtio_console.ko
[    7.555043] init: Loading module /lib/modules/virtio_input.ko with args ""
[    7.594639] init: Loaded kernel module /lib/modules/virtio_input.ko
[    7.596196] init: Loading module /lib/modules/virtio_mmio.ko with args ""
[    7.662584] random: crng init done
[    7.679405] virtio_blk virtio2: [vda] 6313984 512-byte logical blocks (3.23 GB/3.01 GiB)
[    7.742780]  vda: vda1 vda2
[    7.762842] virtio_blk virtio3: [vdb] 524288 512-byte logical blocks (268 MB/256 MiB)
[    7.809978] virtio_blk virtio4: [vdc] 16777216 512-byte logical blocks (8.59 GB/8.00 GiB)
[    7.864567] virtio_blk virtio5: [vdd] 36864 512-byte logical blocks (18.9 MB/18.0 MiB)
[    7.911371]  vdd: vdd1
[    7.928577] virtio_blk virtio6: [vde] 174080 512-byte logical blocks (89.1 MB/85.0 MiB)
[    7.969844]  vde: vde1
[    7.980406] init: Loaded kernel module /lib/modules/virtio_mmio.ko
[    7.982112] init: Loading module /lib/modules/virtio_net.ko with args ""
[    8.040102] init: Loaded kernel module /lib/modules/virtio_net.ko
[    8.041716] init: Loading module /lib/modules/virtio_pci.ko with args ""
[    8.090573] init: Loaded kernel module /lib/modules/virtio_pci.ko
[    8.091738] init: Loading module /lib/modules/virtio_pmem.ko with args ""
[    8.137017] init: Loaded kernel module /lib/modules/virtio_pmem.ko
[    8.138766] init: Loading module /lib/modules/virtio_wifi.ko with args ""
[    8.188820] init: Loaded kernel module /lib/modules/virtio_wifi.ko
[    8.190923] init: Loading module /lib/modules/xhci-hcd.ko with args ""
[    8.266117] init: Loaded kernel module /lib/modules/xhci-hcd.ko
[    8.267613] init: Loading module /lib/modules/xhci-pci.ko with args ""
[    8.315232] init: Loaded kernel module /lib/modules/xhci-pci.ko
[    8.370485] init: Using Android DT directory /proc/device-tree/firmware/android/
[    9.052423] init: [libfs_mgr]superblock s_max_mnt_count:65535,/dev/block/platform/a003c00.virtio_mmio/by-name/metadata
[    9.055330] init: [libfs_mgr]Filesystem on /dev/block/platform/a003c00.virtio_mmio/by-name/metadata was not cleanly shutdown; state flags: 0x1, incompat feature flags: 0x46
[    9.132297] init: [libfs_mgr]check_fs(): mount(/dev/block/platform/a003c00.virtio_mmio/by-name/metadata,/metadata,ext4)=-1: No such file or directory
[    9.135292] init: [libfs_mgr]Not running /system/bin/e2fsck on /dev/block/vdd1 (executable not in system image)
[    9.250334] EXT4-fs (vdd1): recovery complete
[    9.253079] EXT4-fs (vdd1): mounted filesystem with ordered data mode. Opts: 
[    9.254613] init: [libfs_mgr]__mount(source=/dev/block/platform/a003c00.virtio_mmio/by-name/metadata,target=/metadata,type=ext4)=0: Success
[    9.272661] init: Failed to copy /avb into /metadata/gsi/dsu/avb/: No such file or directory
[    9.339617] init: [libfs_mgr]Created logical partition system on device /dev/block/dm-0
[    9.354193] init: [libfs_mgr]Created logical partition system_ext on device /dev/block/dm-1
[    9.363941] init: [libfs_mgr]Created logical partition product on device /dev/block/dm-2
[    9.372967] init: [libfs_mgr]Created logical partition vendor on device /dev/block/dm-3
[    9.374862] init: DSU not detected, proceeding with normal boot
[    9.391811] init: [libfs_mgr]superblock s_max_mnt_count:65535,/dev/block/dm-0
[    9.455103] EXT4-fs (dm-0): mounted filesystem without journal. Opts: barrier=1
[    9.455924] init: [libfs_mgr]__mount(source=/dev/block/dm-0,target=/system,type=ext4)=0: Success
[    9.462782] init: Switching root to '/system'
[    9.488880] init: [libfs_mgr]superblock s_max_mnt_count:65535,/dev/block/dm-2
[    9.541255] EXT4-fs (dm-2): mounted filesystem without journal. Opts: barrier=1
[    9.542060] init: [libfs_mgr]__mount(source=/dev/block/dm-2,target=/product,type=ext4)=0: Success
[    9.556132] init: [libfs_mgr]superblock s_max_mnt_count:65535,/dev/block/dm-1
[    9.601934] EXT4-fs (dm-1): mounted filesystem without journal. Opts: barrier=1
[    9.602689] init: [libfs_mgr]__mount(source=/dev/block/dm-1,target=/system_ext,type=ext4)=0: Success
[    9.613436] init: [libfs_mgr]superblock s_max_mnt_count:65535,/dev/block/dm-3
[    9.663750] EXT4-fs (dm-3): mounted filesystem without journal. Opts: barrier=1
[    9.664730] init: [libfs_mgr]__mount(source=/dev/block/dm-3,target=/vendor,type=ext4)=0: Success
[    9.766573] init: Skipped setting INIT_AVB_VERSION (not in recovery mode)
[   10.612730] init: Loading SELinux policy
[   10.731734] SELinux:  Permission nlmsg_getneigh in class netlink_route_socket not defined in policy.
[   10.733292] SELinux: the above unknown classes and permissions will be denied
[   10.734783] SELinux:  policy capability network_peer_controls=1
[   10.735005] SELinux:  policy capability open_perms=1
[   10.735181] SELinux:  policy capability extended_socket_class=1
[   10.735391] SELinux:  policy capability always_check_network=0
[   10.735590] SELinux:  policy capability cgroup_seclabel=0
[   10.735780] SELinux:  policy capability nnp_nosuid_transition=1
[   11.044439] audit: type=1403 audit(1790539760.224:2): auid=4294967295 ses=4294967295 lsm=selinux res=1
[   11.048562] selinux: SELinux: Loaded policy from /vendor/etc/selinux/precompiled_sepolicy
[   11.049107] selinux: 
[   11.055562] audit: type=1404 audit(1790539760.236:3): enforcing=1 old_enforcing=0 auid=4294967295 ses=4294967295 enabled=1 old-enabled=1 lsm=selinux res=1
[   11.126154] selinux: SELinux: Loaded file_contexts
[   11.126618] selinux: 
[   11.505374] init: init second stage started!
[   11.907391] init: Using Android DT directory /proc/device-tree/firmware/android/
[   11.929812] init: Init cannot set 'ro.boot.hardware' to 'ranchu': Read-only property was already set
[   12.037259] init: Overriding previous 'ro.' property 'ro.control_privapp_permissions':'disable' with new value 'enforce'
[   12.059832] init: Overriding previous 'ro.' property 'ro.config.notification_sound':'OnTheHunt.ogg' with new value 'pixiedust.ogg'
[   12.064086] init: Couldn't load property file '/factory/factory.prop': open() failed: No such file or directory: No such file or directory
[   12.084440] init: Setting product property ro.product.brand to 'google' (from ro.product.product.brand)
[   12.085304] init: Setting product property ro.product.device to 'emulator_arm64' (from ro.product.product.device)
[   12.086379] init: Setting product property ro.product.manufacturer to 'Google' (from ro.product.product.manufacturer)
[   12.087230] init: Setting product property ro.product.model to 'sdk_gphone_arm64' (from ro.product.product.model)
[   12.087970] init: Setting product property ro.product.name to 'sdk_gphone_arm64' (from ro.product.product.name)
[   12.089546] init: Setting property 'ro.build.fingerprint' to 'google/sdk_gphone_arm64/emulator_arm64:11/RSR1.240422.006/12134477:userdebug/dev-keys'
[   12.224191] selinux: SELinux: Loaded file_contexts
[   12.224588] selinux: 
[   12.225032] init: Running restorecon...
[   12.362832] init: Created socket '/dev/socket/property_service', mode 666, user 0, group 0
[   12.433580] init: SetupMountNamespaces done
[   12.450751] init: Forked subcontext for 'u:r:vendor_init:s0' with pid 156
[   12.463641] init: Parsing file /system/etc/init/hw/init.rc...
[   12.495338] init: Added '/init.environ.rc' to import list
[   12.497475] init: Added '/system/etc/init/hw/init.usb.rc' to import list
[   12.499204] init: Added '/init.ranchu.rc' to import list
[   12.502253] init: Added '/vendor/etc/init/hw/init.ranchu.rc' to import list
[   12.502928] init: Added '/system/etc/init/hw/init.usb.configfs.rc' to import list
[   12.503862] init: Added '/system/etc/init/hw/init.zygote64.rc' to import list
[   12.578974] init: Parsing file /init.environ.rc...
[   12.590512] init: Parsing file /system/etc/init/hw/init.usb.rc...
[   12.608374] init: Parsing file /init.ranchu.rc...
[   12.610490] init: Unable to read config file '/init.ranchu.rc': open() failed: No such file or directory
[   12.617766] init: Parsing file /vendor/etc/init/hw/init.ranchu.rc...
[   12.699181] init: Parsing file /system/etc/init/hw/init.usb.configfs.rc...
[   12.714514] init: Parsing file /system/etc/init/hw/init.zygote64.rc...
[   12.721569] init: Parsing directory /system/etc/init...
[   12.737778] init: Parsing file /system/etc/init/android.hidl.allocator@1.0-service.rc...
[   12.741478] init: Parsing file /system/etc/init/android.system.suspend@1.0-service.rc...
[   12.747003] init: Parsing file /system/etc/init/apexd.rc...
[   12.751127] init: Parsing file /system/etc/init/atrace.rc...
[   12.767105] init: Parsing file /system/etc/init/atrace_userdebug.rc...
[   12.771107] init: Parsing file /system/etc/init/audioserver.rc...
[   12.776843] init: Parsing file /system/etc/init/blank_screen.rc...
[   12.780908] init: Parsing file /system/etc/init/bootanim.rc...
[   12.785584] init: Parsing file /system/etc/init/bootstat-debug.rc...
[   12.789580] init: Parsing file /system/etc/init/bootstat.rc...
[   12.796611] init: Parsing file /system/etc/init/bpfloader.rc...
[   12.803998] init: Parsing file /system/etc/init/cameraserver.rc...
[   12.810155] init: Parsing file /system/etc/init/clean_scratch_files.rc...
[   12.815389] init: Parsing file /system/etc/init/cppreopts.rc...
[   12.823487] init: Parsing file /system/etc/init/credstore.rc...
[   12.828278] init: Parsing file /system/etc/init/drmserver.rc...
[   12.832342] init: Parsing file /system/etc/init/dumpstate.rc...
[   12.837829] init: Parsing file /system/etc/init/flags_health_check.rc...
[   12.841329] init: Parsing file /system/etc/init/gatekeeperd.rc...
[   12.846506] init: Parsing file /system/etc/init/gpuservice.rc...
[   12.851354] init: Parsing file /system/etc/init/gsid.rc...
[   12.856336] init: Parsing file /system/etc/init/heapprofd.rc...
[   12.862437] init: Parsing file /system/etc/init/hwservicemanager.rc...
[   12.867050] init: Parsing file /system/etc/init/idmap2d.rc...
[   12.873249] init: Parsing file /system/etc/init/incidentd.rc...
[   12.878213] init: Parsing file /system/etc/init/init-debug.rc...
[   12.883590] init: Parsing file /system/etc/init/installd.rc...
[   12.894157] init: Parsing file /system/etc/init/iorapd.rc...
[   12.904294] init: Parsing file /system/etc/init/keystore.rc...
[   12.912152] init: Parsing file /system/etc/init/llkd-debuggable.rc...
[   12.923146] init: Parsing file /system/etc/init/llkd.rc...
[   12.931026] init: Parsing file /system/etc/init/lmkd.rc...
[   12.936409] init: Parsing file /system/etc/init/logcatd.rc...
[   12.944410] init: Parsing file /system/etc/init/logd.rc...
[   12.951481] init: Parsing file /system/etc/init/logtagd.rc...
[   12.955589] init: Parsing file /system/etc/init/lpdumpd.rc...
[   12.961612] init: Parsing file /system/etc/init/mdnsd.rc...
[   12.965667] init: Parsing file /system/etc/init/mediaextractor.rc...
[   12.969494] init: Parsing file /system/etc/init/mediametrics.rc...
[   12.975268] init: Parsing file /system/etc/init/mediaserver.rc...
[   12.984564] init: Parsing file /system/etc/init/mtpd.rc...
[   12.991207] init: Parsing file /system/etc/init/netd.rc...
[   12.997041] init: Parsing file /system/etc/init/otapreopt.rc...
[   13.010909] init: Parsing file /system/etc/init/perfetto.rc...
[   13.020099] init: Parsing file /system/etc/init/racoon.rc...
[   13.027269] init: Parsing file /system/etc/init/recovery-persist.rc...
[   13.030500] init: Parsing file /system/etc/init/recovery-refresh.rc...
[   13.034166] init: Parsing file /system/etc/init/rss_hwm_reset.rc...
[   13.042647] init: Parsing file /system/etc/init/servicemanager.rc...
[   13.056517] init: Parsing file /system/etc/init/storaged.rc...
[   13.061605] init: Parsing file /system/etc/init/surfaceflinger.rc...
[   13.068085] init: Parsing file /system/etc/init/tombstoned.rc...
[   13.082637] init: Parsing file /system/etc/init/traced_perf.rc...
[   13.091326] init: Parsing file /system/etc/init/traceur.rc...
[   13.098463] init: Parsing file /system/etc/init/uncrypt.rc...
[   13.109181] init: Parsing file /system/etc/init/update_engine.rc...
[   13.116033] init: Parsing file /system/etc/init/update_verifier.rc...
[   13.122203] init: Parsing file /system/etc/init/usbd.rc...
[   13.126779] init: Parsing file /system/etc/init/vdc.rc...
[   13.130975] init: Parsing file /system/etc/init/vold.rc...
[   13.136233] init: Parsing file /system/etc/init/wait_for_keymaster.rc...
[   13.140952] init: Parsing file /system/etc/init/wifi.rc...
[   13.148575] init: Parsing file /system/etc/init/wificond.rc...
[   13.156946] init: Parsing file /system_ext/etc/init...
[   13.158120] init: Unable to read config file '/system_ext/etc/init': open() failed: No such file or directory
[   13.159169] init: Parsing file /product/etc/init...
[   13.159882] init: Unable to read config file '/product/etc/init': open() failed: No such file or directory
[   13.160949] init: Parsing file /odm/etc/init...
[   13.161908] init: Unable to read config file '/odm/etc/init': open() failed: No such file or directory
[   13.163217] init: Parsing directory /vendor/etc/init...
[   13.169997] init: Parsing file /vendor/etc/init/android.hardware.atrace@1.0-service.rc...
[   13.174240] init: Parsing file /vendor/etc/init/android.hardware.audio.service.ranchu.rc...
[   13.177950] init: Parsing file /vendor/etc/init/android.hardware.authsecret@1.0-service.rc...
[   13.181068] init: Parsing file /vendor/etc/init/android.hardware.biometrics.face@1.0-service.rc...
[   13.185036] init: Parsing file /vendor/etc/init/android.hardware.biometrics.fingerprint@2.1-service.rc...
[   13.188058] init: Parsing file /vendor/etc/init/android.hardware.bluetooth@1.1-service.sim.rc...
[   13.190934] init: Parsing file /vendor/etc/init/android.hardware.camera.provider@2.4-service_64.rc...
[   13.194377] init: Parsing file /vendor/etc/init/android.hardware.camera.provider@2.6-service-google.rc...
[   13.198156] init: Parsing file /vendor/etc/init/android.hardware.contexthub@1.1-service.rc...
[   13.201623] init: Parsing file /vendor/etc/init/android.hardware.drm@1.0-service.rc...
[   13.204661] init: Parsing file /vendor/etc/init/android.hardware.drm@1.3-service.clearkey.rc...
[   13.209594] init: Parsing file /vendor/etc/init/android.hardware.drm@1.3-service.widevine.rc...
[   13.214929] init: Parsing file /vendor/etc/init/android.hardware.dumpstate@1.1-service.example.rc...
[   13.218363] init: Parsing file /vendor/etc/init/android.hardware.gatekeeper@1.0-service.software.rc...
[   13.222350] init: Parsing file /vendor/etc/init/android.hardware.gnss@2.0-service.ranchu.rc...
[   13.226141] init: Parsing file /vendor/etc/init/android.hardware.graphics.allocator@3.0-service.rc...
[   13.229752] init: Parsing file /vendor/etc/init/android.hardware.graphics.composer@2.3-service.rc...
[   13.232727] init: Parsing file /vendor/etc/init/android.hardware.health.storage@1.0-service.rc...
[   13.235852] init: Parsing file /vendor/etc/init/android.hardware.health@2.1-service.rc...
[   13.239352] init: Parsing file /vendor/etc/init/android.hardware.input.classifier@1.0-service.default.rc...
[   13.243419] init: Parsing file /vendor/etc/init/android.hardware.keymaster@4.1-service.rc...
[   13.246474] init: Parsing file /vendor/etc/init/android.hardware.media.omx@1.0-service.rc...
[   13.248863] init: Parsing file /vendor/etc/init/android.hardware.neuralnetworks@1.3-service-sample-all.rc...
[   13.252170] init: Parsing file /vendor/etc/init/android.hardware.neuralnetworks@1.3-service-sample-float-fast.rc...
[   13.255342] init: Parsing file /vendor/etc/init/android.hardware.neuralnetworks@1.3-service-sample-float-slow.rc...
[   13.258520] init: Parsing file /vendor/etc/init/android.hardware.neuralnetworks@1.3-service-sample-minimal.rc...
[   13.261820] init: Parsing file /vendor/etc/init/android.hardware.neuralnetworks@1.3-service-sample-quant.rc...
[   13.264420] init: Parsing file /vendor/etc/init/android.hardware.power.stats@1.0-service.rc...
[   13.267622] init: Parsing file /vendor/etc/init/android.hardware.sensors@2.1-service-multihal.rc...
[   13.271000] init: Parsing file /vendor/etc/init/android.hardware.thermal@2.0-service.rc...
[   13.275045] init: Parsing file /vendor/etc/init/android.hardware.usb@1.0-service.rc...
[   13.278384] init: Parsing file /vendor/etc/init/android.hardware.wifi@1.0-service.rc...
[   13.282052] init: Parsing file /vendor/etc/init/boringssl_self_test.rc...
[   13.287092] init: Parsing file /vendor/etc/init/hostapd.android.rc...
[   13.290172] init: Parsing file /vendor/etc/init/identity-default.rc...
[   13.293380] init: Parsing file /vendor/etc/init/lights-default.rc...
[   13.296235] init: Parsing file /vendor/etc/init/power-default.rc...
[   13.299284] init: Parsing file /vendor/etc/init/rebootescrow-default.rc...
[   13.304382] init: Parsing file /vendor/etc/init/rild_goldfish.rc...
[   13.307896] init: Parsing file /vendor/etc/init/vendor_flash_recovery.rc...
[   13.310862] init: Parsing file /vendor/etc/init/vibrator-default.rc...
[   13.329496] init: processing action (SetupCgroups) from (<Builtin Action>:0)
[   13.771642] cgroup1: Unknown subsys name 'schedtune'
[   13.772630] libprocessgroup: Failed to mount schedtune cgroup: Invalid argument
[   13.773624] libprocessgroup: Failed to setup schedtune cgroup
[   13.778990] init: Command 'SetupCgroups' action=SetupCgroups (<Builtin Action>:0) took 447ms and succeeded
[   13.807169] init: processing action (SetKptrRestrict) from (<Builtin Action>:0)
[   13.816917] init: processing action (TestPerfEventSelinux) from (<Builtin Action>:0)
[   13.828842] init: processing action (early-init) from (/system/etc/init/hw/init.rc:15)
[   13.899846] init: starting service 'exec 1 (/system/bin/linkerconfig --target /linkerconfig/bootstrap)'...
[   13.930425] init: SVC_EXEC service 'exec 1 (/system/bin/linkerconfig --target /linkerconfig/bootstrap)' pid 157 (uid 0 gid 0+0 context default) started; waiting...
[   13.933143] init: Command 'exec -- /system/bin/linkerconfig --target /linkerconfig/bootstrap' action=early-init (/system/etc/init/hw/init.rc:59) took 58ms and succeeded
[   14.043829] linkerconfig (157) used greatest stack depth: 11952 bytes left
[   14.048446] init: Service 'exec 1 (/system/bin/linkerconfig --target /linkerconfig/bootstrap)' (pid 157) exited with status 0 waiting took 0.137000 seconds
[   14.049315] init: Sending signal 9 to service 'exec 1 (/system/bin/linkerconfig --target /linkerconfig/bootstrap)' (pid 157) process group...
[   14.055352] libprocessgroup: Successfully killed process cgroup uid 0 pid 157 in 3ms
[   14.078411] linkerconfig (157): highest shadow stack usage: 304 bytes
[   14.080334] init: starting service 'ueventd'...
[   14.156892] init: Command 'start ueventd' action=early-init (/system/etc/init/hw/init.rc:67) took 76ms and succeeded
[   14.164237] init: starting service 'apexd-bootstrap'...
[   14.307588] init: SVC_EXEC service 'apexd-bootstrap' pid 159 (uid 0 gid 1000+0 context default) started; waiting...
[   14.313157] init: Command 'exec_start apexd-bootstrap' action=early-init (/system/etc/init/hw/init.rc:72) took 153ms and succeeded
[   14.837948] ueventd: ueventd started!
[   14.903462] selinux: SELinux: Loaded file_contexts
[   14.904034] selinux: 
[   14.912874] ueventd: Parsing file /system/etc/ueventd.rc...
[   14.943524] ueventd: Parsing file /vendor/ueventd.rc...
[   14.949262] ueventd: Parsing file /odm/ueventd.rc...
[   14.954164] ueventd: Unable to read config file '/odm/ueventd.rc': open() failed: No such file or directory
[   14.956099] ueventd: Parsing file /ueventd.ranchu.rc...
[   14.957950] ueventd: Unable to read config file '/ueventd.ranchu.rc': open() failed: No such file or directory
[   15.127328] apexd: Bootstrap subcommand detected
[   18.857338] ueventd: firmware: loading 'regulatory.db' for '/devices/platform/regulatory.0/firmware/regulatory.db'
[   19.009874] apexd: wait for '/dev/loop-control' took 3316ms
[   19.548065] ueventd: Coldboot took 4.564 seconds
[   19.638065] apexd: Pre-allocated 28 loopback devices
[   19.639869] apexd: Scanning /system/apex for preinstalled data
[   19.800003] apexd: Scanning /system_ext/apex for preinstalled data
[   19.800842] apexd: ... does not exist. Skipping
[   19.801339] apexd: Scanning /vendor/apex for preinstalled data
[   19.802394] apexd: ... does not exist. Skipping
[   19.803358] apexd: Scanning /system/apex looking for APEX packages.
[   19.808866] apexd: Found /system/apex/com.google.android.cellbroadcast.apex
[   19.816005] apexd: Found /system/apex/com.google.android.extservices.apex
[   19.822975] apexd: Found /system/apex/com.google.android.ipsec.apex
[   19.828693] apexd: Found /system/apex/com.google.android.tethering.apex
[   19.835744] apexd: Found /system/apex/com.google.android.mediaprovider.apex
[   19.842858] apexd: Found /system/apex/com.google.android.telephony.apex
[   19.848931] apexd: Found /system/apex/com.android.vndk.current.apex
[   19.857591] apexd: Found /system/apex/com.android.i18n.apex
[   19.864153] apexd: Found /system/apex/com.google.android.permission.apex
[   19.871290] apexd: Found /system/apex/com.google.android.tzdata2.apex
[   19.876835] apexd: Found /system/apex/com.google.android.neuralnetworks.apex
[   19.881696] apexd: Found /system/apex/com.google.android.resolv.apex
[   19.885519] apexd: Found /system/apex/com.google.android.sdkext.apex
[   19.889763] apexd: Found /system/apex/com.google.android.os.statsd.apex
[   19.893651] apexd: Found /system/apex/com.google.android.adbd.apex
[   19.899910] apexd: Found /system/apex/com.android.apex.cts.shim.apex
[   19.906888] apexd: Found /system/apex/com.google.android.wifi.apex
[   19.913276] apexd: Found /system/apex/com.android.runtime.apex
[   19.917942] apexd: Found /system/apex/com.google.android.media.swcodec.apex
[   19.922507] apexd: Found /system/apex/com.android.art.debug.apex
[   19.927567] apexd: Found /system/apex/com.google.android.media.apex
[   19.933191] apexd: Found /system/apex/com.google.android.conscrypt.apex
[   20.029332] EXT4-fs (loop0): mounted filesystem without journal. Opts: (null)
[   20.030795] apexd: Successfully mounted package /system/apex/com.android.vndk.current.apex on /apex/com.android.vndk.v30@1
[   20.165446] EXT4-fs (loop1): mounted filesystem without journal. Opts: (null)
[   20.166673] apexd: Successfully mounted package /system/apex/com.android.i18n.apex on /apex/com.android.i18n@1
[   20.295458] EXT4-fs (loop2): mounted filesystem without journal. Opts: (null)
[   20.296827] apexd: Successfully mounted package /system/apex/com.google.android.tzdata2.apex on /apex/com.android.tzdata@300900700
[   20.388667] EXT4-fs (loop3): mounted filesystem without journal. Opts: (null)
[   20.390299] apexd: Successfully mounted package /system/apex/com.google.android.os.statsd.apex on /apex/com.android.os.statsd@300900700
[   20.502027] EXT4-fs (loop4): mounted filesystem without journal. Opts: (null)
[   20.503826] apexd: Successfully mounted package /system/apex/com.android.runtime.apex on /apex/com.android.runtime@1
[   20.591024] EXT4-fs (loop5): mounted filesystem without journal. Opts: (null)
[   20.592287] apexd: Successfully mounted package /system/apex/com.android.art.debug.apex on /apex/com.android.art@1
[   20.603409] apexd: Activated 22 packages. Skipped: 0
[   20.604686] apexd: Scanning /system_ext/apex looking for APEX packages.
[   20.605440] apexd: ... does not exist. Skipping
[   20.636080] apexd: Activated 0 packages. Skipped: 0
[   20.636587] apexd: Scanning /vendor/apex looking for APEX packages.
[   20.637186] apexd: ... does not exist. Skipping
[   20.664637] apexd: Activated 0 packages. Skipped: 0
[   20.665327] apexd: Bootstrapping done
[   20.697127] init: Service 'apexd-bootstrap' (pid 159) exited with status 0 waiting took 6.504000 seconds
[   20.697766] init: Sending signal 9 to service 'apexd-bootstrap' (pid 159) process group...
[   20.699620] libprocessgroup: Successfully killed process cgroup uid 0 pid 159 in 0ms
[   20.743190] apexd (159): highest shadow stack usage: 328 bytes
[   20.897563] init: linkerconfig generated /linkerconfig with mounted APEX modules info
[   20.899362] init: Command 'update_linker_config' action=early-init (/system/etc/init/hw/init.rc:75) took 188ms and succeeded
[   20.923082] init: processing action (ro.product.cpu.abilist64=* && early-init) from (/system/etc/init/hw/init.rc:87)
[   20.929204] init: starting service 'boringssl_self_test64'...
[   20.989594] init: SVC_EXEC service 'boringssl_self_test64' pid 179 (uid 0 gid 0+0 context default) started; waiting...
[   20.991424] init: Command 'exec_start boringssl_self_test64' action=ro.product.cpu.abilist64=* && early-init (/system/etc/init/hw/init.rc:88) took 66ms and succeeded
[   21.442507] init: Service 'boringssl_self_test64' (pid 179) exited with status 0 waiting took 0.503000 seconds
[   21.444141] init: Sending signal 9 to service 'boringssl_self_test64' (pid 179) process group...
[   21.449833] libprocessgroup: Successfully killed process cgroup uid 0 pid 179 in 2ms
[   21.507066] init: processing action (early-init) from (/init.environ.rc:2)
[   21.513420] init: processing action (early-init) from (/vendor/etc/init/hw/init.ranchu.rc:12)
[   21.646605] init: Command 'mount proc proc /proc remount hidepid=2,gid=3009' action=early-init (/vendor/etc/init/hw/init.ranchu.rc:13) took 130ms and succeeded
[   21.697747] init: processing action (ro.product.cpu.abilist64=* && early-init) from (/vendor/etc/init/boringssl_self_test.rc:4)
[   21.710183] init: starting service 'boringssl_self_test64_vendor'...
[   21.818524] init: SVC_EXEC service 'boringssl_self_test64_vendor' pid 180 (uid 0 gid 0+0 context default) started; waiting...
[   21.822843] init: Command 'exec_start boringssl_self_test64_vendor' action=ro.product.cpu.abilist64=* && early-init (/vendor/etc/init/boringssl_self_test.rc:5) took 121ms and succeeded
[   22.327167] init: Service 'boringssl_self_test64_vendor' (pid 180) exited with status 0 waiting took 0.598000 seconds
[   22.328528] init: Sending signal 9 to service 'boringssl_self_test64_vendor' (pid 180) process group...
[   22.333450] libprocessgroup: Successfully killed process cgroup uid 0 pid 180 in 2ms
[   22.358686] init: processing action (wait_for_coldboot_done) from (<Builtin Action>:0)
[   22.360408] init: start_waiting_for_property("ro.cold_boot_done", "true"): already set
[   22.364075] init: processing action (MixHwrngIntoLinuxRng) from (<Builtin Action>:0)
[   22.391939] init: Mixed 512 bytes from /dev/hw_random into /dev/urandom
[   22.394551] init: processing action (SetMmapRndBits) from (<Builtin Action>:0)
[   22.432159] init: processing action (KeychordInit) from (<Builtin Action>:0)
[   22.447700] init: EVIOCSMASK not supported: Invalid argument
[   22.456053] init: processing action (init) from (/system/etc/init/hw/init.rc:114)
[   22.591829] init: Command 'write /dev/blkio/blkio.weight 1000' action=init (/system/etc/init/hw/init.rc:164) took 6ms and failed: Unable to write to file '/dev/blkio/blkio.weight': open() failed: Permission denied
[   22.600407] init: Command 'write /dev/blkio/background/blkio.weight 200' action=init (/system/etc/init/hw/init.rc:165) took 5ms and failed: Unable to write to file '/dev/blkio/background/blkio.weight': open() failed: Permission denied
[   22.607088] init: Command 'write /dev/blkio/blkio.group_idle 0' action=init (/system/etc/init/hw/init.rc:166) took 3ms and failed: Unable to write to file '/dev/blkio/blkio.group_idle': open() failed: Permission denied
[   22.614579] init: Command 'write /dev/blkio/background/blkio.group_idle 0' action=init (/system/etc/init/hw/init.rc:167) took 4ms and failed: Unable to write to file '/dev/blkio/background/blkio.group_idle': open() failed: Permission denied
[   22.780439] init: Command 'mount binder binder /dev/binderfs stats=global' action=init (/system/etc/init/hw/init.rc:177) took 103ms and succeeded
[   23.101247] init: Command 'write /dev/cpuctl/cpu.rt_period_us 1000000' action=init (/system/etc/init/hw/init.rc:271) took 8ms and failed: Unable to write to file '/dev/cpuctl/cpu.rt_period_us': open() failed: Permission denied
[   23.110929] init: Command 'write /dev/cpuctl/cpu.rt_runtime_us 950000' action=init (/system/etc/init/hw/init.rc:272) took 7ms and failed: Unable to write to file '/dev/cpuctl/cpu.rt_runtime_us': open() failed: Permission denied
[   23.382560] Registered swp emulation handler
[   23.398334] init: Command 'write /dev/cpu_variant:${ro.bionic.2nd_arch} ${ro.bionic.2nd_cpu_variant}' action=init (/system/etc/init/hw/init.rc:384) took 0ms and failed: property 'ro.bionic.2nd_arch' doesn't exist while expanding '/dev/cpu_variant:${ro.bionic.2nd_arch}'
[   23.400623] init: Command 'chmod 0444 /dev/cpu_variant:${ro.bionic.2nd_arch}' action=init (/system/etc/init/hw/init.rc:385) took 0ms and failed: property 'ro.bionic.2nd_arch' doesn't exist while expanding '/dev/cpu_variant:${ro.bionic.2nd_arch}'
[   23.413779] init: starting service 'logd'...
[   23.420655] init: Created socket '/dev/socket/logd', mode 666, user 1036, group 1036
[   23.427717] init: Created socket '/dev/socket/logdr', mode 666, user 1036, group 1036
[   23.435346] init: Created socket '/dev/socket/logdw', mode 222, user 1036, group 1036
[   23.437380] init: Opened file '/proc/kmsg', flags 0
[   23.439287] init: Opened file '/dev/kmsg', flags 1
[   23.481966] init: Command 'start logd' action=init (/system/etc/init/hw/init.rc:398) took 71ms and succeeded
[   23.489810] init: starting service 'lmkd'...
[   23.505095] init: Created socket '/dev/socket/lmkd', mode 660, user 1000, group 1000
[   23.633589] init: Command 'start lmkd' action=init (/system/etc/init/hw/init.rc:404) took 139ms and succeeded
[   23.660268] init: starting service 'servicemanager'...
[   23.892057] init: Command 'start servicemanager' action=init (/system/etc/init/hw/init.rc:407) took 239ms and succeeded
[   23.929796] init: starting service 'hwservicemanager'...
[   24.204487] init: Command 'start hwservicemanager' action=init (/system/etc/init/hw/init.rc:408) took 294ms and succeeded
[   24.213944] init: Command 'start vndservicemanager' action=init (/system/etc/init/hw/init.rc:409) took 2ms and failed: service vndservicemanager not found
[   24.221250] init: processing action (ro.debuggable=1 && init) from (/system/etc/init/hw/init.rc:1065)
[   24.249054] init: starting service 'console'...
[   24.596205] init: Command 'start console' action=ro.debuggable=1 && init (/system/etc/init/hw/init.rc:1066) took 364ms and succeeded
[   24.607218] init: processing action (init) from (/system/etc/init/hw/init.usb.rc:24)
[   24.716352] init: Command 'setprop sys.usb.configfs 0' action=init (/system/etc/init/hw/init.usb.rc:25) took 105ms and succeeded
[   24.723643] init: processing action (init) from (/vendor/etc/init/hw/init.ranchu.rc:17)
[   25.141855] init: Command 'symlink /dev/goldfish_pipe /dev/android_pipe' action=init (/vendor/etc/init/hw/init.ranchu.rc:21) took 387ms and succeeded
[   25.317162] init: Command 'write /sys/block/zram0/comp_algorithm lz4' action=init (/vendor/etc/init/hw/init.ranchu.rc:24) took 132ms and succeeded
[   25.459734] init: Command 'mkdir /dev/cpuctl/foreground' action=init (/vendor/etc/init/hw/init.ranchu.rc:30) took 96ms and succeeded
[   25.604073] init: Command 'mkdir /dev/cpuctl/rt' action=init (/vendor/etc/init/hw/init.ranchu.rc:33) took 51ms and succeeded
[   25.863137] init: starting service 'qemu-props'...
console:/ $ [   26.177926] init: Command 'start qemu-props' action=init (/vendor/etc/init/hw/init.ranchu.rc:50) took 345ms and succeeded
[   26.183812] init: processing action (init) from (/system/etc/init/audioserver.rc:48)
[   26.240381] init: processing action (MixHwrngIntoLinuxRng) from (<Builtin Action>:0)
[   26.295120] init: Mixed 512 bytes from /dev/hw_random into /dev/urandom
[   26.302025] init: Command 'MixHwrngIntoLinuxRng' action=MixHwrngIntoLinuxRng (<Builtin Action>:0) took 53ms and succeeded
[   26.317852] init: processing action (late-init) from (/system/etc/init/hw/init.rc:427)
[   26.336565] init: processing action (late-init) from (/system/etc/init/atrace.rc:3)
[   26.427498] init: Command 'write /proc/sys/kernel/sched_schedstats 1' action=late-init (/system/etc/init/atrace.rc:10) took 60ms and succeeded
[   27.435140] init: processing action (late-init) from (/vendor/etc/init/android.hardware.atrace@1.0-service.rc:1)
[   27.480632] init: processing action (queue_property_triggers) from (<Builtin Action>:0)
[   27.485610] init: processing action (early-fs) from (/system/etc/init/hw/init.rc:463)
[   27.504750] init: starting service 'vold'...
[   27.553573] logd.auditd: start
[   27.555936] logd.klogd: 27182312800
[   27.702666] init: Command 'start vold' action=early-fs (/system/etc/init/hw/init.rc:465) took 208ms and succeeded
[   27.707258] init: processing action (early-fs) from (/vendor/etc/init/hw/init.ranchu.rc:1)
[   27.720323] init: processing action (fs) from (/vendor/etc/init/hw/init.ranchu.rc:4)
[   27.746901] init: starting service 'wait_for_keymaster'...
[   28.059361] init: SVC_EXEC service 'wait_for_keymaster' pid 193 (uid 0 gid 0+1 context default) started; waiting...
[   28.063978] init: Command 'exec_start wait_for_keymaster' action=fs (/vendor/etc/init/hw/init.ranchu.rc:5) took 339ms and succeeded
[   28.849510] wait_for_keymaster: Waiting for Keymaster device
[   29.486612] HidlServiceManagement: getService: Trying again for android.hardware.keymaster@4.0::IKeymasterDevice/default...
[   29.491152] init: starting service 'vendor.keymaster-4-1'...
[   29.666331] init: Control message: Processed ctl.interface_start for 'android.hardware.keymaster@4.0::IKeymasterDevice/default' from pid: 184 (/system/bin/hwservicemanager)
[   29.688496] init: Control message: Processed ctl.interface_start for 'android.hardware.keymaster@4.0::IKeymasterDevice/default' from pid: 184 (/system/bin/hwservicemanager)
[   30.494151] HidlServiceManagement: Waited one second for android.hardware.keymaster@4.0::IKeymasterDevice/default
[   30.533974] HidlServiceManagement: getService: Trying again for android.hardware.keymaster@4.0::IKeymasterDevice/default...
[   30.568651] init: Control message: Processed ctl.interface_start for 'android.hardware.keymaster@4.0::IKeymasterDevice/default' from pid: 184 (/system/bin/hwservicemanager)
[   31.294109] wait_for_keymaster: List of Keymaster HALs found:
[   31.313293] wait_for_keymaster: Keymaster HAL #1: SoftwareKeymasterDevice from Google SecurityLevel: SOFTWARE HAL: android.hardware.keymaster@4.1::IKeymasterDevice/default
[   31.364878] wait_for_keymaster: Using SoftwareKeymasterDevice from Google for encryption.  Security level: SOFTWARE, HAL: android.hardware.keymaster@4.1::IKeymasterDevice/default
[   31.367521] wait_for_keymaster: Keymaster device ready
[   31.461458] init: Service 'wait_for_keymaster' (pid 193) exited with status 0 waiting took 3.614000 seconds
[   31.463704] init: Sending signal 9 to service 'wait_for_keymaster' (pid 193) process group...
[   31.471857] libprocessgroup: Successfully killed process cgroup uid 0 pid 193 in 5ms
[   31.546105] init: [libfs_mgr]Invalid ext4 superblock on '/dev/block/vdc'
[   31.556513] init: [libfs_mgr]mount_with_alternatives(): skipping mount due to invalid magic, mountpoint=/data blk_dev=/dev/block/vdc rec[4].fs_type=ext4
[   31.570106] init: Calling: /system/bin/vdc cryptfs mountFstab /dev/block/vdc /data
[   33.468073] EXT4-fs (dm-4): Ignoring removed nomblk_io_submit option
[   33.469392] EXT4-fs (dm-4): Using encoding defined by superblock: utf8-12.1.0 with flags 0x0
[   33.835993] EXT4-fs (dm-4): recovery complete
[   33.841864] EXT4-fs (dm-4): mounted filesystem with ordered data mode. Opts: errors=remount-ro,nomblk_io_submit
[   34.253052] e2fsck: e2fsck 1.45.4 (23-Sep-2019)
[   34.401242] e2fsck: Pass 1: Checking inodes, blocks, and sizes
[   34.810954] e2fsck: Pass 2: Checking directory structure
[   34.924305] e2fsck: Pass 3: Checking directory connectivity
[   34.932644] e2fsck: Pass 4: Checking reference counts
[   35.163643] e2fsck: Pass 5: Checking group summary information
[   35.349315] e2fsck: data: 239/524288 files (1.7% non-contiguous), 58913/2097152 blocks
[   35.492519] EXT4-fs (dm-4): Ignoring removed nomblk_io_submit option
[   35.493073] EXT4-fs (dm-4): Using encoding defined by superblock: utf8-12.1.0 with flags 0x0
[   35.511960] EXT4-fs (dm-4): mounted filesystem with ordered data mode. Opts: nomblk_io_submit,errors=panic
[   35.677680] init: Keyring created with id 846701440 in process 1
[   35.693742] init: Command 'mount_all /vendor/etc/fstab.ranchu' action=fs (/vendor/etc/init/hw/init.ranchu.rc:6) took 4185ms and succeeded
[   35.711077] init: processing action (fs) from (/system/etc/init/logd.rc:28)
[   35.719164] init: processing action (fs) from (/system/etc/init/wifi.rc:25)
[   35.728129] init: processing action (post-fs) from (/system/etc/init/hw/init.rc:467)
[   35.738024] init: starting service 'exec 2 (/system/bin/vdc checkpoint markBootAttempt)'...
[   35.759138] init: SVC_EXEC service 'exec 2 (/system/bin/vdc checkpoint markBootAttempt)' pid 217 (uid 1000 gid 1000+0 context default) started; waiting...
[   36.090018] init: Service 'exec 2 (/system/bin/vdc checkpoint markBootAttempt)' (pid 217) exited with status 0 waiting took 0.341000 seconds
[   36.091286] init: Sending signal 9 to service 'exec 2 (/system/bin/vdc checkpoint markBootAttempt)' (pid 217) process group...
[   36.095968] libprocessgroup: Successfully killed process cgroup uid 1000 pid 217 in 2ms
[   36.124938] selinux: SELinux:  Could not stat /sys/kernel/debug: No such file or directory.
[   36.126137] selinux: 
[   36.129805] init: Command 'chown system cache /cache' action=post-fs (/system/etc/init/hw/init.rc:479) took 0ms and failed: lchown() failed: Read-only file system
[   36.132278] init: Command 'chmod 0770 /cache' action=post-fs (/system/etc/init/hw/init.rc:480) took 1ms and failed: fchmodat() failed: Read-only file system
[   36.208624] selinux: SELinux:  setxattr failed: /cache:  Read-only file system
[   36.210475] selinux: 
[   36.212308] init: Command 'restorecon_recursive /cache' action=post-fs (/system/etc/init/hw/init.rc:482) took 75ms and succeeded
[   36.231115] init: Command 'mkdir /cache/recovery 0770 system cache' action=post-fs (/system/etc/init/hw/init.rc:486) took 15ms and failed: mkdir() failed on /cache/recovery: Read-only file system
[   36.240010] init: Command 'mkdir /cache/backup_stage 0700 system system' action=post-fs (/system/etc/init/hw/init.rc:489) took 6ms and failed: mkdir() failed on /cache/backup_stage: Read-only file system
[   36.247339] init: Command 'mkdir /cache/backup 0700 system system' action=post-fs (/system/etc/init/hw/init.rc:490) took 4ms and failed: mkdir() failed on /cache/backup: Read-only file system
[   36.265173] init: Command 'mkdir /cache/lost+found 0770 root root' action=post-fs (/system/etc/init/hw/init.rc:511) took 2ms and failed: mkdir() failed on /cache/lost+found: Read-only file system
[   36.279590] selinux: SELinux: Skipping restorecon on directory(/metadata)
[   36.280164] selinux: 
[   36.307290] selinux: SELinux: Skipping restorecon on directory(/metadata/apex)
[   36.308378] selinux: 
[   36.311812] init: processing action (post-fs) from (/system/etc/init/atrace_userdebug.rc:7)
[   36.327340] init: processing action (post-fs) from (/system/etc/init/gsid.rc:8)
[   36.332992] init: processing action (post-fs) from (/system/etc/init/recovery-refresh.rc:1)
[   36.343293] init: starting service 'exec 3 (/system/bin/recovery-refresh)'...
[   36.373282] init: processing action (late-fs) from (/system/etc/init/hw/init.rc:531)
[   36.396978] init: starting service 'system_suspend'...
[   36.597346] init: starting service 'vendor.atrace-hal-1-0'...
[   36.904880] init: Command 'class_start early_hal' action=late-fs (/system/etc/init/hw/init.rc:538) took 515ms and succeeded
[   36.917753] init: processing action (late-fs) from (/vendor/etc/init/hw/init.ranchu.rc:8)
[   37.530145] init: Unable to set property 'ro.crypto.state' from uid:0 gid:0 pid:1: Read-only property was already set
[   37.552517] init: Command 'mount_all /vendor/etc/fstab.ranchu --late' action=late-fs (/vendor/etc/init/hw/init.ranchu.rc:10) took 628ms and succeeded
[   37.562772] init: Service 'exec 3 (/system/bin/recovery-refresh)' (pid 218) exited with status 254 oneshot service took 1.204000 seconds in background
[   37.574420] init: Sending signal 9 to service 'exec 3 (/system/bin/recovery-refresh)' (pid 218) process group...
[   37.595196] libprocessgroup: Successfully killed process cgroup uid 1000 pid 218 in 11ms
[   37.615680] init: processing action (post-fs-data) from (/system/etc/init/hw/init.rc:540)
[   37.650207] init: starting service 'exec 4 (/system/bin/vdc checkpoint prepareCheckpoint)'...
[   37.754028] init: SVC_EXEC service 'exec 4 (/system/bin/vdc checkpoint prepareCheckpoint)' pid 221 (uid 1000 gid 1000+0 context default) started; waiting...
[   37.762716] init: Command 'exec - system system -- /system/bin/vdc checkpoint prepareCheckpoint' action=post-fs-data (/system/etc/init/hw/init.rc:544) took 132ms and succeeded
[   38.719632] init: Service 'exec 4 (/system/bin/vdc checkpoint prepareCheckpoint)' (pid 221) exited with status 0 waiting took 1.002000 seconds
[   38.721066] init: Sending signal 9 to service 'exec 4 (/system/bin/vdc checkpoint prepareCheckpoint)' (pid 221) process group...
[   38.723742] libprocessgroup: Successfully killed process cgroup uid 1000 pid 221 in 1ms
[   38.748421] init: starting service 'exec 5 (/system/bin/vdc --wait cryptfs enablefilecrypto)'...
[   38.769160] init: SVC_EXEC service 'exec 5 (/system/bin/vdc --wait cryptfs enablefilecrypto)' pid 224 (uid 0 gid 0+0 context default) started; waiting...
[   39.228852] init: Service 'exec 5 (/system/bin/vdc --wait cryptfs enablefilecrypto)' (pid 224) exited with status 0 waiting took 0.467000 seconds
[   39.230105] init: Sending signal 9 to service 'exec 5 (/system/bin/vdc --wait cryptfs enablefilecrypto)' (pid 224) process group...
[   39.232589] libprocessgroup: Successfully killed process cgroup uid 0 pid 224 in 1ms
[   39.246937] fscrypt: AES-256-CTS-CBC using implementation "cts-cbc-aes-ce"
[   39.249697] init: Verified that /data/bootchart has the encryption policy 49cb5fd2309ca5c7fc9bb1c4a93e8926 v2 modes 1/4 flags 0x2
[   39.255320] init: Switched to default mount namespace
[   39.256493] init: Not setting encryption policy on: /data/apex
[   39.290924] init: Not setting encryption policy on: /data/app-staging
[   39.306121] init: starting service 'apexd'...
[   39.410464] init: Command 'start apexd' action=post-fs-data (/system/etc/init/hw/init.rc:570) took 110ms and succeeded
[   39.424236] init: Command 'copy /data/system/entropy.dat /dev/urandom' action=post-fs-data (/system/etc/init/hw/init.rc:573) took 9ms and failed: Could not read input file '/data/system/entropy.dat': open() failed: No such file or directory
[   39.440350] init: Verified that /data/misc has the encryption policy 49cb5fd2309ca5c7fc9bb1c4a93e8926 v2 modes 1/4 flags 0x2
[   39.466289] fscrypt: AES-256-XTS using implementation "xts-aes-ce"
[   39.507111] init: Command 'copy /data/misc/recovery/ro.build.fingerprint /data/misc/recovery/ro.build.fingerprint.1' action=post-fs-data (/system/etc/init/hw/init.rc:578) took 52ms and succeeded
[   39.707082] init: Verified that /data/local has the encryption policy 49cb5fd2309ca5c7fc9bb1c4a93e8926 v2 modes 1/4 flags 0x2
[   39.829800] init: Not setting encryption policy on: /data/preloads
[   39.854448] init: Verified that /data/vendor has the encryption policy 49cb5fd2309ca5c7fc9bb1c4a93e8926 v2 modes 1/4 flags 0x2
[   39.857051] init: Not setting encryption policy on: /data/vendor_ce
[   39.864337] init: Not setting encryption policy on: /data/vendor_de
[   39.916885] init: Not setting encryption policy on: /data/data
[   39.933251] init: Verified that /data/app-private has the encryption policy 49cb5fd2309ca5c7fc9bb1c4a93e8926 v2 modes 1/4 flags 0x2
[   39.951547] init: Verified that /data/app-ephemeral has the encryption policy 49cb5fd2309ca5c7fc9bb1c4a93e8926 v2 modes 1/4 flags 0x2
[   39.964495] init: Verified that /data/app-asec has the encryption policy 49cb5fd2309ca5c7fc9bb1c4a93e8926 v2 modes 1/4 flags 0x2
[   39.978810] init: Verified that /data/app-lib has the encryption policy 49cb5fd2309ca5c7fc9bb1c4a93e8926 v2 modes 1/4 flags 0x2
[   39.993972] init: Verified that /data/app has the encryption policy 49cb5fd2309ca5c7fc9bb1c4a93e8926 v2 modes 1/4 flags 0x2
[   40.014490] init: Verified that /data/property has the encryption policy 49cb5fd2309ca5c7fc9bb1c4a93e8926 v2 modes 1/4 flags 0x2
[   40.016722] apexd: Scanning /system/apex for preinstalled data
[   40.035123] init: Verified that /data/tombstones has the encryption policy 49cb5fd2309ca5c7fc9bb1c4a93e8926 v2 modes 1/4 flags 0x2
[   40.064117] init: Verified that /data/dalvik-cache has the encryption policy 49cb5fd2309ca5c7fc9bb1c4a93e8926 v2 modes 1/4 flags 0x2
[   40.074164] init: Verified that /data/ota has the encryption policy 49cb5fd2309ca5c7fc9bb1c4a93e8926 v2 modes 1/4 flags 0x2
[   40.083595] init: Verified that /data/ota_package has the encryption policy 49cb5fd2309ca5c7fc9bb1c4a93e8926 v2 modes 1/4 flags 0x2
[   40.093955] init: Verified that /data/resource-cache has the encryption policy 49cb5fd2309ca5c7fc9bb1c4a93e8926 v2 modes 1/4 flags 0x2
[   40.099163] init: Not setting encryption policy on: /data/lost+found
[   40.111942] init: Verified that /data/drm has the encryption policy 49cb5fd2309ca5c7fc9bb1c4a93e8926 v2 modes 1/4 flags 0x2
[   40.123951] init: Verified that /data/mediadrm has the encryption policy 49cb5fd2309ca5c7fc9bb1c4a93e8926 v2 modes 1/4 flags 0x2
[   40.136617] init: Verified that /data/anr has the encryption policy 49cb5fd2309ca5c7fc9bb1c4a93e8926 v2 modes 1/4 flags 0x2
[   40.147785] init: Verified that /data/nfc has the encryption policy 49cb5fd2309ca5c7fc9bb1c4a93e8926 v2 modes 1/4 flags 0x2
[   40.162759] init: Verified that /data/backup has the encryption policy 49cb5fd2309ca5c7fc9bb1c4a93e8926 v2 modes 1/4 flags 0x2
[   40.173818] init: Verified that /data/ss has the encryption policy 49cb5fd2309ca5c7fc9bb1c4a93e8926 v2 modes 1/4 flags 0x2
[   40.179496] init: Verified that /data/system has the encryption policy 49cb5fd2309ca5c7fc9bb1c4a93e8926 v2 modes 1/4 flags 0x2
[   40.193398] init: Not setting encryption policy on: /data/system_de
[   40.196615] init: Not setting encryption policy on: /data/system_ce
[   40.201593] init: Not setting encryption policy on: /data/misc_de
[   40.207922] init: Not setting encryption policy on: /data/misc_ce
[   40.214765] init: Not setting encryption policy on: /data/user
[   40.218804] init: Not setting encryption policy on: /data/user_de
[   40.239252] init: Command 'rm /data/user/0' action=post-fs-data (/system/etc/init/hw/init.rc:718) took 10ms and failed: unlink() failed: Is a directory
[   40.255275] apexd: Scanning /system_ext/apex for preinstalled data
[   40.256533] apexd: ... does not exist. Skipping
[   40.257271] apexd: Scanning /product/apex for preinstalled data
[   40.259639] apexd: ... does not exist. Skipping
[   40.261198] apexd: Scanning /vendor/apex for preinstalled data
[   40.262920] apexd: ... does not exist. Skipping
[   40.263758] apexd: Populating APEX database from mounts...
[   40.279180] apexd: 0 packages restored.
[   40.308278] apexd: Marking APEXd as starting
[   40.352102] apexd: Scanning /metadata/apex/sessions looking for sessions to be activated.
[   40.365105] apexd: Scanning /data/apex/active looking for APEX packages.
[   40.379138] apexd: Activated 0 packages. Skipped: 0
[   40.380999] apexd: Scanning /system/apex looking for APEX packages.
[   40.408434] apexd: Found /system/apex/com.google.android.cellbroadcast.apex
[   40.419740] init: Command 'mount tmpfs tmpfs /data_mirror nodev noexec nosuid mode=0700,uid=0,gid=1000' action=post-fs-data (/system/etc/init/hw/init.rc:726) took 132ms and succeeded
[   40.422664] apexd: Found /system/apex/com.google.android.extservices.apex
[   40.432120] apexd: Found /system/apex/com.google.android.ipsec.apex
[   40.441318] apexd: Found /system/apex/com.google.android.tethering.apex
[   40.454805] apexd: Found /system/apex/com.google.android.mediaprovider.apex
[   40.462780] apexd: Found /system/apex/com.google.android.telephony.apex
[   40.470292] apexd: Found /system/apex/com.android.vndk.current.apex
[   40.479054] apexd: Found /system/apex/com.android.i18n.apex
[   40.487076] apexd: Found /system/apex/com.google.android.permission.apex
[   40.496908] apexd: Found /system/apex/com.google.android.tzdata2.apex
[   40.505828] apexd: Found /system/apex/com.google.android.neuralnetworks.apex
[   40.514916] apexd: Found /system/apex/com.google.android.resolv.apex
[   40.522849] apexd: Found /system/apex/com.google.android.sdkext.apex
[   40.530494] apexd: Found /system/apex/com.google.android.os.statsd.apex
[   40.539006] apexd: Found /system/apex/com.google.android.adbd.apex
[   40.548196] apexd: Found /system/apex/com.android.apex.cts.shim.apex
[   40.559658] apexd: Found /system/apex/com.google.android.wifi.apex
[   40.568014] apexd: Found /system/apex/com.android.runtime.apex
[   40.575448] apexd: Found /system/apex/com.google.android.media.swcodec.apex
[   40.583984] apexd: Found /system/apex/com.android.art.debug.apex
[   40.591312] apexd: Found /system/apex/com.google.android.media.apex
[   40.592231] init: Verified that /data/cache has the encryption policy 49cb5fd2309ca5c7fc9bb1c4a93e8926 v2 modes 1/4 flags 0x2
[   40.600307] apexd: Found /system/apex/com.google.android.conscrypt.apex
[   40.631300] init: Verified that /data/rollback has the encryption policy 49cb5fd2309ca5c7fc9bb1c4a93e8926 v2 modes 1/4 flags 0x2
[   40.645797] init: Verified that /data/rollback-observer has the encryption policy 49cb5fd2309ca5c7fc9bb1c4a93e8926 v2 modes 1/4 flags 0x2
[   40.658347] init: Verified that /data/incremental has the encryption policy 49cb5fd2309ca5c7fc9bb1c4a93e8926 v2 modes 1/4 flags 0x2
[   40.702867] EXT4-fs (loop6): mounted filesystem without journal. Opts: (null)
[   40.704263] apexd: Successfully mounted package /system/apex/com.google.android.cellbroadcast.apex on /apex/com.android.cellbroadcast@300900720
[   40.854085] EXT4-fs (loop7): mounted filesystem without journal. Opts: (null)
[   40.855182] apexd: Successfully mounted package /system/apex/com.google.android.extservices.apex on /apex/com.android.extservices@300900700
[   40.949419] EXT4-fs (loop8): mounted filesystem without journal. Opts: (null)
[   40.950888] apexd: Successfully mounted package /system/apex/com.google.android.ipsec.apex on /apex/com.android.ipsec@300900700
[   41.060222] EXT4-fs (loop9): mounted filesystem without journal. Opts: (null)
[   41.061498] apexd: Successfully mounted package /system/apex/com.google.android.tethering.apex on /apex/com.android.tethering@300900700
[   41.156975] EXT4-fs (loop10): mounted filesystem without journal. Opts: (null)
[   41.157970] apexd: Successfully mounted package /system/apex/com.google.android.mediaprovider.apex on /apex/com.android.mediaprovider@300900719
[   41.271163] EXT4-fs (loop11): mounted filesystem without journal. Opts: (null)
[   41.272727] apexd: Successfully mounted package /system/apex/com.google.android.telephony.apex on /apex/com.android.telephony@1
[   41.375150] EXT4-fs (loop12): mounted filesystem without journal. Opts: (null)
[   41.376078] apexd: Successfully mounted package /system/apex/com.android.vndk.current.apex on /apex/com.android.vndk.v30@1
[   41.491717] EXT4-fs (loop13): mounted filesystem without journal. Opts: (null)
[   41.492665] apexd: Successfully mounted package /system/apex/com.android.i18n.apex on /apex/com.android.i18n@1
[   41.594291] EXT4-fs (loop14): mounted filesystem without journal. Opts: (null)
[   41.595392] apexd: Successfully mounted package /system/apex/com.google.android.permission.apex on /apex/com.android.permission@300900706
[   41.704104] EXT4-fs (loop15): mounted filesystem without journal. Opts: (null)
[   41.705532] apexd: Successfully mounted package /system/apex/com.google.android.tzdata2.apex on /apex/com.android.tzdata@300900700
[   41.800466] EXT4-fs (loop16): mounted filesystem without journal. Opts: (null)
[   41.802079] apexd: Successfully mounted package /system/apex/com.google.android.neuralnetworks.apex on /apex/com.android.neuralnetworks@300900700
[   41.916690] EXT4-fs (loop17): mounted filesystem without journal. Opts: (null)
[   41.918493] apexd: Successfully mounted package /system/apex/com.google.android.resolv.apex on /apex/com.android.resolv@300900700
[   42.007217] EXT4-fs (loop18): mounted filesystem without journal. Opts: (null)
[   42.008173] apexd: Successfully mounted package /system/apex/com.google.android.sdkext.apex on /apex/com.android.sdkext@300900700
[   42.103135] EXT4-fs (loop19): mounted filesystem without journal. Opts: (null)
[   42.104196] apexd: Successfully mounted package /system/apex/com.google.android.os.statsd.apex on /apex/com.android.os.statsd@300900700
[   42.216097] EXT4-fs (loop20): mounted filesystem without journal. Opts: (null)
[   42.217756] apexd: Successfully mounted package /system/apex/com.google.android.adbd.apex on /apex/com.android.adbd@300900700
[   42.310675] EXT4-fs (loop21): mounted filesystem without journal. Opts: (null)
[   42.311747] apexd: Successfully mounted package /system/apex/com.android.apex.cts.shim.apex on /apex/com.android.apex.cts.shim@1
[   42.439593] EXT4-fs (loop22): mounted filesystem without journal. Opts: (null)
[   42.441810] apexd: Successfully mounted package /system/apex/com.google.android.wifi.apex on /apex/com.android.wifi@300900711
[   42.555095] EXT4-fs (loop23): mounted filesystem without journal. Opts: (null)
[   42.556150] apexd: Successfully mounted package /system/apex/com.android.runtime.apex on /apex/com.android.runtime@1
[   42.666934] EXT4-fs (loop24): mounted filesystem without journal. Opts: (null)
[   42.668084] apexd: Successfully mounted package /system/apex/com.google.android.media.swcodec.apex on /apex/com.android.media.swcodec@300900714
[   42.791924] EXT4-fs (loop25): mounted filesystem without journal. Opts: (null)
[   42.792906] apexd: Successfully mounted package /system/apex/com.android.art.debug.apex on /apex/com.android.art@1
[   42.902767] EXT4-fs (loop26): mounted filesystem without journal. Opts: (null)
[   42.903896] apexd: Successfully mounted package /system/apex/com.google.android.media.apex on /apex/com.android.media@300900700
[   42.999685] EXT4-fs (loop27): mounted filesystem without journal. Opts: (null)
[   43.002225] apexd: Successfully mounted package /system/apex/com.google.android.conscrypt.apex on /apex/com.android.conscrypt@300900703
[   43.012307] apexd: Activated 22 packages. Skipped: 0
[   43.013196] apexd: Scanning /system_ext/apex looking for APEX packages.
[   43.014639] apexd: ... does not exist. Skipping
[   43.123621] apexd: Activated 0 packages. Skipped: 0
[   43.124240] apexd: Scanning /product/apex looking for APEX packages.
[   43.125165] apexd: ... does not exist. Skipping
[   43.223244] apexd: Activated 0 packages. Skipped: 0
[   43.224034] apexd: Scanning /vendor/apex looking for APEX packages.
[   43.224887] apexd: ... does not exist. Skipping
[   43.339337] apexd: Activated 0 packages. Skipped: 0
[   43.342813] AidlLazyServiceRegistrar: Registering service apexservice
[   43.362895] apexd: Marking APEXd as activated
[   43.375325] init: Wait for property 'apexd.status=activated' took 2688ms
[   43.520403] init: Parsing file /apex/com.android.adbd/etc/init.rc...
[   43.529133] init: Parsing file /apex/com.android.media.swcodec/etc/init.rc...
[   43.533849] init: Parsing file /apex/com.android.os.statsd/etc/init.rc...
[   43.538899] init: Parsing file /apex/com.android.sdkext/etc/derive_sdk.rc...
[   43.815058] init: linkerconfig generated /linkerconfig with mounted APEX modules info
[   43.816571] init: Command 'perform_apex_config' action=post-fs-data (/system/etc/init/hw/init.rc:764) took 438ms and succeeded
[   43.820041] init: Not setting encryption policy on: /data/media
[   43.827740] init: starting service 'exec 6 (/system/bin/chattr +F /data/media)'...
[   43.855025] init: SVC_EXEC service 'exec 6 (/system/bin/chattr +F /data/media)' pid 277 (uid 1023 gid 1023+0 context default) started; waiting...
[   44.221984] init: Service 'exec 6 (/system/bin/chattr +F /data/media)' (pid 277) exited with status 0 waiting took 0.382000 seconds
[   44.222773] init: Sending signal 9 to service 'exec 6 (/system/bin/chattr +F /data/media)' (pid 277) process group...
[   44.225216] libprocessgroup: Successfully killed process cgroup uid 1023 pid 277 in 1ms
[   44.237754] init: Verified that /data/media/obb has the encryption policy 49cb5fd2309ca5c7fc9bb1c4a93e8926 v2 modes 1/4 flags 0x2
[   44.244795] init: starting service 'derive_sdk'...
[   44.317925] init: SVC_EXEC service 'derive_sdk' pid 278 (uid 9999 gid 9999+0 context default) started; waiting...
[   44.319988] init: Command 'exec_start derive_sdk' action=post-fs-data (/system/etc/init/hw/init.rc:771) took 80ms and succeeded
[   44.543827] init: Service 'derive_sdk' (pid 278) exited with status 0 waiting took 0.288000 seconds
[   44.545357] init: Sending signal 9 to service 'derive_sdk' (pid 278) process group...
[   44.548170] libprocessgroup: Successfully killed process cgroup uid 9999 pid 278 in 1ms
[   44.571633] init: starting service 'exec 7 (/system/bin/vdc --wait cryptfs init_user0)'...
[   44.593868] init: SVC_EXEC service 'exec 7 (/system/bin/vdc --wait cryptfs init_user0)' pid 279 (uid 0 gid 0+0 context default) started; waiting...
[   45.823104] init: Service 'exec 7 (/system/bin/vdc --wait cryptfs init_user0)' (pid 279) exited with status 0 waiting took 1.238000 seconds
[   45.824327] init: Sending signal 9 to service 'exec 7 (/system/bin/vdc --wait cryptfs init_user0)' (pid 279) process group...
[   45.829883] libprocessgroup: Successfully killed process cgroup uid 0 pid 279 in 2ms
[   45.836867] init: starting service 'apexd-snapshotde'...
[   45.909882] init: SVC_EXEC service 'apexd-snapshotde' pid 282 (uid 0 gid 1000+0 context default) started; waiting...
[   45.911976] init: Command 'exec_start apexd-snapshotde' action=post-fs-data (/system/etc/init/hw/init.rc:779) took 78ms and succeeded
[   46.328099] apexd: Snapshot DE subcommand detected
[   46.355077] apexd: Marking APEXd as ready
[   46.403472] init: Service 'apexd-snapshotde' (pid 282) exited with status 0 waiting took 0.555000 seconds
[   46.404327] init: Sending signal 9 to service 'apexd-snapshotde' (pid 282) process group...
[   46.408111] libprocessgroup: Successfully killed process cgroup uid 0 pid 282 in 1ms
[   46.435983] selinux: SELinux: Skipping restorecon on directory(/data)
[   46.436621] selinux: 
[   46.444609] init: starting service 'exec 8 (/system/bin/tzdatacheck /apex/com.android.tzdata/etc/tz /data/misc/zoneinfo)'...
[   46.467507] init: SVC_EXEC service 'exec 8 (/system/bin/tzdatacheck /apex/com.android.tzdata/etc/tz /data/misc/zoneinfo)' pid 283 (uid 1000 gid 1000+0 context default) started; waiting...
[   46.717919] init: Service 'exec 8 (/system/bin/tzdatacheck /apex/com.android.tzdata/etc/tz /data/misc/zoneinfo)' (pid 283) exited with status 0 waiting took 0.261000 seconds
[   46.718950] init: Sending signal 9 to service 'exec 8 (/system/bin/tzdatacheck /apex/com.android.tzdata/etc/tz /data/misc/zoneinfo)' (pid 283) process group...
[   46.724904] libprocessgroup: Successfully killed process cgroup uid 1000 pid 283 in 3ms
[   46.746234] init: processing action (post-fs-data) from (/system/etc/init/hw/init.usb.rc:6)
[   46.758261] init: Verified that /data/adb has the encryption policy 49cb5fd2309ca5c7fc9bb1c4a93e8926 v2 modes 1/4 flags 0x2
[   46.759464] init: processing action (post-fs-data) from (/vendor/etc/init/hw/init.ranchu.rc:52)
[   46.794640] init: starting service 'create_router_ns'...
[   46.852757] init: Command 'start create_router_ns' action=post-fs-data (/vendor/etc/init/hw/init.ranchu.rc:57) took 61ms and succeeded
[   46.855192] init: processing action (post-fs-data) from (/system/etc/init/bootstat.rc:9)
[   46.910178] init: processing action (ro.debuggable=1 && post-fs-data) from (/system/etc/init/clean_scratch_files.rc:1)
[   46.919811] init: Command 'exec_background - root root -- /system/bin/clean_scratch_files' action=ro.debuggable=1 && post-fs-data (/system/etc/init/clean_scratch_files.rc:2) took 7ms and failed: Could not start exec background service: File /system/bin/clean_scratch_files(labeled "u:object_r:system_file:s0") has incorrect label or no domain transition from u:r:init:s0 to another SELinux domain defined. Have you configured your service correctly? https://source.android.com/security/selinux/device-policy#label_new_services_and_address_denials
[   46.922705] init: processing action (post-fs-data) from (/system/etc/init/gsid.rc:14)
[   46.923766] init: Not setting encryption policy on: /data/gsi
[   46.938598] init: processing action (post-fs-data) from (/system/etc/init/incidentd.rc:21)
[   46.943923] init: processing action (post-fs-data) from (/system/etc/init/iorapd.rc:28)
[   46.951969] init: processing action (post-fs-data) from (/system/etc/init/logtagd.rc:4)
[   46.991078] init: processing action (post-fs-data) from (/system/etc/init/otapreopt.rc:3)
[   47.001737] init: starting service 'exec 10 (/system/bin/otapreopt_slot)'...
[   47.042022] init: SVC_EXEC service 'exec 10 (/system/bin/otapreopt_slot)' pid 285 (uid 0 gid 0+0 context default) started; waiting...
[   47.048167] init: Command 'exec - root -- /system/bin/otapreopt_slot' action=post-fs-data (/system/etc/init/otapreopt.rc:4) took 53ms and succeeded
[   48.430369] init: Service 'exec 10 (/system/bin/otapreopt_slot)' (pid 285) exited with status 1 waiting took 1.409000 seconds
[   48.431072] init: Sending signal 9 to service 'exec 10 (/system/bin/otapreopt_slot)' (pid 285) process group...
[   48.434802] libprocessgroup: Successfully killed process cgroup uid 0 pid 285 in 1ms
[   48.444319] selinux: SELinux:  Could not stat /data/dalvik-cache/arm: No such file or directory.
[   48.445436] selinux: 
[   48.447714] selinux: SELinux:  Could not stat /data/dalvik-cache/arm64: No such file or directory.
[   48.448298] selinux: 
[   48.451646] selinux: SELinux:  Could not stat /data/dalvik-cache/mips: No such file or directory.
[   48.452170] selinux: 
[   48.454561] selinux: SELinux:  Could not stat /data/dalvik-cache/mips64: No such file or directory.
[   48.455098] selinux: 
[   48.456757] selinux: SELinux:  Could not stat /data/dalvik-cache/x86: No such file or directory.
[   48.457953] selinux: 
[   48.460014] selinux: SELinux:  Could not stat /data/dalvik-cache/x86_64: No such file or directory.
[   48.460511] selinux: 
[   48.461621] init: processing action (post-fs-data) from (/system/etc/init/perfetto.rc:67)
[   48.468324] init: Command 'rm /data/misc/perfetto-traces/.guardraildata' action=post-fs-data (/system/etc/init/perfetto.rc:68) took 5ms and failed: unlink() failed: No such file or directory
[   48.469486] init: processing action (post-fs-data) from (/system/etc/init/recovery-persist.rc:1)
[   48.475443] init: starting service 'exec 11 (/system/bin/recovery-persist)'...
[   48.499187] init: processing action (post-fs-data) from (/system/etc/init/tombstoned.rc:10)
[   48.508077] init: starting service 'tombstoned'...
[   48.525305] init: Created socket '/dev/socket/tombstoned_crash', mode 666, user 1000, group 1000
[   48.546921] init: Created socket '/dev/socket/tombstoned_intercept', mode 666, user 1000, group 1000
[   48.564541] init: Created socket '/dev/socket/tombstoned_java_trace', mode 666, user 1000, group 1000
[   48.701851] init: Command 'start tombstoned' action=post-fs-data (/system/etc/init/tombstoned.rc:11) took 189ms and succeeded
[   48.708620] init: processing action (post-fs-data) from (/system/etc/init/wifi.rc:18)
[   48.761459] selinux: SELinux: Skipping restorecon on directory(/data/misc/apexdata/com.android.wifi)
[   48.764103] selinux: 
[   48.767645] init: Command 'restorecon_recursive /data/misc/apexdata/com.android.wifi' action=post-fs-data (/system/etc/init/wifi.rc:19) took 53ms and succeeded
[   48.774690] init: processing action (post-fs-data) from (/vendor/etc/init/hostapd.android.rc:9)
[   48.842763] init: processing action (load_persist_props_action) from (/system/etc/init/hw/init.rc:417)
[   48.854516] init: Couldn't load property file '/data/local.prop': open() failed: No such file or directory: No such file or directory
[   48.924583] init: Wait for property 'ro.persistent_properties.ready=true' took 77ms
[   48.939107] init: starting service 'logd-reinit'...
[   49.147526] init: Command 'start logd-reinit' action=load_persist_props_action (/system/etc/init/hw/init.rc:420) took 202ms and succeeded
[   49.152099] init: processing action (load_persist_props_action) from (/system/etc/init/flags_health_check.rc:1)
[   49.165650] init: Top-level directory needs encryption action, eg mkdir /data/server_configurable_flags <mode> <uid> <gid> encryption=Require
[   49.219680] init: Verified that /data/server_configurable_flags has the encryption policy 49cb5fd2309ca5c7fc9bb1c4a93e8926 v2 modes 1/4 flags 0x2
[   49.231487] init: Command 'mkdir /data/server_configurable_flags 0775 system system' action=load_persist_props_action (/system/etc/init/flags_health_check.rc:4) took 67ms and succeeded
[   49.280247] init: starting service 'exec 12 (/system/bin/flags_health_check BOOT_FAILURE)'...
[   49.462558] init: SVC_EXEC service 'exec 12 (/system/bin/flags_health_check BOOT_FAILURE)' pid 291 (uid 1000 gid 1000+0 context default) started; waiting...
[   49.476191] init: Command 'exec - system system -- /system/bin/flags_health_check BOOT_FAILURE' action=load_persist_props_action (/system/etc/init/flags_health_check.rc:5) took 234ms and succeeded
[   49.485615] init: Service 'exec 11 (/system/bin/recovery-persist)' (pid 288) exited with status 0 oneshot service took 0.996000 seconds in background
[   49.495349] init: Sending signal 9 to service 'exec 11 (/system/bin/recovery-persist)' (pid 288) process group...
[   49.515390] libprocessgroup: Successfully killed process cgroup uid 1000 pid 288 in 12ms
[   49.947128] logd.daemon: reinit
[   49.977514] init: Service 'logd-reinit' (pid 290) exited with status 0 oneshot service took 0.978000 seconds in background
[   49.979877] init: Sending signal 9 to service 'logd-reinit' (pid 290) process group...
[   49.984517] libprocessgroup: Successfully killed process cgroup uid 1036 pid 290 in 1ms
[   50.091250] init: Service 'exec 12 (/system/bin/flags_health_check BOOT_FAILURE)' (pid 291) exited with status 0 waiting took 0.687000 seconds
[   50.092135] init: Sending signal 9 to service 'exec 12 (/system/bin/flags_health_check BOOT_FAILURE)' (pid 291) process group...
[   50.094800] libprocessgroup: Successfully killed process cgroup uid 1000 pid 291 in 1ms
[   50.097678] init: processing action (load_persist_props_action) from (/system/etc/init/logcatd.rc:29)
[   50.104887] init: processing action (load_bpf_programs) from (/system/etc/init/bpfloader.rc:20)
[   50.114883] init: starting service 'bpfloader'...
[   50.176025] init: Command 'start bpfloader' action=load_bpf_programs (/system/etc/init/bpfloader.rc:26) took 58ms and succeeded
[   50.182508] init: processing action (persist.sys.fuse=true && zygote-start) from (/system/etc/init/hw/init.rc:809)
[   50.218496] init: processing action (ro.crypto.state=encrypted && ro.crypto.type=file && zygote-start) from (/system/etc/init/hw/init.rc:840)
[   50.227965] init: starting service 'update_verifier_nonencrypted'...
[   50.373028] init: SVC_EXEC service 'update_verifier_nonencrypted' pid 293 (uid 0 gid 2001+1 context default) started; waiting...
[   50.379107] init: Command 'exec_start update_verifier_nonencrypted' action=ro.crypto.state=encrypted && ro.crypto.type=file && zygote-start (/system/etc/init/hw/init.rc:842) took 154ms and succeeded
[   50.878574] update_verifier (293) used greatest stack depth: 11904 bytes left
[   50.880056] init: Service 'update_verifier_nonencrypted' (pid 293) exited with status 0 waiting took 0.624000 seconds
[   50.881376] init: Sending signal 9 to service 'update_verifier_nonencrypted' (pid 293) process group...
[   50.886139] libprocessgroup: Successfully killed process cgroup uid 0 pid 293 in 2ms
[   50.923477] init: starting service 'statsd'...
[   50.940191] init: Created socket '/dev/socket/statsdw', mode 222, user 1066, group 1066
[   51.058985] init: Command 'start statsd' action=ro.crypto.state=encrypted && ro.crypto.type=file && zygote-start (/system/etc/init/hw/init.rc:843) took 139ms and succeeded
[   51.084146] init: starting service 'netd'...
[   51.117612] init: Created socket '/dev/socket/dnsproxyd', mode 660, user 0, group 3003
[   51.165455] init: Created socket '/dev/socket/mdns', mode 660, user 0, group 1000
[   51.200284] init: Created socket '/dev/socket/fwmarkd', mode 660, user 0, group 3003
[   51.409574] init: Command 'start netd' action=ro.crypto.state=encrypted && ro.crypto.type=file && zygote-start (/system/etc/init/hw/init.rc:844) took 335ms and succeeded
[   51.444971] init: starting service 'zygote'...
[   51.497517] init: Created socket '/dev/socket/zygote', mode 660, user 0, group 1000
[   51.529137] init: Created socket '/dev/socket/usap_pool_primary', mode 660, user 0, group 1000
[   51.749959] init: Command 'start zygote' action=ro.crypto.state=encrypted && ro.crypto.type=file && zygote-start (/system/etc/init/hw/init.rc:845) took 324ms and succeeded
[   51.768401] init: Command 'start zygote_secondary' action=ro.crypto.state=encrypted && ro.crypto.type=file && zygote-start (/system/etc/init/hw/init.rc:846) took 6ms and failed: service zygote_secondary not found
[   51.803233] init: processing action (zygote-start) from (/vendor/etc/init/hw/init.ranchu.rc:59)
[   51.888343] init: processing action (firmware_mounts_complete) from (/system/etc/init/hw/init.rc:423)
[   51.912761] init: processing action (early-boot) from (/system/etc/init/installd.rc:5)
[   52.035712] ueventd: firmware: could not find firmware for regulatory.db
[   52.038374] ueventd: firmware: attempted /etc/firmware/regulatory.db, open failed: No such file or directory
[   52.040634] ueventd: firmware: attempted /odm/firmware/regulatory.db, open failed: No such file or directory
[   52.052679] ueventd: firmware: attempted /vendor/firmware/regulatory.db, open failed: No such file or directory
[   52.058319] ueventd: firmware: attempted /firmware/image/regulatory.db, open failed: No such file or directory
[   52.096243] ueventd: loading /devices/platform/regulatory.0/firmware/regulatory.db took 33282ms
[   52.172470] init: Untracked pid 164 exited with status 0
[   52.295520] cfg80211: failed to load regulatory.db
[   52.881735] init: processing action (boot) from (/system/etc/init/hw/init.rc:848)
[   52.946983] init: Command 'ifup lo' action=boot (/system/etc/init/hw/init.rc:850) took 61ms and succeeded
[   53.074235] init: Command 'write /sys/devices/virtual/block/${dev.mnt.blk.data}/queue/discard_max_bytes 134217728' action=boot (/system/etc/init/hw/init.rc:884) took 12ms and failed: Unable to write to file '/sys/devices/virtual/block/dm-4/queue/discard_max_bytes': Unable to write file contents: Invalid argument
[   53.327633] init: starting service 'hidl_memory'...
[   53.669257] init: starting service 'vendor.audio-hal'...
[   53.937043] init: starting service 'vendor.authsecret-1-0'...
[   54.418130] init: starting service 'vendor.bluetooth-1-1'...
[   54.920757] init: starting service 'vendor.camera-provider-2-4'...
[   55.630656] init: starting service 'vendor.camera-provider-2-6-google'...
[   55.970848] init: failed to write pid to files: couldn't write 305 to /dev/cpuset/camera-daemon/tasks: No such file or directory
[   56.063378] libprocessgroup: Failed to open /dev/cpuset/camera-daemon/tasks: No such file or directory: No such file or directory
[   56.074535] init: starting service 'vendor.contexthub-hal-1-1-mock'...
[   56.079064] libprocessgroup: Failed to apply CameraServiceCapacity task profile: No such file or directory
[   56.725694] init: starting service 'vendor.drm-hal-1-0'...
[   57.992841] init: starting service 'vendor.drm-clearkey-hal-1-3'...
[   58.844359] init: starting service 'vendor.drm-widevine-hal-1-3'...
[   59.627382] init: starting service 'vendor.gatekeeper-1-0'...
[   60.554887] init: starting service 'vendor.gralloc-3-0'...
[   61.412252] init: starting service 'vendor.hwcomposer-2-3'...
[   62.325071] init: starting service 'health-hal-2-1'...
[   62.350754] init: Opened file '/dev/kmsg', flags 1
[   63.440834] init: starting service 'neuralnetworks_hal_service_sample_all'...
[   64.738811] init: starting service 'neuralnetworks_hal_service_sample_float_fast'...
[   66.569239] init: starting service 'neuralnetworks_hal_service_sample_float_slow'...
[   68.663332] init: starting service 'neuralnetworks_hal_service_sample_minimal'...
[   70.140654] init: starting service 'neuralnetworks_hal_service_sample_quant'...
[   71.628762] init: starting service 'vendor.power.stats-hal-1-0-mock'...
[   73.344355] init: starting service 'vendor.sensors-hal-2-1-multihal'...
[   74.877331] init: starting service 'vendor.thermal-hal-2-0-mock'...
[   76.367987] init: starting service 'vendor.usb-hal-1-0'...
[   78.018598] healthd: batteryCapacityLevelPath not found
[   78.043074] healthd: batteryChargeTimeToFullNowPath. not found
[   78.044898] healthd: batteryFullChargeDesignCapacityUahPath. not found
[   78.258080] init: starting service 'vendor.wifi_hal_legacy'...
[   80.459158] init: starting service 'vendor.identity-default'...
[   81.905700] healthd: battery none chg=a
[   83.833035] init: starting service 'vendor.light-default'...
[   86.462913] init: starting service 'vendor.power-default'...
[   88.476429] init: starting service 'vendor.rebootescrow-default'...
[   90.495829] init: starting service 'vendor.vibrator-default'...
[   91.886940] init: Command 'class_start hal' action=boot (/system/etc/init/hw/init.rc:946) took 38499ms and succeeded
[   91.966954] init: Service 'bpfloader' (pid 292) exited with status 0 oneshot service took 41.820999 seconds in background
[   92.021853] init: Sending signal 9 to service 'bpfloader' (pid 292) process group...
[   92.191334] libprocessgroup: Successfully killed process cgroup uid 0 pid 292 in 90ms
[   92.818786] init: Control message: Processed ctl.interface_start for 'android.hardware.graphics.allocator@3.0::IAllocator/default' from pid: 184 (/system/bin/hwservicemanager)
[   92.923616] init: starting service 'ranchu-setup'...
[   94.274144] init: starting service 'audioserver'...
[   95.644610] init: starting service 'credstore'...
[   97.238594] init: starting service 'gpu'...
[   98.994406] init: starting service 'surfaceflinger'...
[   99.217150] init: Could not create socket 'pdx/system/vr/display/client': Failed to bind socket 'pdx/system/vr/display/client': No such file or directory
[   99.463290] init: Could not create socket 'pdx/system/vr/display/manager': Failed to bind socket 'pdx/system/vr/display/manager': No such file or directory
[   99.625021] init: Could not create socket 'pdx/system/vr/display/vsync': Failed to bind socket 'pdx/system/vr/display/vsync': No such file or directory
[  100.910726] init: Command 'class_start core' action=boot (/system/etc/init/hw/init.rc:948) took 8016ms and succeeded
[  100.964817] init: Service 'zygote' (pid 296) received signal 11
[  100.997884] init: Sending signal 9 to service 'zygote' (pid 296) process group...
[  101.080556] libprocessgroup: Successfully killed process cgroup uid 0 pid 296 in 59ms
[  101.282737] init: starting service 'exec 13 (/system/bin/vdc volume abort_fuse)'...
[  102.203713] init: Command 'exec_background - system system -- /system/bin/vdc volume abort_fuse' action=onrestart (<Service 'zygote' onrestart>:1) took 969ms and succeeded
[  102.461477] init: Command 'write /sys/power/state on' action=onrestart (<Service 'zygote' onrestart>:2) took 192ms and failed: Unable to write to file '/sys/power/state': Unable to write file contents: Invalid argument
[  102.515871] init: Sending signal 9 to service 'audioserver' (pid 366) process group...
[  102.710556] libprocessgroup: Successfully killed process cgroup uid 1041 pid 366 in 173ms
[  102.856823] init: Command 'restart audioserver' action=onrestart (<Service 'zygote' onrestart>:3) took 364ms and succeeded
[  102.998192] init: starting service 'cameraserver'...
[  103.901463] init: Command 'restart cameraserver' action=onrestart (<Service 'zygote' onrestart>:4) took 1010ms and succeeded
[  103.996710] init: starting service 'media'...
[  104.644153] libprocessgroup: Failed to open /dev/cpuset/camera-daemon/tasks: No such file or directory: No such file or directory
[  104.655686] libprocessgroup: Failed to apply CameraServiceCapacity task profile: No such file or directory
[  104.851377] init: Command 'restart media' action=onrestart (<Service 'zygote' onrestart>:5) took 912ms and succeeded
[  104.872464] init: Sending signal 9 to service 'netd' (pid 295) process group...
[  105.270367] libprocessgroup: Successfully killed process cgroup uid 0 pid 295 in 391ms
[  105.402452] init: Command 'restart netd' action=onrestart (<Service 'zygote' onrestart>:6) took 546ms and succeeded
[  105.490015] init: starting service 'wificond'...
[  105.982760] init: Command 'restart wificond' action=onrestart (<Service 'zygote' onrestart>:7) took 555ms and succeeded
[  106.208880] init: Service 'netd' (pid 295) received signal 9
[  106.240778] init: Command 'restart zygote_secondary' action=onrestart (<Service 'netd' onrestart>:2) took 1ms and failed: service zygote_secondary not found
[  106.377237] init: Service 'vendor.bluetooth-1-1' (pid 303) received signal 11
[  106.409766] init: Sending signal 9 to service 'vendor.bluetooth-1-1' (pid 303) process group...
[  106.475216] libprocessgroup: Successfully killed process cgroup uid 1002 pid 303 in 24ms
[  106.631818] init: Untracked pid 323 received signal 14
[  106.660075] init: Untracked pid 326 exited with status 0
[  106.686576] init: Untracked pid 338 exited with status 0
[  106.695560] init: Untracked pid 334 received signal 14
[  106.722064] init: Service 'audioserver' (pid 366) received signal 9
[  106.824686] init: Command 'setprop sys.audio.restart.hal 1' action=onrestart (<Service 'audioserver' onrestart>:1) took 99ms and succeeded
[  106.943924] init: Untracked pid 340 received signal 9
[  106.963244] init: Untracked pid 341 received signal 9
[  107.022831] init: Control message: Processed ctl.interface_start for 'android.hardware.graphics.allocator@3.0::IAllocator/default' from pid: 184 (/system/bin/hwservicemanager)
[  107.136005] init: starting service 'exec 14 (/system/bin/fsverity_init)'...
[  107.461888] init: SVC_EXEC service 'exec 14 (/system/bin/fsverity_init)' pid 393 (uid 0 gid 0+0 context default) started; waiting...
[  107.512901] init: Command 'exec -- /system/bin/fsverity_init' action=boot (/system/etc/init/hw/init.rc:951) took 428ms and succeeded
[  107.644004] init: starting service 'zygote'...
[  107.747930] init: Created socket '/dev/socket/zygote', mode 660, user 0, group 1000
[  107.924769] init: Created socket '/dev/socket/usap_pool_primary', mode 660, user 0, group 1000
[  108.522192] init: starting service 'audioserver'...
[  109.194057] init: starting service 'netd'...
[  109.331392] init: Created socket '/dev/socket/dnsproxyd', mode 660, user 0, group 3003
[  109.513758] init: Created socket '/dev/socket/mdns', mode 660, user 0, group 1000
[  109.581810] init: Created socket '/dev/socket/fwmarkd', mode 660, user 0, group 3003
[  110.152369] init: starting service 'vendor.bluetooth-1-1'...
[  110.803654] init: Service 'exec 13 (/system/bin/vdc volume abort_fuse)' (pid 386) exited with status 0 oneshot service took 8.882000 seconds in background
[  110.827339] init: Sending signal 9 to service 'exec 13 (/system/bin/vdc volume abort_fuse)' (pid 386) process group...
[  110.864422] libprocessgroup: Successfully killed process cgroup uid 1000 pid 386 in 33ms
[  111.008572] init: Control message: Processed ctl.interface_start for 'android.hardware.graphics.allocator@3.0::IAllocator/default' from pid: 184 (/system/bin/hwservicemanager)
[  111.115546] init: Control message: Processed ctl.interface_start for 'android.hardware.graphics.allocator@3.0::IAllocator/default' from pid: 184 (/system/bin/hwservicemanager)
[  111.204142] init: Control message: Processed ctl.interface_start for 'android.hardware.graphics.allocator@3.0::IAllocator/default' from pid: 184 (/system/bin/hwservicemanager)
[  111.286129] init: Control message: Processed ctl.interface_start for 'android.hardware.graphics.allocator@3.0::IAllocator/default' from pid: 184 (/system/bin/hwservicemanager)
[  112.155629] init: Service 'exec 14 (/system/bin/fsverity_init)' (pid 393) exited with status 0 waiting took 4.775000 seconds
[  112.167213] init: Sending signal 9 to service 'exec 14 (/system/bin/fsverity_init)' (pid 393) process group...
[  112.202178] libprocessgroup: Successfully killed process cgroup uid 0 pid 393 in 4ms
[  112.261861] init: processing action (persist.sys.usb.config=* && boot) from (/system/etc/init/hw/init.usb.rc:105)
[  112.332199] init: Command 'setprop sys.usb.config ${persist.sys.usb.config}' action=persist.sys.usb.config=* && boot (/system/etc/init/hw/init.usb.rc:106) took 66ms and succeeded
[  112.356470] init: processing action (boot) from (/vendor/etc/init/hw/init.ranchu.rc:65)
[  112.449992] init: Unable to set property 'ro.hardware.egl' from uid:0 gid:0 pid:156: Read-only property was already set
[  112.502429] init: Command 'setprop ro.hardware.egl emulation' action=boot (/vendor/etc/init/hw/init.ranchu.rc:66) took 141ms and succeeded
[  112.562158] init: Command 'setprop debug.sf.vsync_reactor 0' action=boot (/vendor/etc/init/hw/init.ranchu.rc:67) took 55ms and succeeded
[  112.648428] init: Command 'setprop debug.hwui.renderer opengl' action=boot (/vendor/etc/init/hw/init.ranchu.rc:68) took 80ms and succeeded
[  112.703461] init: Command 'setprop debug.hwui.renderer ${ro.kernel.qemu.uirenderer}' action=boot (/vendor/etc/init/hw/init.ranchu.rc:69) took 35ms and failed: property 'ro.kernel.qemu.uirenderer' doesn't exist while expanding '${ro.kernel.qemu.uirenderer}'
[  112.728083] init.ranchu-cor (365) used greatest stack depth: 11808 bytes left
[  112.758505] init: Service 'ranchu-setup' (pid 365) exited with status 1 oneshot service took 19.323000 seconds in background
[  112.759883] init: Sending signal 9 to service 'ranchu-setup' (pid 365) process group...
[  112.768061] libprocessgroup: Successfully killed process cgroup uid 0 pid 365 in 6ms
[  112.950833] init: Command 'setprop ro.zygote.disable_gl_preload 1' action=boot (/vendor/etc/init/hw/init.ranchu.rc:71) took 62ms and succeeded
[  113.009351] init: Command 'setprop debug.stagefright.ccodec ${ro.kernel.qemu.media.ccodec}' action=boot (/vendor/etc/init/hw/init.ranchu.rc:77) took 54ms and succeeded
[  113.071248] init: Command 'setprop dalvik.vm.heapsize 192m' action=boot (/vendor/etc/init/hw/init.ranchu.rc:79) took 56ms and succeeded
[  113.089592] init: Command 'setprop dalvik.vm.heapsize ${ro.kernel.qemu.dalvik.vm.heapsize}' action=boot (/vendor/etc/init/hw/init.ranchu.rc:80) took 4ms and failed: property 'ro.kernel.qemu.dalvik.vm.heapsize' doesn't exist while expanding '${ro.kernel.qemu.dalvik.vm.heapsize}'
[  113.231349] init: Command 'setprop wifi.interface wlan0' action=boot (/vendor/etc/init/hw/init.ranchu.rc:85) took 59ms and succeeded
[  113.288037] init: Command 'setprop wifi.direct.interface p2p-dev-wlan0' action=boot (/vendor/etc/init/hw/init.ranchu.rc:86) took 52ms and succeeded
[  113.338686] init: starting service 'goldfish-logcat'...
[  113.748244] init: Command 'start goldfish-logcat' action=boot (/vendor/etc/init/hw/init.ranchu.rc:88) took 447ms and succeeded
[  113.853851] init: Command 'mkdir /config/usb_gadget/g1 0770 root root' action=boot (/vendor/etc/init/hw/init.ranchu.rc:91) took 79ms and succeeded
[  113.856805] init: processing action (boot) from (/system/etc/init/dumpstate.rc:1)
[  113.914780] init: processing action (boot) from (/system/etc/init/gsid.rc:20)
[  113.992044] init: starting service 'exec 15 (/system/bin/gsid run-startup-tasks)'...
[  114.254778] init: Command 'exec_background - root root -- /system/bin/gsid run-startup-tasks' action=boot (/system/etc/init/gsid.rc:21) took 317ms and succeeded
[  114.275496] init: processing action (enable_property_trigger) from (<Builtin Action>:0)
[  114.302519] init: processing action (apexd.status=ready && ro.product.cpu.abilist64=*) from (/system/etc/init/hw/init.rc:91)
[  114.348190] init: starting service 'boringssl_self_test_apex64'...
[  114.903721] init: SVC_EXEC service 'boringssl_self_test_apex64' pid 407 (uid 0 gid 0+0 context default) started; waiting...
[  114.936999] init: Command 'exec_start boringssl_self_test_apex64' action=apexd.status=ready && ro.product.cpu.abilist64=* (/system/etc/init/hw/init.rc:92) took 601ms and succeeded
[  117.367968] init: Service 'goldfish-logcat' (pid 404) exited with status 0 oneshot service took 3.862000 seconds in background
[  117.395068] init: Sending signal 9 to service 'goldfish-logcat' (pid 404) process group...
[  117.434021] libprocessgroup: Successfully killed process cgroup uid 1036 pid 404 in 32ms
[  118.916582] init: Service 'boringssl_self_test_apex64' (pid 407) exited with status 0 waiting took 4.362000 seconds
[  118.927782] init: Sending signal 9 to service 'boringssl_self_test_apex64' (pid 407) process group...
[  118.964844] libprocessgroup: Successfully killed process cgroup uid 0 pid 407 in 24ms
[  119.468870] init: processing action (sys.init.perf_lsm_hooks=1) from (/system/etc/init/hw/init.rc:1017)
[  119.620183] init: Command 'write /proc/sys/kernel/perf_event_paranoid -1' action=sys.init.perf_lsm_hooks=1 (/system/etc/init/hw/init.rc:1018) took 134ms and succeeded
[  119.652974] init: processing action (security.perf_harden=1) from (/system/etc/init/hw/init.rc:1031)
[  119.778803] init: processing action (ro.debuggable=1) from (/system/etc/init/hw/init.rc:1058)
[  119.863871] init: processing action (sys.usb.config=adb && sys.usb.configfs=0) from (/system/etc/init/hw/init.usb.rc:37)
[  119.953078] init: Command 'write /sys/class/android_usb/android0/enable 0' action=sys.usb.config=adb && sys.usb.configfs=0 (/system/etc/init/hw/init.usb.rc:38) took 39ms and failed: Unable to write to file '/sys/class/android_usb/android0/enable': open() failed: Permission denied
[  120.004370] init: Command 'write /sys/class/android_usb/android0/idVendor 18d1' action=sys.usb.config=adb && sys.usb.configfs=0 (/system/etc/init/hw/init.usb.rc:39) took 46ms and failed: Unable to write to file '/sys/class/android_usb/android0/idVendor': open() failed: Permission denied
[  120.075996] init: Command 'write /sys/class/android_usb/android0/idProduct 4EE7' action=sys.usb.config=adb && sys.usb.configfs=0 (/system/etc/init/hw/init.usb.rc:40) took 43ms and failed: Unable to write to file '/sys/class/android_usb/android0/idProduct': open() failed: Permission denied
[  120.130606] init: Command 'write /sys/class/android_usb/android0/functions ${sys.usb.config}' action=sys.usb.config=adb && sys.usb.configfs=0 (/system/etc/init/hw/init.usb.rc:41) took 23ms and failed: Unable to write to file '/sys/class/android_usb/android0/functions': open() failed: Permission denied
[  120.191776] init: Command 'write /sys/class/android_usb/android0/enable 1' action=sys.usb.config=adb && sys.usb.configfs=0 (/system/etc/init/hw/init.usb.rc:42) took 41ms and failed: Unable to write to file '/sys/class/android_usb/android0/enable': open() failed: Permission denied
[  120.235360] init: starting service 'adbd'...
[  120.442944] init: Created socket '/dev/socket/adbd', mode 660, user 1000, group 1000
[  121.031861] init: Command 'start adbd' action=sys.usb.config=adb && sys.usb.configfs=0 (/system/etc/init/hw/init.usb.rc:43) took 816ms and succeeded
[  121.134347] init: Command 'setprop sys.usb.state ${sys.usb.config}' action=sys.usb.config=adb && sys.usb.configfs=0 (/system/etc/init/hw/init.usb.rc:44) took 86ms and succeeded
[  121.151689] init: Service 'exec 15 (/system/bin/gsid run-startup-tasks)' (pid 406) exited with status 0 oneshot service took 7.005000 seconds in background
[  121.167416] init: Sending signal 9 to service 'exec 15 (/system/bin/gsid run-startup-tasks)' (pid 406) process group...
[  121.201814] libprocessgroup: Successfully killed process cgroup uid 0 pid 406 in 30ms
[  121.255497] init: processing action (qemu.networknamespace=ready) from (/vendor/etc/init/hw/init.ranchu.rc:109)
[  121.331231] init: starting service 'ranchu-net'...
[  122.053445] init: Command 'start ranchu-net' action=qemu.networknamespace=ready (/vendor/etc/init/hw/init.ranchu.rc:110) took 771ms and succeeded
[  122.100893] init: processing action (init.svc.audioserver=running) from (/system/etc/init/audioserver.rc:32)
[  122.154680] init: Command 'start vendor.audio-hal-4-0-msd' action=init.svc.audioserver=running (/system/etc/init/audioserver.rc:34) took 0ms and failed: service vendor.audio-hal-4-0-msd not found
[  122.194604] init: Command 'start vendor.audio-hal-2-0' action=init.svc.audioserver=running (/system/etc/init/audioserver.rc:36) took 17ms and failed: service vendor.audio-hal-2-0 not found
[  122.225648] init: Command 'start audio-hal-2-0' action=init.svc.audioserver=running (/system/etc/init/audioserver.rc:37) took 0ms and failed: service audio-hal-2-0 not found
[  122.247662] init: processing action (sys.audio.restart.hal=1) from (/system/etc/init/audioserver.rc:39)
[  122.262383] init: Sending signal 9 to service 'vendor.audio-hal' (pid 301) process group...
[  123.093114] libprocessgroup: Successfully killed process cgroup uid 1041 pid 301 in 825ms
[  123.205044] init: Command 'restart vendor.audio-hal' action=sys.audio.restart.hal=1 (/system/etc/init/audioserver.rc:40) took 954ms and succeeded
[  123.242980] init: Service 'vendor.audio-hal' (pid 301) received signal 9
[  123.282736] init: Sending signal 9 to service 'audioserver' (pid 399) process group...
[  124.857693] libprocessgroup: Successfully killed process cgroup uid 1041 pid 399 in 1551ms
[  125.281759] init: Command 'restart audioserver' action=onrestart (<Service 'vendor.audio-hal' onrestart>:1) took 2002ms and succeeded
[  125.544677] init: Service 'audioserver' (pid 399) received signal 9
[  125.764130] init: Command 'setprop sys.audio.restart.hal 1' action=onrestart (<Service 'audioserver' onrestart>:1) took 172ms and succeeded
[  126.180041] init: Command 'restart vendor.audio-hal-4-0-msd' action=sys.audio.restart.hal=1 (/system/etc/init/audioserver.rc:41) took 19ms and failed: service vendor.audio-hal-4-0-msd not found
[  126.347883] init: starting service 'audioserver'...
[  127.847038] init: starting service 'vendor.audio-hal'...
[  129.230891] init: starting service 'bootanim'...
[  129.906817] init: Control message: Processed ctl.start for 'bootanim' from pid: 379 (/system/bin/surfaceflinger)
[  129.942664] init: Command 'restart vendor.audio-hal-2-0' action=sys.audio.restart.hal=1 (/system/etc/init/audioserver.rc:43) took 0ms and failed: service vendor.audio-hal-2-0 not found
[  129.977349] init: Command 'restart audio-hal-2-0' action=sys.audio.restart.hal=1 (/system/etc/init/audioserver.rc:44) took 13ms and failed: service audio-hal-2-0 not found
[  130.080602] init: Command 'setprop sys.audio.restart.hal 0' action=sys.audio.restart.hal=1 (/system/etc/init/audioserver.rc:46) took 80ms and succeeded
[  130.119132] init: processing action (ro.persistent_properties.ready=true) from (/system/etc/init/bootstat.rc:67)
[  130.233438] init: Command 'setprop sys.bootstat.first_boot_completed 0' action=ro.persistent_properties.ready=true (/system/etc/init/bootstat.rc:68) took 97ms and succeeded
[  130.265122] init: processing action (ro.persistent_properties.ready=true) from (/system/etc/init/bootstat.rc:71)
[  130.398690] init: starting service 'exec 16 (/system/bin/bootstat --set_system_boot_reason)'...
[  130.970565] init: Command 'exec_background - system log -- /system/bin/bootstat --set_system_boot_reason' action=ro.persistent_properties.ready=true (/system/etc/init/bootstat.rc:74) took 632ms and succeeded
[  131.019703] init: processing action (persist.heapprofd.enable= && traced.lazy.heapprofd=) from (/system/etc/init/heapprofd.rc:34)
[  131.458098] init: Command 'stop heapprofd' action=persist.heapprofd.enable= && traced.lazy.heapprofd= (/system/etc/init/heapprofd.rc:35) took 391ms and succeeded
[  131.613589] init: starting service 'mdnsd'...
[  131.839983] init: Created socket '/dev/socket/mdnsd', mode 660, user 1020, group 3003
[  132.687763] init: Control message: Processed ctl.start for 'mdnsd' from pid: 419 (/apex/com.android.adbd/bin/adbd --root_seclabel=u:r:su:s0)
[  132.726707] init: processing action (ro.debuggable=1) from (/system/etc/init/llkd-debuggable.rc:1)
[  132.853247] init: Command 'setprop llk.enable ${ro.llk.enable:-1}' action=ro.debuggable=1 (/system/etc/init/llkd-debuggable.rc:2) took 122ms and succeeded
[  132.952141] init: Command 'setprop khungtask.enable ${ro.khungtask.enable:-1}' action=ro.debuggable=1 (/system/etc/init/llkd-debuggable.rc:3) took 78ms and succeeded
[  132.982521] init: processing action (ro.debuggable=*) from (/system/etc/init/llkd.rc:2)
[  133.102749] init: Command 'setprop llk.enable ${ro.llk.enable:-0}' action=ro.debuggable=* (/system/etc/init/llkd.rc:3) took 108ms and succeeded
[  133.207725] init: Command 'setprop khungtask.enable ${ro.khungtask.enable:-0}' action=ro.debuggable=* (/system/etc/init/llkd.rc:4) took 85ms and succeeded
[  133.239045] init: processing action (init.svc.media=*) from (/system/etc/init/mediaserver.rc:1)
[  133.320104] init: Command 'setprop init.svc.mediadrm ${init.svc.media}' action=init.svc.media=* (/system/etc/init/mediaserver.rc:2) took 75ms and succeeded
[  133.358190] init: processing action (debug.atrace.user_initiated= && persist.traced.enable=1) from (/system/etc/init/perfetto.rc:47)
[  133.475102] init: starting service 'traced_probes'...
[  133.497424] init: Opened file '/dev/kmsg', flags 1
[  134.364373] init: Command 'start traced_probes' action=debug.atrace.user_initiated= && persist.traced.enable=1 (/system/etc/init/perfetto.rc:48) took 965ms and succeeded
[  134.434509] init: processing action (persist.traced.enable=1) from (/system/etc/init/perfetto.rc:50)
[  134.559070] init: starting service 'traced'...
[  134.868366] init: Created socket '/dev/socket/traced_consumer', mode 666, user 0, group 0
[  135.060854] init: Created socket '/dev/socket/traced_producer', mode 666, user 0, group 0
[  136.214735] init: Command 'start traced' action=persist.traced.enable=1 (/system/etc/init/perfetto.rc:59) took 1672ms and succeeded
[  136.256329] init: processing action (persist.traced_perf.enable= && sys.init.perf_lsm_hooks=1 && traced.lazy.traced_perf=) from (/system/etc/init/traced_perf.rc:43)
[  136.542489] init: Command 'stop traced_perf' action=persist.traced_perf.enable= && sys.init.perf_lsm_hooks=1 && traced.lazy.traced_perf= (/system/etc/init/traced_perf.rc:44) took 239ms and succeeded
[  136.624103] init: processing action (nonencrypted) from (/system/etc/init/hw/init.rc:953)
[  136.776498] init: starting service 'drm'...
[  137.991319] init: starting service 'idmap2d'...
[  140.601683] init: starting service 'incidentd'...
[  141.023464] healthd: battery none chg=a
[  142.011831] init: starting service 'installd'...
[  143.214121] init: starting service 'iorapd'...
[  144.342743] init: starting service 'keystore'...
[  145.317262] init: starting service 'mediaextractor'...
[  146.189699] init: starting service 'mediametrics'...
[  147.766458] init: starting service 'storaged'...
[  147.843195] init: Could not open file '/d/mmc0/mmc0:0001/ext_csd': Failed to open file '/d/mmc0/mmc0:0001/ext_csd': No such file or directory
[  148.933238] init: starting service 'vendor.media.omx'...
[  150.206612] init: starting service 'vendor.ril-daemon'...
[  151.194353] init: Could not start service 'vendor_flash_recovery' as part of class 'main': Cannot find '/vendor/bin/install-recovery.sh': No such file or directory
[  151.350238] init: starting service 'media.swcodec'...
[  152.309066] init: Command 'class_start main' action=nonencrypted (/system/etc/init/hw/init.rc:954) took 15640ms and succeeded
[  152.349944] init: Service 'zygote' (pid 398) received signal 11
[  152.371310] init: Sending signal 9 to service 'zygote' (pid 398) process group...
[  152.433077] libprocessgroup: Successfully killed process cgroup uid 0 pid 398 in 48ms
[  152.598150] init: starting service 'exec 17 (/system/bin/vdc volume abort_fuse)'...
[  153.192794] init: Command 'exec_background - system system -- /system/bin/vdc volume abort_fuse' action=onrestart (<Service 'zygote' onrestart>:1) took 646ms and succeeded
[  153.359251] init: Command 'write /sys/power/state on' action=onrestart (<Service 'zygote' onrestart>:2) took 140ms and failed: Unable to write to file '/sys/power/state': Unable to write file contents: Invalid argument
[  153.393319] init: Sending signal 9 to service 'audioserver' (pid 429) process group...
[  153.940036] libprocessgroup: Successfully killed process cgroup uid 1041 pid 429 in 528ms
[  154.090392] init: Command 'restart audioserver' action=onrestart (<Service 'zygote' onrestart>:3) took 688ms and succeeded
[  154.096909] init: Sending signal 9 to service 'cameraserver' (pid 388) process group...
[  154.899207] libprocessgroup: Successfully killed process cgroup uid 1047 pid 388 in 757ms
[  155.015440] init: Command 'restart cameraserver' action=onrestart (<Service 'zygote' onrestart>:4) took 920ms and succeeded
[  155.029828] init: Sending signal 9 to service 'media' (pid 391) process group...
[  155.820949] libprocessgroup: Successfully killed process cgroup uid 1013 pid 391 in 786ms
[  156.018124] init: Command 'restart media' action=onrestart (<Service 'zygote' onrestart>:5) took 967ms and succeeded
[  156.020985] init: Sending signal 9 to service 'netd' (pid 401) process group...
[  156.420067] Binder:401_4 (401) used greatest stack depth: 11360 bytes left
[  156.444289] libprocessgroup: Successfully killed process cgroup uid 0 pid 401 in 387ms
[  156.596724] init: Command 'restart netd' action=onrestart (<Service 'zygote' onrestart>:6) took 575ms and succeeded
[  156.607740] init: Sending signal 9 to service 'wificond' (pid 392) process group...
[  157.034908] libprocessgroup: Successfully killed process cgroup uid 1010 pid 392 in 405ms
[  157.102701] init: Command 'restart wificond' action=onrestart (<Service 'zygote' onrestart>:7) took 494ms and succeeded
[  157.373408] init: Service 'cameraserver' (pid 388) received signal 9
[  157.724781] init: Service 'media' (pid 391) received signal 9
[  158.113965] init: Service 'wificond' (pid 392) received signal 9
[  158.268081] init: Service 'netd' (pid 401) received signal 9
[  158.325323] init: Command 'restart zygote_secondary' action=onrestart (<Service 'netd' onrestart>:2) took 0ms and failed: service zygote_secondary not found
[  158.446728] init: Untracked pid 413 exited with status 0
[  158.451093] init: Untracked pid 415 exited with status 0
[  158.488256] init: Service 'audioserver' (pid 429) received signal 9
[  158.570673] init: Command 'setprop sys.audio.restart.hal 1' action=onrestart (<Service 'audioserver' onrestart>:1) took 74ms and succeeded
[  158.702170] init: Service 'exec 16 (/system/bin/bootstat --set_system_boot_reason)' (pid 434) exited with status 0 oneshot service took 27.965000 seconds in background
[  158.716867] init: Sending signal 9 to service 'exec 16 (/system/bin/bootstat --set_system_boot_reason)' (pid 434) process group...
[  158.768676] libprocessgroup: Successfully killed process cgroup uid 1000 pid 434 in 31ms
[  158.800012] init: Untracked pid 488 received signal 9
[  158.818338] init: Untracked pid 495 received signal 9
[  158.835252] init: Untracked pid 487 received signal 9
[  158.840255] init: Untracked pid 500 received signal 9
[  158.855311] init: Untracked pid 416 received signal 9
[  158.872989] init: Untracked pid 417 received signal 9
[  159.002231] init: starting service 'dhcpclient_def'...
[  159.418828] init: Control message: Processed ctl.start for 'dhcpclient_def' from pid: 485 (setprop ctl.start dhcpclient_def)
[  159.601935] init: starting service 'gatekeeperd'...
[  160.263610] init: starting service 'usbd'...
[  160.792924] init: starting service 'vendor.face-hal-1-0-default'...
[  161.433175] init: starting service 'vendor.fps_hal'...
[  162.147887] init: Command 'class_start late_start' action=nonencrypted (/system/etc/init/hw/init.rc:955) took 2651ms and succeeded
[  162.240960] init: starting service 'zygote'...
[  162.435498] init: Created socket '/dev/socket/zygote', mode 660, user 0, group 1000
[  162.625802] init: Created socket '/dev/socket/usap_pool_primary', mode 660, user 0, group 1000
[  163.434951] init: starting service 'audioserver'...
[  164.336987] init: starting service 'cameraserver'...
[  165.153625] init: starting service 'media'...
[  166.013927] init: starting service 'netd'...
[  166.136982] libprocessgroup: Failed to open /dev/cpuset/camera-daemon/tasks: No such file or directory: No such file or directory
[  166.160085] libprocessgroup: Failed to apply CameraServiceCapacity task profile: No such file or directory
[  166.256408] init: Created socket '/dev/socket/dnsproxyd', mode 660, user 0, group 3003
[  166.442869] init: Created socket '/dev/socket/mdns', mode 660, user 0, group 1000
[  166.639634] init: Created socket '/dev/socket/fwmarkd', mode 660, user 0, group 3003
[  167.751756] init: starting service 'wificond'...
[  168.614503] init: Service 'ranchu-net' (pid 420) exited with status 0 oneshot service took 46.965000 seconds in background
[  168.635762] init: Sending signal 9 to service 'ranchu-net' (pid 420) process group...
[  168.707549] libprocessgroup: Successfully killed process cgroup uid 0 pid 420 in 59ms
[  169.020813] init: Service 'exec 17 (/system/bin/vdc volume abort_fuse)' (pid 520) exited with status 0 oneshot service took 15.956000 seconds in background
[  169.024106] init: Sending signal 9 to service 'exec 17 (/system/bin/vdc volume abort_fuse)' (pid 520) process group...
[  169.114701] libprocessgroup: Successfully killed process cgroup uid 1000 pid 520 in 26ms
[  169.192439] init: Service 'usbd' (pid 531) exited with status 0 oneshot service took 8.717000 seconds in background
[  169.208106] init: Sending signal 9 to service 'usbd' (pid 531) process group...
[  169.274414] libprocessgroup: Successfully killed process cgroup uid 0 pid 531 in 24ms
[  169.591170] init: processing action (nonencrypted) from (/system/etc/init/hw/init.rc:953)
[  169.671843] init: processing action (sys.audio.restart.hal=1) from (/system/etc/init/audioserver.rc:39)
[  169.701694] init: Sending signal 9 to service 'vendor.audio-hal' (pid 430) process group...
[  170.269676] libprocessgroup: Successfully killed process cgroup uid 1041 pid 430 in 551ms
[  170.420250] init: Command 'restart vendor.audio-hal' action=sys.audio.restart.hal=1 (/system/etc/init/audioserver.rc:40) took 733ms and succeeded
[  170.436473] init: Service 'vendor.audio-hal' (pid 430) received signal 9
[  170.459839] init: Sending signal 9 to service 'audioserver' (pid 539) process group...
[  170.669406] libprocessgroup: Successfully killed process cgroup uid 1041 pid 539 in 138ms
[  170.862162] init: Command 'restart audioserver' action=onrestart (<Service 'vendor.audio-hal' onrestart>:1) took 405ms and succeeded
[  171.023744] init: Service 'audioserver' (pid 539) received signal 9
[  171.109823] init: Command 'setprop sys.audio.restart.hal 1' action=onrestart (<Service 'audioserver' onrestart>:1) took 80ms and succeeded
[  171.241261] init: Command 'restart vendor.audio-hal-4-0-msd' action=sys.audio.restart.hal=1 (/system/etc/init/audioserver.rc:41) took 17ms and failed: service vendor.audio-hal-4-0-msd not found
[  171.304409] init: starting service 'audioserver'...
[  172.428653] init: starting service 'vendor.audio-hal'...
[  173.491114] init: Command 'restart vendor.audio-hal-2-0' action=sys.audio.restart.hal=1 (/system/etc/init/audioserver.rc:43) took 12ms and failed: service vendor.audio-hal-2-0 not found
[  173.544481] init: Command 'restart audio-hal-2-0' action=sys.audio.restart.hal=1 (/system/etc/init/audioserver.rc:44) took 11ms and failed: service audio-hal-2-0 not found
[  173.643078] init: Command 'setprop sys.audio.restart.hal 0' action=sys.audio.restart.hal=1 (/system/etc/init/audioserver.rc:46) took 80ms and succeeded
[  173.683978] init: processing action (init.svc.audioserver=running) from (/system/etc/init/audioserver.rc:32)
[  173.750832] init: Command 'start vendor.audio-hal-4-0-msd' action=init.svc.audioserver=running (/system/etc/init/audioserver.rc:34) took 1ms and failed: service vendor.audio-hal-4-0-msd not found
[  173.769638] init: Command 'start vendor.audio-hal-2-0' action=init.svc.audioserver=running (/system/etc/init/audioserver.rc:36) took 0ms and failed: service vendor.audio-hal-2-0 not found
[  173.788907] init: Command 'start audio-hal-2-0' action=init.svc.audioserver=running (/system/etc/init/audioserver.rc:37) took 0ms and failed: service audio-hal-2-0 not found
[  173.836759] init: processing action (llk.enable=1) from (/system/etc/init/llkd.rc:9)
[  173.918410] init: processing action (khungtask.enable=1) from (/system/etc/init/llkd.rc:18)
[  173.999750] init: Command 'setprop khungtask.enable true' action=khungtask.enable=1 (/system/etc/init/llkd.rc:19) took 77ms and succeeded
[  174.041500] init: processing action (llk.enable=0) from (/system/etc/init/llkd.rc:12)
[  174.149481] init: Command 'setprop llk.enable false' action=llk.enable=0 (/system/etc/init/llkd.rc:13) took 86ms and succeeded
[  174.182251] init: processing action (khungtask.enable=0) from (/system/etc/init/llkd.rc:21)
[  174.268589] init: Command 'setprop khungtask.enable false' action=khungtask.enable=0 (/system/etc/init/llkd.rc:22) took 82ms and succeeded
[  174.298646] init: processing action (init.svc.mediadrm=running) from (/vendor/etc/init/android.hardware.drm@1.3-service.widevine.rc:1)
[  174.354278] init: Command 'mkdir /data/vendor/mediadrm 0770 media mediadrm' action=init.svc.mediadrm=running (/vendor/etc/init/android.hardware.drm@1.3-service.widevine.rc:2) took 51ms and succeeded
[  174.523813] init: processing action (init.svc.media=*) from (/system/etc/init/mediaserver.rc:1)
[  174.648485] init: Command 'setprop init.svc.mediadrm ${init.svc.media}' action=init.svc.media=* (/system/etc/init/mediaserver.rc:2) took 114ms and succeeded
[  174.695481] init: processing action (init.svc.media=*) from (/system/etc/init/mediaserver.rc:1)
[  174.805961] init: Command 'setprop init.svc.mediadrm ${init.svc.media}' action=init.svc.media=* (/system/etc/init/mediaserver.rc:2) took 102ms and succeeded
[  174.849168] init: processing action (sys.audio.restart.hal=1) from (/system/etc/init/audioserver.rc:39)
[  174.878426] init: Sending signal 9 to service 'vendor.audio-hal' (pid 556) process group...
[  175.500746] libprocessgroup: Successfully killed process cgroup uid 1041 pid 556 in 607ms
[  175.673073] init: Command 'restart vendor.audio-hal' action=sys.audio.restart.hal=1 (/system/etc/init/audioserver.rc:40) took 790ms and succeeded
[  175.711989] init: Service 'vendor.audio-hal' (pid 556) received signal 9
[  175.743294] init: Sending signal 9 to service 'audioserver' (pid 549) process group...
[  175.839248] libprocessgroup: Successfully killed process cgroup uid 1041 pid 549 in 67ms
[  175.981949] init: Command 'restart audioserver' action=onrestart (<Service 'vendor.audio-hal' onrestart>:1) took 266ms and succeeded
[  176.092355] init: Service 'audioserver' (pid 549) received signal 9
[  176.199278] init: Command 'setprop sys.audio.restart.hal 1' action=onrestart (<Service 'audioserver' onrestart>:1) took 82ms and succeeded
[  176.340556] init: Command 'restart vendor.audio-hal-4-0-msd' action=sys.audio.restart.hal=1 (/system/etc/init/audioserver.rc:41) took 0ms and failed: service vendor.audio-hal-4-0-msd not found
[  176.391212] init: Command 'restart vendor.audio-hal-2-0' action=sys.audio.restart.hal=1 (/system/etc/init/audioserver.rc:43) took 0ms and failed: service vendor.audio-hal-2-0 not found
[  176.396428] init: Command 'restart audio-hal-2-0' action=sys.audio.restart.hal=1 (/system/etc/init/audioserver.rc:44) took 0ms and failed: service audio-hal-2-0 not found
[  176.504508] init: Command 'setprop sys.audio.restart.hal 0' action=sys.audio.restart.hal=1 (/system/etc/init/audioserver.rc:46) took 76ms and succeeded
[  176.586450] init: processing action (init.svc.audioserver=running) from (/system/etc/init/audioserver.rc:32)
[  176.643641] init: starting service 'vendor.audio-hal'...
[  177.431327] init: Command 'start vendor.audio-hal' action=init.svc.audioserver=running (/system/etc/init/audioserver.rc:33) took 820ms and succeeded
[  177.612397] init: starting service 'audioserver'...
[  178.532344] init: Command 'start vendor.audio-hal-4-0-msd' action=init.svc.audioserver=running (/system/etc/init/audioserver.rc:34) took 14ms and failed: service vendor.audio-hal-4-0-msd not found
[  178.584859] init: Command 'start vendor.audio-hal-2-0' action=init.svc.audioserver=running (/system/etc/init/audioserver.rc:36) took 1ms and failed: service vendor.audio-hal-2-0 not found
[  178.635510] init: Command 'start audio-hal-2-0' action=init.svc.audioserver=running (/system/etc/init/audioserver.rc:37) took 15ms and failed: service audio-hal-2-0 not found
[  178.683683] init: processing action (init.svc.media=*) from (/system/etc/init/mediaserver.rc:1)
[  178.784261] init: Command 'setprop init.svc.mediadrm ${init.svc.media}' action=init.svc.media=* (/system/etc/init/mediaserver.rc:2) took 96ms and succeeded
[  178.833974] init: processing action (sys.audio.restart.hal=1) from (/system/etc/init/audioserver.rc:39)
[  178.856439] init: Sending signal 9 to service 'vendor.audio-hal' (pid 566) process group...
[  179.440557] libprocessgroup: Successfully killed process cgroup uid 1041 pid 566 in 561ms
[  179.574196] init: Command 'restart vendor.audio-hal' action=sys.audio.restart.hal=1 (/system/etc/init/audioserver.rc:40) took 726ms and succeeded
[  179.611006] init: Service 'vendor.audio-hal' (pid 566) received signal 9
[  179.643204] init: Sending signal 9 to service 'audioserver' (pid 568) process group...
[  180.001342] libprocessgroup: Successfully killed process cgroup uid 1041 pid 568 in 351ms
[  180.114183] init: Command 'restart audioserver' action=onrestart (<Service 'vendor.audio-hal' onrestart>:1) took 497ms and succeeded
[  180.239615] init: Service 'audioserver' (pid 568) received signal 9
[  180.358594] init: Command 'setprop sys.audio.restart.hal 1' action=onrestart (<Service 'audioserver' onrestart>:1) took 86ms and succeeded
[  180.467851] init: Command 'restart vendor.audio-hal-4-0-msd' action=sys.audio.restart.hal=1 (/system/etc/init/audioserver.rc:41) took 1ms and failed: service vendor.audio-hal-4-0-msd not found
[  180.947912] init: Command 'restart vendor.audio-hal-2-0' action=sys.audio.restart.hal=1 (/system/etc/init/audioserver.rc:43) took 1ms and failed: service vendor.audio-hal-2-0 not found
[  181.084850] init: Command 'restart audio-hal-2-0' action=sys.audio.restart.hal=1 (/system/etc/init/audioserver.rc:44) took 21ms and failed: service audio-hal-2-0 not found
[  181.561129] init: Command 'setprop sys.audio.restart.hal 0' action=sys.audio.restart.hal=1 (/system/etc/init/audioserver.rc:46) took 441ms and succeeded
[  181.665441] init: processing action (init.svc.audioserver=running) from (/system/etc/init/audioserver.rc:32)
[  181.874731] init: starting service 'vendor.audio-hal'...
[  182.695235] init: Command 'start vendor.audio-hal' action=init.svc.audioserver=running (/system/etc/init/audioserver.rc:33) took 982ms and succeeded
[  182.721741] init: Command 'start vendor.audio-hal-4-0-msd' action=init.svc.audioserver=running (/system/etc/init/audioserver.rc:34) took 1ms and failed: service vendor.audio-hal-4-0-msd not found
[  182.765381] init: Command 'start vendor.audio-hal-2-0' action=init.svc.audioserver=running (/system/etc/init/audioserver.rc:36) took 1ms and failed: service vendor.audio-hal-2-0 not found
[  182.798278] init: Command 'start audio-hal-2-0' action=init.svc.audioserver=running (/system/etc/init/audioserver.rc:37) took 0ms and failed: service audio-hal-2-0 not found
[  182.826890] init: processing action (llk.enable=true) from (/system/etc/init/llkd.rc:34)
[  182.966298] init: starting service 'llkd-1'...
[  182.988581] init: Opened file '/dev/kmsg', flags 1
[  183.035986] init: Opened file '/proc/sysrq-trigger', flags 1
[  183.802162] init: Command 'start llkd-${ro.debuggable:-0}' action=llk.enable=true (/system/etc/init/llkd.rc:35) took 944ms and succeeded
[  183.884338] init: starting service 'audioserver'...
[  184.735112] init: processing action (khungtask.enable=true) from (/system/etc/init/llkd.rc:25)
[  184.932542] init: Command 'write /proc/sys/kernel/hung_task_timeout_secs ${ro.khungtask.timeout:-720}' action=khungtask.enable=true (/system/etc/init/llkd.rc:26) took 175ms and succeeded
[  185.077432] init: Command 'write /proc/sys/kernel/hung_task_check_count 65535' action=khungtask.enable=true (/system/etc/init/llkd.rc:28) took 55ms and succeeded
[  185.210997] init: processing action (khungtask.enable=false) from (/system/etc/init/llkd.rc:31)
[  185.297494] init: Command 'write /proc/sys/kernel/hung_task_panic 0' action=khungtask.enable=false (/system/etc/init/llkd.rc:32) took 82ms and succeeded
[  185.312905] init: processing action (init.svc.mediadrm=running) from (/vendor/etc/init/android.hardware.drm@1.3-service.widevine.rc:1)
[  185.633461] init: Command 'mkdir /data/vendor/mediadrm 0770 media mediadrm' action=init.svc.mediadrm=running (/vendor/etc/init/android.hardware.drm@1.3-service.widevine.rc:2) took 260ms and succeeded
[  185.813216] init: Command 'start vendor.move_data_sh' action=init.svc.mediadrm=running (/vendor/etc/init/android.hardware.drm@1.3-service.widevine.rc:3) took 118ms and succeeded
[  185.836811] init: processing action (init.svc.mediadrm=running) from (/vendor/etc/init/android.hardware.drm@1.3-service.widevine.rc:1)
[  185.940665] init: processing action (sys.audio.restart.hal=1) from (/system/etc/init/audioserver.rc:39)
[  185.953588] init: Sending signal 9 to service 'vendor.audio-hal' (pid 577) process group...
[  186.235947] libprocessgroup: Successfully killed process cgroup uid 1041 pid 577 in 258ms
[  186.473142] init: Command 'restart vendor.audio-hal' action=sys.audio.restart.hal=1 (/system/etc/init/audioserver.rc:40) took 520ms and succeeded
[  186.516915] init: Service 'vendor.audio-hal' (pid 577) received signal 9
[  186.574550] init: Sending signal 9 to service 'audioserver' (pid 586) process group...
[  186.725210] libprocessgroup: Successfully killed process cgroup uid 1041 pid 586 in 107ms
[  186.877649] init: Command 'restart audioserver' action=onrestart (<Service 'vendor.audio-hal' onrestart>:1) took 343ms and succeeded
[  186.995059] init: Service 'audioserver' (pid 586) received signal 9
[  187.131423] init: Command 'setprop sys.audio.restart.hal 1' action=onrestart (<Service 'audioserver' onrestart>:1) took 129ms and succeeded
[  187.243072] init: Command 'restart vendor.audio-hal-4-0-msd' action=sys.audio.restart.hal=1 (/system/etc/init/audioserver.rc:41) took 0ms and failed: service vendor.audio-hal-4-0-msd not found
[  187.322806] init: starting service 'vendor.audio-hal'...
[  187.936928] init: Command 'restart vendor.audio-hal-2-0' action=sys.audio.restart.hal=1 (/system/etc/init/audioserver.rc:43) took 0ms and failed: service vendor.audio-hal-2-0 not found
[  187.986576] init: Command 'restart audio-hal-2-0' action=sys.audio.restart.hal=1 (/system/etc/init/audioserver.rc:44) took 0ms and failed: service audio-hal-2-0 not found
[  188.114164] init: Command 'setprop sys.audio.restart.hal 0' action=sys.audio.restart.hal=1 (/system/etc/init/audioserver.rc:46) took 113ms and succeeded
[  188.147519] init: processing action (init.svc.audioserver=running) from (/system/etc/init/audioserver.rc:32)
[  188.180656] init: Command 'start vendor.audio-hal-4-0-msd' action=init.svc.audioserver=running (/system/etc/init/audioserver.rc:34) took 0ms and failed: service vendor.audio-hal-4-0-msd not found
[  188.228384] init: Command 'start vendor.audio-hal-2-0' action=init.svc.audioserver=running (/system/etc/init/audioserver.rc:36) took 0ms and failed: service vendor.audio-hal-2-0 not found
[  188.240318] init: Command 'start audio-hal-2-0' action=init.svc.audioserver=running (/system/etc/init/audioserver.rc:37) took 0ms and failed: service audio-hal-2-0 not found
[  188.257715] init: processing action (init.svc.mediadrm=running) from (/vendor/etc/init/android.hardware.drm@1.3-service.widevine.rc:1)
[  188.311528] init: processing action (sys.audio.restart.hal=1) from (/system/etc/init/audioserver.rc:39)
[  188.327845] init: Sending signal 9 to service 'vendor.audio-hal' (pid 591) process group...
[  188.515360] libprocessgroup: Successfully killed process cgroup uid 1041 pid 591 in 182ms
[  188.595052] init: Command 'restart vendor.audio-hal' action=sys.audio.restart.hal=1 (/system/etc/init/audioserver.rc:40) took 265ms and succeeded
[  188.615831] init: Service 'vendor.audio-hal' (pid 591) received signal 9
[  188.688404] init: Command 'restart vendor.audio-hal-4-0-msd' action=sys.audio.restart.hal=1 (/system/etc/init/audioserver.rc:41) took 0ms and failed: service vendor.audio-hal-4-0-msd not found
[  188.700186] init: Command 'restart vendor.audio-hal-2-0' action=sys.audio.restart.hal=1 (/system/etc/init/audioserver.rc:43) took 9ms and failed: service vendor.audio-hal-2-0 not found
[  188.704336] init: Command 'restart audio-hal-2-0' action=sys.audio.restart.hal=1 (/system/etc/init/audioserver.rc:44) took 0ms and failed: service audio-hal-2-0 not found
[  188.769197] init: processing action (init.svc.audioserver=running) from (/system/etc/init/audioserver.rc:32)
[  188.828322] init: starting service 'vendor.audio-hal'...
[  189.502090] init: Command 'start vendor.audio-hal' action=init.svc.audioserver=running (/system/etc/init/audioserver.rc:33) took 678ms and succeeded
[  189.568970] init: starting service 'audioserver'...
[  190.185934] init: Command 'start vendor.audio-hal-4-0-msd' action=init.svc.audioserver=running (/system/etc/init/audioserver.rc:34) took 5ms and failed: service vendor.audio-hal-4-0-msd not found
[  190.259804] init: Command 'start vendor.audio-hal-2-0' action=init.svc.audioserver=running (/system/etc/init/audioserver.rc:36) took 1ms and failed: service vendor.audio-hal-2-0 not found
[  190.265441] init: Command 'start audio-hal-2-0' action=init.svc.audioserver=running (/system/etc/init/audioserver.rc:37) took 0ms and failed: service audio-hal-2-0 not found
[  190.283326] init: processing action (sys.audio.restart.hal=1) from (/system/etc/init/audioserver.rc:39)
[  190.313156] init: Sending signal 9 to service 'vendor.audio-hal' (pid 596) process group...
[  190.467568] libprocessgroup: Successfully killed process cgroup uid 1041 pid 596 in 120ms
[  190.604794] init: Command 'restart vendor.audio-hal' action=sys.audio.restart.hal=1 (/system/etc/init/audioserver.rc:40) took 317ms and succeeded
[  190.617181] init: Service 'vendor.audio-hal' (pid 596) received signal 9
[  190.664806] init: Sending signal 9 to service 'audioserver' (pid 598) process group...
[  190.882992] libprocessgroup: Successfully killed process cgroup uid 1041 pid 598 in 187ms
[  190.976849] init: Command 'restart audioserver' action=onrestart (<Service 'vendor.audio-hal' onrestart>:1) took 320ms and succeeded
[  191.069665] init: Service 'audioserver' (pid 598) received signal 9
[  191.212415] init: Command 'restart vendor.audio-hal-4-0-msd' action=sys.audio.restart.hal=1 (/system/etc/init/audioserver.rc:41) took 0ms and failed: service vendor.audio-hal-4-0-msd not found
[  191.244162] init: Command 'restart vendor.audio-hal-2-0' action=sys.audio.restart.hal=1 (/system/etc/init/audioserver.rc:43) took 18ms and failed: service vendor.audio-hal-2-0 not found
[  191.248874] init: Command 'restart audio-hal-2-0' action=sys.audio.restart.hal=1 (/system/etc/init/audioserver.rc:44) took 0ms and failed: service audio-hal-2-0 not found
[  191.334546] init: Command 'setprop sys.audio.restart.hal 0' action=sys.audio.restart.hal=1 (/system/etc/init/audioserver.rc:46) took 60ms and succeeded
[  191.383137] init: processing action (init.svc.audioserver=running) from (/system/etc/init/audioserver.rc:32)
[  191.426086] init: starting service 'vendor.audio-hal'...
[  191.975033] init: Command 'start vendor.audio-hal' action=init.svc.audioserver=running (/system/etc/init/audioserver.rc:33) took 561ms and succeeded
[  192.007233] init: Command 'start vendor.audio-hal-4-0-msd' action=init.svc.audioserver=running (/system/etc/init/audioserver.rc:34) took 0ms and failed: service vendor.audio-hal-4-0-msd not found
[  192.012461] init: Command 'start vendor.audio-hal-2-0' action=init.svc.audioserver=running (/system/etc/init/audioserver.rc:36) took 0ms and failed: service vendor.audio-hal-2-0 not found
[  192.040087] init: Command 'start audio-hal-2-0' action=init.svc.audioserver=running (/system/etc/init/audioserver.rc:37) took 0ms and failed: service audio-hal-2-0 not found
[  192.071607] init: processing action (sys.audio.restart.hal=1) from (/system/etc/init/audioserver.rc:39)
[  192.084555] init: Sending signal 9 to service 'vendor.audio-hal' (pid 599) process group...
[  192.330802] libprocessgroup: Successfully killed process cgroup uid 1041 pid 599 in 234ms
[  192.476165] init: Command 'restart vendor.audio-hal' action=sys.audio.restart.hal=1 (/system/etc/init/audioserver.rc:40) took 400ms and succeeded
[  192.497742] init: Service 'vendor.audio-hal' (pid 599) received signal 9
[  192.599085] init: Command 'restart vendor.audio-hal-4-0-msd' action=sys.audio.restart.hal=1 (/system/etc/init/audioserver.rc:41) took 0ms and failed: service vendor.audio-hal-4-0-msd not found
[  192.623364] init: Command 'restart vendor.audio-hal-2-0' action=sys.audio.restart.hal=1 (/system/etc/init/audioserver.rc:43) took 1ms and failed: service vendor.audio-hal-2-0 not found
[  192.642776] init: Command 'restart audio-hal-2-0' action=sys.audio.restart.hal=1 (/system/etc/init/audioserver.rc:44) took 0ms and failed: service audio-hal-2-0 not found
[  192.728831] init: Command 'setprop sys.audio.restart.hal 0' action=sys.audio.restart.hal=1 (/system/etc/init/audioserver.rc:46) took 63ms and succeeded
[  194.881324] init: starting service 'audioserver'...
[  195.448708] init: processing action (init.svc.audioserver=running) from (/system/etc/init/audioserver.rc:32)
[  195.525253] init: starting service 'vendor.audio-hal'...
[  195.965389] init: Command 'start vendor.audio-hal' action=init.svc.audioserver=running (/system/etc/init/audioserver.rc:33) took 501ms and succeeded
[  195.997464] init: Command 'start vendor.audio-hal-4-0-msd' action=init.svc.audioserver=running (/system/etc/init/audioserver.rc:34) took 0ms and failed: service vendor.audio-hal-4-0-msd not found
[  196.013996] init: Command 'start vendor.audio-hal-2-0' action=init.svc.audioserver=running (/system/etc/init/audioserver.rc:36) took 1ms and failed: service vendor.audio-hal-2-0 not found
[  196.020724] init: Command 'start audio-hal-2-0' action=init.svc.audioserver=running (/system/etc/init/audioserver.rc:37) took 0ms and failed: service audio-hal-2-0 not found
[  198.546623] init: Untracked pid 561 exited with status 0
[  198.668880] init: Untracked pid 565 exited with status 0
[  198.781671] init: Service 'zygote' (pid 538) received signal 11
[  198.793822] init: Sending signal 9 to service 'zygote' (pid 538) process group...
[  198.820482] libprocessgroup: Successfully killed process cgroup uid 0 pid 538 in 20ms
[  198.956951] init: starting service 'exec 18 (/system/bin/vdc volume abort_fuse)'...
[  199.315919] init: Command 'exec_background - system system -- /system/bin/vdc volume abort_fuse' action=onrestart (<Service 'zygote' onrestart>:1) took 424ms and succeeded
[  199.432786] init: Command 'write /sys/power/state on' action=onrestart (<Service 'zygote' onrestart>:2) took 91ms and failed: Unable to write to file '/sys/power/state': Unable to write file contents: Invalid argument
[  199.462897] init: Sending signal 9 to service 'audioserver' (pid 601) process group...
[  199.662895] libprocessgroup: Successfully killed process cgroup uid 1041 pid 601 in 183ms
[  199.784984] init: Command 'restart audioserver' action=onrestart (<Service 'zygote' onrestart>:3) took 326ms and succeeded
[  199.787881] init: Sending signal 9 to service 'cameraserver' (pid 542) process group...
[  200.562999] libprocessgroup: Successfully killed process cgroup uid 1047 pid 542 in 740ms
[  200.687882] init: Command 'restart cameraserver' action=onrestart (<Service 'zygote' onrestart>:4) took 900ms and succeeded
[  200.695636] init: Sending signal 9 to service 'media' (pid 544) process group...
[  200.776794] healthd: battery none chg=a
[  201.164354] libprocessgroup: Successfully killed process cgroup uid 1013 pid 544 in 451ms
[  201.281353] init: Command 'restart media' action=onrestart (<Service 'zygote' onrestart>:5) took 582ms and succeeded
[  201.295219] init: Sending signal 9 to service 'netd' (pid 546) process group...
[  201.632094] libprocessgroup: Successfully killed process cgroup uid 0 pid 546 in 331ms
[  201.736560] init: Command 'restart netd' action=onrestart (<Service 'zygote' onrestart>:6) took 448ms and succeeded
[  201.747671] init: Sending signal 9 to service 'wificond' (pid 547) process group...
[  202.055611] libprocessgroup: Successfully killed process cgroup uid 1010 pid 547 in 300ms
[  202.149610] init: Command 'restart wificond' action=onrestart (<Service 'zygote' onrestart>:7) took 403ms and succeeded
[  202.324053] init: Service 'cameraserver' (pid 542) received signal 9
[  202.527662] init: Service 'media' (pid 544) received signal 9
[  202.757822] init: Service 'netd' (pid 546) received signal 9
[  202.803440] init: Command 'restart zygote_secondary' action=onrestart (<Service 'netd' onrestart>:2) took 0ms and failed: service zygote_secondary not found
[  202.936450] init: Service 'wificond' (pid 547) received signal 9
[  203.079222] init: Service 'audioserver' (pid 601) received signal 9
[  203.186101] init: Command 'setprop sys.audio.restart.hal 1' action=onrestart (<Service 'audioserver' onrestart>:1) took 104ms and succeeded
[  203.329221] init: Untracked pid 616 received signal 9
[  203.344329] init: Untracked pid 603 received signal 9
[  203.355828] init: Untracked pid 611 received signal 9
[  203.371734] init: Untracked pid 582 received signal 9
[  203.411936] init: Untracked pid 584 received signal 9
[  203.447075] init: processing action (init.svc.media=*) from (/system/etc/init/mediaserver.rc:1)
[  203.536567] init: Command 'setprop init.svc.mediadrm ${init.svc.media}' action=init.svc.media=* (/system/etc/init/mediaserver.rc:2) took 71ms and succeeded
[  203.563674] init: starting service 'zygote'...
[  203.653005] init: Created socket '/dev/socket/zygote', mode 660, user 0, group 1000
[  203.712009] init: Created socket '/dev/socket/usap_pool_primary', mode 660, user 0, group 1000
[  204.241665] init: starting service 'audioserver'...
[  204.668321] init: starting service 'cameraserver'...
[  205.263360] init: starting service 'media'...
[  205.820091] libprocessgroup: Failed to open /dev/cpuset/camera-daemon/tasks: No such file or directory: No such file or directory
[  205.840689] libprocessgroup: Failed to apply CameraServiceCapacity task profile: No such file or directory
[  205.967032] init: starting service 'netd'...
[  206.115005] init: Created socket '/dev/socket/dnsproxyd', mode 660, user 0, group 3003
[  206.233757] init: Created socket '/dev/socket/mdns', mode 660, user 0, group 1000
[  206.363582] init: Created socket '/dev/socket/fwmarkd', mode 660, user 0, group 3003
[  206.955356] init: starting service 'wificond'...
[  207.711378] init: Service 'exec 18 (/system/bin/vdc volume abort_fuse)' (pid 615) exited with status 0 oneshot service took 8.463000 seconds in background
[  207.724421] init: Sending signal 9 to service 'exec 18 (/system/bin/vdc volume abort_fuse)' (pid 615) process group...
[  207.785431] libprocessgroup: Successfully killed process cgroup uid 1000 pid 615 in 38ms
[  207.975644] init: processing action (init.svc.media=*) from (/system/etc/init/mediaserver.rc:1)
[  208.047099] init: Command 'setprop init.svc.mediadrm ${init.svc.media}' action=init.svc.media=* (/system/etc/init/mediaserver.rc:2) took 69ms and succeeded
[  208.069429] init: processing action (sys.audio.restart.hal=1) from (/system/etc/init/audioserver.rc:39)
[  208.105514] init: Sending signal 9 to service 'vendor.audio-hal' (pid 604) process group...
[  208.476633] libprocessgroup: Successfully killed process cgroup uid 1041 pid 604 in 366ms
[  208.574906] init: Command 'restart vendor.audio-hal' action=sys.audio.restart.hal=1 (/system/etc/init/audioserver.rc:40) took 485ms and succeeded
[  208.608028] init: Service 'vendor.audio-hal' (pid 604) received signal 9
[  208.631008] init: Sending signal 9 to service 'audioserver' (pid 622) process group...
[  208.811013] libprocessgroup: Successfully killed process cgroup uid 1041 pid 622 in 138ms
[  208.964429] init: Command 'restart audioserver' action=onrestart (<Service 'vendor.audio-hal' onrestart>:1) took 336ms and succeeded
[  209.082878] init: Service 'audioserver' (pid 622) received signal 9
[  209.170984] init: Command 'setprop sys.audio.restart.hal 1' action=onrestart (<Service 'audioserver' onrestart>:1) took 72ms and succeeded
[  209.274875] init: Command 'restart vendor.audio-hal-4-0-msd' action=sys.audio.restart.hal=1 (/system/etc/init/audioserver.rc:41) took 0ms and failed: service vendor.audio-hal-4-0-msd not found
[  209.390876] init: starting service 'vendor.audio-hal'...
[  209.841318] init: Command 'restart vendor.audio-hal-2-0' action=sys.audio.restart.hal=1 (/system/etc/init/audioserver.rc:43) took 0ms and failed: service vendor.audio-hal-2-0 not found
[  209.913879] init: starting service 'audioserver'...
[  210.382587] init: Command 'restart audio-hal-2-0' action=sys.audio.restart.hal=1 (/system/etc/init/audioserver.rc:44) took 1ms and failed: service audio-hal-2-0 not found
[  210.463351] init: Command 'setprop sys.audio.restart.hal 0' action=sys.audio.restart.hal=1 (/system/etc/init/audioserver.rc:46) took 77ms and succeeded
[  210.480865] init: processing action (init.svc.audioserver=running) from (/system/etc/init/audioserver.rc:32)
[  210.521989] init: Command 'start vendor.audio-hal-4-0-msd' action=init.svc.audioserver=running (/system/etc/init/audioserver.rc:34) took 0ms and failed: service vendor.audio-hal-4-0-msd not found
[  210.546815] init: Command 'start vendor.audio-hal-2-0' action=init.svc.audioserver=running (/system/etc/init/audioserver.rc:36) took 0ms and failed: service vendor.audio-hal-2-0 not found
[  210.564431] init: Command 'start audio-hal-2-0' action=init.svc.audioserver=running (/system/etc/init/audioserver.rc:37) took 12ms and failed: service audio-hal-2-0 not found
[  210.592532] init: Untracked pid 572 received signal 14
[  210.627183] init: processing action (init.svc.media=*) from (/system/etc/init/mediaserver.rc:1)
[  210.695947] init: Command 'setprop init.svc.mediadrm ${init.svc.media}' action=init.svc.media=* (/system/etc/init/mediaserver.rc:2) took 66ms and succeeded
[  210.701124] init: processing action (init.svc.mediadrm=running) from (/vendor/etc/init/android.hardware.drm@1.3-service.widevine.rc:1)
[  210.783532] init: processing action (sys.audio.restart.hal=1) from (/system/etc/init/audioserver.rc:39)
[  210.799990] init: Sending signal 9 to service 'vendor.audio-hal' (pid 631) process group...
[  210.874054] libprocessgroup: Successfully killed process cgroup uid 1041 pid 631 in 58ms
[  210.948368] init: Command 'restart vendor.audio-hal' action=sys.audio.restart.hal=1 (/system/etc/init/audioserver.rc:40) took 149ms and succeeded
[  210.951710] init: Untracked pid 580 exited with status 0
[  210.963461] init: Service 'vendor.audio-hal' (pid 631) received signal 9
[  210.979675] init: Sending signal 9 to service 'audioserver' (pid 632) process group...
[  211.154658] libprocessgroup: Successfully killed process cgroup uid 1041 pid 632 in 162ms
[  211.215539] init: Command 'restart audioserver' action=onrestart (<Service 'vendor.audio-hal' onrestart>:1) took 249ms and succeeded
[  211.291737] init: Service 'mediaextractor' (pid 486) received signal 11
[  211.312305] init: Sending signal 9 to service 'mediaextractor' (pid 486) process group...
[  211.331876] libprocessgroup: Successfully killed process cgroup uid 1040 pid 486 in 15ms
[  211.475381] init: Service 'audioserver' (pid 632) received signal 9
[  211.538111] init: Command 'setprop sys.audio.restart.hal 1' action=onrestart (<Service 'audioserver' onrestart>:1) took 60ms and succeeded
[  211.593116] init: Command 'restart vendor.audio-hal-4-0-msd' action=sys.audio.restart.hal=1 (/system/etc/init/audioserver.rc:41) took 0ms and failed: service vendor.audio-hal-4-0-msd not found
[  211.642150] init: starting service 'mediaextractor'...
[  212.104851] init: Command 'restart vendor.audio-hal-2-0' action=sys.audio.restart.hal=1 (/system/etc/init/audioserver.rc:43) took 1ms and failed: service vendor.audio-hal-2-0 not found
[  212.144623] init: Command 'restart audio-hal-2-0' action=sys.audio.restart.hal=1 (/system/etc/init/audioserver.rc:44) took 0ms and failed: service audio-hal-2-0 not found
[  212.261020] init: Command 'setprop sys.audio.restart.hal 0' action=sys.audio.restart.hal=1 (/system/etc/init/audioserver.rc:46) took 95ms and succeeded
[  212.291110] init: processing action (init.svc.audioserver=running) from (/system/etc/init/audioserver.rc:32)
[  212.367311] init: starting service 'vendor.audio-hal'...
[  213.090702] init: Command 'start vendor.audio-hal' action=init.svc.audioserver=running (/system/etc/init/audioserver.rc:33) took 754ms and succeeded
[  213.143004] init: Command 'start vendor.audio-hal-4-0-msd' action=init.svc.audioserver=running (/system/etc/init/audioserver.rc:34) took 1ms and failed: service vendor.audio-hal-4-0-msd not found
[  213.179365] init: Command 'start vendor.audio-hal-2-0' action=init.svc.audioserver=running (/system/etc/init/audioserver.rc:36) took 0ms and failed: service vendor.audio-hal-2-0 not found
[  213.210097] init: Command 'start audio-hal-2-0' action=init.svc.audioserver=running (/system/etc/init/audioserver.rc:37) took 17ms and failed: service audio-hal-2-0 not found
[  213.250112] init: processing action (init.svc.mediadrm=running) from (/vendor/etc/init/android.hardware.drm@1.3-service.widevine.rc:1)
[  213.295486] init: processing action (sys.audio.restart.hal=1) from (/system/etc/init/audioserver.rc:39)
[  213.321688] init: Sending signal 9 to service 'vendor.audio-hal' (pid 634) process group...
[  213.669391] libprocessgroup: Successfully killed process cgroup uid 1041 pid 634 in 311ms
[  213.828101] init: Command 'restart vendor.audio-hal' action=sys.audio.restart.hal=1 (/system/etc/init/audioserver.rc:40) took 527ms and succeeded
[  213.847484] init: Service 'vendor.audio-hal' (pid 634) received signal 9
[  214.028656] init: Command 'restart vendor.audio-hal-4-0-msd' action=sys.audio.restart.hal=1 (/system/etc/init/audioserver.rc:41) took 0ms and failed: service vendor.audio-hal-4-0-msd not found
[  214.073932] init: Command 'restart vendor.audio-hal-2-0' action=sys.audio.restart.hal=1 (/system/etc/init/audioserver.rc:43) took 0ms and failed: service vendor.audio-hal-2-0 not found
[  214.111342] init: Command 'restart audio-hal-2-0' action=sys.audio.restart.hal=1 (/system/etc/init/audioserver.rc:44) took 0ms and failed: service audio-hal-2-0 not found
[  214.255238] init: Command 'setprop sys.audio.restart.hal 0' action=sys.audio.restart.hal=1 (/system/etc/init/audioserver.rc:46) took 114ms and succeeded
[  214.429663] init: Untracked pid 583 received signal 14
[  214.945057] init: Untracked pid 588 exited with status 0
[  215.280355] init: starting service 'audioserver'...
[  215.905042] init: Service 'bootanim' (pid 432) received signal 11 oneshot service took 86.327003 seconds in background
[  215.919310] init: Sending signal 9 to service 'bootanim' (pid 432) process group...
[  215.972050] libprocessgroup: Successfully killed process cgroup uid 1003 pid 432 in 13ms
[  216.492124] init: processing action (init.svc.audioserver=running) from (/system/etc/init/audioserver.rc:32)
[  216.579705] init: starting service 'vendor.audio-hal'...
[  217.264618] init: Command 'start vendor.audio-hal' action=init.svc.audioserver=running (/system/etc/init/audioserver.rc:33) took 702ms and succeeded
[  217.288983] init: Untracked pid 589 received signal 14
[  217.342305] init: Untracked pid 592 exited with status 0
[  217.382773] init: Command 'start vendor.audio-hal-4-0-msd' action=init.svc.audioserver=running (/system/etc/init/audioserver.rc:34) took 0ms and failed: service vendor.audio-hal-4-0-msd not found
[  217.408125] init: Command 'start vendor.audio-hal-2-0' action=init.svc.audioserver=running (/system/etc/init/audioserver.rc:36) took 2ms and failed: service vendor.audio-hal-2-0 not found
[  217.414900] init: Command 'start audio-hal-2-0' action=init.svc.audioserver=running (/system/etc/init/audioserver.rc:37) took 0ms and failed: service audio-hal-2-0 not found
[  217.439307] init: Service 'media.swcodec' (pid 510) received signal 11
[  217.466769] init: Sending signal 9 to service 'media.swcodec' (pid 510) process group...
[  217.515373] libprocessgroup: Successfully killed process cgroup uid 1046 pid 510 in 26ms
[  218.046157] init: starting service 'media.swcodec'...
[  237.660810] init: Untracked pid 642 exited with status 0
[  237.715148] init: Service 'zygote' (pid 621) received signal 11
[  237.721902] init: Sending signal 9 to service 'zygote' (pid 621) process group...
[  237.762644] libprocessgroup: Successfully killed process cgroup uid 0 pid 621 in 28ms
[  237.906692] init: starting service 'exec 19 (/system/bin/vdc volume abort_fuse)'...
[  238.230416] init: Command 'exec_background - system system -- /system/bin/vdc volume abort_fuse' action=onrestart (<Service 'zygote' onrestart>:1) took 371ms and succeeded
[  238.359687] init: Command 'write /sys/power/state on' action=onrestart (<Service 'zygote' onrestart>:2) took 109ms and failed: Unable to write to file '/sys/power/state': Unable to write file contents: Invalid argument
[  238.379586] init: Sending signal 9 to service 'audioserver' (pid 641) process group...
[  238.943132] libprocessgroup: Successfully killed process cgroup uid 1041 pid 641 in 536ms
[  239.012432] init: Command 'restart audioserver' action=onrestart (<Service 'zygote' onrestart>:3) took 636ms and succeeded
[  239.015543] init: Sending signal 9 to service 'cameraserver' (pid 625) process group...
[  239.381916] libprocessgroup: Successfully killed process cgroup uid 1047 pid 625 in 358ms
[  239.472978] init: Command 'restart cameraserver' action=onrestart (<Service 'zygote' onrestart>:4) took 456ms and succeeded
[  239.486157] init: Sending signal 9 to service 'media' (pid 628) process group...
[  239.822836] libprocessgroup: Successfully killed process cgroup uid 1013 pid 628 in 322ms
[  239.903470] init: Command 'restart media' action=onrestart (<Service 'zygote' onrestart>:5) took 417ms and succeeded
[  239.911702] init: Sending signal 9 to service 'netd' (pid 629) process group...
[  239.954351] Binder:629_4 (629) used greatest stack depth: 11296 bytes left
[  240.288962] libprocessgroup: Successfully killed process cgroup uid 0 pid 629 in 371ms
[  240.366066] init: Command 'restart netd' action=onrestart (<Service 'zygote' onrestart>:6) took 455ms and succeeded
[  240.375772] init: Sending signal 9 to service 'wificond' (pid 630) process group...
[  240.560036] libprocessgroup: Successfully killed process cgroup uid 1010 pid 630 in 176ms
[  240.656126] init: Command 'restart wificond' action=onrestart (<Service 'zygote' onrestart>:7) took 286ms and succeeded
[  240.836002] init: Service 'cameraserver' (pid 625) received signal 9
[  240.937706] init: Service 'media' (pid 628) received signal 9
[  241.002259] init: Service 'netd' (pid 629) received signal 9
[  241.015953] init: Command 'restart zygote_secondary' action=onrestart (<Service 'netd' onrestart>:2) took 0ms and failed: service zygote_secondary not found
[  241.055501] init: Service 'wificond' (pid 630) received signal 9
[  241.086678] Binder:629_4 (629): highest shadow stack usage: 336 bytes
[  241.101835] init: Service 'audioserver' (pid 641) received signal 9
[  241.208378] init: Untracked pid 645 exited with status 0
[  241.214510] init: Untracked pid 672 received signal 9
[  241.219496] init: Untracked pid 679 received signal 9
[  241.238164] init: Untracked pid 674 received signal 9
[  241.244136] init: Untracked pid 681 received signal 9
[  241.258556] init: Service 'exec 19 (/system/bin/vdc volume abort_fuse)' (pid 703) exited with status 0 oneshot service took 3.133000 seconds in background
[  241.260739] init: Sending signal 9 to service 'exec 19 (/system/bin/vdc volume abort_fuse)' (pid 703) process group...
[  241.275393] libprocessgroup: Successfully killed process cgroup uid 1000 pid 703 in 9ms
[  241.305906] init: Untracked pid 648 received signal 9
[  241.316484] init: Untracked pid 649 received signal 9
[  241.333681] init: processing action (init.svc.media=*) from (/system/etc/init/mediaserver.rc:1)
[  241.407427] init: starting service 'zygote'...
[  241.455435] init: Created socket '/dev/socket/zygote', mode 660, user 0, group 1000
[  241.490519] init: Created socket '/dev/socket/usap_pool_primary', mode 660, user 0, group 1000
[  241.870208] init: starting service 'audioserver'...
[  242.202456] init: starting service 'cameraserver'...
[  242.479883] init: starting service 'media'...
[  242.758679] libprocessgroup: Failed to open /dev/cpuset/camera-daemon/tasks: No such file or directory: No such file or directory
[  242.761279] libprocessgroup: Failed to apply CameraServiceCapacity task profile: No such file or directory
[  242.813397] init: starting service 'netd'...
[  242.910515] init: Created socket '/dev/socket/dnsproxyd', mode 660, user 0, group 3003
[  242.983689] init: Created socket '/dev/socket/mdns', mode 660, user 0, group 1000
[  243.038727] init: Created socket '/dev/socket/fwmarkd', mode 660, user 0, group 3003
[  243.456932] init: starting service 'wificond'...
[  243.903748] init: processing action (init.svc.media=*) from (/system/etc/init/mediaserver.rc:1)
[  244.009235] init: Command 'setprop init.svc.mediadrm ${init.svc.media}' action=init.svc.media=* (/system/etc/init/mediaserver.rc:2) took 81ms and succeeded
[  244.033646] init: processing action (sys.audio.restart.hal=1) from (/system/etc/init/audioserver.rc:39)
[  244.053487] init: Sending signal 9 to service 'vendor.audio-hal' (pid 646) process group...
[  244.411588] libprocessgroup: Successfully killed process cgroup uid 1041 pid 646 in 352ms
[  244.559347] init: Command 'restart vendor.audio-hal' action=sys.audio.restart.hal=1 (/system/etc/init/audioserver.rc:40) took 510ms and succeeded
[  244.573746] init: Service 'vendor.audio-hal' (pid 646) received signal 9
[  244.606199] init: Sending signal 9 to service 'audioserver' (pid 712) process group...
[  244.724036] libprocessgroup: Successfully killed process cgroup uid 1041 pid 712 in 78ms
[  244.895418] init: Command 'restart audioserver' action=onrestart (<Service 'vendor.audio-hal' onrestart>:1) took 294ms and succeeded
[  244.975864] init: Service 'audioserver' (pid 712) received signal 9
[  245.071164] init: Command 'setprop sys.audio.restart.hal 1' action=onrestart (<Service 'audioserver' onrestart>:1) took 91ms and succeeded
[  245.271532] init: Command 'restart vendor.audio-hal-4-0-msd' action=sys.audio.restart.hal=1 (/system/etc/init/audioserver.rc:41) took 2ms and failed: service vendor.audio-hal-4-0-msd not found
[  245.366147] init: starting service 'vendor.audio-hal'...
[  245.925369] init: Command 'restart vendor.audio-hal-2-0' action=sys.audio.restart.hal=1 (/system/etc/init/audioserver.rc:43) took 10ms and failed: service vendor.audio-hal-2-0 not found
[  245.944405] init: Command 'restart audio-hal-2-0' action=sys.audio.restart.hal=1 (/system/etc/init/audioserver.rc:44) took 0ms and failed: service audio-hal-2-0 not found
[  246.021180] init: Command 'setprop sys.audio.restart.hal 0' action=sys.audio.restart.hal=1 (/system/etc/init/audioserver.rc:46) took 51ms and succeeded
[  246.044626] init: processing action (init.svc.audioserver=running) from (/system/etc/init/audioserver.rc:32)
[  246.066193] init: Command 'start vendor.audio-hal-4-0-msd' action=init.svc.audioserver=running (/system/etc/init/audioserver.rc:34) took 0ms and failed: service vendor.audio-hal-4-0-msd not found
[  246.083436] init: Command 'start vendor.audio-hal-2-0' action=init.svc.audioserver=running (/system/etc/init/audioserver.rc:36) took 0ms and failed: service vendor.audio-hal-2-0 not found
[  246.091450] init: Command 'start audio-hal-2-0' action=init.svc.audioserver=running (/system/etc/init/audioserver.rc:37) took 0ms and failed: service audio-hal-2-0 not found
[  246.112327] init: processing action (init.svc.media=*) from (/system/etc/init/mediaserver.rc:1)
[  246.171670] init: Command 'setprop init.svc.mediadrm ${init.svc.media}' action=init.svc.media=* (/system/etc/init/mediaserver.rc:2) took 55ms and succeeded
[  246.199783] init: processing action (init.svc.mediadrm=running) from (/vendor/etc/init/android.hardware.drm@1.3-service.widevine.rc:1)
[  246.248411] init: processing action (sys.audio.restart.hal=1) from (/system/etc/init/audioserver.rc:39)
[  246.268845] init: Sending signal 9 to service 'vendor.audio-hal' (pid 722) process group...
[  246.454846] libprocessgroup: Successfully killed process cgroup uid 1041 pid 722 in 168ms
[  246.503400] init: Command 'restart vendor.audio-hal' action=sys.audio.restart.hal=1 (/system/etc/init/audioserver.rc:40) took 235ms and succeeded
[  246.523261] init: Service 'vendor.audio-hal' (pid 722) received signal 9
[  246.569862] init: Command 'restart vendor.audio-hal-4-0-msd' action=sys.audio.restart.hal=1 (/system/etc/init/audioserver.rc:41) took 2ms and failed: service vendor.audio-hal-4-0-msd not found
[  246.571976] init: Command 'restart vendor.audio-hal-2-0' action=sys.audio.restart.hal=1 (/system/etc/init/audioserver.rc:43) took 0ms and failed: service vendor.audio-hal-2-0 not found
[  246.589151] init: Command 'restart audio-hal-2-0' action=sys.audio.restart.hal=1 (/system/etc/init/audioserver.rc:44) took 0ms and failed: service audio-hal-2-0 not found
[  246.647827] init: processing action (init.svc.mediadrm=running) from (/vendor/etc/init/android.hardware.drm@1.3-service.widevine.rc:1)
[  247.019181] init: starting service 'audioserver'...
[  247.332680] init: processing action (init.svc.audioserver=running) from (/system/etc/init/audioserver.rc:32)
[  247.394528] init: starting service 'vendor.audio-hal'...
[  247.936229] init: Command 'start vendor.audio-hal' action=init.svc.audioserver=running (/system/etc/init/audioserver.rc:33) took 574ms and succeeded
[  247.975942] init: Command 'start vendor.audio-hal-4-0-msd' action=init.svc.audioserver=running (/system/etc/init/audioserver.rc:34) took 1ms and failed: service vendor.audio-hal-4-0-msd not found
[  247.992529] init: Command 'start vendor.audio-hal-2-0' action=init.svc.audioserver=running (/system/etc/init/audioserver.rc:36) took 0ms and failed: service vendor.audio-hal-2-0 not found
[  248.010355] init: Command 'start audio-hal-2-0' action=init.svc.audioserver=running (/system/etc/init/audioserver.rc:37) took 0ms and failed: service audio-hal-2-0 not found
[  260.675327] healthd: battery none chg=a
[  266.212828] init: Untracked pid 682 received signal 14
[  266.366923] init: Service 'media.swcodec' (pid 647) received signal 11
[  266.382654] init: Sending signal 9 to service 'media.swcodec' (pid 647) process group...
[  266.474939] libprocessgroup: Successfully killed process cgroup uid 1046 pid 647 in 27ms
[  266.592494] init: Untracked pid 685 exited with status 0
[  266.673878] init: starting service 'media.swcodec'...
[  267.156602] init: Untracked pid 687 received signal 14
[  267.412934] init: Untracked pid 706 exited with status 0
[  267.475256] init: Service 'mediaextractor' (pid 633) received signal 11
[  267.488703] init: Sending signal 9 to service 'mediaextractor' (pid 633) process group...
[  267.532236] libprocessgroup: Successfully killed process cgroup uid 1040 pid 633 in 17ms
[  267.908239] init: starting service 'mediaextractor'...
[  273.212508] init: Untracked pid 713 received signal 14
[  273.328556] init: Untracked pid 724 exited with status 0
[  273.615080] init: Service 'storaged' (pid 493) received signal 11
[  273.625601] init: Sending signal 9 to service 'storaged' (pid 493) process group...
[  273.656228] libprocessgroup: Successfully killed process cgroup uid 0 pid 493 in 25ms
[  273.839088] init: starting service 'storaged'...
[  273.873346] init: Could not open file '/d/mmc0/mmc0:0001/ext_csd': Failed to open file '/d/mmc0/mmc0:0001/ext_csd': No such file or directory
[  282.701629] init: Untracked pid 733 received signal 14
[  282.711861] init: Untracked pid 735 exited with status 0
[  282.777354] init: Service 'zygote' (pid 711) received signal 11
[  282.779669] init: Sending signal 9 to service 'zygote' (pid 711) process group...
[  282.808511] libprocessgroup: Successfully killed process cgroup uid 0 pid 711 in 6ms
[  282.839905] init: updatable process 'zygote' exited 4 times before boot completed
[  282.941064] apexd: Native process 'zygote' is crashing. Attempting a revert
[  282.959106] init: starting service 'exec 20 (/system/bin/vdc volume abort_fuse)'...
[  283.002500] apexd: Revert failed : Revert requested, when there are no active sessions.
[  283.116944] init: Command 'exec_background - system system -- /system/bin/vdc volume abort_fuse' action=onrestart (<Service 'zygote' onrestart>:1) took 185ms and succeeded
[  283.166140] init: Command 'write /sys/power/state on' action=onrestart (<Service 'zygote' onrestart>:2) took 42ms and failed: Unable to write to file '/sys/power/state': Unable to write file contents: Invalid argument
[  283.168866] init: Sending signal 9 to service 'audioserver' (pid 725) process group...
[  283.580827] audioserver (725) used greatest stack depth: 11040 bytes left
[  283.597336] libprocessgroup: Successfully killed process cgroup uid 1041 pid 725 in 419ms
[  283.654232] init: Command 'restart audioserver' action=onrestart (<Service 'zygote' onrestart>:3) took 484ms and succeeded
[  283.656563] init: Sending signal 9 to service 'cameraserver' (pid 714) process group...
[  284.020265] libprocessgroup: Successfully killed process cgroup uid 1047 pid 714 in 348ms
[  284.060211] init: Command 'restart cameraserver' action=onrestart (<Service 'zygote' onrestart>:4) took 402ms and succeeded
[  284.069919] init: Sending signal 9 to service 'media' (pid 715) process group...
[  284.385632] libprocessgroup: Successfully killed process cgroup uid 1013 pid 715 in 306ms
[  284.458740] init: Command 'restart media' action=onrestart (<Service 'zygote' onrestart>:5) took 389ms and succeeded
[  284.470520] init: Sending signal 9 to service 'netd' (pid 716) process group...
[  284.746994] libprocessgroup: Successfully killed process cgroup uid 0 pid 716 in 254ms
[  284.807272] init: Command 'restart netd' action=onrestart (<Service 'zygote' onrestart>:6) took 343ms and succeeded
[  284.821239] init: Sending signal 9 to service 'wificond' (pid 717) process group...
[  284.938800] libprocessgroup: Successfully killed process cgroup uid 1010 pid 717 in 108ms
[  284.994460] init: Command 'restart wificond' action=onrestart (<Service 'zygote' onrestart>:7) took 182ms and succeeded
[  285.154826] init: Service 'cameraserver' (pid 714) received signal 9
[  285.293161] init: Service 'media' (pid 715) received signal 9
[  285.439258] init: Service 'netd' (pid 716) received signal 9
[  285.455988] init: Command 'restart zygote_secondary' action=onrestart (<Service 'netd' onrestart>:2) took 1ms and failed: service zygote_secondary not found
[  285.496403] init: Service 'wificond' (pid 717) received signal 9
[  285.532057] init: Service 'audioserver' (pid 725) received signal 9
[  285.575384] init: Untracked pid 754 received signal 9
[  285.578133] init: Untracked pid 755 received signal 9
[  285.579797] init: Untracked pid 761 received signal 9
[  285.581049] init: Untracked pid 760 received signal 9
[  285.585844] init: Service 'exec 20 (/system/bin/vdc volume abort_fuse)' (pid 816) exited with status 0 oneshot service took 2.531000 seconds in background
[  285.587336] init: Sending signal 9 to service 'exec 20 (/system/bin/vdc volume abort_fuse)' (pid 816) process group...
[  285.591847] libprocessgroup: Successfully killed process cgroup uid 1000 pid 816 in 2ms
[  285.598618] init: Untracked pid 728 received signal 9
[  285.607337] init: Untracked pid 730 received signal 9
[  285.613053] init: processing action (sys.init.updatable_crashing=1) from (/system/etc/init/flags_health_check.rc:10)
[  285.621438] init: starting service 'exec 21 (/system/bin/flags_health_check UPDATABLE_CRASHING)'...
[  285.684060] init: SVC_EXEC service 'exec 21 (/system/bin/flags_health_check UPDATABLE_CRASHING)' pid 817 (uid 1000 gid 1000+0 context default) started; waiting...
[  285.695075] init: Command 'exec - system system -- /system/bin/flags_health_check UPDATABLE_CRASHING' action=sys.init.updatable_crashing=1 (/system/etc/init/flags_health_check.rc:11) took 75ms and succeeded
[  285.722256] init: starting service 'zygote'...
[  285.757926] init: Created socket '/dev/socket/zygote', mode 660, user 0, group 1000
[  285.785307] init: Created socket '/dev/socket/usap_pool_primary', mode 660, user 0, group 1000
[  285.972222] init: starting service 'audioserver'...
[  286.346688] init: starting service 'cameraserver'...
[  286.753321] init: starting service 'media'...
[  287.052965] libprocessgroup: Failed to open /dev/cpuset/camera-daemon/tasks: No such file or directory: No such file or directory
[  287.062491] libprocessgroup: Failed to apply CameraServiceCapacity task profile: No such file or directory
[  287.246463] init: starting service 'netd'...
[  287.370692] init: Created socket '/dev/socket/dnsproxyd', mode 660, user 0, group 3003
[  287.464953] init: Created socket '/dev/socket/mdns', mode 660, user 0, group 1000
[  287.576978] init: Created socket '/dev/socket/fwmarkd', mode 660, user 0, group 3003
[  288.100816] init: starting service 'wificond'...
[  289.025139] init: Service 'exec 21 (/system/bin/flags_health_check UPDATABLE_CRASHING)' (pid 817) exited with status 0 waiting took 3.372000 seconds
[  289.056543] init: Sending signal 9 to service 'exec 21 (/system/bin/flags_health_check UPDATABLE_CRASHING)' (pid 817) process group...
[  289.114529] libprocessgroup: Successfully killed process cgroup uid 1000 pid 817 in 31ms
[  289.157104] init: processing action (init.svc.media=*) from (/system/etc/init/mediaserver.rc:1)
[  289.235523] init: processing action (init.svc.media=*) from (/system/etc/init/mediaserver.rc:1)
[  289.337749] init: Command 'setprop init.svc.mediadrm ${init.svc.media}' action=init.svc.media=* (/system/etc/init/mediaserver.rc:2) took 86ms and succeeded
[  289.372789] init: processing action (sys.audio.restart.hal=1) from (/system/etc/init/audioserver.rc:39)
[  289.388040] init: Sending signal 9 to service 'vendor.audio-hal' (pid 726) process group...
[  289.839388] libprocessgroup: Successfully killed process cgroup uid 1041 pid 726 in 422ms
[  289.924414] init: Command 'restart vendor.audio-hal' action=sys.audio.restart.hal=1 (/system/etc/init/audioserver.rc:40) took 539ms and succeeded
[  289.933396] init: Service 'vendor.audio-hal' (pid 726) received signal 9
[  289.958671] init: Sending signal 9 to service 'audioserver' (pid 819) process group...
[  290.108910] libprocessgroup: Successfully killed process cgroup uid 1041 pid 819 in 145ms
[  290.243779] init: Command 'restart audioserver' action=onrestart (<Service 'vendor.audio-hal' onrestart>:1) took 300ms and succeeded
[  290.333303] init: Service 'audioserver' (pid 819) received signal 9
[  290.507126] init: Command 'restart vendor.audio-hal-4-0-msd' action=sys.audio.restart.hal=1 (/system/etc/init/audioserver.rc:41) took 0ms and failed: service vendor.audio-hal-4-0-msd not found
[  290.572064] init: starting service 'vendor.audio-hal'...
[  290.992868] init: Command 'restart vendor.audio-hal-2-0' action=sys.audio.restart.hal=1 (/system/etc/init/audioserver.rc:43) took 1ms and failed: service vendor.audio-hal-2-0 not found
[  291.026231] init: Command 'restart audio-hal-2-0' action=sys.audio.restart.hal=1 (/system/etc/init/audioserver.rc:44) took 0ms and failed: service audio-hal-2-0 not found
[  291.080382] init: processing action (init.svc.audioserver=running) from (/system/etc/init/audioserver.rc:32)
[  291.084474] init: Command 'start vendor.audio-hal-4-0-msd' action=init.svc.audioserver=running (/system/etc/init/audioserver.rc:34) took 0ms and failed: service vendor.audio-hal-4-0-msd not found
[  291.097810] init: Command 'start vendor.audio-hal-2-0' action=init.svc.audioserver=running (/system/etc/init/audioserver.rc:36) took 0ms and failed: service vendor.audio-hal-2-0 not found
[  291.163399] init: starting service 'audioserver'...
[  291.558678] init: Command 'start audio-hal-2-0' action=init.svc.audioserver=running (/system/etc/init/audioserver.rc:37) took 0ms and failed: service audio-hal-2-0 not found
[  291.573820] init: processing action (init.svc.media=*) from (/system/etc/init/mediaserver.rc:1)
[  291.636899] init: Command 'setprop init.svc.mediadrm ${init.svc.media}' action=init.svc.media=* (/system/etc/init/mediaserver.rc:2) took 58ms and succeeded
[  291.679356] init: processing action (init.svc.mediadrm=running) from (/vendor/etc/init/android.hardware.drm@1.3-service.widevine.rc:1)
[  291.727947] init: processing action (init.svc.mediadrm=running) from (/vendor/etc/init/android.hardware.drm@1.3-service.widevine.rc:1)
[  291.797961] init: processing action (sys.audio.restart.hal=1) from (/system/etc/init/audioserver.rc:39)
[  291.819810] init: Sending signal 9 to service 'vendor.audio-hal' (pid 830) process group...
[  291.888827] libprocessgroup: Successfully killed process cgroup uid 1041 pid 830 in 64ms
[  291.958556] init: Command 'restart vendor.audio-hal' action=sys.audio.restart.hal=1 (/system/etc/init/audioserver.rc:40) took 151ms and succeeded
[  291.980181] init: Service 'vendor.audio-hal' (pid 830) received signal 9
[  291.991174] init: Sending signal 9 to service 'audioserver' (pid 831) process group...
[  292.236511] libprocessgroup: Successfully killed process cgroup uid 1041 pid 831 in 235ms
[  292.334177] init: Command 'restart audioserver' action=onrestart (<Service 'vendor.audio-hal' onrestart>:1) took 350ms and succeeded
[  292.388964] init: Service 'audioserver' (pid 831) received signal 9
[  292.483419] init: Command 'restart vendor.audio-hal-4-0-msd' action=sys.audio.restart.hal=1 (/system/etc/init/audioserver.rc:41) took 0ms and failed: service vendor.audio-hal-4-0-msd not found
[  292.514871] init: Command 'restart vendor.audio-hal-2-0' action=sys.audio.restart.hal=1 (/system/etc/init/audioserver.rc:43) took 12ms and failed: service vendor.audio-hal-2-0 not found
[  292.522731] init: Command 'restart audio-hal-2-0' action=sys.audio.restart.hal=1 (/system/etc/init/audioserver.rc:44) took 1ms and failed: service audio-hal-2-0 not found
[  292.586522] init: Command 'setprop sys.audio.restart.hal 0' action=sys.audio.restart.hal=1 (/system/etc/init/audioserver.rc:46) took 60ms and succeeded
[  292.594311] init: processing action (init.svc.audioserver=running) from (/system/etc/init/audioserver.rc:32)
[  292.628206] init: starting service 'vendor.audio-hal'...
[  292.962728] init: Command 'start vendor.audio-hal' action=init.svc.audioserver=running (/system/etc/init/audioserver.rc:33) took 354ms and succeeded
[  292.984982] init: Command 'start vendor.audio-hal-4-0-msd' action=init.svc.audioserver=running (/system/etc/init/audioserver.rc:34) took 0ms and failed: service vendor.audio-hal-4-0-msd not found
[  293.003655] init: Command 'start vendor.audio-hal-2-0' action=init.svc.audioserver=running (/system/etc/init/audioserver.rc:36) took 0ms and failed: service vendor.audio-hal-2-0 not found
[  293.021580] init: Command 'start audio-hal-2-0' action=init.svc.audioserver=running (/system/etc/init/audioserver.rc:37) took 0ms and failed: service audio-hal-2-0 not found
[  293.040788] init: processing action (init.svc.mediadrm=running) from (/vendor/etc/init/android.hardware.drm@1.3-service.widevine.rc:1)
[  293.090386] init: processing action (sys.audio.restart.hal=1) from (/system/etc/init/audioserver.rc:39)
[  293.094099] init: Sending signal 9 to service 'vendor.audio-hal' (pid 832) process group...
[  293.263921] libprocessgroup: Successfully killed process cgroup uid 1041 pid 832 in 167ms
[  293.335641] init: Command 'restart vendor.audio-hal' action=sys.audio.restart.hal=1 (/system/etc/init/audioserver.rc:40) took 242ms and succeeded
[  293.342672] init: Service 'vendor.audio-hal' (pid 832) received signal 9
[  293.408092] init: Command 'restart vendor.audio-hal-4-0-msd' action=sys.audio.restart.hal=1 (/system/etc/init/audioserver.rc:41) took 0ms and failed: service vendor.audio-hal-4-0-msd not found
[  293.429891] init: Command 'restart vendor.audio-hal-2-0' action=sys.audio.restart.hal=1 (/system/etc/init/audioserver.rc:43) took 0ms and failed: service vendor.audio-hal-2-0 not found
[  293.451058] init: Command 'restart audio-hal-2-0' action=sys.audio.restart.hal=1 (/system/etc/init/audioserver.rc:44) took 0ms and failed: service audio-hal-2-0 not found
[  296.413647] init: starting service 'audioserver'...
[  297.237331] init: processing action (init.svc.audioserver=running) from (/system/etc/init/audioserver.rc:32)
[  297.347128] init: starting service 'vendor.audio-hal'...
[  298.214657] init: Command 'start vendor.audio-hal' action=init.svc.audioserver=running (/system/etc/init/audioserver.rc:33) took 955ms and succeeded
[  298.270642] init: Command 'start vendor.audio-hal-4-0-msd' action=init.svc.audioserver=running (/system/etc/init/audioserver.rc:34) took 1ms and failed: service vendor.audio-hal-4-0-msd not found
[  298.306530] init: Command 'start vendor.audio-hal-2-0' action=init.svc.audioserver=running (/system/etc/init/audioserver.rc:36) took 18ms and failed: service vendor.audio-hal-2-0 not found
[  298.341166] init: Command 'start audio-hal-2-0' action=init.svc.audioserver=running (/system/etc/init/audioserver.rc:37) took 0ms and failed: service audio-hal-2-0 not found
[  308.362386] init: Untracked pid 804 received signal 14
[  308.643160] init: Untracked pid 806 exited with status 0
[  308.793965] init: Service 'media.swcodec' (pid 765) received signal 11
[  308.796731] init: Sending signal 9 to service 'media.swcodec' (pid 765) process group...
[  308.867074] libprocessgroup: Successfully killed process cgroup uid 1046 pid 765 in 46ms
[  309.173475] init: starting service 'media.swcodec'...
[  310.808504] init: Untracked pid 809 received signal 14
[  311.096368] init: Untracked pid 811 exited with status 0
[  311.160004] init: Service 'mediaextractor' (pid 777) received signal 11
[  311.163999] init: Sending signal 9 to service 'mediaextractor' (pid 777) process group...
[  311.185147] libprocessgroup: Successfully killed process cgroup uid 1040 pid 777 in 15ms
[  311.456283] init: starting service 'mediaextractor'...
[  312.699806] selinux: SELinux:  Could not stat /sys/devices/virtual/net/ipsec_test/queues/rx-0: No such file or directory.
[  312.710764] selinux: 
[  320.756580] healthd: battery none chg=a
[  325.187225] init: Untracked pid 846 exited with status 0
[  325.229429] init: Service 'zygote' (pid 818) received signal 11
[  325.295624] init: Sending signal 9 to service 'zygote' (pid 818) process group...
[  325.380872] libprocessgroup: Successfully killed process cgroup uid 0 pid 818 in 58ms
[  325.430516] init: updatable process 'zygote' exited 4 times before boot completed
[  325.712850] init: starting service 'exec 22 (/system/bin/vdc volume abort_fuse)'...
[  326.020348] init: Command 'exec_background - system system -- /system/bin/vdc volume abort_fuse' action=onrestart (<Service 'zygote' onrestart>:1) took 372ms and succeeded
[  326.127676] init: Command 'write /sys/power/state on' action=onrestart (<Service 'zygote' onrestart>:2) took 89ms and failed: Unable to write to file '/sys/power/state': Unable to write file contents: Invalid argument
[  326.139500] init: Sending signal 9 to service 'audioserver' (pid 842) process group...
[  326.508290] libprocessgroup: Successfully killed process cgroup uid 1041 pid 842 in 354ms
[  326.616366] init: Command 'restart audioserver' action=onrestart (<Service 'zygote' onrestart>:3) took 478ms and succeeded
[  326.624705] init: Sending signal 9 to service 'cameraserver' (pid 820) process group...
[  327.264410] libprocessgroup: Successfully killed process cgroup uid 1047 pid 820 in 619ms
[  327.372018] init: Command 'restart cameraserver' action=onrestart (<Service 'zygote' onrestart>:4) took 737ms and succeeded
[  327.388652] init: Sending signal 9 to service 'media' (pid 821) process group...
[  328.101817] libprocessgroup: Successfully killed process cgroup uid 1013 pid 821 in 690ms
[  328.192391] init: Command 'restart media' action=onrestart (<Service 'zygote' onrestart>:5) took 805ms and succeeded
[  328.196436] init: Sending signal 9 to service 'netd' (pid 823) process group...
[  328.567865] libprocessgroup: Successfully killed process cgroup uid 0 pid 823 in 366ms
[  328.659558] init: Command 'restart netd' action=onrestart (<Service 'zygote' onrestart>:6) took 460ms and succeeded
[  328.670354] init: Sending signal 9 to service 'wificond' (pid 824) process group...
[  328.835546] libprocessgroup: Successfully killed process cgroup uid 1010 pid 824 in 156ms
[  328.915483] init: Command 'restart wificond' action=onrestart (<Service 'zygote' onrestart>:7) took 253ms and succeeded
[  329.090981] init: Service 'cameraserver' (pid 820) received signal 9
[  329.296221] init: Service 'media' (pid 821) received signal 9
[  329.472033] init: Service 'netd' (pid 823) received signal 9
[  329.522818] init: Command 'restart zygote_secondary' action=onrestart (<Service 'netd' onrestart>:2) took 2ms and failed: service zygote_secondary not found
[  329.605322] init: Service 'wificond' (pid 824) received signal 9
[  329.712193] init: Service 'audioserver' (pid 842) received signal 9
[  329.793516] init: Command 'setprop sys.audio.restart.hal 1' action=onrestart (<Service 'audioserver' onrestart>:1) took 75ms and succeeded
[  329.871448] init: Untracked pid 848 exited with status 0
[  329.883915] init: Untracked pid 862 received signal 9
[  329.911888] init: Untracked pid 866 received signal 9
[  329.938599] init: Untracked pid 865 received signal 9
[  329.949170] init: Untracked pid 868 received signal 9
[  329.961004] init: Untracked pid 835 received signal 9
[  329.970752] init: Untracked pid 836 received signal 9
[  330.002103] init: processing action (sys.init.updatable_crashing=1) from (/system/etc/init/flags_health_check.rc:10)
[  330.072374] init: starting service 'exec 23 (/system/bin/flags_health_check UPDATABLE_CRASHING)'...
[  330.321496] init: SVC_EXEC service 'exec 23 (/system/bin/flags_health_check UPDATABLE_CRASHING)' pid 921 (uid 1000 gid 1000+0 context default) started; waiting...
[  330.364507] init: Command 'exec - system system -- /system/bin/flags_health_check UPDATABLE_CRASHING' action=sys.init.updatable_crashing=1 (/system/etc/init/flags_health_check.rc:11) took 344ms and succeeded
[  330.439943] init: starting service 'zygote'...
[  330.535390] init: Created socket '/dev/socket/zygote', mode 660, user 0, group 1000
[  330.615274] init: Created socket '/dev/socket/usap_pool_primary', mode 660, user 0, group 1000
[  331.100245] init: starting service 'audioserver'...
[  331.723400] init: starting service 'cameraserver'...
[  332.163422] init: starting service 'media'...
[  332.619856] init: starting service 'netd'...
[  332.696414] libprocessgroup: Failed to open /dev/cpuset/camera-daemon/tasks: No such file or directory: No such file or directory
[  332.715766] libprocessgroup: Failed to apply CameraServiceCapacity task profile: No such file or directory
[  332.795035] init: Created socket '/dev/socket/dnsproxyd', mode 660, user 0, group 3003
[  333.042886] init: Created socket '/dev/socket/mdns', mode 660, user 0, group 1000
[  333.118480] init: Created socket '/dev/socket/fwmarkd', mode 660, user 0, group 3003
[  333.664312] init: starting service 'wificond'...
[  334.161085] init: Service 'exec 22 (/system/bin/vdc volume abort_fuse)' (pid 909) exited with status 0 oneshot service took 8.224000 seconds in background
[  334.163669] init: Sending signal 9 to service 'exec 22 (/system/bin/vdc volume abort_fuse)' (pid 909) process group...
[  334.215424] libprocessgroup: Successfully killed process cgroup uid 1000 pid 909 in 23ms
[  334.858486] init: Service 'exec 23 (/system/bin/flags_health_check UPDATABLE_CRASHING)' (pid 921) exited with status 0 waiting took 4.628000 seconds
[  334.878330] init: Sending signal 9 to service 'exec 23 (/system/bin/flags_health_check UPDATABLE_CRASHING)' (pid 921) process group...
[  334.912231] libprocessgroup: Successfully killed process cgroup uid 1000 pid 921 in 29ms
[  334.987842] init: processing action (init.svc.media=*) from (/system/etc/init/mediaserver.rc:1)
[  335.088210] init: Command 'setprop init.svc.mediadrm ${init.svc.media}' action=init.svc.media=* (/system/etc/init/mediaserver.rc:2) took 79ms and succeeded
[  335.126851] init: processing action (init.svc.media=*) from (/system/etc/init/mediaserver.rc:1)
[  335.246675] init: Command 'setprop init.svc.mediadrm ${init.svc.media}' action=init.svc.media=* (/system/etc/init/mediaserver.rc:2) took 93ms and succeeded
[  335.270871] init: processing action (sys.audio.restart.hal=1) from (/system/etc/init/audioserver.rc:39)
[  335.282711] init: Sending signal 9 to service 'vendor.audio-hal' (pid 844) process group...
[  335.599698] libprocessgroup: Successfully killed process cgroup uid 1041 pid 844 in 312ms
[  335.704495] init: Command 'restart vendor.audio-hal' action=sys.audio.restart.hal=1 (/system/etc/init/audioserver.rc:40) took 429ms and succeeded
[  335.726263] init: Service 'vendor.audio-hal' (pid 844) received signal 9
[  335.733789] init: Sending signal 9 to service 'audioserver' (pid 923) process group...
[  335.840855] libprocessgroup: Successfully killed process cgroup uid 1041 pid 923 in 103ms
[  335.901888] init: Command 'restart audioserver' action=onrestart (<Service 'vendor.audio-hal' onrestart>:1) took 172ms and succeeded
[  335.979912] init: Service 'audioserver' (pid 923) received signal 9
[  336.103245] init: Command 'restart vendor.audio-hal-4-0-msd' action=sys.audio.restart.hal=1 (/system/etc/init/audioserver.rc:41) took 0ms and failed: service vendor.audio-hal-4-0-msd not found
[  336.154400] init: starting service 'vendor.audio-hal'...
[  336.495378] init: Command 'restart vendor.audio-hal-2-0' action=sys.audio.restart.hal=1 (/system/etc/init/audioserver.rc:43) took 13ms and failed: service vendor.audio-hal-2-0 not found
[  336.550806] init: starting service 'audioserver'...
[  336.855375] init: Command 'restart audio-hal-2-0' action=sys.audio.restart.hal=1 (/system/etc/init/audioserver.rc:44) took 0ms and failed: service audio-hal-2-0 not found
[  336.911499] init: processing action (init.svc.audioserver=running) from (/system/etc/init/audioserver.rc:32)
[  336.946866] init: Command 'start vendor.audio-hal-4-0-msd' action=init.svc.audioserver=running (/system/etc/init/audioserver.rc:34) took 7ms and failed: service vendor.audio-hal-4-0-msd not found
[  336.956301] init: Command 'start vendor.audio-hal-2-0' action=init.svc.audioserver=running (/system/etc/init/audioserver.rc:36) took 5ms and failed: service vendor.audio-hal-2-0 not found
[  336.971819] init: Command 'start audio-hal-2-0' action=init.svc.audioserver=running (/system/etc/init/audioserver.rc:37) took 0ms and failed: service audio-hal-2-0 not found
[  336.999079] init: processing action (init.svc.media=*) from (/system/etc/init/mediaserver.rc:1)
[  337.053424] init: processing action (init.svc.mediadrm=running) from (/vendor/etc/init/android.hardware.drm@1.3-service.widevine.rc:1)
[  337.107261] init: processing action (init.svc.mediadrm=running) from (/vendor/etc/init/android.hardware.drm@1.3-service.widevine.rc:1)
[  337.136802] init: processing action (sys.audio.restart.hal=1) from (/system/etc/init/audioserver.rc:39)
[  337.147692] init: Sending signal 9 to service 'vendor.audio-hal' (pid 933) process group...
[  337.301727] libprocessgroup: Successfully killed process cgroup uid 1041 pid 933 in 141ms
[  337.366336] init: Command 'restart vendor.audio-hal' action=sys.audio.restart.hal=1 (/system/etc/init/audioserver.rc:40) took 218ms and succeeded
[  337.379492] init: Service 'vendor.audio-hal' (pid 933) received signal 9
[  337.393912] init: Sending signal 9 to service 'audioserver' (pid 934) process group...
[  337.572242] libprocessgroup: Successfully killed process cgroup uid 1041 pid 934 in 154ms
[  337.687759] init: Command 'restart audioserver' action=onrestart (<Service 'vendor.audio-hal' onrestart>:1) took 305ms and succeeded
[  337.745589] init: Service 'audioserver' (pid 934) received signal 9
[  337.818579] init: Command 'setprop sys.audio.restart.hal 1' action=onrestart (<Service 'audioserver' onrestart>:1) took 71ms and succeeded
[  337.927288] init: Command 'restart vendor.audio-hal-4-0-msd' action=sys.audio.restart.hal=1 (/system/etc/init/audioserver.rc:41) took 0ms and failed: service vendor.audio-hal-4-0-msd not found
[  337.955942] init: Command 'restart vendor.audio-hal-2-0' action=sys.audio.restart.hal=1 (/system/etc/init/audioserver.rc:43) took 0ms and failed: service vendor.audio-hal-2-0 not found
[  337.991885] init: Command 'restart audio-hal-2-0' action=sys.audio.restart.hal=1 (/system/etc/init/audioserver.rc:44) took 1ms and failed: service audio-hal-2-0 not found
[  338.063916] init: Command 'setprop sys.audio.restart.hal 0' action=sys.audio.restart.hal=1 (/system/etc/init/audioserver.rc:46) took 67ms and succeeded
[  338.084824] init: processing action (init.svc.audioserver=running) from (/system/etc/init/audioserver.rc:32)
[  338.131826] init: starting service 'vendor.audio-hal'...
[  338.609796] init: Command 'start vendor.audio-hal' action=init.svc.audioserver=running (/system/etc/init/audioserver.rc:33) took 487ms and succeeded
[  338.657442] init: Command 'start vendor.audio-hal-4-0-msd' action=init.svc.audioserver=running (/system/etc/init/audioserver.rc:34) took 0ms and failed: service vendor.audio-hal-4-0-msd not found
[  338.675706] init: Command 'start vendor.audio-hal-2-0' action=init.svc.audioserver=running (/system/etc/init/audioserver.rc:36) took 0ms and failed: service vendor.audio-hal-2-0 not found
[  338.711514] init: Command 'start audio-hal-2-0' action=init.svc.audioserver=running (/system/etc/init/audioserver.rc:37) took 2ms and failed: service audio-hal-2-0 not found
[  338.747187] init: processing action (init.svc.mediadrm=running) from (/vendor/etc/init/android.hardware.drm@1.3-service.widevine.rc:1)
[  338.845988] init: processing action (sys.audio.restart.hal=1) from (/system/etc/init/audioserver.rc:39)
[  338.848626] init: Sending signal 9 to service 'vendor.audio-hal' (pid 936) process group...
[  339.092097] libprocessgroup: Successfully killed process cgroup uid 1041 pid 936 in 227ms
[  339.202244] init: Command 'restart vendor.audio-hal' action=sys.audio.restart.hal=1 (/system/etc/init/audioserver.rc:40) took 352ms and succeeded
[  339.215107] init: Service 'vendor.audio-hal' (pid 936) received signal 9
[  339.280891] init: Command 'restart vendor.audio-hal-4-0-msd' action=sys.audio.restart.hal=1 (/system/etc/init/audioserver.rc:41) took 5ms and failed: service vendor.audio-hal-4-0-msd not found
[  339.312733] init: Command 'restart vendor.audio-hal-2-0' action=sys.audio.restart.hal=1 (/system/etc/init/audioserver.rc:43) took 0ms and failed: service vendor.audio-hal-2-0 not found
[  339.332428] init: Command 'restart audio-hal-2-0' action=sys.audio.restart.hal=1 (/system/etc/init/audioserver.rc:44) took 0ms and failed: service audio-hal-2-0 not found
[  339.442360] init: Command 'setprop sys.audio.restart.hal 0' action=sys.audio.restart.hal=1 (/system/etc/init/audioserver.rc:46) took 104ms and succeeded
[  341.744377] init: starting service 'audioserver'...
[  342.518873] init: processing action (init.svc.audioserver=running) from (/system/etc/init/audioserver.rc:32)
[  342.628727] init: starting service 'vendor.audio-hal'...
[  343.465527] init: Command 'start vendor.audio-hal' action=init.svc.audioserver=running (/system/etc/init/audioserver.rc:33) took 922ms and succeeded
[  343.501539] init: Command 'start vendor.audio-hal-4-0-msd' action=init.svc.audioserver=running (/system/etc/init/audioserver.rc:34) took 0ms and failed: service vendor.audio-hal-4-0-msd not found
[  343.523347] init: Command 'start vendor.audio-hal-2-0' action=init.svc.audioserver=running (/system/etc/init/audioserver.rc:36) took 0ms and failed: service vendor.audio-hal-2-0 not found
[  343.543866] init: Command 'start audio-hal-2-0' action=init.svc.audioserver=running (/system/etc/init/audioserver.rc:37) took 1ms and failed: service audio-hal-2-0 not found
[  355.389469] init: Untracked pid 899 received signal 14
[  355.959368] init: Untracked pid 918 exited with status 0
[  356.203006] init: Service 'storaged' (pid 788) received signal 11
[  356.210213] init: Sending signal 9 to service 'storaged' (pid 788) process group...
[  356.244332] libprocessgroup: Successfully killed process cgroup uid 0 pid 788 in 28ms
[  356.300512] selinux: SELinux:  Could not stat /sys/devices/virtual/net/ipsec_test/queues/rx-0: No such file or directory.
[  356.302534] selinux: 
[  356.396890] init: starting service 'storaged'...
[  356.410107] init: Could not open file '/d/mmc0/mmc0:0001/ext_csd': Failed to open file '/d/mmc0/mmc0:0001/ext_csd': No such file or directory
[  356.955860] init: Untracked pid 911 received signal 14
[  357.075677] init: Service 'media.swcodec' (pid 863) received signal 11
[  357.085773] init: Sending signal 9 to service 'media.swcodec' (pid 863) process group...
[  357.288270] libprocessgroup: Successfully killed process cgroup uid 1046 pid 863 in 175ms
[  357.484811] init: Untracked pid 913 exited with status 0
[  357.632368] init: starting service 'media.swcodec'...
[  362.044414] init: Untracked pid 924 received signal 14
[  362.326187] init: Service 'mediaextractor' (pid 869) received signal 11
[  362.343378] init: Sending signal 9 to service 'mediaextractor' (pid 869) process group...
[  362.392402] libprocessgroup: Successfully killed process cgroup uid 1040 pid 869 in 41ms
[  362.586606] init: Untracked pid 928 exited with status 0
[  362.625593] init: starting service 'mediaextractor'...
[  372.802721] init: Untracked pid 946 received signal 14
[  372.942998] init: Untracked pid 950 exited with status 0
[  373.024666] init: Service 'zygote' (pid 922) received signal 11
[  373.035764] init: Sending signal 9 to service 'zygote' (pid 922) process group...
[  373.055448] libprocessgroup: Successfully killed process cgroup uid 0 pid 922 in 13ms
[  373.084148] init: updatable process 'zygote' exited 4 times before boot completed
[  373.192407] init: starting service 'exec 24 (/system/bin/vdc volume abort_fuse)'...
[  373.323711] init: Command 'exec_background - system system -- /system/bin/vdc volume abort_fuse' action=onrestart (<Service 'zygote' onrestart>:1) took 142ms and succeeded
[  373.406905] init: Command 'write /sys/power/state on' action=onrestart (<Service 'zygote' onrestart>:2) took 52ms and failed: Unable to write to file '/sys/power/state': Unable to write file contents: Invalid argument
[  373.415424] init: Sending signal 9 to service 'audioserver' (pid 945) process group...
[  373.960061] binder: undelivered TRANSACTION_COMPLETE
[  373.961976] binder: undelivered transaction 6177, process died.
[  374.070061] libprocessgroup: Successfully killed process cgroup uid 1041 pid 945 in 631ms
[  374.143652] init: Command 'restart audioserver' action=onrestart (<Service 'zygote' onrestart>:3) took 732ms and succeeded
[  374.152117] init: Sending signal 9 to service 'cameraserver' (pid 925) process group...
[  374.628126] libprocessgroup: Successfully killed process cgroup uid 1047 pid 925 in 448ms
[  374.716809] init: Command 'restart cameraserver' action=onrestart (<Service 'zygote' onrestart>:4) took 569ms and succeeded
[  374.720838] init: Sending signal 9 to service 'media' (pid 926) process group...
[  375.180798] libprocessgroup: Successfully killed process cgroup uid 1013 pid 926 in 430ms
[  375.331919] init: Command 'restart media' action=onrestart (<Service 'zygote' onrestart>:5) took 601ms and succeeded
[  375.335145] init: Sending signal 9 to service 'netd' (pid 930) process group...
[  375.695623] libprocessgroup: Successfully killed process cgroup uid 0 pid 930 in 340ms
[  375.790367] init: Command 'restart netd' action=onrestart (<Service 'zygote' onrestart>:6) took 443ms and succeeded
[  375.796360] init: Sending signal 9 to service 'wificond' (pid 932) process group...
[  376.073795] libprocessgroup: Successfully killed process cgroup uid 1010 pid 932 in 267ms
[  376.183789] init: Command 'restart wificond' action=onrestart (<Service 'zygote' onrestart>:7) took 390ms and succeeded
[  376.392177] init: Service 'cameraserver' (pid 925) received signal 9
[  376.576243] init: Service 'media' (pid 926) received signal 9
[  376.700924] init: Service 'netd' (pid 930) received signal 9
[  376.717587] init: Command 'restart zygote_secondary' action=onrestart (<Service 'netd' onrestart>:2) took 0ms and failed: service zygote_secondary not found
[  376.817871] init: Service 'wificond' (pid 932) received signal 9
[  376.921038] init: Service 'audioserver' (pid 945) received signal 9
[  377.048536] init: Untracked pid 965 received signal 9
[  377.066666] init: Untracked pid 968 received signal 9
[  377.078108] init: Untracked pid 969 received signal 9
[  377.086767] init: Untracked pid 974 received signal 9
[  377.093529] init: Service 'exec 24 (/system/bin/vdc volume abort_fuse)' (pid 1023) exited with status 0 oneshot service took 3.835000 seconds in background
[  377.096437] init: Sending signal 9 to service 'exec 24 (/system/bin/vdc volume abort_fuse)' (pid 1023) process group...
[  377.127324] libprocessgroup: Successfully killed process cgroup uid 1000 pid 1023 in 6ms
[  377.148004] init: Untracked pid 940 received signal 9
[  377.163799] init: Untracked pid 942 received signal 9
[  377.179726] init: processing action (sys.init.updatable_crashing=1) from (/system/etc/init/flags_health_check.rc:10)
[  377.214439] init: starting service 'exec 25 (/system/bin/flags_health_check UPDATABLE_CRASHING)'...
[  377.343788] init: SVC_EXEC service 'exec 25 (/system/bin/flags_health_check UPDATABLE_CRASHING)' pid 1029 (uid 1000 gid 1000+0 context default) started; waiting...
[  377.357242] init: Command 'exec - system system -- /system/bin/flags_health_check UPDATABLE_CRASHING' action=sys.init.updatable_crashing=1 (/system/etc/init/flags_health_check.rc:11) took 172ms and succeeded
[  377.413365] init: starting service 'zygote'...
[  377.498304] init: Created socket '/dev/socket/zygote', mode 660, user 0, group 1000
[  377.573653] init: Created socket '/dev/socket/usap_pool_primary', mode 660, user 0, group 1000
[  378.115018] init: starting service 'audioserver'...
[  378.592950] init: starting service 'cameraserver'...
[  379.066851] init: starting service 'media'...
[  379.573996] init: starting service 'netd'...
[  379.681719] init: Created socket '/dev/socket/dnsproxyd', mode 660, user 0, group 3003
[  379.766284] libprocessgroup: Failed to open /dev/cpuset/camera-daemon/tasks: No such file or directory: No such file or directory
[  379.768592] libprocessgroup: Failed to apply CameraServiceCapacity task profile: No such file or directory
[  379.785366] init: Created socket '/dev/socket/mdns', mode 660, user 0, group 1000
[  379.852652] init: Created socket '/dev/socket/fwmarkd', mode 660, user 0, group 3003
[  380.400333] init: starting service 'wificond'...
[  380.753243] healthd: battery none chg=a
[  383.568719] init: Service 'exec 25 (/system/bin/flags_health_check UPDATABLE_CRASHING)' (pid 1029) exited with status 0 waiting took 6.260000 seconds
[  383.604489] init: Sending signal 9 to service 'exec 25 (/system/bin/flags_health_check UPDATABLE_CRASHING)' (pid 1029) process group...
[  383.654133] libprocessgroup: Successfully killed process cgroup uid 1000 pid 1029 in 34ms
[  383.704239] init: processing action (init.svc.media=*) from (/system/etc/init/mediaserver.rc:1)
[  383.779110] init: Command 'setprop init.svc.mediadrm ${init.svc.media}' action=init.svc.media=* (/system/etc/init/mediaserver.rc:2) took 72ms and succeeded
[  383.802607] init: processing action (init.svc.media=*) from (/system/etc/init/mediaserver.rc:1)
[  383.859990] init: Command 'setprop init.svc.mediadrm ${init.svc.media}' action=init.svc.media=* (/system/etc/init/mediaserver.rc:2) took 52ms and succeeded
[  383.886414] init: processing action (sys.audio.restart.hal=1) from (/system/etc/init/audioserver.rc:39)
[  383.889006] init: Sending signal 9 to service 'vendor.audio-hal' (pid 949) process group...
[  384.182247] libprocessgroup: Successfully killed process cgroup uid 1041 pid 949 in 278ms
[  384.259306] init: Command 'restart vendor.audio-hal' action=sys.audio.restart.hal=1 (/system/etc/init/audioserver.rc:40) took 369ms and succeeded
[  384.269394] init: Service 'vendor.audio-hal' (pid 949) received signal 9
[  384.289442] init: Sending signal 9 to service 'audioserver' (pid 1031) process group...
[  384.407135] libprocessgroup: Successfully killed process cgroup uid 1041 pid 1031 in 114ms
[  384.451391] init: Command 'restart audioserver' action=onrestart (<Service 'vendor.audio-hal' onrestart>:1) took 180ms and succeeded
[  384.516326] init: Service 'audioserver' (pid 1031) received signal 9
[  384.577924] init: Command 'setprop sys.audio.restart.hal 1' action=onrestart (<Service 'audioserver' onrestart>:1) took 58ms and succeeded
[  384.697895] init: Command 'restart vendor.audio-hal-4-0-msd' action=sys.audio.restart.hal=1 (/system/etc/init/audioserver.rc:41) took 0ms and failed: service vendor.audio-hal-4-0-msd not found
[  384.716566] init: starting service 'audioserver'...
[  385.057403] init: starting service 'vendor.audio-hal'...
[  385.519223] init: Command 'restart vendor.audio-hal-2-0' action=sys.audio.restart.hal=1 (/system/etc/init/audioserver.rc:43) took 0ms and failed: service vendor.audio-hal-2-0 not found
[  385.525680] init: Command 'restart audio-hal-2-0' action=sys.audio.restart.hal=1 (/system/etc/init/audioserver.rc:44) took 2ms and failed: service audio-hal-2-0 not found
[  385.593092] init: Command 'setprop sys.audio.restart.hal 0' action=sys.audio.restart.hal=1 (/system/etc/init/audioserver.rc:46) took 64ms and succeeded
[  385.629802] init: processing action (init.svc.audioserver=running) from (/system/etc/init/audioserver.rc:32)
[  385.646635] init: Command 'start vendor.audio-hal-4-0-msd' action=init.svc.audioserver=running (/system/etc/init/audioserver.rc:34) took 0ms and failed: service vendor.audio-hal-4-0-msd not found
[  385.662414] init: Command 'start vendor.audio-hal-2-0' action=init.svc.audioserver=running (/system/etc/init/audioserver.rc:36) took 0ms and failed: service vendor.audio-hal-2-0 not found
[  385.680540] init: Command 'start audio-hal-2-0' action=init.svc.audioserver=running (/system/etc/init/audioserver.rc:37) took 13ms and failed: service audio-hal-2-0 not found
[  385.710501] init: processing action (init.svc.media=*) from (/system/etc/init/mediaserver.rc:1)
[  385.784988] init: Command 'setprop init.svc.mediadrm ${init.svc.media}' action=init.svc.media=* (/system/etc/init/mediaserver.rc:2) took 71ms and succeeded
[  385.816739] init: processing action (init.svc.mediadrm=running) from (/vendor/etc/init/android.hardware.drm@1.3-service.widevine.rc:1)
[  385.854185] init: processing action (init.svc.mediadrm=running) from (/vendor/etc/init/android.hardware.drm@1.3-service.widevine.rc:1)
[  385.879524] init: processing action (sys.audio.restart.hal=1) from (/system/etc/init/audioserver.rc:39)
[  385.883140] init: Sending signal 9 to service 'vendor.audio-hal' (pid 1044) process group...
[  386.118780] libprocessgroup: Successfully killed process cgroup uid 1041 pid 1044 in 228ms
[  386.205207] init: Command 'restart vendor.audio-hal' action=sys.audio.restart.hal=1 (/system/etc/init/audioserver.rc:40) took 319ms and succeeded
[  386.230718] init: Service 'vendor.audio-hal' (pid 1044) received signal 9
[  386.251695] init: Sending signal 9 to service 'audioserver' (pid 1043) process group...
[  386.358011] libprocessgroup: Successfully killed process cgroup uid 1041 pid 1043 in 98ms
[  386.492554] init: Command 'restart audioserver' action=onrestart (<Service 'vendor.audio-hal' onrestart>:1) took 259ms and succeeded
[  386.561631] init: Service 'audioserver' (pid 1043) received signal 9
[  386.643492] init: Command 'setprop sys.audio.restart.hal 1' action=onrestart (<Service 'audioserver' onrestart>:1) took 78ms and succeeded
[  386.702756] init: Command 'restart vendor.audio-hal-4-0-msd' action=sys.audio.restart.hal=1 (/system/etc/init/audioserver.rc:41) took 0ms and failed: service vendor.audio-hal-4-0-msd not found
[  386.727937] init: Command 'restart vendor.audio-hal-2-0' action=sys.audio.restart.hal=1 (/system/etc/init/audioserver.rc:43) took 0ms and failed: service vendor.audio-hal-2-0 not found
[  386.732454] init: Command 'restart audio-hal-2-0' action=sys.audio.restart.hal=1 (/system/etc/init/audioserver.rc:44) took 0ms and failed: service audio-hal-2-0 not found
[  386.787515] init: processing action (init.svc.audioserver=running) from (/system/etc/init/audioserver.rc:32)
[  386.824225] init: starting service 'vendor.audio-hal'...
[  387.503334] init: Command 'start vendor.audio-hal' action=init.svc.audioserver=running (/system/etc/init/audioserver.rc:33) took 676ms and succeeded
[  387.568313] init: Command 'start vendor.audio-hal-4-0-msd' action=init.svc.audioserver=running (/system/etc/init/audioserver.rc:34) took 18ms and failed: service vendor.audio-hal-4-0-msd not found
[  387.604287] init: Command 'start vendor.audio-hal-2-0' action=init.svc.audioserver=running (/system/etc/init/audioserver.rc:36) took 15ms and failed: service vendor.audio-hal-2-0 not found
[  387.646417] init: Command 'start audio-hal-2-0' action=init.svc.audioserver=running (/system/etc/init/audioserver.rc:37) took 1ms and failed: service audio-hal-2-0 not found
[  387.681026] init: processing action (init.svc.mediadrm=running) from (/vendor/etc/init/android.hardware.drm@1.3-service.widevine.rc:1)
[  387.762382] init: processing action (sys.audio.restart.hal=1) from (/system/etc/init/audioserver.rc:39)
[  387.764993] init: Sending signal 9 to service 'vendor.audio-hal' (pid 1045) process group...
[  388.056043] libprocessgroup: Successfully killed process cgroup uid 1041 pid 1045 in 254ms
[  388.231795] init: Command 'restart vendor.audio-hal' action=sys.audio.restart.hal=1 (/system/etc/init/audioserver.rc:40) took 459ms and succeeded
[  388.251443] init: Service 'vendor.audio-hal' (pid 1045) received signal 9
[  388.411892] init: Command 'restart vendor.audio-hal-4-0-msd' action=sys.audio.restart.hal=1 (/system/etc/init/audioserver.rc:41) took 0ms and failed: service vendor.audio-hal-4-0-msd not found
[  388.450500] init: Command 'restart vendor.audio-hal-2-0' action=sys.audio.restart.hal=1 (/system/etc/init/audioserver.rc:43) took 1ms and failed: service vendor.audio-hal-2-0 not found
[  388.475863] init: Command 'restart audio-hal-2-0' action=sys.audio.restart.hal=1 (/system/etc/init/audioserver.rc:44) took 0ms and failed: service audio-hal-2-0 not found
[  388.595052] init: Command 'setprop sys.audio.restart.hal 0' action=sys.audio.restart.hal=1 (/system/etc/init/audioserver.rc:46) took 87ms and succeeded
[  389.887859] init: starting service 'audioserver'...
[  391.847270] init: processing action (init.svc.audioserver=running) from (/system/etc/init/audioserver.rc:32)
[  392.028412] init: starting service 'vendor.audio-hal'...
[  392.561361] init: Command 'start vendor.audio-hal' action=init.svc.audioserver=running (/system/etc/init/audioserver.rc:33) took 667ms and succeeded
[  392.603395] init: Command 'start vendor.audio-hal-4-0-msd' action=init.svc.audioserver=running (/system/etc/init/audioserver.rc:34) took 2ms and failed: service vendor.audio-hal-4-0-msd not found
[  392.612524] init: Command 'start vendor.audio-hal-2-0' action=init.svc.audioserver=running (/system/etc/init/audioserver.rc:36) took 0ms and failed: service vendor.audio-hal-2-0 not found
[  392.654204] init: Command 'start audio-hal-2-0' action=init.svc.audioserver=running (/system/etc/init/audioserver.rc:37) took 10ms and failed: service audio-hal-2-0 not found
[  400.634168] init: Untracked pid 1019 received signal 14
[  400.916518] init: Untracked pid 1022 exited with status 0
[  401.241592] init: Service 'media.swcodec' (pid 992) received signal 11
[  401.260134] init: Sending signal 9 to service 'media.swcodec' (pid 992) process group...
[  401.356108] libprocessgroup: Successfully killed process cgroup uid 1046 pid 992 in 54ms
[  401.421252] init: updatable process 'media.swcodec' exited 4 times before boot completed
[  401.853466] init: processing action (sys.init.updatable_crashing=1) from (/system/etc/init/flags_health_check.rc:10)
[  401.914822] init: starting service 'exec 26 (/system/bin/flags_health_check UPDATABLE_CRASHING)'...
[  402.386032] init: SVC_EXEC service 'exec 26 (/system/bin/flags_health_check UPDATABLE_CRASHING)' pid 1066 (uid 1000 gid 1000+0 context default) started; waiting...
[  402.421956] init: Command 'exec - system system -- /system/bin/flags_health_check UPDATABLE_CRASHING' action=sys.init.updatable_crashing=1 (/system/etc/init/flags_health_check.rc:11) took 562ms and succeeded
[  402.543370] init: starting service 'media.swcodec'...
[  407.680720] init: Service 'exec 26 (/system/bin/flags_health_check UPDATABLE_CRASHING)' (pid 1066) exited with status 0 waiting took 5.468000 seconds
[  407.698422] init: Sending signal 9 to service 'exec 26 (/system/bin/flags_health_check UPDATABLE_CRASHING)' (pid 1066) process group...
[  407.741005] libprocessgroup: Successfully killed process cgroup uid 1000 pid 1066 in 20ms
[  408.771483] init: Untracked pid 1032 received signal 14
[  408.963134] init: Untracked pid 1036 exited with status 0
[  409.168047] init: Service 'mediaextractor' (pid 1003) received signal 11
[  409.178748] init: Sending signal 9 to service 'mediaextractor' (pid 1003) process group...
[  409.207160] libprocessgroup: Successfully killed process cgroup uid 1040 pid 1003 in 23ms
[  409.250237] init: updatable process 'mediaextractor' exited 4 times before boot completed
[  409.571296] init: processing action (sys.init.updatable_crashing=1) from (/system/etc/init/flags_health_check.rc:10)
[  409.637665] init: starting service 'exec 27 (/system/bin/flags_health_check UPDATABLE_CRASHING)'...
[  409.896041] init: SVC_EXEC service 'exec 27 (/system/bin/flags_health_check UPDATABLE_CRASHING)' pid 1077 (uid 1000 gid 1000+0 context default) started; waiting...
[  409.916321] init: Command 'exec - system system -- /system/bin/flags_health_check UPDATABLE_CRASHING' action=sys.init.updatable_crashing=1 (/system/etc/init/flags_health_check.rc:11) took 339ms and succeeded
[  410.015249] init: starting service 'mediaextractor'...
[  411.671882] selinux: SELinux: Could not get canonical path for /sys/devices/virtual/net/ipsec_test/queues/tx-0 restorecon: No such file or directory.
[  411.678372] selinux: 
[  411.700881] ueventd: selinux_android_restorecon(/sys/devices/virtual/net/ipsec_test/queues/tx-0) failed: No such file or directory
[  412.419403] type=1400 audit(1790540161.208:4): avc: denied { getattr } for comm=73796E6320737663203137 path="/data/tombstones" dev="dm-4" ino=24578 scontext=u:r:adbd:s0 tcontext=u:object_r:tombstone_data_file:s0 tclass=dir permissive=0
[  414.850292] init: Service 'exec 27 (/system/bin/flags_health_check UPDATABLE_CRASHING)' (pid 1077) exited with status 0 waiting took 5.021000 seconds
[  414.856359] init: Sending signal 9 to service 'exec 27 (/system/bin/flags_health_check UPDATABLE_CRASHING)' (pid 1077) process group...
[  414.876937] libprocessgroup: Successfully killed process cgroup uid 1000 pid 1077 in 13ms
[  416.421093] init: Untracked pid 1050 exited with status 0
[  416.529094] init: Service 'zygote' (pid 1030) received signal 11
[  416.554562] init: Sending signal 9 to service 'zygote' (pid 1030) process group...
[  416.639185] libprocessgroup: Successfully killed process cgroup uid 0 pid 1030 in 61ms
[  416.670970] init: updatable process 'zygote' exited 4 times before boot completed
[  416.838414] init: starting service 'exec 28 (/system/bin/vdc volume abort_fuse)'...
[  417.090309] init: Command 'exec_background - system system -- /system/bin/vdc volume abort_fuse' action=onrestart (<Service 'zygote' onrestart>:1) took 265ms and succeeded
[  417.208603] init: Command 'write /sys/power/state on' action=onrestart (<Service 'zygote' onrestart>:2) took 111ms and failed: Unable to write to file '/sys/power/state': Unable to write file contents: Invalid argument
[  417.232250] init: Sending signal 9 to service 'audioserver' (pid 1051) process group...
[  417.976276] libprocessgroup: Successfully killed process cgroup uid 1041 pid 1051 in 720ms
[  418.104855] type=1400 audit(1790540166.776:5): avc: denied { getattr } for comm="ls" path="/data/tombstones" dev="dm-4" ino=24578 scontext=u:r:shell:s0 tcontext=u:object_r:tombstone_data_file:s0 tclass=dir permissive=0
[  418.124006] init: Command 'restart audioserver' action=onrestart (<Service 'zygote' onrestart>:3) took 902ms and succeeded
[  418.143046] init: Sending signal 9 to service 'cameraserver' (pid 1033) process group...
[  418.548272] libprocessgroup: Successfully killed process cgroup uid 1047 pid 1033 in 392ms
[  418.609142] init: Command 'restart cameraserver' action=onrestart (<Service 'zygote' onrestart>:4) took 482ms and succeeded
[  418.625259] init: Sending signal 9 to service 'media' (pid 1035) process group...
[  419.015482] libprocessgroup: Successfully killed process cgroup uid 1013 pid 1035 in 384ms
[  419.099354] init: Command 'restart media' action=onrestart (<Service 'zygote' onrestart>:5) took 486ms and succeeded
[  419.111718] init: Sending signal 9 to service 'netd' (pid 1037) process group...
[  419.528265] libprocessgroup: Successfully killed process cgroup uid 0 pid 1037 in 410ms
[  419.606493] init: Command 'restart netd' action=onrestart (<Service 'zygote' onrestart>:6) took 493ms and succeeded
[  419.623125] init: Sending signal 9 to service 'wificond' (pid 1038) process group...
[  419.794969] libprocessgroup: Successfully killed process cgroup uid 1010 pid 1038 in 144ms
[  419.855708] init: Command 'restart wificond' action=onrestart (<Service 'zygote' onrestart>:7) took 240ms and succeeded
[  420.021088] init: Service 'cameraserver' (pid 1033) received signal 9
[  420.136169] init: Service 'media' (pid 1035) received signal 9
[  420.229458] init: Service 'netd' (pid 1037) received signal 9
[  420.265042] init: Command 'restart zygote_secondary' action=onrestart (<Service 'netd' onrestart>:2) took 4ms and failed: service zygote_secondary not found
[  420.376427] init: Service 'wificond' (pid 1038) received signal 9
[  420.460259] init: Service 'audioserver' (pid 1051) received signal 9
[  420.517259] init: Command 'setprop sys.audio.restart.hal 1' action=onrestart (<Service 'audioserver' onrestart>:1) took 53ms and succeeded
[  420.575839] init: Untracked pid 1054 exited with status 0
[  420.596918] init: Untracked pid 1073 received signal 9
[  420.605215] init: Untracked pid 1076 received signal 9
[  420.614816] init: Untracked pid 1078 received signal 9
[  420.630851] init: Untracked pid 1082 received signal 9
[  420.648527] init: Service 'exec 28 (/system/bin/vdc volume abort_fuse)' (pid 1108) exited with status 0 oneshot service took 3.641000 seconds in background
[  420.659829] init: Sending signal 9 to service 'exec 28 (/system/bin/vdc volume abort_fuse)' (pid 1108) process group...
[  420.679574] libprocessgroup: Successfully killed process cgroup uid 1000 pid 1108 in 14ms
[  420.692169] init: Untracked pid 1057 received signal 9
[  420.699467] init: Untracked pid 1058 received signal 9
[  420.727067] init: processing action (sys.init.updatable_crashing=1) from (/system/etc/init/flags_health_check.rc:10)
[  420.751460] init: starting service 'exec 29 (/system/bin/flags_health_check UPDATABLE_CRASHING)'...
[  420.957261] init: SVC_EXEC service 'exec 29 (/system/bin/flags_health_check UPDATABLE_CRASHING)' pid 1118 (uid 1000 gid 1000+0 context default) started; waiting...
[  420.982689] init: Command 'exec - system system -- /system/bin/flags_health_check UPDATABLE_CRASHING' action=sys.init.updatable_crashing=1 (/system/etc/init/flags_health_check.rc:11) took 236ms and succeeded
[  421.013864] init: starting service 'zygote'...
[  421.167254] init: Created socket '/dev/socket/zygote', mode 660, user 0, group 1000
[  421.229988] init: Created socket '/dev/socket/usap_pool_primary', mode 660, user 0, group 1000
[  421.683938] init: starting service 'audioserver'...
[  422.035673] init: starting service 'cameraserver'...
[  422.388363] init: starting service 'media'...
[  422.796376] libprocessgroup: Failed to open /dev/cpuset/camera-daemon/tasks: No such file or directory: No such file or directory
[  422.821473] libprocessgroup: Failed to apply CameraServiceCapacity task profile: No such file or directory
[  423.020485] init: starting service 'netd'...
[  423.187294] init: Created socket '/dev/socket/dnsproxyd', mode 660, user 0, group 3003
[  423.344562] init: Created socket '/dev/socket/mdns', mode 660, user 0, group 1000
[  423.429119] init: Created socket '/dev/socket/fwmarkd', mode 660, user 0, group 3003
[  424.080605] init: starting service 'wificond'...
[  425.732456] init: Service 'exec 29 (/system/bin/flags_health_check UPDATABLE_CRASHING)' (pid 1118) exited with status 0 waiting took 4.864000 seconds
[  425.735049] init: Sending signal 9 to service 'exec 29 (/system/bin/flags_health_check UPDATABLE_CRASHING)' (pid 1118) process group...
[  425.790601] libprocessgroup: Successfully killed process cgroup uid 1000 pid 1118 in 17ms
[  425.866221] init: processing action (init.svc.media=*) from (/system/etc/init/mediaserver.rc:1)
[  425.963027] init: Command 'setprop init.svc.mediadrm ${init.svc.media}' action=init.svc.media=* (/system/etc/init/mediaserver.rc:2) took 87ms and succeeded
[  425.983409] init: processing action (init.svc.media=*) from (/system/etc/init/mediaserver.rc:1)
[  426.055296] init: Command 'setprop init.svc.mediadrm ${init.svc.media}' action=init.svc.media=* (/system/etc/init/mediaserver.rc:2) took 69ms and succeeded
[  426.069014] init: processing action (sys.audio.restart.hal=1) from (/system/etc/init/audioserver.rc:39)
[  426.096485] init: Sending signal 9 to service 'vendor.audio-hal' (pid 1056) process group...
[  426.424782] libprocessgroup: Successfully killed process cgroup uid 1041 pid 1056 in 319ms
[  426.496605] init: Command 'restart vendor.audio-hal' action=sys.audio.restart.hal=1 (/system/etc/init/audioserver.rc:40) took 398ms and succeeded
[  426.509216] init: Service 'vendor.audio-hal' (pid 1056) received signal 9
[  426.568119] init: Sending signal 9 to service 'audioserver' (pid 1120) process group...
[  426.691540] libprocessgroup: Successfully killed process cgroup uid 1041 pid 1120 in 119ms
[  426.778826] init: Command 'restart audioserver' action=onrestart (<Service 'vendor.audio-hal' onrestart>:1) took 238ms and succeeded
[  426.835135] init: Service 'audioserver' (pid 1120) received signal 9
[  426.893345] init: Command 'setprop sys.audio.restart.hal 1' action=onrestart (<Service 'audioserver' onrestart>:1) took 55ms and succeeded
[  426.992292] init: Command 'restart vendor.audio-hal-4-0-msd' action=sys.audio.restart.hal=1 (/system/etc/init/audioserver.rc:41) took 0ms and failed: service vendor.audio-hal-4-0-msd not found
[  427.028160] init: starting service 'audioserver'...
[  427.426080] init: starting service 'vendor.audio-hal'...
[  427.983990] init: Command 'restart vendor.audio-hal-2-0' action=sys.audio.restart.hal=1 (/system/etc/init/audioserver.rc:43) took 16ms and failed: service vendor.audio-hal-2-0 not found
[  428.028656] init: Command 'restart audio-hal-2-0' action=sys.audio.restart.hal=1 (/system/etc/init/audioserver.rc:44) took 1ms and failed: service audio-hal-2-0 not found
[  428.116529] init: Command 'setprop sys.audio.restart.hal 0' action=sys.audio.restart.hal=1 (/system/etc/init/audioserver.rc:46) took 73ms and succeeded
[  428.141104] init: processing action (init.svc.audioserver=running) from (/system/etc/init/audioserver.rc:32)
[  428.164229] init: Command 'start vendor.audio-hal-4-0-msd' action=init.svc.audioserver=running (/system/etc/init/audioserver.rc:34) took 0ms and failed: service vendor.audio-hal-4-0-msd not found
[  428.184772] init: Command 'start vendor.audio-hal-2-0' action=init.svc.audioserver=running (/system/etc/init/audioserver.rc:36) took 0ms and failed: service vendor.audio-hal-2-0 not found
[  428.203415] init: Command 'start audio-hal-2-0' action=init.svc.audioserver=running (/system/etc/init/audioserver.rc:37) took 0ms and failed: service audio-hal-2-0 not found
[  428.218751] init: processing action (init.svc.media=*) from (/system/etc/init/mediaserver.rc:1)
[  428.283852] init: Command 'setprop init.svc.mediadrm ${init.svc.media}' action=init.svc.media=* (/system/etc/init/mediaserver.rc:2) took 62ms and succeeded
[  428.325306] init: processing action (init.svc.mediadrm=running) from (/vendor/etc/init/android.hardware.drm@1.3-service.widevine.rc:1)
[  428.395830] init: Command 'mkdir /data/vendor/mediadrm 0770 media mediadrm' action=init.svc.mediadrm=running (/vendor/etc/init/android.hardware.drm@1.3-service.widevine.rc:2) took 67ms and succeeded
[  428.460304] init: processing action (init.svc.mediadrm=running) from (/vendor/etc/init/android.hardware.drm@1.3-service.widevine.rc:1)
[  428.526964] init: processing action (sys.audio.restart.hal=1) from (/system/etc/init/audioserver.rc:39)
[  428.546191] init: Sending signal 9 to service 'vendor.audio-hal' (pid 1129) process group...
[  428.856267] libprocessgroup: Successfully killed process cgroup uid 1041 pid 1129 in 284ms
[  428.948720] init: Command 'restart vendor.audio-hal' action=sys.audio.restart.hal=1 (/system/etc/init/audioserver.rc:40) took 414ms and succeeded
[  428.967876] init: Service 'vendor.audio-hal' (pid 1129) received signal 9
[  428.988684] init: Sending signal 9 to service 'audioserver' (pid 1127) process group...
[  429.083035] libprocessgroup: Successfully killed process cgroup uid 1041 pid 1127 in 85ms
[  429.190832] init: Command 'restart audioserver' action=onrestart (<Service 'vendor.audio-hal' onrestart>:1) took 209ms and succeeded
[  429.268720] init: Service 'audioserver' (pid 1127) received signal 9
[  429.347074] init: Command 'setprop sys.audio.restart.hal 1' action=onrestart (<Service 'audioserver' onrestart>:1) took 67ms and succeeded
[  429.456989] init: Command 'restart vendor.audio-hal-4-0-msd' action=sys.audio.restart.hal=1 (/system/etc/init/audioserver.rc:41) took 0ms and failed: service vendor.audio-hal-4-0-msd not found
[  429.461021] init: Command 'restart vendor.audio-hal-2-0' action=sys.audio.restart.hal=1 (/system/etc/init/audioserver.rc:43) took 0ms and failed: service vendor.audio-hal-2-0 not found
[  429.495313] init: Command 'restart audio-hal-2-0' action=sys.audio.restart.hal=1 (/system/etc/init/audioserver.rc:44) took 0ms and failed: service audio-hal-2-0 not found
[  429.563005] init: Command 'setprop sys.audio.restart.hal 0' action=sys.audio.restart.hal=1 (/system/etc/init/audioserver.rc:46) took 62ms and succeeded
[  429.580260] init: processing action (init.svc.audioserver=running) from (/system/etc/init/audioserver.rc:32)
[  429.685779] init: starting service 'vendor.audio-hal'...
[  430.249175] init: Command 'start vendor.audio-hal' action=init.svc.audioserver=running (/system/etc/init/audioserver.rc:33) took 642ms and succeeded
[  430.286944] init: Command 'start vendor.audio-hal-4-0-msd' action=init.svc.audioserver=running (/system/etc/init/audioserver.rc:34) took 1ms and failed: service vendor.audio-hal-4-0-msd not found
[  430.308364] init: Command 'start vendor.audio-hal-2-0' action=init.svc.audioserver=running (/system/etc/init/audioserver.rc:36) took 0ms and failed: service vendor.audio-hal-2-0 not found
[  430.327932] init: Command 'start audio-hal-2-0' action=init.svc.audioserver=running (/system/etc/init/audioserver.rc:37) took 1ms and failed: service audio-hal-2-0 not found
[  430.356799] init: processing action (init.svc.mediadrm=running) from (/vendor/etc/init/android.hardware.drm@1.3-service.widevine.rc:1)
[  430.434803] init: processing action (sys.audio.restart.hal=1) from (/system/etc/init/audioserver.rc:39)
[  430.442523] init: Sending signal 9 to service 'vendor.audio-hal' (pid 1133) process group...
[  430.907654] libprocessgroup: Successfully killed process cgroup uid 1041 pid 1133 in 426ms
[  431.070014] init: Command 'restart vendor.audio-hal' action=sys.audio.restart.hal=1 (/system/etc/init/audioserver.rc:40) took 614ms and succeeded
[  431.090618] init: Service 'vendor.audio-hal' (pid 1133) received signal 9
[  431.215281] init: Command 'restart vendor.audio-hal-4-0-msd' action=sys.audio.restart.hal=1 (/system/etc/init/audioserver.rc:41) took 0ms and failed: service vendor.audio-hal-4-0-msd not found
[  431.261682] init: Command 'restart vendor.audio-hal-2-0' action=sys.audio.restart.hal=1 (/system/etc/init/audioserver.rc:43) took 1ms and failed: service vendor.audio-hal-2-0 not found
[  431.282284] init: Command 'restart audio-hal-2-0' action=sys.audio.restart.hal=1 (/system/etc/init/audioserver.rc:44) took 0ms and failed: service audio-hal-2-0 not found
[  431.442866] init: Command 'setprop sys.audio.restart.hal 0' action=sys.audio.restart.hal=1 (/system/etc/init/audioserver.rc:46) took 136ms and succeeded
[  432.223540] init: starting service 'audioserver'...
[  433.008671] init: processing action (init.svc.audioserver=running) from (/system/etc/init/audioserver.rc:32)
[  433.067266] init: starting service 'vendor.audio-hal'...
[  433.523319] init: Command 'start vendor.audio-hal' action=init.svc.audioserver=running (/system/etc/init/audioserver.rc:33) took 485ms and succeeded
[  433.547138] init: Command 'start vendor.audio-hal-4-0-msd' action=init.svc.audioserver=running (/system/etc/init/audioserver.rc:34) took 0ms and failed: service vendor.audio-hal-4-0-msd not found
[  433.561887] init: Command 'start vendor.audio-hal-2-0' action=init.svc.audioserver=running (/system/etc/init/audioserver.rc:36) took 0ms and failed: service vendor.audio-hal-2-0 not found
[  433.580392] init: Command 'start audio-hal-2-0' action=init.svc.audioserver=running (/system/etc/init/audioserver.rc:37) took 0ms and failed: service audio-hal-2-0 not found
[  440.738565] healthd: battery none chg=a
[  449.184923] init: Untracked pid 1109 received signal 14
[  449.471443] init: Untracked pid 1117 exited with status 0
[  449.860240] init: Untracked pid 1113 received signal 14
[  450.111807] init: Untracked pid 1116 exited with status 0
[  450.268730] init: Service 'media.swcodec' (pid 1067) received signal 11
[  450.272015] init: Sending signal 9 to service 'media.swcodec' (pid 1067) process group...
[  450.343365] libprocessgroup: Successfully killed process cgroup uid 1046 pid 1067 in 24ms
[  450.375396] init: updatable process 'media.swcodec' exited 4 times before boot completed
[  450.709776] init: Service 'storaged' (pid 981) received signal 11
[  450.739874] init: Sending signal 9 to service 'storaged' (pid 981) process group...
[  450.763256] libprocessgroup: Successfully killed process cgroup uid 0 pid 981 in 6ms
[  450.913232] init: processing action (sys.init.updatable_crashing=1) from (/system/etc/init/flags_health_check.rc:10)
[  450.996210] init: starting service 'exec 30 (/system/bin/flags_health_check UPDATABLE_CRASHING)'...
[  451.396356] init: SVC_EXEC service 'exec 30 (/system/bin/flags_health_check UPDATABLE_CRASHING)' pid 1192 (uid 1000 gid 1000+0 context default) started; waiting...
[  451.410638] init: Command 'exec - system system -- /system/bin/flags_health_check UPDATABLE_CRASHING' action=sys.init.updatable_crashing=1 (/system/etc/init/flags_health_check.rc:11) took 491ms and succeeded
[  451.486166] init: starting service 'storaged'...
[  451.512104] init: Could not open file '/d/mmc0/mmc0:0001/ext_csd': Failed to open file '/d/mmc0/mmc0:0001/ext_csd': No such file or directory
[  452.037103] init: starting service 'media.swcodec'...
[  455.617822] init: Service 'exec 30 (/system/bin/flags_health_check UPDATABLE_CRASHING)' (pid 1192) exited with status 0 waiting took 4.307000 seconds
[  455.621355] init: Sending signal 9 to service 'exec 30 (/system/bin/flags_health_check UPDATABLE_CRASHING)' (pid 1192) process group...
[  455.669599] libprocessgroup: Successfully killed process cgroup uid 1000 pid 1192 in 25ms
[  461.776246] init: Untracked pid 1137 exited with status 0
[  461.876891] init: Untracked pid 1142 exited with status 0
[  461.980394] init: Service 'zygote' (pid 1119) received signal 11
[  461.983021] init: Sending signal 9 to service 'zygote' (pid 1119) process group...
[  462.015452] libprocessgroup: Successfully killed process cgroup uid 0 pid 1119 in 15ms
[  462.074990] init: updatable process 'zygote' exited 4 times before boot completed
[  462.211718] init: starting service 'exec 31 (/system/bin/vdc volume abort_fuse)'...
[  462.460372] init: Command 'exec_background - system system -- /system/bin/vdc volume abort_fuse' action=onrestart (<Service 'zygote' onrestart>:1) took 282ms and succeeded
[  462.549824] init: Command 'write /sys/power/state on' action=onrestart (<Service 'zygote' onrestart>:2) took 65ms and failed: Unable to write to file '/sys/power/state': Unable to write file contents: Invalid argument
[  462.560095] init: Sending signal 9 to service 'audioserver' (pid 1138) process group...
[  463.100667] libprocessgroup: Successfully killed process cgroup uid 1041 pid 1138 in 531ms
[  463.199900] init: Command 'restart audioserver' action=onrestart (<Service 'zygote' onrestart>:3) took 641ms and succeeded
[  463.210734] init: Sending signal 9 to service 'cameraserver' (pid 1121) process group...
[  463.663753] libprocessgroup: Successfully killed process cgroup uid 1047 pid 1121 in 426ms
[  463.747331] init: Command 'restart cameraserver' action=onrestart (<Service 'zygote' onrestart>:4) took 534ms and succeeded
[  463.768359] init: Sending signal 9 to service 'media' (pid 1122) process group...
[  464.071446] libprocessgroup: Successfully killed process cgroup uid 1013 pid 1122 in 298ms
[  464.308023] init: Command 'restart media' action=onrestart (<Service 'zygote' onrestart>:5) took 557ms and succeeded
[  464.311686] init: Sending signal 9 to service 'netd' (pid 1124) process group...
[  464.613722] libprocessgroup: Successfully killed process cgroup uid 0 pid 1124 in 297ms
[  464.686435] init: Command 'restart netd' action=onrestart (<Service 'zygote' onrestart>:6) took 372ms and succeeded
[  464.690080] init: Sending signal 9 to service 'wificond' (pid 1126) process group...
[  464.880186] libprocessgroup: Successfully killed process cgroup uid 1010 pid 1126 in 185ms
[  464.960122] init: Command 'restart wificond' action=onrestart (<Service 'zygote' onrestart>:7) took 270ms and succeeded
[  465.131931] init: Service 'mediaextractor' (pid 1079) received signal 11
[  465.136320] init: Sending signal 9 to service 'mediaextractor' (pid 1079) process group...
[  465.164484] libprocessgroup: Successfully killed process cgroup uid 1040 pid 1079 in 13ms
[  465.189641] init: updatable process 'mediaextractor' exited 4 times before boot completed
[  465.436131] init: Service 'cameraserver' (pid 1121) received signal 9
[  465.529304] init: Service 'media' (pid 1122) received signal 9
[  465.661822] init: Service 'netd' (pid 1124) received signal 9
[  465.672555] init: Command 'restart zygote_secondary' action=onrestart (<Service 'netd' onrestart>:2) took 0ms and failed: service zygote_secondary not found
[  465.760024] init: Service 'wificond' (pid 1126) received signal 9
[  465.824522] init: Service 'audioserver' (pid 1138) received signal 9
[  465.913262] init: Command 'setprop sys.audio.restart.hal 1' action=onrestart (<Service 'audioserver' onrestart>:1) took 75ms and succeeded
[  465.991850] init: Untracked pid 1136 received signal 14
[  466.005333] init: Untracked pid 1143 exited with status 0
[  466.020728] init: Untracked pid 1167 received signal 9
[  466.036063] init: Untracked pid 1163 received signal 9
[  466.052091] init: Untracked pid 1164 received signal 9
[  466.070264] init: Untracked pid 1168 received signal 9
[  466.079857] init: Service 'exec 31 (/system/bin/vdc volume abort_fuse)' (pid 1214) exited with status 0 oneshot service took 3.710000 seconds in background
[  466.082329] init: Sending signal 9 to service 'exec 31 (/system/bin/vdc volume abort_fuse)' (pid 1214) process group...
[  466.105776] libprocessgroup: Successfully killed process cgroup uid 1000 pid 1214 in 12ms
[  466.130566] init: Untracked pid 1146 received signal 9
[  466.143811] init: Untracked pid 1147 received signal 9
[  466.164551] init: processing action (sys.init.updatable_crashing=1) from (/system/etc/init/flags_health_check.rc:10)
[  466.207101] init: starting service 'exec 32 (/system/bin/flags_health_check UPDATABLE_CRASHING)'...
[  466.412350] init: SVC_EXEC service 'exec 32 (/system/bin/flags_health_check UPDATABLE_CRASHING)' pid 1224 (uid 1000 gid 1000+0 context default) started; waiting...
[  466.420575] init: Command 'exec - system system -- /system/bin/flags_health_check UPDATABLE_CRASHING' action=sys.init.updatable_crashing=1 (/system/etc/init/flags_health_check.rc:11) took 248ms and succeeded
[  466.441885] init: starting service 'zygote'...
[  466.503095] init: Created socket '/dev/socket/zygote', mode 660, user 0, group 1000
[  466.578641] init: Created socket '/dev/socket/usap_pool_primary', mode 660, user 0, group 1000
[  466.878443] init: starting service 'audioserver'...
[  467.220463] init: starting service 'cameraserver'...
[  467.696321] init: starting service 'mediaextractor'...
[  468.119330] init: starting service 'media'...
[  468.392072] libprocessgroup: Failed to open /dev/cpuset/camera-daemon/tasks: No such file or directory: No such file or directory
[  468.395136] libprocessgroup: Failed to apply CameraServiceCapacity task profile: No such file or directory
[  468.871922] init: starting service 'netd'...
[  469.048232] init: Created socket '/dev/socket/dnsproxyd', mode 660, user 0, group 3003
[  469.190778] init: Created socket '/dev/socket/mdns', mode 660, user 0, group 1000
[  469.279207] init: Created socket '/dev/socket/fwmarkd', mode 660, user 0, group 3003
[  469.877538] init: starting service 'wificond'...
[  470.769121] init: Service 'exec 32 (/system/bin/flags_health_check UPDATABLE_CRASHING)' (pid 1224) exited with status 0 waiting took 4.397000 seconds
[  470.787860] init: Sending signal 9 to service 'exec 32 (/system/bin/flags_health_check UPDATABLE_CRASHING)' (pid 1224) process group...
[  470.855993] libprocessgroup: Successfully killed process cgroup uid 1000 pid 1224 in 25ms
[  470.928370] init: processing action (init.svc.media=*) from (/system/etc/init/mediaserver.rc:1)
[  471.020434] init: Command 'setprop init.svc.mediadrm ${init.svc.media}' action=init.svc.media=* (/system/etc/init/mediaserver.rc:2) took 63ms and succeeded
[  471.043565] init: processing action (sys.init.updatable_crashing=1) from (/system/etc/init/flags_health_check.rc:10)
[  471.155657] init: starting service 'exec 33 (/system/bin/flags_health_check UPDATABLE_CRASHING)'...
[  471.447306] init: SVC_EXEC service 'exec 33 (/system/bin/flags_health_check UPDATABLE_CRASHING)' pid 1234 (uid 1000 gid 1000+0 context default) started; waiting...
[  471.464350] init: Command 'exec - system system -- /system/bin/flags_health_check UPDATABLE_CRASHING' action=sys.init.updatable_crashing=1 (/system/etc/init/flags_health_check.rc:11) took 403ms and succeeded
[  476.518734] init: Service 'exec 33 (/system/bin/flags_health_check UPDATABLE_CRASHING)' (pid 1234) exited with status 0 waiting took 5.195000 seconds
[  476.532224] init: Sending signal 9 to service 'exec 33 (/system/bin/flags_health_check UPDATABLE_CRASHING)' (pid 1234) process group...
[  476.602397] libprocessgroup: Successfully killed process cgroup uid 1000 pid 1234 in 37ms
[  476.706327] init: processing action (init.svc.media=*) from (/system/etc/init/mediaserver.rc:1)
[  476.823404] init: Command 'setprop init.svc.mediadrm ${init.svc.media}' action=init.svc.media=* (/system/etc/init/mediaserver.rc:2) took 113ms and succeeded
[  476.852350] init: processing action (sys.audio.restart.hal=1) from (/system/etc/init/audioserver.rc:39)
[  476.890530] init: Sending signal 9 to service 'vendor.audio-hal' (pid 1144) process group...
[  477.378970] libprocessgroup: Successfully killed process cgroup uid 1041 pid 1144 in 471ms
[  477.532546] init: Command 'restart vendor.audio-hal' action=sys.audio.restart.hal=1 (/system/etc/init/audioserver.rc:40) took 653ms and succeeded
[  477.664253] init: Service 'vendor.audio-hal' (pid 1144) received signal 9
[  477.712596] init: Sending signal 9 to service 'audioserver' (pid 1227) process group...
[  478.397714] libprocessgroup: Successfully killed process cgroup uid 1041 pid 1227 in 662ms
[  478.506813] init: Command 'restart audioserver' action=onrestart (<Service 'vendor.audio-hal' onrestart>:1) took 838ms and succeeded
[  478.637146] init: Service 'audioserver' (pid 1227) received signal 9
[  478.701344] init: Command 'setprop sys.audio.restart.hal 1' action=onrestart (<Service 'audioserver' onrestart>:1) took 60ms and succeeded
[  478.861719] init: Command 'restart vendor.audio-hal-4-0-msd' action=sys.audio.restart.hal=1 (/system/etc/init/audioserver.rc:41) took 0ms and failed: service vendor.audio-hal-4-0-msd not found
[  478.902295] init: starting service 'audioserver'...
[  479.254517] init: starting service 'vendor.audio-hal'...
[  479.715351] init: Command 'restart vendor.audio-hal-2-0' action=sys.audio.restart.hal=1 (/system/etc/init/audioserver.rc:43) took 0ms and failed: service vendor.audio-hal-2-0 not found
[  479.740426] init: Command 'restart audio-hal-2-0' action=sys.audio.restart.hal=1 (/system/etc/init/audioserver.rc:44) took 0ms and failed: service audio-hal-2-0 not found
[  479.823537] init: Command 'setprop sys.audio.restart.hal 0' action=sys.audio.restart.hal=1 (/system/etc/init/audioserver.rc:46) took 79ms and succeeded
[  479.832685] init: processing action (init.svc.audioserver=running) from (/system/etc/init/audioserver.rc:32)
[  479.861478] init: Command 'start vendor.audio-hal-4-0-msd' action=init.svc.audioserver=running (/system/etc/init/audioserver.rc:34) took 0ms and failed: service vendor.audio-hal-4-0-msd not found
[  479.893613] init: Command 'start vendor.audio-hal-2-0' action=init.svc.audioserver=running (/system/etc/init/audioserver.rc:36) took 0ms and failed: service vendor.audio-hal-2-0 not found
[  479.930544] init: Command 'start audio-hal-2-0' action=init.svc.audioserver=running (/system/etc/init/audioserver.rc:37) took 0ms and failed: service audio-hal-2-0 not found
[  479.943446] init: processing action (init.svc.media=*) from (/system/etc/init/mediaserver.rc:1)
[  480.011905] init: Command 'setprop init.svc.mediadrm ${init.svc.media}' action=init.svc.media=* (/system/etc/init/mediaserver.rc:2) took 66ms and succeeded
[  480.030947] init: processing action (init.svc.mediadrm=running) from (/vendor/etc/init/android.hardware.drm@1.3-service.widevine.rc:1)
[  480.087230] init: Command 'mkdir /data/vendor/mediadrm 0770 media mediadrm' action=init.svc.mediadrm=running (/vendor/etc/init/android.hardware.drm@1.3-service.widevine.rc:2) took 53ms and succeeded
[  480.129842] init: processing action (init.svc.mediadrm=running) from (/vendor/etc/init/android.hardware.drm@1.3-service.widevine.rc:1)
[  480.252596] init: processing action (sys.audio.restart.hal=1) from (/system/etc/init/audioserver.rc:39)
[  480.255544] init: Sending signal 9 to service 'vendor.audio-hal' (pid 1244) process group...
[  480.553475] libprocessgroup: Successfully killed process cgroup uid 1041 pid 1244 in 243ms
[  480.656330] init: Command 'restart vendor.audio-hal' action=sys.audio.restart.hal=1 (/system/etc/init/audioserver.rc:40) took 399ms and succeeded
[  480.682899] init: Service 'vendor.audio-hal' (pid 1244) received signal 9
[  480.697449] init: Sending signal 9 to service 'audioserver' (pid 1243) process group...
[  480.790875] libprocessgroup: Successfully killed process cgroup uid 1041 pid 1243 in 77ms
[  480.908104] init: Command 'restart audioserver' action=onrestart (<Service 'vendor.audio-hal' onrestart>:1) took 222ms and succeeded
[  480.967858] init: Service 'audioserver' (pid 1243) received signal 9
[  481.053124] init: Command 'setprop sys.audio.restart.hal 1' action=onrestart (<Service 'audioserver' onrestart>:1) took 81ms and succeeded
[  481.164241] init: Command 'restart vendor.audio-hal-4-0-msd' action=sys.audio.restart.hal=1 (/system/etc/init/audioserver.rc:41) took 0ms and failed: service vendor.audio-hal-4-0-msd not found
[  481.187812] init: Command 'restart vendor.audio-hal-2-0' action=sys.audio.restart.hal=1 (/system/etc/init/audioserver.rc:43) took 0ms and failed: service vendor.audio-hal-2-0 not found
[  481.213906] init: Command 'restart audio-hal-2-0' action=sys.audio.restart.hal=1 (/system/etc/init/audioserver.rc:44) took 0ms and failed: service audio-hal-2-0 not found
[  481.276644] init: processing action (init.svc.audioserver=running) from (/system/etc/init/audioserver.rc:32)
[  481.328467] init: starting service 'vendor.audio-hal'...
[  481.955972] init: Command 'start vendor.audio-hal' action=init.svc.audioserver=running (/system/etc/init/audioserver.rc:33) took 642ms and succeeded
[  481.968467] init: Command 'start vendor.audio-hal-4-0-msd' action=init.svc.audioserver=running (/system/etc/init/audioserver.rc:34) took 0ms and failed: service vendor.audio-hal-4-0-msd not found
[  482.007687] init: Command 'start vendor.audio-hal-2-0' action=init.svc.audioserver=running (/system/etc/init/audioserver.rc:36) took 0ms and failed: service vendor.audio-hal-2-0 not found
[  482.019111] init: Command 'start audio-hal-2-0' action=init.svc.audioserver=running (/system/etc/init/audioserver.rc:37) took 8ms and failed: service audio-hal-2-0 not found
[  482.039643] init: processing action (init.svc.mediadrm=running) from (/vendor/etc/init/android.hardware.drm@1.3-service.widevine.rc:1)
[  482.108664] init: processing action (sys.audio.restart.hal=1) from (/system/etc/init/audioserver.rc:39)
[  482.138159] init: Sending signal 9 to service 'vendor.audio-hal' (pid 1248) process group...
[  482.423642] libprocessgroup: Successfully killed process cgroup uid 1041 pid 1248 in 280ms
[  482.518197] init: Command 'restart vendor.audio-hal' action=sys.audio.restart.hal=1 (/system/etc/init/audioserver.rc:40) took 389ms and succeeded
[  482.537173] init: Service 'vendor.audio-hal' (pid 1248) received signal 9
[  482.650101] init: Command 'restart vendor.audio-hal-4-0-msd' action=sys.audio.restart.hal=1 (/system/etc/init/audioserver.rc:41) took 9ms and failed: service vendor.audio-hal-4-0-msd not found
[  482.670733] init: Command 'restart vendor.audio-hal-2-0' action=sys.audio.restart.hal=1 (/system/etc/init/audioserver.rc:43) took 0ms and failed: service vendor.audio-hal-2-0 not found
[  482.704481] init: Command 'restart audio-hal-2-0' action=sys.audio.restart.hal=1 (/system/etc/init/audioserver.rc:44) took 0ms and failed: service audio-hal-2-0 not found
[  482.787926] init: Command 'setprop sys.audio.restart.hal 0' action=sys.audio.restart.hal=1 (/system/etc/init/audioserver.rc:46) took 67ms and succeeded
[  484.016368] init: starting service 'audioserver'...
[  484.469571] init: processing action (init.svc.audioserver=running) from (/system/etc/init/audioserver.rc:32)
[  484.564857] init: starting service 'vendor.audio-hal'...
[  485.351928] init: Command 'start vendor.audio-hal' action=init.svc.audioserver=running (/system/etc/init/audioserver.rc:33) took 809ms and succeeded
[  485.387104] init: Command 'start vendor.audio-hal-4-0-msd' action=init.svc.audioserver=running (/system/etc/init/audioserver.rc:34) took 0ms and failed: service vendor.audio-hal-4-0-msd not found
[  485.434475] init: Command 'start vendor.audio-hal-2-0' action=init.svc.audioserver=running (/system/etc/init/audioserver.rc:36) took 1ms and failed: service vendor.audio-hal-2-0 not found
[  485.455977] init: Command 'start audio-hal-2-0' action=init.svc.audioserver=running (/system/etc/init/audioserver.rc:37) took 0ms and failed: service audio-hal-2-0 not found
[  496.138954] init: Untracked pid 1221 received signal 14
[  496.359199] init: Untracked pid 1223 exited with status 0
[  496.595947] init: Service 'media.swcodec' (pid 1194) received signal 11
[  496.598833] init: Sending signal 9 to service 'media.swcodec' (pid 1194) process group...
[  496.660458] libprocessgroup: Successfully killed process cgroup uid 1046 pid 1194 in 57ms
[  496.705898] init: updatable process 'media.swcodec' exited 4 times before boot completed
[  496.945329] init: processing action (sys.init.updatable_crashing=1) from (/system/etc/init/flags_health_check.rc:10)
[  497.007391] init: starting service 'exec 34 (/system/bin/flags_health_check UPDATABLE_CRASHING)'...
[  497.215974] init: SVC_EXEC service 'exec 34 (/system/bin/flags_health_check UPDATABLE_CRASHING)' pid 1278 (uid 1000 gid 1000+0 context default) started; waiting...
[  497.243285] init: Command 'exec - system system -- /system/bin/flags_health_check UPDATABLE_CRASHING' action=sys.init.updatable_crashing=1 (/system/etc/init/flags_health_check.rc:11) took 272ms and succeeded
[  497.328261] init: starting service 'media.swcodec'...
[  498.975457] init: Untracked pid 1239 exited with status 0
[  499.095594] init: Untracked pid 1241 exited with status 0
[  499.145343] init: Service 'zygote' (pid 1225) received signal 11
[  499.162636] init: Sending signal 9 to service 'zygote' (pid 1225) process group...
[  499.202162] libprocessgroup: Successfully killed process cgroup uid 0 pid 1225 in 25ms
[  499.278415] init: updatable process 'zygote' exited 4 times before boot completed
[  499.293444] selinux: SELinux: Could not get canonical path for /sys/devices/virtual/net/ipsec_test/queues/rx-0 restorecon: No such file or directory.
[  499.294779] selinux: 
[  499.296432] ueventd: selinux_android_restorecon(/sys/devices/virtual/net/ipsec_test/queues/rx-0) failed: No such file or directory
[  499.469343] init: starting service 'exec 35 (/system/bin/vdc volume abort_fuse)'...
[  499.753203] init: Command 'exec_background - system system -- /system/bin/vdc volume abort_fuse' action=onrestart (<Service 'zygote' onrestart>:1) took 324ms and succeeded
[  499.841944] init: Command 'write /sys/power/state on' action=onrestart (<Service 'zygote' onrestart>:2) took 76ms and failed: Unable to write to file '/sys/power/state': Unable to write file contents: Invalid argument
[  499.875676] init: Sending signal 9 to service 'audioserver' (pid 1251) process group...
[  500.300357] libprocessgroup: Successfully killed process cgroup uid 1041 pid 1251 in 401ms
[  500.395311] init: Command 'restart audioserver' action=onrestart (<Service 'zygote' onrestart>:3) took 549ms and succeeded
[  500.419863] init: Sending signal 9 to service 'cameraserver' (pid 1229) process group...
[  500.775854] healthd: battery none chg=a
[  500.961498] libprocessgroup: Successfully killed process cgroup uid 1047 pid 1229 in 519ms
[  501.048103] init: Command 'restart cameraserver' action=onrestart (<Service 'zygote' onrestart>:4) took 649ms and succeeded
[  501.055076] init: Sending signal 9 to service 'media' (pid 1231) process group...
[  501.526393] libprocessgroup: Successfully killed process cgroup uid 1013 pid 1231 in 443ms
[  501.618521] init: Command 'restart media' action=onrestart (<Service 'zygote' onrestart>:5) took 563ms and succeeded
[  501.635784] init: Sending signal 9 to service 'netd' (pid 1232) process group...
[  502.016231] libprocessgroup: Successfully killed process cgroup uid 0 pid 1232 in 375ms
[  502.109252] init: Command 'restart netd' action=onrestart (<Service 'zygote' onrestart>:6) took 483ms and succeeded
[  502.123494] init: Sending signal 9 to service 'wificond' (pid 1233) process group...
[  502.446986] libprocessgroup: Successfully killed process cgroup uid 1010 pid 1233 in 317ms
[  502.580734] init: Command 'restart wificond' action=onrestart (<Service 'zygote' onrestart>:7) took 463ms and succeeded
[  502.744844] init: Service 'cameraserver' (pid 1229) received signal 9
[  502.992770] init: Service 'media' (pid 1231) received signal 9
[  503.211384] init: Service 'netd' (pid 1232) received signal 9
[  503.239108] init: Command 'restart zygote_secondary' action=onrestart (<Service 'netd' onrestart>:2) took 2ms and failed: service zygote_secondary not found
[  503.378316] init: Service 'wificond' (pid 1233) received signal 9
[  503.472213] init: Service 'audioserver' (pid 1251) received signal 9
[  503.643067] init: Service 'exec 34 (/system/bin/flags_health_check UPDATABLE_CRASHING)' (pid 1278) exited with status 0 waiting took 6.497000 seconds
[  503.647580] init: Sending signal 9 to service 'exec 34 (/system/bin/flags_health_check UPDATABLE_CRASHING)' (pid 1278) process group...
[  503.676080] libprocessgroup: Successfully killed process cgroup uid 1000 pid 1278 in 22ms
[  503.700025] init: Untracked pid 1273 received signal 9
[  503.713144] init: Untracked pid 1281 received signal 9
[  503.720998] init: Untracked pid 1275 received signal 9
[  503.727708] init: Untracked pid 1284 received signal 9
[  503.739877] init: Untracked pid 1245 received signal 9
[  503.751066] init: Untracked pid 1246 received signal 9
[  503.787769] init: processing action (sys.init.updatable_crashing=1) from (/system/etc/init/flags_health_check.rc:10)
[  503.814323] init: starting service 'exec 36 (/system/bin/flags_health_check UPDATABLE_CRASHING)'...
[  503.979471] init: SVC_EXEC service 'exec 36 (/system/bin/flags_health_check UPDATABLE_CRASHING)' pid 1299 (uid 1000 gid 1000+0 context default) started; waiting...
[  503.988308] init: Command 'exec - system system -- /system/bin/flags_health_check UPDATABLE_CRASHING' action=sys.init.updatable_crashing=1 (/system/etc/init/flags_health_check.rc:11) took 197ms and succeeded
[  504.007287] init: starting service 'zygote'...
[  504.126264] init: Created socket '/dev/socket/zygote', mode 660, user 0, group 1000
[  504.176061] init: Created socket '/dev/socket/usap_pool_primary', mode 660, user 0, group 1000
[  504.601526] init: starting service 'audioserver'...
[  505.066198] init: starting service 'cameraserver'...
[  505.519339] init: starting service 'media'...
[  505.945197] libprocessgroup: Failed to open /dev/cpuset/camera-daemon/tasks: No such file or directory: No such file or directory
[  505.953335] init: starting service 'netd'...
[  505.957039] libprocessgroup: Failed to apply CameraServiceCapacity task profile: No such file or directory
[  506.095569] init: Created socket '/dev/socket/dnsproxyd', mode 660, user 0, group 3003
[  506.202694] init: Created socket '/dev/socket/mdns', mode 660, user 0, group 1000
[  506.343689] init: Created socket '/dev/socket/fwmarkd', mode 660, user 0, group 3003
[  506.875398] init: starting service 'wificond'...
[  507.618131] init: Service 'exec 35 (/system/bin/vdc volume abort_fuse)' (pid 1291) exited with status 0 oneshot service took 7.894000 seconds in background
[  507.638452] init: Sending signal 9 to service 'exec 35 (/system/bin/vdc volume abort_fuse)' (pid 1291) process group...
[  507.722941] libprocessgroup: Successfully killed process cgroup uid 1000 pid 1291 in 38ms
[  509.061033] init: Service 'exec 36 (/system/bin/flags_health_check UPDATABLE_CRASHING)' (pid 1299) exited with status 0 waiting took 5.129000 seconds
[  509.072336] init: Sending signal 9 to service 'exec 36 (/system/bin/flags_health_check UPDATABLE_CRASHING)' (pid 1299) process group...
[  509.122931] libprocessgroup: Successfully killed process cgroup uid 1000 pid 1299 in 39ms
[  509.195064] init: processing action (init.svc.media=*) from (/system/etc/init/mediaserver.rc:1)
[  509.256849] init: Command 'setprop init.svc.mediadrm ${init.svc.media}' action=init.svc.media=* (/system/etc/init/mediaserver.rc:2) took 59ms and succeeded
[  509.269235] init: processing action (init.svc.media=*) from (/system/etc/init/mediaserver.rc:1)
[  509.354498] init: processing action (sys.audio.restart.hal=1) from (/system/etc/init/audioserver.rc:39)
[  509.375854] init: Sending signal 9 to service 'vendor.audio-hal' (pid 1252) process group...
[  509.662841] libprocessgroup: Successfully killed process cgroup uid 1041 pid 1252 in 274ms
[  509.743130] init: Command 'restart vendor.audio-hal' action=sys.audio.restart.hal=1 (/system/etc/init/audioserver.rc:40) took 385ms and succeeded
[  509.762697] init: Service 'vendor.audio-hal' (pid 1252) received signal 9
[  509.780381] init: Sending signal 9 to service 'audioserver' (pid 1301) process group...
[  509.919815] libprocessgroup: Successfully killed process cgroup uid 1041 pid 1301 in 136ms
[  510.006887] init: Command 'restart audioserver' action=onrestart (<Service 'vendor.audio-hal' onrestart>:1) took 240ms and succeeded
[  510.073037] init: Service 'audioserver' (pid 1301) received signal 9
[  510.207162] init: Command 'restart vendor.audio-hal-4-0-msd' action=sys.audio.restart.hal=1 (/system/etc/init/audioserver.rc:41) took 0ms and failed: service vendor.audio-hal-4-0-msd not found
[  510.273292] init: starting service 'audioserver'...
[  510.762292] init: starting service 'vendor.audio-hal'...
[  511.096810] init: Command 'restart vendor.audio-hal-2-0' action=sys.audio.restart.hal=1 (/system/etc/init/audioserver.rc:43) took 1ms and failed: service vendor.audio-hal-2-0 not found
[  511.112525] init: Command 'restart audio-hal-2-0' action=sys.audio.restart.hal=1 (/system/etc/init/audioserver.rc:44) took 0ms and failed: service audio-hal-2-0 not found
[  511.170322] init: processing action (init.svc.audioserver=running) from (/system/etc/init/audioserver.rc:32)
[  511.191066] init: Command 'start vendor.audio-hal-4-0-msd' action=init.svc.audioserver=running (/system/etc/init/audioserver.rc:34) took 0ms and failed: service vendor.audio-hal-4-0-msd not found
[  511.204761] init: Command 'start vendor.audio-hal-2-0' action=init.svc.audioserver=running (/system/etc/init/audioserver.rc:36) took 0ms and failed: service vendor.audio-hal-2-0 not found
[  511.216270] init: Command 'start audio-hal-2-0' action=init.svc.audioserver=running (/system/etc/init/audioserver.rc:37) took 0ms and failed: service audio-hal-2-0 not found
[  511.229029] init: processing action (init.svc.media=*) from (/system/etc/init/mediaserver.rc:1)
[  511.313367] init: Command 'setprop init.svc.mediadrm ${init.svc.media}' action=init.svc.media=* (/system/etc/init/mediaserver.rc:2) took 69ms and succeeded
[  511.336377] init: processing action (init.svc.mediadrm=running) from (/vendor/etc/init/android.hardware.drm@1.3-service.widevine.rc:1)
[  511.377381] init: processing action (init.svc.mediadrm=running) from (/vendor/etc/init/android.hardware.drm@1.3-service.widevine.rc:1)
[  511.436663] init: processing action (sys.audio.restart.hal=1) from (/system/etc/init/audioserver.rc:39)
[  511.448002] init: Sending signal 9 to service 'vendor.audio-hal' (pid 1310) process group...
[  511.588439] libprocessgroup: Successfully killed process cgroup uid 1041 pid 1310 in 128ms
[  511.666625] init: Command 'restart vendor.audio-hal' action=sys.audio.restart.hal=1 (/system/etc/init/audioserver.rc:40) took 218ms and succeeded
[  511.691796] init: Service 'vendor.audio-hal' (pid 1310) received signal 9
[  511.722573] init: Sending signal 9 to service 'audioserver' (pid 1308) process group...
[  511.856019] libprocessgroup: Successfully killed process cgroup uid 1041 pid 1308 in 129ms
[  511.982095] init: Command 'restart audioserver' action=onrestart (<Service 'vendor.audio-hal' onrestart>:1) took 275ms and succeeded
[  512.111120] init: Service 'audioserver' (pid 1308) received signal 9
[  512.198140] init: Command 'setprop sys.audio.restart.hal 1' action=onrestart (<Service 'audioserver' onrestart>:1) took 82ms and succeeded
[  512.264958] init: Command 'restart vendor.audio-hal-4-0-msd' action=sys.audio.restart.hal=1 (/system/etc/init/audioserver.rc:41) took 0ms and failed: service vendor.audio-hal-4-0-msd not found
[  512.301903] init: Command 'restart vendor.audio-hal-2-0' action=sys.audio.restart.hal=1 (/system/etc/init/audioserver.rc:43) took 0ms and failed: service vendor.audio-hal-2-0 not found
[  512.326000] init: Command 'restart audio-hal-2-0' action=sys.audio.restart.hal=1 (/system/etc/init/audioserver.rc:44) took 0ms and failed: service audio-hal-2-0 not found
[  512.387326] init: Command 'setprop sys.audio.restart.hal 0' action=sys.audio.restart.hal=1 (/system/etc/init/audioserver.rc:46) took 56ms and succeeded
[  512.392632] init: processing action (init.svc.audioserver=running) from (/system/etc/init/audioserver.rc:32)
[  512.452219] init: starting service 'vendor.audio-hal'...
[  513.002246] init: Command 'start vendor.audio-hal' action=init.svc.audioserver=running (/system/etc/init/audioserver.rc:33) took 583ms and succeeded
[  513.058497] init: Command 'start vendor.audio-hal-4-0-msd' action=init.svc.audioserver=running (/system/etc/init/audioserver.rc:34) took 10ms and failed: service vendor.audio-hal-4-0-msd not found
[  513.087467] init: Command 'start vendor.audio-hal-2-0' action=init.svc.audioserver=running (/system/etc/init/audioserver.rc:36) took 17ms and failed: service vendor.audio-hal-2-0 not found
[  513.108718] init: Command 'start audio-hal-2-0' action=init.svc.audioserver=running (/system/etc/init/audioserver.rc:37) took 0ms and failed: service audio-hal-2-0 not found
[  513.187642] init: processing action (init.svc.mediadrm=running) from (/vendor/etc/init/android.hardware.drm@1.3-service.widevine.rc:1)
[  513.272157] init: processing action (sys.audio.restart.hal=1) from (/system/etc/init/audioserver.rc:39)
[  513.279490] init: Sending signal 9 to service 'vendor.audio-hal' (pid 1312) process group...
[  513.560538] libprocessgroup: Successfully killed process cgroup uid 1041 pid 1312 in 275ms
[  513.700226] init: Command 'restart vendor.audio-hal' action=sys.audio.restart.hal=1 (/system/etc/init/audioserver.rc:40) took 419ms and succeeded
[  513.723472] init: Service 'vendor.audio-hal' (pid 1312) received signal 9
[  513.852933] init: Command 'restart vendor.audio-hal-4-0-msd' action=sys.audio.restart.hal=1 (/system/etc/init/audioserver.rc:41) took 0ms and failed: service vendor.audio-hal-4-0-msd not found
[  513.880574] init: Command 'restart vendor.audio-hal-2-0' action=sys.audio.restart.hal=1 (/system/etc/init/audioserver.rc:43) took 0ms and failed: service vendor.audio-hal-2-0 not found
[  513.917139] init: Command 'restart audio-hal-2-0' action=sys.audio.restart.hal=1 (/system/etc/init/audioserver.rc:44) took 0ms and failed: service audio-hal-2-0 not found
[  514.008556] init: Command 'setprop sys.audio.restart.hal 0' action=sys.audio.restart.hal=1 (/system/etc/init/audioserver.rc:46) took 77ms and succeeded
[  515.532909] init: starting service 'audioserver'...
[  516.347387] init: processing action (init.svc.audioserver=running) from (/system/etc/init/audioserver.rc:32)
[  516.435763] init: starting service 'vendor.audio-hal'...
[  516.968893] init: Command 'start vendor.audio-hal' action=init.svc.audioserver=running (/system/etc/init/audioserver.rc:33) took 594ms and succeeded
[  517.010482] init: Command 'start vendor.audio-hal-4-0-msd' action=init.svc.audioserver=running (/system/etc/init/audioserver.rc:34) took 0ms and failed: service vendor.audio-hal-4-0-msd not found
[  517.023442] init: Command 'start vendor.audio-hal-2-0' action=init.svc.audioserver=running (/system/etc/init/audioserver.rc:36) took 6ms and failed: service vendor.audio-hal-2-0 not found
[  517.073928] init: Command 'start audio-hal-2-0' action=init.svc.audioserver=running (/system/etc/init/audioserver.rc:37) took 1ms and failed: service audio-hal-2-0 not found
[  519.022744] type=1400 audit(1790540268.152:6): avc: denied { getattr } for comm=73796E6320737663203137 path="/data/tombstones" dev="dm-4" ino=24578 scontext=u:r:adbd:s0 tcontext=u:object_r:tombstone_data_file:s0 tclass=dir permissive=0
[  523.127224] init: Untracked pid 1262 received signal 14
[  523.479579] init: Untracked pid 1270 exited with status 0
[  523.720114] init: Service 'mediaextractor' (pid 1230) received signal 11
[  523.736433] init: Sending signal 9 to service 'mediaextractor' (pid 1230) process group...
[  523.788327] libprocessgroup: Successfully killed process cgroup uid 1040 pid 1230 in 46ms
[  523.836327] init: updatable process 'mediaextractor' exited 4 times before boot completed
[  524.171055] init: processing action (sys.init.updatable_crashing=1) from (/system/etc/init/flags_health_check.rc:10)
[  524.216199] type=1400 audit(1790540273.096:7): avc: denied { getattr } for comm="ls" path="/data/tombstones" dev="dm-4" ino=24578 scontext=u:r:shell:s0 tcontext=u:object_r:tombstone_data_file:s0 tclass=dir permissive=0
[  524.220205] init: starting service 'exec 37 (/system/bin/flags_health_check UPDATABLE_CRASHING)'...
