[    0.000000] Booting Linux on physical CPU 0x0000000000 [0x411fd070]
[    0.000000] Linux version 5.4.249-android11-2-00004-g212a7aaded26-ab10688362 (build-user@build-host) (Android (7284624, based on r416183b) clang version 12.0.5 (https://android.googlesource.com/toolchain/llvm-project c935d99d7cf2016289302412d708641d52d2f7ee), LLD 12.0.5 (/buildbot/src/android/llvm-toolchain/out/llvm-project/lld c935d99d7cf2016289302412d708641d52d2f7ee)) #1 SMP PREEMPT Mon Aug 21 12:17:45 UTC 2023
[    0.000000] random: crng init done
[    0.000000] Machine model: linux,dummy-virt
[    0.000000] printk: debug: skip boot console de-registration.
[    0.000000] earlycon: pl11 at MMIO 0x0000000009000000 (options '')
[    0.000000] printk: bootconsole [pl11] enabled
[    0.000000] efi: Getting EFI parameters from FDT:
[    0.000000] efi: UEFI not found.
[    0.000000] cma: Reserved 16 MiB at 0x00000000ff000000
[    0.000000] psci: probing for conduit method from DT.
[    0.000000] psci: PSCIv1.1 detected in firmware.
[    0.000000] psci: Using standard PSCI v0.2 function IDs
[    0.000000] psci: Trusted OS migration not required
[    0.000000] psci: SMC Calling Convention v1.0
[    0.000000] percpu: Embedded 32 pages/cpu s90264 r8192 d32616 u131072
[    0.000000] Detected PIPT I-cache on CPU0
[    0.000000] CPU features: detected: ARM erratum 832075
[    0.000000] CPU features: detected: EL2 vector hardening
[    0.000000] CPU features: kernel page table isolation forced ON by KASLR
[    0.000000] CPU features: detected: Kernel page table isolation (KPTI)
[    0.000000] ARM_SMCCC_ARCH_WORKAROUND_1 missing from firmware
[    0.000000] CPU features: detected: Spectre-BHB
[    0.000000] CPU features: detected: ARM erratum 1742098
[    0.000000] Built 1 zonelists, mobility grouping on.  Total pages: 1032192
[    0.000000] Kernel command line: console=ttyAMA0,38400 keep_bootcon earlycon=pl011,0x09000000 loop.max_part=7 printk.devkmsg=on androidboot.boot_devices=a003600.virtio_mmio androidboot.logical_partitions=1 androidboot.hardware=ranchu androidboot.serialno=WARBOTARM64 qemu=1 androidboot.qemu=1 qemu.encrypt=1 qemu.media.ccodec=0 qemu.gles=0 qemu.virtiowifi=0
[    0.000000] Dentry cache hash table entries: 524288 (order: 10, 4194304 bytes, linear)
[    0.000000] Inode-cache hash table entries: 262144 (order: 9, 2097152 bytes, linear)
[    0.000000] mem auto-init: stack:all(zero), heap alloc:on, heap free:off
[    0.000000] software IO TLB: mapped [mem 0xfb000000-0xff000000] (64MB)
[    0.000000] Memory: 4002204K/4194304K available (14164K kernel code, 1192K rwdata, 9688K rodata, 1216K init, 552K bss, 175716K reserved, 16384K cma-reserved)
[    0.000000] SLUB: HWalign=64, Order=0-3, MinObjects=0, CPUs=1, Nodes=1
[    0.000000] rcu: Preemptible hierarchical RCU implementation.
[    0.000000] rcu: 	RCU dyntick-idle grace-period acceleration is enabled.
[    0.000000] rcu: 	RCU restricting CPUs from NR_CPUS=32 to nr_cpu_ids=1.
[    0.000000] 	Tasks RCU enabled.
[    0.000000] rcu: RCU calculated value of scheduler-enlistment delay is 25 jiffies.
[    0.000000] rcu: Adjusting geometry for rcu_fanout_leaf=16, nr_cpu_ids=1
[    0.000000] NR_IRQS: 64, nr_irqs: 64, preallocated irqs: 0
[    0.000000] GICv2m: range[mem 0x08020000-0x08020fff], SPI[80:143]
[    0.000000] rcu: 	Offload RCU callbacks from CPUs: (none).
[    0.000000] arch_timer: cp15 timer(s) running at 62.50MHz (virt).
[    0.000000] clocksource: arch_sys_counter: mask: 0xffffffffffffff max_cycles: 0x1cd42e208c, max_idle_ns: 881590405314 ns
[    0.000149] sched_clock: 56 bits at 62MHz, resolution 16ns, wraps every 4398046511096ns
[    0.020622] Calibrating delay loop (skipped), value calculated using timer frequency.. 125.00 BogoMIPS (lpj=250000)
[    0.021551] pid_max: default: 32768 minimum: 301
[    0.023696] LSM: Security Framework initializing
[    0.027580] SELinux:  Initializing.
[    0.029366] Mount-cache hash table entries: 8192 (order: 4, 65536 bytes, linear)
[    0.029899] Mountpoint-cache hash table entries: 8192 (order: 4, 65536 bytes, linear)
[    0.103483] /cpus/cpu-map: empty cluster
[    0.122843] ASID allocator initialised with 32768 entries
[    0.125613] rcu: Hierarchical SRCU implementation.
[    0.139073] dynamic_debug:dynamic_debug_init: Ignore empty _ddebug table in a CONFIG_DYNAMIC_DEBUG_CORE build
[    0.141258] EFI services will not be available.
[    0.155593] smp: Bringing up secondary CPUs ...
[    0.156254] smp: Brought up 1 node, 1 CPU
[    0.156650] SMP: Total of 1 processors activated.
[    0.157275] CPU features: detected: 32-bit EL0 Support
[    0.158218] CPU features: detected: CRC32 instructions
[    0.287875] CPU features: emulated: Privileged Access Never (PAN) using TTBR0_EL1 switching
[    0.288941] CPU: All CPU(s) started at EL1
[    0.289640] alternatives: patching kernel code
[    0.296992] CPU0: update max cpu_capacity 1024
[    0.327971] Registered cp15_barrier emulation handler
[    0.328506] Registered setend emulation handler
[    0.331946] clocksource: jiffies: mask: 0xffffffff max_cycles: 0xffffffff, max_idle_ns: 7645041785100000 ns
[    0.332788] futex hash table entries: 256 (order: 2, 16384 bytes, linear)
[    0.342354] pinctrl core: initialized pinctrl subsystem
[    0.345623] regulator: Failed to create debugfs directory
[    0.354483] regulator-dummy: Failed to create debugfs directory
[    0.366154] NET: Registered protocol family 16
[    0.382601] DMA: preallocated 256 KiB pool for atomic allocations
[    0.383263] audit: initializing netlink subsys (disabled)
[    0.390263] audit: type=2000 audit(0.304:1): state=initialized audit_enabled=0 res=1
[    0.398374] cpuidle: using governor menu
[    0.402519] hw-breakpoint: found 6 breakpoint and 4 watchpoint registers.
[    0.405947] Serial: AMBA PL011 UART driver
[    0.456930] 9000000.pl011: ttyAMA0 at MMIO 0x9000000 (irq = 39, base_baud = 0) is a PL011 rev1
[    0.460611] printk: console [ttyAMA0] enabled
[    0.460611] printk: console [ttyAMA0] enabled
[    0.515213] cryptomgr_test (20) used greatest stack depth: 15008 bytes left
[    0.515213] cryptomgr_test (20) used greatest stack depth: 15008 bytes left
[    0.526909] cryptd: max_cpu_qlen set to 1000
[    0.526909] cryptd: max_cpu_qlen set to 1000
[    0.530409] cryptomgr_test (20): highest shadow stack usage: 112 bytes
[    0.530409] cryptomgr_test (20): highest shadow stack usage: 112 bytes
[    0.555421] iommu: Default domain type: Translated 
[    0.555421] iommu: Default domain type: Translated 
[    0.560292] SCSI subsystem initialized
[    0.560292] SCSI subsystem initialized
[    0.561874] usbcore: registered new interface driver usbfs
[    0.561874] usbcore: registered new interface driver usbfs
[    0.562932] usbcore: registered new interface driver hub
[    0.562932] usbcore: registered new interface driver hub
[    0.564287] usbcore: registered new device driver usb
[    0.564287] usbcore: registered new device driver usb
[    0.565760] mc: Linux media interface: v0.10
[    0.565760] mc: Linux media interface: v0.10
[    0.566360] videodev: Linux video capture interface: v2.00
[    0.566360] videodev: Linux video capture interface: v2.00
[    0.567482] EDAC MC: Ver: 3.0.0
[    0.567482] EDAC MC: Ver: 3.0.0
[    0.580768] Advanced Linux Sound Architecture Driver Initialized.
[    0.580768] Advanced Linux Sound Architecture Driver Initialized.
[    0.597321] Bluetooth: Core ver 2.22
[    0.597321] Bluetooth: Core ver 2.22
[    0.597990] NET: Registered protocol family 31
[    0.597990] NET: Registered protocol family 31
[    0.598519] Bluetooth: HCI device and connection manager initialized
[    0.598519] Bluetooth: HCI device and connection manager initialized
[    0.599458] Bluetooth: HCI socket layer initialized
[    0.599458] Bluetooth: HCI socket layer initialized
[    0.600145] Bluetooth: L2CAP socket layer initialized
[    0.600145] Bluetooth: L2CAP socket layer initialized
[    0.601303] Bluetooth: SCO socket layer initialized
[    0.601303] Bluetooth: SCO socket layer initialized
[    0.610390] clocksource: Switched to clocksource arch_sys_counter
[    0.610390] clocksource: Switched to clocksource arch_sys_counter
[    0.913252] VFS: Disk quotas dquot_6.6.0
[    0.913252] VFS: Disk quotas dquot_6.6.0
[    0.914125] VFS: Dquot-cache hash table entries: 512 (order 0, 4096 bytes)
[    0.914125] VFS: Dquot-cache hash table entries: 512 (order 0, 4096 bytes)
[    0.920162] thermal_sys: Registered thermal governor 'step_wise'
[    0.920162] thermal_sys: Registered thermal governor 'step_wise'
[    0.920295] thermal_sys: Registered thermal governor 'user_space'
[    0.920295] thermal_sys: Registered thermal governor 'user_space'
[    0.920938] thermal_sys: Registered thermal governor 'power_allocator'
[    0.920938] thermal_sys: Registered thermal governor 'power_allocator'
[    0.926835] NET: Registered protocol family 2
[    0.926835] NET: Registered protocol family 2
[    0.931666] IP idents hash table entries: 65536 (order: 7, 524288 bytes, linear)
[    0.931666] IP idents hash table entries: 65536 (order: 7, 524288 bytes, linear)
[    0.948440] tcp_listen_portaddr_hash hash table entries: 2048 (order: 3, 32768 bytes, linear)
[    0.948440] tcp_listen_portaddr_hash hash table entries: 2048 (order: 3, 32768 bytes, linear)
[    0.951180] TCP established hash table entries: 32768 (order: 6, 262144 bytes, linear)
[    0.951180] TCP established hash table entries: 32768 (order: 6, 262144 bytes, linear)
[    0.953910] TCP bind hash table entries: 32768 (order: 7, 524288 bytes, linear)
[    0.953910] TCP bind hash table entries: 32768 (order: 7, 524288 bytes, linear)
[    0.955637] TCP: Hash tables configured (established 32768 bind 32768)
[    0.955637] TCP: Hash tables configured (established 32768 bind 32768)
[    0.959204] UDP hash table entries: 2048 (order: 4, 65536 bytes, linear)
[    0.959204] UDP hash table entries: 2048 (order: 4, 65536 bytes, linear)
[    0.961564] UDP-Lite hash table entries: 2048 (order: 4, 65536 bytes, linear)
[    0.961564] UDP-Lite hash table entries: 2048 (order: 4, 65536 bytes, linear)
[    0.964745] NET: Registered protocol family 1
[    0.964745] NET: Registered protocol family 1
[    0.969327] NET: Registered protocol family 44
[    0.969327] NET: Registered protocol family 44
[    0.970174] PCI: CLS 0 bytes, default 64
[    0.970174] PCI: CLS 0 bytes, default 64
[    0.988280] Trying to unpack rootfs image as initramfs...
[    0.988280] Trying to unpack rootfs image as initramfs...
[    1.147938] Freeing initrd memory: 1620K
[    1.147938] Freeing initrd memory: 1620K
[    1.154862] hw perfevents: enabled with armv8_pmuv3 PMU driver, 7 counters available
[    1.154862] hw perfevents: enabled with armv8_pmuv3 PMU driver, 7 counters available
[    1.188531] Initialise system trusted keyrings
[    1.188531] Initialise system trusted keyrings
[    1.193974] workingset: timestamp_bits=46 max_order=20 bucket_order=0
[    1.193974] workingset: timestamp_bits=46 max_order=20 bucket_order=0
[    1.239106] fuse: init (API version 7.31)
[    1.239106] fuse: init (API version 7.31)
[    1.273527] Key type asymmetric registered
[    1.273527] Key type asymmetric registered
[    1.274418] Asymmetric key parser 'x509' registered
[    1.274418] Asymmetric key parser 'x509' registered
[    1.276193] Block layer SCSI generic (bsg) driver version 0.4 loaded (major 244)
[    1.276193] Block layer SCSI generic (bsg) driver version 0.4 loaded (major 244)
[    1.277467] io scheduler mq-deadline registered
[    1.277467] io scheduler mq-deadline registered
[    1.278160] io scheduler kyber registered
[    1.278160] io scheduler kyber registered
[    1.279896] cryptomgr_test (102) used greatest stack depth: 14928 bytes left
[    1.279896] cryptomgr_test (102) used greatest stack depth: 14928 bytes left
[    1.290425] pl061_gpio 9030000.pl061: PL061 GPIO chip registered
[    1.290425] pl061_gpio 9030000.pl061: PL061 GPIO chip registered
[    1.294975] pci-host-generic 4010000000.pcie: host bridge /pcie@10000000 ranges:
[    1.294975] pci-host-generic 4010000000.pcie: host bridge /pcie@10000000 ranges:
[    1.298061] pci-host-generic 4010000000.pcie:    IO 0x3eff0000..0x3effffff -> 0x00000000
[    1.298061] pci-host-generic 4010000000.pcie:    IO 0x3eff0000..0x3effffff -> 0x00000000
[    1.301996] pci-host-generic 4010000000.pcie:   MEM 0x10000000..0x3efeffff -> 0x10000000
[    1.301996] pci-host-generic 4010000000.pcie:   MEM 0x10000000..0x3efeffff -> 0x10000000
[    1.303755] pci-host-generic 4010000000.pcie:   MEM 0x8000000000..0xffffffffff -> 0x8000000000
[    1.303755] pci-host-generic 4010000000.pcie:   MEM 0x8000000000..0xffffffffff -> 0x8000000000
[    1.309958] pci-host-generic 4010000000.pcie: ECAM at [mem 0x4010000000-0x401fffffff] for [bus 00-ff]
[    1.309958] pci-host-generic 4010000000.pcie: ECAM at [mem 0x4010000000-0x401fffffff] for [bus 00-ff]
[    1.315314] pci-host-generic 4010000000.pcie: PCI host bridge to bus 0000:00
[    1.315314] pci-host-generic 4010000000.pcie: PCI host bridge to bus 0000:00
[    1.317320] pci_bus 0000:00: root bus resource [bus 00-ff]
[    1.317320] pci_bus 0000:00: root bus resource [bus 00-ff]
[    1.319109] pci_bus 0000:00: root bus resource [io  0x0000-0xffff]
[    1.319109] pci_bus 0000:00: root bus resource [io  0x0000-0xffff]
[    1.322078] pci_bus 0000:00: root bus resource [mem 0x10000000-0x3efeffff]
[    1.322078] pci_bus 0000:00: root bus resource [mem 0x10000000-0x3efeffff]
[    1.323850] pci_bus 0000:00: root bus resource [mem 0x8000000000-0xffffffffff]
[    1.323850] pci_bus 0000:00: root bus resource [mem 0x8000000000-0xffffffffff]
[    1.329803] pci 0000:00:00.0: [1b36:0008] type 00 class 0x060000
[    1.329803] pci 0000:00:00.0: [1b36:0008] type 00 class 0x060000
[    1.373519] cacheinfo: Unable to detect cache hierarchy for CPU 0
[    1.373519] cacheinfo: Unable to detect cache hierarchy for CPU 0
[    1.473619] brd: module loaded
[    1.473619] brd: module loaded
[    1.545435] loop: module loaded
[    1.545435] loop: module loaded
[    1.550166] zram: Added device: zram0
[    1.550166] zram: Added device: zram0
[    1.567156] tun: Universal TUN/TAP device driver, 1.6
[    1.567156] tun: Universal TUN/TAP device driver, 1.6
[    1.569004] PPP generic driver version 2.4.2
[    1.569004] PPP generic driver version 2.4.2
[    1.571343] PPP BSD Compression module registered
[    1.571343] PPP BSD Compression module registered
[    1.572425] PPP Deflate Compression module registered
[    1.572425] PPP Deflate Compression module registered
[    1.573749] PPP MPPE Compression module registered
[    1.573749] PPP MPPE Compression module registered
[    1.574722] NET: Registered protocol family 24
[    1.574722] NET: Registered protocol family 24
[    1.575363] PPTP driver version 0.8.5
[    1.575363] PPTP driver version 0.8.5
[    1.578510] usbcore: registered new interface driver r8152
[    1.578510] usbcore: registered new interface driver r8152
[    1.580135] usbcore: registered new interface driver asix
[    1.580135] usbcore: registered new interface driver asix
[    1.581645] usbcore: registered new interface driver ax88179_178a
[    1.581645] usbcore: registered new interface driver ax88179_178a
[    1.583329] usbcore: registered new interface driver cdc_ether
[    1.583329] usbcore: registered new interface driver cdc_ether
[    1.584874] ehci_hcd: USB 2.0 'Enhanced' Host Controller (EHCI) Driver
[    1.584874] ehci_hcd: USB 2.0 'Enhanced' Host Controller (EHCI) Driver
[    1.586175] ehci-pci: EHCI PCI platform driver
[    1.586175] ehci-pci: EHCI PCI platform driver
[    1.587686] ehci-platform: EHCI generic platform driver
[    1.587686] ehci-platform: EHCI generic platform driver
[    1.590080] usbcore: registered new interface driver uas
[    1.590080] usbcore: registered new interface driver uas
[    1.592017] usbcore: registered new interface driver usb-storage
[    1.592017] usbcore: registered new interface driver usb-storage
[    1.598957] dummy_hcd dummy_hcd.0: USB Host+Gadget Emulator, driver 02 May 2005
[    1.598957] dummy_hcd dummy_hcd.0: USB Host+Gadget Emulator, driver 02 May 2005
[    1.601766] dummy_hcd dummy_hcd.0: Dummy host controller
[    1.601766] dummy_hcd dummy_hcd.0: Dummy host controller
[    1.602925] dummy_hcd dummy_hcd.0: new USB bus registered, assigned bus number 1
[    1.602925] dummy_hcd dummy_hcd.0: new USB bus registered, assigned bus number 1
[    1.626193] hub 1-0:1.0: USB hub found
[    1.626193] hub 1-0:1.0: USB hub found
[    1.628533] hub 1-0:1.0: 1 port detected
[    1.628533] hub 1-0:1.0: 1 port detected
[    1.654389] usbcore: registered new interface driver xpad
[    1.654389] usbcore: registered new interface driver xpad
[    1.661888] rtc-pl031 9010000.pl031: registered as rtc0
[    1.661888] rtc-pl031 9010000.pl031: registered as rtc0
[    1.664402] rtc-pl031 9010000.pl031: setting system clock to 2026-09-27T22:04:57 UTC (1790546697)
[    1.664402] rtc-pl031 9010000.pl031: setting system clock to 2026-09-27T22:04:57 UTC (1790546697)
[    1.666571] uvcvideo: Unable to create debugfs directory
[    1.666571] uvcvideo: Unable to create debugfs directory
[    1.667858] usbcore: registered new interface driver uvcvideo
[    1.667858] usbcore: registered new interface driver uvcvideo
[    1.668845] USB Video Class driver (1.1.1)
[    1.668845] USB Video Class driver (1.1.1)
[    1.669661] gspca_main: v2.14.0 registered
[    1.669661] gspca_main: v2.14.0 registered
[    1.672401] device-mapper: uevent: version 1.0.3
[    1.672401] device-mapper: uevent: version 1.0.3
[    1.674878] device-mapper: ioctl: 4.41.0-ioctl (2019-09-16) initialised: dm-devel@redhat.com
[    1.674878] device-mapper: ioctl: 4.41.0-ioctl (2019-09-16) initialised: dm-devel@redhat.com
[    1.681775] Bluetooth: HCI UART driver ver 2.3
[    1.681775] Bluetooth: HCI UART driver ver 2.3
[    1.683072] Bluetooth: HCI UART protocol H4 registered
[    1.683072] Bluetooth: HCI UART protocol H4 registered
[    1.685467] Bluetooth: HCI UART protocol LL registered
[    1.685467] Bluetooth: HCI UART protocol LL registered
[    1.687464] Bluetooth: HCI UART protocol Broadcom registered
[    1.687464] Bluetooth: HCI UART protocol Broadcom registered
[    1.688554] Bluetooth: HCI UART protocol QCA registered
[    1.688554] Bluetooth: HCI UART protocol QCA registered
[    1.691913] sdhci: Secure Digital Host Controller Interface driver
[    1.691913] sdhci: Secure Digital Host Controller Interface driver
[    1.692901] sdhci: Copyright(c) Pierre Ossman
[    1.692901] sdhci: Copyright(c) Pierre Ossman
[    1.694275] sdhci-pltfm: SDHCI platform and OF driver helper
[    1.694275] sdhci-pltfm: SDHCI platform and OF driver helper
[    1.698522] hidraw: raw HID events driver (C) Jiri Kosina
[    1.698522] hidraw: raw HID events driver (C) Jiri Kosina
[    1.712580] usbcore: registered new interface driver usbhid
[    1.712580] usbcore: registered new interface driver usbhid
[    1.714021] usbhid: USB HID core driver
[    1.714021] usbhid: USB HID core driver
[    1.716132] ashmem: initialized
[    1.716132] ashmem: initialized
[    1.727136] gnss: GNSS driver registered with major 237
[    1.727136] gnss: GNSS driver registered with major 237
[    1.733080] usbcore: registered new interface driver snd-usb-audio
[    1.733080] usbcore: registered new interface driver snd-usb-audio
[    1.738599] u32 classifier
[    1.738599] u32 classifier
[    1.739041]     input device check on
[    1.739041]     input device check on
[    1.740115]     Actions configured
[    1.740115]     Actions configured
[    1.766093] xt_time: kernel timezone is -0000
[    1.766093] xt_time: kernel timezone is -0000
[    1.770476] ipip: IPv4 and MPLS over IPv4 tunneling driver
[    1.770476] ipip: IPv4 and MPLS over IPv4 tunneling driver
[    1.778955] gre: GRE over IPv4 demultiplexor driver
[    1.778955] gre: GRE over IPv4 demultiplexor driver
[    1.780436] ip_gre: GRE over IPv4 tunneling driver
[    1.780436] ip_gre: GRE over IPv4 tunneling driver
[    1.793827] IPv4 over IPsec tunneling driver
[    1.793827] IPv4 over IPsec tunneling driver
[    1.820310] Initializing XFRM netlink socket
[    1.820310] Initializing XFRM netlink socket
[    1.822440] IPsec XFRM device driver
[    1.822440] IPsec XFRM device driver
[    1.829636] NET: Registered protocol family 10
[    1.829636] NET: Registered protocol family 10
[    1.861581] Segment Routing with IPv6
[    1.861581] Segment Routing with IPv6
[    1.864670] mip6: Mobile IPv6
[    1.864670] mip6: Mobile IPv6
[    1.880070] sit: IPv6, IPv4 and MPLS over IPv4 tunneling driver
[    1.880070] sit: IPv6, IPv4 and MPLS over IPv4 tunneling driver
[    1.889442] ip6_gre: GRE over IPv6 tunneling driver
[    1.889442] ip6_gre: GRE over IPv6 tunneling driver
[    1.894265] NET: Registered protocol family 17
[    1.894265] NET: Registered protocol family 17
[    1.896350] NET: Registered protocol family 15
[    1.896350] NET: Registered protocol family 15
[    1.899150] Bluetooth: RFCOMM TTY layer initialized
[    1.899150] Bluetooth: RFCOMM TTY layer initialized
[    1.900431] Bluetooth: RFCOMM socket layer initialized
[    1.900431] Bluetooth: RFCOMM socket layer initialized
[    1.901512] Bluetooth: RFCOMM ver 1.11
[    1.901512] Bluetooth: RFCOMM ver 1.11
[    1.902133] Bluetooth: HIDP (Human Interface Emulation) ver 1.2
[    1.902133] Bluetooth: HIDP (Human Interface Emulation) ver 1.2
[    1.903218] Bluetooth: HIDP socket layer initialized
[    1.903218] Bluetooth: HIDP socket layer initialized
[    1.907866] l2tp_core: L2TP core driver, V2.0
[    1.907866] l2tp_core: L2TP core driver, V2.0
[    1.908762] l2tp_ppp: PPPoL2TP kernel driver, V2.0
[    1.908762] l2tp_ppp: PPPoL2TP kernel driver, V2.0
[    1.909441] tipc: Activated (version 2.0.0)
[    1.909441] tipc: Activated (version 2.0.0)
[    1.913404] NET: Registered protocol family 30
[    1.913404] NET: Registered protocol family 30
[    1.920348] tipc: Started in single node mode
[    1.920348] tipc: Started in single node mode
[    1.923547] registered taskstats version 1
[    1.923547] registered taskstats version 1
[    1.924239] Loading compiled-in X.509 certificates
[    1.924239] Loading compiled-in X.509 certificates
[    1.925671] Key type ._fscrypt registered
[    1.925671] Key type ._fscrypt registered
[    1.926474] Key type .fscrypt registered
[    1.926474] Key type .fscrypt registered
[    1.927571] Key type fscrypt-provisioning registered
[    1.927571] Key type fscrypt-provisioning registered
[    1.935773] Failed to find error inject entry at 00000000682e7288
[    1.935773] Failed to find error inject entry at 00000000682e7288
[    1.937712] Failed to find error inject entry at 00000000d2d4e8c2
[    1.937712] Failed to find error inject entry at 00000000d2d4e8c2
[    1.938451] Failed to find error inject entry at 000000005f63e43f
[    1.938451] Failed to find error inject entry at 000000005f63e43f
[    1.939300] Failed to find error inject entry at 00000000bf83f28f
[    1.939300] Failed to find error inject entry at 00000000bf83f28f
[    1.940771] Failed to find error inject entry at 00000000fb2142ca
[    1.940771] Failed to find error inject entry at 00000000fb2142ca
[    1.941696] Failed to find error inject entry at 00000000da7ad5ee
[    1.941696] Failed to find error inject entry at 00000000da7ad5ee
[    1.942600] Failed to find error inject entry at 000000006b25e0ec
[    1.942600] Failed to find error inject entry at 000000006b25e0ec
[    1.943963] Failed to find error inject entry at 000000007468bb6b
[    1.943963] Failed to find error inject entry at 000000007468bb6b
[    1.944817] Failed to find error inject entry at 000000003b19b202
[    1.944817] Failed to find error inject entry at 000000003b19b202
[    1.945500] Failed to find error inject entry at 00000000a849e5a1
[    1.945500] Failed to find error inject entry at 00000000a849e5a1
[    1.946153] Failed to find error inject entry at 00000000f7f61ce7
[    1.946153] Failed to find error inject entry at 00000000f7f61ce7
[    1.946835] Failed to find error inject entry at 00000000a8d6bc75
[    1.946835] Failed to find error inject entry at 00000000a8d6bc75
[    1.947715] Failed to find error inject entry at 000000007ae62468
[    1.947715] Failed to find error inject entry at 000000007ae62468
[    1.948663] Failed to find error inject entry at 00000000fe76f2e4
[    1.948663] Failed to find error inject entry at 00000000fe76f2e4
[    1.949554] Failed to find error inject entry at 000000005216e3d9
[    1.949554] Failed to find error inject entry at 000000005216e3d9
[    1.950380] Failed to find error inject entry at 0000000010df1ef3
[    1.950380] Failed to find error inject entry at 0000000010df1ef3
[    1.951843] Failed to find error inject entry at 000000004f21726b
[    1.951843] Failed to find error inject entry at 000000004f21726b
[    1.952884] Failed to find error inject entry at 00000000d70de2e7
[    1.952884] Failed to find error inject entry at 00000000d70de2e7
[    1.953709] Failed to find error inject entry at 0000000053213b6a
[    1.953709] Failed to find error inject entry at 0000000053213b6a
[    1.954455] Failed to find error inject entry at 000000008594e6f9
[    1.954455] Failed to find error inject entry at 000000008594e6f9
[    1.957076] Failed to find error inject entry at 00000000032367f9
[    1.957076] Failed to find error inject entry at 00000000032367f9
[    1.957892] Failed to find error inject entry at 00000000a499a330
[    1.957892] Failed to find error inject entry at 00000000a499a330
[    1.958736] Failed to find error inject entry at 00000000952a7d1b
[    1.958736] Failed to find error inject entry at 00000000952a7d1b
[    1.960121] Failed to find error inject entry at 000000008f35d2e6
[    1.960121] Failed to find error inject entry at 000000008f35d2e6
[    1.960988] Failed to find error inject entry at 00000000ed628f52
[    1.960988] Failed to find error inject entry at 00000000ed628f52
[    1.961771] Failed to find error inject entry at 00000000a0be441b
[    1.961771] Failed to find error inject entry at 00000000a0be441b
[    1.962463] Failed to find error inject entry at 000000002031b293
[    1.962463] Failed to find error inject entry at 000000002031b293
[    1.963193] Failed to find error inject entry at 00000000ea5c40bf
[    1.963193] Failed to find error inject entry at 00000000ea5c40bf
[    1.964209] Failed to find error inject entry at 00000000bd12c5a3
[    1.964209] Failed to find error inject entry at 00000000bd12c5a3
[    1.964911] Failed to find error inject entry at 00000000e779cf51
[    1.964911] Failed to find error inject entry at 00000000e779cf51
[    1.965575] Failed to find error inject entry at 000000001a53680b
[    1.965575] Failed to find error inject entry at 000000001a53680b
[    1.966292] Failed to find error inject entry at 000000000415ccc5
[    1.966292] Failed to find error inject entry at 000000000415ccc5
[    1.967364] Failed to find error inject entry at 00000000cab15327
[    1.967364] Failed to find error inject entry at 00000000cab15327
[    1.968308] Failed to find error inject entry at 00000000a31744c0
[    1.968308] Failed to find error inject entry at 00000000a31744c0
[    1.969065] Failed to find error inject entry at 000000002d7cd86b
[    1.969065] Failed to find error inject entry at 000000002d7cd86b
[    1.969833] Failed to find error inject entry at 0000000042155aa9
[    1.969833] Failed to find error inject entry at 0000000042155aa9
[    1.970568] Failed to find error inject entry at 0000000063ee51b7
[    1.970568] Failed to find error inject entry at 0000000063ee51b7
[    1.971688] Failed to find error inject entry at 00000000d94b02f6
[    1.971688] Failed to find error inject entry at 00000000d94b02f6
[    1.972481] Failed to find error inject entry at 000000003e4a2374
[    1.972481] Failed to find error inject entry at 000000003e4a2374
[    1.973228] Failed to find error inject entry at 000000006fc12068
[    1.973228] Failed to find error inject entry at 000000006fc12068
[    1.973976] Failed to find error inject entry at 000000002a5bdefc
[    1.973976] Failed to find error inject entry at 000000002a5bdefc
[    1.975099] Failed to find error inject entry at 00000000d6ed0547
[    1.975099] Failed to find error inject entry at 00000000d6ed0547
[    1.975890] Failed to find error inject entry at 000000003a4a13e7
[    1.975890] Failed to find error inject entry at 000000003a4a13e7
[    1.976602] Failed to find error inject entry at 00000000e3855f3d
[    1.976602] Failed to find error inject entry at 00000000e3855f3d
[    1.977309] Failed to find error inject entry at 0000000065ff5d7c
[    1.977309] Failed to find error inject entry at 0000000065ff5d7c
[    1.978129] Failed to find error inject entry at 00000000f4e42398
[    1.978129] Failed to find error inject entry at 00000000f4e42398
[    1.978865] Failed to find error inject entry at 00000000a9b551df
[    1.978865] Failed to find error inject entry at 00000000a9b551df
[    1.979855] Failed to find error inject entry at 0000000084cf3daa
[    1.979855] Failed to find error inject entry at 0000000084cf3daa
[    1.980610] Failed to find error inject entry at 00000000bf0951a3
[    1.980610] Failed to find error inject entry at 00000000bf0951a3
[    1.981340] Failed to find error inject entry at 00000000df93a419
[    1.981340] Failed to find error inject entry at 00000000df93a419
[    1.982139] Failed to find error inject entry at 00000000060ea2ba
[    1.982139] Failed to find error inject entry at 00000000060ea2ba
[    1.982895] Failed to find error inject entry at 00000000b4a0c36c
[    1.982895] Failed to find error inject entry at 00000000b4a0c36c
[    1.984022] Failed to find error inject entry at 000000004e1e3114
[    1.984022] Failed to find error inject entry at 000000004e1e3114
[    1.985098] Failed to find error inject entry at 00000000170ebc63
[    1.985098] Failed to find error inject entry at 00000000170ebc63
[    1.986088] Failed to find error inject entry at 000000007f92e548
[    1.986088] Failed to find error inject entry at 000000007f92e548
[    1.986873] Failed to find error inject entry at 00000000c50b7690
[    1.986873] Failed to find error inject entry at 00000000c50b7690
[    1.987849] Failed to find error inject entry at 00000000cae10894
[    1.987849] Failed to find error inject entry at 00000000cae10894
[    1.988659] Failed to find error inject entry at 000000005c90646c
[    1.988659] Failed to find error inject entry at 000000005c90646c
[    1.989367] Failed to find error inject entry at 00000000ee6b49de
[    1.989367] Failed to find error inject entry at 00000000ee6b49de
[    1.990066] Failed to find error inject entry at 0000000034aee21a
[    1.990066] Failed to find error inject entry at 0000000034aee21a
[    1.990751] Failed to find error inject entry at 000000008e9220ba
[    1.990751] Failed to find error inject entry at 000000008e9220ba
[    1.991722] Failed to find error inject entry at 000000008f80e50a
[    1.991722] Failed to find error inject entry at 000000008f80e50a
[    1.992532] Failed to find error inject entry at 0000000030c723be
[    1.992532] Failed to find error inject entry at 0000000030c723be
[    1.993481] Failed to find error inject entry at 00000000620ce455
[    1.993481] Failed to find error inject entry at 00000000620ce455
[    1.994395] Failed to find error inject entry at 00000000fe269e97
[    1.994395] Failed to find error inject entry at 00000000fe269e97
[    1.995116] Failed to find error inject entry at 00000000fc275670
[    1.995116] Failed to find error inject entry at 00000000fc275670
[    1.996121] Failed to find error inject entry at 0000000090f3cfe6
[    1.996121] Failed to find error inject entry at 0000000090f3cfe6
[    1.996866] Failed to find error inject entry at 000000005e35bd30
[    1.996866] Failed to find error inject entry at 000000005e35bd30
[    1.997549] Failed to find error inject entry at 00000000fbe123db
[    1.997549] Failed to find error inject entry at 00000000fbe123db
[    1.998274] Failed to find error inject entry at 0000000059f10118
[    1.998274] Failed to find error inject entry at 0000000059f10118
[    1.998920] Failed to find error inject entry at 00000000c9c410b2
[    1.998920] Failed to find error inject entry at 00000000c9c410b2
[    2.000248] Failed to find error inject entry at 000000008d5cd720
[    2.000248] Failed to find error inject entry at 000000008d5cd720
[    2.001225] Failed to find error inject entry at 0000000057309ee1
[    2.001225] Failed to find error inject entry at 0000000057309ee1
[    2.002022] Failed to find error inject entry at 000000003fcafb05
[    2.002022] Failed to find error inject entry at 000000003fcafb05
[    2.003482] Failed to find error inject entry at 00000000736e1a6e
[    2.003482] Failed to find error inject entry at 00000000736e1a6e
[    2.004275] Failed to find error inject entry at 00000000e0855228
[    2.004275] Failed to find error inject entry at 00000000e0855228
[    2.005022] Failed to find error inject entry at 0000000014e202c3
[    2.005022] Failed to find error inject entry at 0000000014e202c3
[    2.005757] Failed to find error inject entry at 0000000084e828a8
[    2.005757] Failed to find error inject entry at 0000000084e828a8
[    2.006496] Failed to find error inject entry at 0000000003203d65
[    2.006496] Failed to find error inject entry at 0000000003203d65
[    2.007558] Failed to find error inject entry at 000000008f0f1c4c
[    2.007558] Failed to find error inject entry at 000000008f0f1c4c
[    2.008337] Failed to find error inject entry at 00000000859aa272
[    2.008337] Failed to find error inject entry at 00000000859aa272
[    2.009000] Failed to find error inject entry at 0000000092950cbe
[    2.009000] Failed to find error inject entry at 0000000092950cbe
[    2.009674] Failed to find error inject entry at 00000000c4856e36
[    2.009674] Failed to find error inject entry at 00000000c4856e36
[    2.010445] Failed to find error inject entry at 00000000e7942570
[    2.010445] Failed to find error inject entry at 00000000e7942570
[    2.011406] Failed to find error inject entry at 000000004fd1042f
[    2.011406] Failed to find error inject entry at 000000004fd1042f
[    2.012117] Failed to find error inject entry at 00000000f633a017
[    2.012117] Failed to find error inject entry at 00000000f633a017
[    2.012936] Failed to find error inject entry at 0000000005886542
[    2.012936] Failed to find error inject entry at 0000000005886542
[    2.013626] Failed to find error inject entry at 00000000dcfbca2d
[    2.013626] Failed to find error inject entry at 00000000dcfbca2d
[    2.014319] Failed to find error inject entry at 000000003184a085
[    2.014319] Failed to find error inject entry at 000000003184a085
[    2.014993] Failed to find error inject entry at 000000008ff714ea
[    2.014993] Failed to find error inject entry at 000000008ff714ea
[    2.015856] Failed to find error inject entry at 00000000e5eec32d
[    2.015856] Failed to find error inject entry at 00000000e5eec32d
[    2.016483] Failed to find error inject entry at 00000000864a7912
[    2.016483] Failed to find error inject entry at 00000000864a7912
[    2.017115] Failed to find error inject entry at 000000002b6a366d
[    2.017115] Failed to find error inject entry at 000000002b6a366d
[    2.017743] Failed to find error inject entry at 00000000313aaddd
[    2.017743] Failed to find error inject entry at 00000000313aaddd
[    2.018370] Failed to find error inject entry at 00000000876ce3fb
[    2.018370] Failed to find error inject entry at 00000000876ce3fb
[    2.019379] Failed to find error inject entry at 00000000f4d6e2ec
[    2.019379] Failed to find error inject entry at 00000000f4d6e2ec
[    2.020319] Failed to find error inject entry at 00000000634a449d
[    2.020319] Failed to find error inject entry at 00000000634a449d
[    2.021304] Failed to find error inject entry at 000000006708aa63
[    2.021304] Failed to find error inject entry at 000000006708aa63
[    2.021978] Failed to find error inject entry at 000000008c96c359
[    2.021978] Failed to find error inject entry at 000000008c96c359
[    2.022949] Failed to find error inject entry at 00000000101bebdc
[    2.022949] Failed to find error inject entry at 00000000101bebdc
[    2.023668] Failed to find error inject entry at 0000000003caef11
[    2.023668] Failed to find error inject entry at 0000000003caef11
[    2.024349] Failed to find error inject entry at 00000000dcb5ec07
[    2.024349] Failed to find error inject entry at 00000000dcb5ec07
[    2.025063] Failed to find error inject entry at 00000000aa40845e
[    2.025063] Failed to find error inject entry at 00000000aa40845e
[    2.026010] Failed to find error inject entry at 00000000d3e1cd01
[    2.026010] Failed to find error inject entry at 00000000d3e1cd01
[    2.026855] Failed to find error inject entry at 00000000787797f9
[    2.026855] Failed to find error inject entry at 00000000787797f9
[    2.028188] Failed to find error inject entry at 00000000a0911cf7
[    2.028188] Failed to find error inject entry at 00000000a0911cf7
[    2.029149] Failed to find error inject entry at 000000004df447a4
[    2.029149] Failed to find error inject entry at 000000004df447a4
[    2.029900] Failed to find error inject entry at 00000000a637e7ee
[    2.029900] Failed to find error inject entry at 00000000a637e7ee
[    2.030951] Failed to find error inject entry at 00000000b2e0fcf7
[    2.030951] Failed to find error inject entry at 00000000b2e0fcf7
[    2.031696] Failed to find error inject entry at 000000006f63ed94
[    2.031696] Failed to find error inject entry at 000000006f63ed94
[    2.032346] Failed to find error inject entry at 000000005d0b7c49
[    2.032346] Failed to find error inject entry at 000000005d0b7c49
[    2.032972] Failed to find error inject entry at 000000003afe0cb7
[    2.032972] Failed to find error inject entry at 000000003afe0cb7
[    2.033616] Failed to find error inject entry at 000000007c9dd004
[    2.033616] Failed to find error inject entry at 000000007c9dd004
[    2.034425] Failed to find error inject entry at 00000000d42022ac
[    2.034425] Failed to find error inject entry at 00000000d42022ac
[    2.035230] Failed to find error inject entry at 00000000de3cb5d8
[    2.035230] Failed to find error inject entry at 00000000de3cb5d8
[    2.036141] Failed to find error inject entry at 00000000f16c88cb
[    2.036141] Failed to find error inject entry at 00000000f16c88cb
[    2.036816] Failed to find error inject entry at 00000000b253d8df
[    2.036816] Failed to find error inject entry at 00000000b253d8df
[    2.037446] Failed to find error inject entry at 00000000f597d145
[    2.037446] Failed to find error inject entry at 00000000f597d145
[    2.038128] Failed to find error inject entry at 00000000a78c34de
[    2.038128] Failed to find error inject entry at 00000000a78c34de
[    2.038784] Failed to find error inject entry at 0000000066225c9c
[    2.038784] Failed to find error inject entry at 0000000066225c9c
[    2.039580] Failed to find error inject entry at 000000004e15127f
[    2.039580] Failed to find error inject entry at 000000004e15127f
[    2.040218] Failed to find error inject entry at 00000000731451df
[    2.040218] Failed to find error inject entry at 00000000731451df
[    2.040837] Failed to find error inject entry at 00000000b4f49d18
[    2.040837] Failed to find error inject entry at 00000000b4f49d18
[    2.041477] Failed to find error inject entry at 000000001a1aef47
[    2.041477] Failed to find error inject entry at 000000001a1aef47
[    2.042114] Failed to find error inject entry at 000000001f635883
[    2.042114] Failed to find error inject entry at 000000001f635883
[    2.042814] Failed to find error inject entry at 00000000f7b0cf55
[    2.042814] Failed to find error inject entry at 00000000f7b0cf55
[    2.043609] Failed to find error inject entry at 000000008a78d68b
[    2.043609] Failed to find error inject entry at 000000008a78d68b
[    2.044272] Failed to find error inject entry at 00000000b1596619
[    2.044272] Failed to find error inject entry at 00000000b1596619
[    2.044909] Failed to find error inject entry at 00000000b04e5bd4
[    2.044909] Failed to find error inject entry at 00000000b04e5bd4
[    2.045555] Failed to find error inject entry at 0000000079219be0
[    2.045555] Failed to find error inject entry at 0000000079219be0
[    2.046324] Failed to find error inject entry at 00000000eb577797
[    2.046324] Failed to find error inject entry at 00000000eb577797
[    2.046985] Failed to find error inject entry at 00000000a13750fe
[    2.046985] Failed to find error inject entry at 00000000a13750fe
[    2.047623] Failed to find error inject entry at 00000000db034cef
[    2.047623] Failed to find error inject entry at 00000000db034cef
[    2.048253] Failed to find error inject entry at 00000000e0e00cb1
[    2.048253] Failed to find error inject entry at 00000000e0e00cb1
[    2.048884] Failed to find error inject entry at 000000002f9ed6a2
[    2.048884] Failed to find error inject entry at 000000002f9ed6a2
[    2.049552] Failed to find error inject entry at 00000000e793ea2c
[    2.049552] Failed to find error inject entry at 00000000e793ea2c
[    2.050198] Failed to find error inject entry at 00000000ebc4ccde
[    2.050198] Failed to find error inject entry at 00000000ebc4ccde
[    2.050941] Failed to find error inject entry at 00000000de6d72cf
[    2.050941] Failed to find error inject entry at 00000000de6d72cf
[    2.051978] Failed to find error inject entry at 000000008100f2bf
[    2.051978] Failed to find error inject entry at 000000008100f2bf
[    2.052635] Failed to find error inject entry at 00000000c74d2d56
[    2.052635] Failed to find error inject entry at 00000000c74d2d56
[    2.053264] Failed to find error inject entry at 00000000f99a0452
[    2.053264] Failed to find error inject entry at 00000000f99a0452
[    2.053942] Failed to find error inject entry at 000000006833be65
[    2.053942] Failed to find error inject entry at 000000006833be65
[    2.054588] Failed to find error inject entry at 00000000c84f2a3c
[    2.054588] Failed to find error inject entry at 00000000c84f2a3c
[    2.055418] Failed to find error inject entry at 000000007455f292
[    2.055418] Failed to find error inject entry at 000000007455f292
[    2.056071] Failed to find error inject entry at 000000007d5ad1b6
[    2.056071] Failed to find error inject entry at 000000007d5ad1b6
[    2.056717] Failed to find error inject entry at 00000000693d5bff
[    2.056717] Failed to find error inject entry at 00000000693d5bff
[    2.057361] Failed to find error inject entry at 00000000526f52e2
[    2.057361] Failed to find error inject entry at 00000000526f52e2
[    2.058003] Failed to find error inject entry at 00000000a7b7a034
[    2.058003] Failed to find error inject entry at 00000000a7b7a034
[    2.058762] Failed to find error inject entry at 00000000bf13c61f
[    2.058762] Failed to find error inject entry at 00000000bf13c61f
[    2.059859] Failed to find error inject entry at 00000000186dd4ce
[    2.059859] Failed to find error inject entry at 00000000186dd4ce
[    2.060853] Failed to find error inject entry at 000000000aa99028
[    2.060853] Failed to find error inject entry at 000000000aa99028
[    2.061681] Failed to find error inject entry at 000000003b94dc1f
[    2.061681] Failed to find error inject entry at 000000003b94dc1f
[    2.062368] Failed to find error inject entry at 000000000a2e48ef
[    2.062368] Failed to find error inject entry at 000000000a2e48ef
[    2.063294] Failed to find error inject entry at 0000000004a22344
[    2.063294] Failed to find error inject entry at 0000000004a22344
[    2.063959] Failed to find error inject entry at 0000000092df6847
[    2.063959] Failed to find error inject entry at 0000000092df6847
[    2.064622] Failed to find error inject entry at 0000000073b4d516
[    2.064622] Failed to find error inject entry at 0000000073b4d516
[    2.065284] Failed to find error inject entry at 000000006955f863
[    2.065284] Failed to find error inject entry at 000000006955f863
[    2.065912] Failed to find error inject entry at 000000006342b1bb
[    2.065912] Failed to find error inject entry at 000000006342b1bb
[    2.066759] Failed to find error inject entry at 000000008c3caafd
[    2.066759] Failed to find error inject entry at 000000008c3caafd
[    2.067482] Failed to find error inject entry at 000000009fdb477f
[    2.067482] Failed to find error inject entry at 000000009fdb477f
[    2.068307] Failed to find error inject entry at 0000000063e7d49c
[    2.068307] Failed to find error inject entry at 0000000063e7d49c
[    2.068951] Failed to find error inject entry at 00000000220a657b
[    2.068951] Failed to find error inject entry at 00000000220a657b
[    2.069602] Failed to find error inject entry at 00000000486e489e
[    2.069602] Failed to find error inject entry at 00000000486e489e
[    2.070262] Failed to find error inject entry at 00000000c137da95
[    2.070262] Failed to find error inject entry at 00000000c137da95
[    2.070889] Failed to find error inject entry at 00000000d5cb3158
[    2.070889] Failed to find error inject entry at 00000000d5cb3158
[    2.071847] Failed to find error inject entry at 000000009c52380a
[    2.071847] Failed to find error inject entry at 000000009c52380a
[    2.072481] Failed to find error inject entry at 0000000057a82ac4
[    2.072481] Failed to find error inject entry at 0000000057a82ac4
[    2.073126] Failed to find error inject entry at 0000000047650067
[    2.073126] Failed to find error inject entry at 0000000047650067
[    2.073746] Failed to find error inject entry at 00000000c0586291
[    2.073746] Failed to find error inject entry at 00000000c0586291
[    2.074372] Failed to find error inject entry at 0000000008b19288
[    2.074372] Failed to find error inject entry at 0000000008b19288
[    2.074990] Failed to find error inject entry at 0000000006aea7ac
[    2.074990] Failed to find error inject entry at 0000000006aea7ac
[    2.075785] Failed to find error inject entry at 000000009084587a
[    2.075785] Failed to find error inject entry at 000000009084587a
[    2.076439] Failed to find error inject entry at 00000000062f2898
[    2.076439] Failed to find error inject entry at 00000000062f2898
[    2.077099] Failed to find error inject entry at 0000000046bcacb6
[    2.077099] Failed to find error inject entry at 0000000046bcacb6
[    2.077724] Failed to find error inject entry at 0000000056b686ba
[    2.077724] Failed to find error inject entry at 0000000056b686ba
[    2.078365] Failed to find error inject entry at 0000000052bf6d8b
[    2.078365] Failed to find error inject entry at 0000000052bf6d8b
[    2.079197] Failed to find error inject entry at 00000000138aa7d3
[    2.079197] Failed to find error inject entry at 00000000138aa7d3
[    2.079826] Failed to find error inject entry at 000000006df5451b
[    2.079826] Failed to find error inject entry at 000000006df5451b
[    2.080484] Failed to find error inject entry at 00000000407fcc89
[    2.080484] Failed to find error inject entry at 00000000407fcc89
[    2.081129] Failed to find error inject entry at 000000005e9be53d
[    2.081129] Failed to find error inject entry at 000000005e9be53d
[    2.081750] Failed to find error inject entry at 000000003e08576d
[    2.081750] Failed to find error inject entry at 000000003e08576d
[    2.082386] Failed to find error inject entry at 00000000ec337ce3
[    2.082386] Failed to find error inject entry at 00000000ec337ce3
[    2.083291] Failed to find error inject entry at 0000000037eaa4ef
[    2.083291] Failed to find error inject entry at 0000000037eaa4ef
[    2.083960] Failed to find error inject entry at 00000000f3b9cb16
[    2.083960] Failed to find error inject entry at 00000000f3b9cb16
[    2.084649] Failed to find error inject entry at 00000000f8de769e
[    2.084649] Failed to find error inject entry at 00000000f8de769e
[    2.085408] Failed to find error inject entry at 00000000f59cac41
[    2.085408] Failed to find error inject entry at 00000000f59cac41
[    2.086071] Failed to find error inject entry at 000000000d928bbf
[    2.086071] Failed to find error inject entry at 000000000d928bbf
[    2.086701] Failed to find error inject entry at 0000000077bc92c6
[    2.086701] Failed to find error inject entry at 0000000077bc92c6
[    2.087558] Failed to find error inject entry at 000000001d6f915d
[    2.087558] Failed to find error inject entry at 000000001d6f915d
[    2.088116] Failed to find error inject entry at 000000008cdfce26
[    2.088116] Failed to find error inject entry at 000000008cdfce26
[    2.088720] Failed to find error inject entry at 0000000096dbfb45
[    2.088720] Failed to find error inject entry at 0000000096dbfb45
[    2.089295] Failed to find error inject entry at 000000008d695ca9
[    2.089295] Failed to find error inject entry at 000000008d695ca9
[    2.089840] Failed to find error inject entry at 000000001621d604
[    2.089840] Failed to find error inject entry at 000000001621d604
[    2.090428] Failed to find error inject entry at 0000000042b1668c
[    2.090428] Failed to find error inject entry at 0000000042b1668c
[    2.090996] Failed to find error inject entry at 000000004852cdb9
[    2.090996] Failed to find error inject entry at 000000004852cdb9
[    2.091544] Failed to find error inject entry at 0000000048320c76
[    2.091544] Failed to find error inject entry at 0000000048320c76
[    2.092512] Failed to find error inject entry at 0000000026861d5f
[    2.092512] Failed to find error inject entry at 0000000026861d5f
[    2.093293] Failed to find error inject entry at 000000002fae9866
[    2.093293] Failed to find error inject entry at 000000002fae9866
[    2.093978] Failed to find error inject entry at 00000000f1344d50
[    2.093978] Failed to find error inject entry at 00000000f1344d50
[    2.094924] Failed to find error inject entry at 000000007eabdaa2
[    2.094924] Failed to find error inject entry at 000000007eabdaa2
[    2.095644] Failed to find error inject entry at 00000000739d4110
[    2.095644] Failed to find error inject entry at 00000000739d4110
[    2.096299] Failed to find error inject entry at 00000000b0b76163
[    2.096299] Failed to find error inject entry at 00000000b0b76163
[    2.096945] Failed to find error inject entry at 0000000012c360f3
[    2.096945] Failed to find error inject entry at 0000000012c360f3
[    2.097573] Failed to find error inject entry at 000000007413fef2
[    2.097573] Failed to find error inject entry at 000000007413fef2
[    2.098237] Failed to find error inject entry at 00000000bcba8fd6
[    2.098237] Failed to find error inject entry at 00000000bcba8fd6
[    2.098897] Failed to find error inject entry at 000000003b06381e
[    2.098897] Failed to find error inject entry at 000000003b06381e
[    2.099797] Failed to find error inject entry at 0000000015c0d7e5
[    2.099797] Failed to find error inject entry at 0000000015c0d7e5
[    2.100445] Failed to find error inject entry at 00000000cbc56bed
[    2.100445] Failed to find error inject entry at 00000000cbc56bed
[    2.101150] Failed to find error inject entry at 000000005d445571
[    2.101150] Failed to find error inject entry at 000000005d445571
[    2.101850] Failed to find error inject entry at 0000000004a0df4a
[    2.101850] Failed to find error inject entry at 0000000004a0df4a
[    2.102522] Failed to find error inject entry at 00000000f617ac80
[    2.102522] Failed to find error inject entry at 00000000f617ac80
[    2.103414] Failed to find error inject entry at 000000002b012899
[    2.103414] Failed to find error inject entry at 000000002b012899
[    2.104059] Failed to find error inject entry at 00000000349826b3
[    2.104059] Failed to find error inject entry at 00000000349826b3
[    2.104683] Failed to find error inject entry at 000000009a72e6f2
[    2.104683] Failed to find error inject entry at 000000009a72e6f2
[    2.105331] Failed to find error inject entry at 0000000030afa72f
[    2.105331] Failed to find error inject entry at 0000000030afa72f
[    2.105977] Failed to find error inject entry at 0000000073203f32
[    2.105977] Failed to find error inject entry at 0000000073203f32
[    2.106601] Failed to find error inject entry at 00000000f89413ef
[    2.106601] Failed to find error inject entry at 00000000f89413ef
[    2.107467] Failed to find error inject entry at 00000000d9a443a4
[    2.107467] Failed to find error inject entry at 00000000d9a443a4
[    2.108107] Failed to find error inject entry at 00000000011e5e38
[    2.108107] Failed to find error inject entry at 00000000011e5e38
[    2.108726] Failed to find error inject entry at 000000006cf65751
[    2.108726] Failed to find error inject entry at 000000006cf65751
[    2.109746] Failed to find error inject entry at 0000000095858acc
[    2.109746] Failed to find error inject entry at 0000000095858acc
[    2.110390] Failed to find error inject entry at 0000000096beec7b
[    2.110390] Failed to find error inject entry at 0000000096beec7b
[    2.112076] Failed to find error inject entry at 00000000a1d68fa8
[    2.112076] Failed to find error inject entry at 00000000a1d68fa8
[    2.114030] Failed to find error inject entry at 000000007d536f7d
[    2.114030] Failed to find error inject entry at 000000007d536f7d
[    2.116071] Failed to find error inject entry at 0000000046241716
[    2.116071] Failed to find error inject entry at 0000000046241716
[    2.117816] Failed to find error inject entry at 000000004a6bc0cf
[    2.117816] Failed to find error inject entry at 000000004a6bc0cf
[    2.118768] Failed to find error inject entry at 0000000011290907
[    2.118768] Failed to find error inject entry at 0000000011290907
[    2.119457] Failed to find error inject entry at 00000000ccc9da8a
[    2.119457] Failed to find error inject entry at 00000000ccc9da8a
[    2.120220] Failed to find error inject entry at 000000009afeb874
[    2.120220] Failed to find error inject entry at 000000009afeb874
[    2.121183] Failed to find error inject entry at 00000000b3df9c6c
[    2.121183] Failed to find error inject entry at 00000000b3df9c6c
[    2.121733] Failed to find error inject entry at 0000000080a26fa3
[    2.121733] Failed to find error inject entry at 0000000080a26fa3
[    2.122292] Failed to find error inject entry at 00000000f6ecb4f2
[    2.122292] Failed to find error inject entry at 00000000f6ecb4f2
[    2.122818] Failed to find error inject entry at 000000003837e728
[    2.122818] Failed to find error inject entry at 000000003837e728
[    2.123569] Failed to find error inject entry at 0000000043b50a4f
[    2.123569] Failed to find error inject entry at 0000000043b50a4f
[    2.124123] Failed to find error inject entry at 00000000848f4aeb
[    2.124123] Failed to find error inject entry at 00000000848f4aeb
[    2.124648] Failed to find error inject entry at 0000000041e81ea1
[    2.124648] Failed to find error inject entry at 0000000041e81ea1
[    2.125224] Failed to find error inject entry at 000000007eefa1a4
[    2.125224] Failed to find error inject entry at 000000007eefa1a4
[    2.125903] Failed to find error inject entry at 000000005132b643
[    2.125903] Failed to find error inject entry at 000000005132b643
[    2.126555] Failed to find error inject entry at 000000000b870e5e
[    2.126555] Failed to find error inject entry at 000000000b870e5e
[    2.127562] Failed to find error inject entry at 00000000926f69aa
[    2.127562] Failed to find error inject entry at 00000000926f69aa
[    2.128406] Failed to find error inject entry at 00000000187497d6
[    2.128406] Failed to find error inject entry at 00000000187497d6
[    2.129009] Failed to find error inject entry at 00000000b59b27e4
[    2.129009] Failed to find error inject entry at 00000000b59b27e4
[    2.129545] Failed to find error inject entry at 00000000c0d4e548
[    2.129545] Failed to find error inject entry at 00000000c0d4e548
[    2.130102] Failed to find error inject entry at 00000000a69563ae
[    2.130102] Failed to find error inject entry at 00000000a69563ae
[    2.130633] Failed to find error inject entry at 00000000fbea17be
[    2.130633] Failed to find error inject entry at 00000000fbea17be
[    2.131609] Failed to find error inject entry at 00000000fed44cf2
[    2.131609] Failed to find error inject entry at 00000000fed44cf2
[    2.132314] Failed to find error inject entry at 00000000e109f542
[    2.132314] Failed to find error inject entry at 00000000e109f542
[    2.132903] Failed to find error inject entry at 000000000c8b388c
[    2.132903] Failed to find error inject entry at 000000000c8b388c
[    2.133440] Failed to find error inject entry at 00000000cf0884c3
[    2.133440] Failed to find error inject entry at 00000000cf0884c3
[    2.134082] Failed to find error inject entry at 000000006c7159e1
[    2.134082] Failed to find error inject entry at 000000006c7159e1
[    2.134934] Failed to find error inject entry at 000000007247aa84
[    2.134934] Failed to find error inject entry at 000000007247aa84
[    2.135537] Failed to find error inject entry at 00000000dba4f6aa
[    2.135537] Failed to find error inject entry at 00000000dba4f6aa
[    2.136079] Failed to find error inject entry at 0000000091b34f2d
[    2.136079] Failed to find error inject entry at 0000000091b34f2d
[    2.136932] Failed to find error inject entry at 00000000e4a545b4
[    2.136932] Failed to find error inject entry at 00000000e4a545b4
[    2.137822] Failed to find error inject entry at 000000002263b4df
[    2.137822] Failed to find error inject entry at 000000002263b4df
[    2.139050] Failed to find error inject entry at 00000000c9a935bb
[    2.139050] Failed to find error inject entry at 00000000c9a935bb
[    2.141706] Failed to find error inject entry at 00000000494dffa4
[    2.141706] Failed to find error inject entry at 00000000494dffa4
[    2.142951] Failed to find error inject entry at 000000009044aa4b
[    2.142951] Failed to find error inject entry at 000000009044aa4b
[    2.144548] Failed to find error inject entry at 000000002fdc0f2a
[    2.144548] Failed to find error inject entry at 000000002fdc0f2a
[    2.145276] Failed to find error inject entry at 00000000b38776d0
[    2.145276] Failed to find error inject entry at 00000000b38776d0
[    2.145892] Failed to find error inject entry at 0000000076c8c2a1
[    2.145892] Failed to find error inject entry at 0000000076c8c2a1
[    2.146807] Failed to find error inject entry at 00000000d8ce2cda
[    2.146807] Failed to find error inject entry at 00000000d8ce2cda
[    2.147557] Failed to find error inject entry at 0000000012d8c725
[    2.147557] Failed to find error inject entry at 0000000012d8c725
[    2.148461] Failed to find error inject entry at 00000000e420181d
[    2.148461] Failed to find error inject entry at 00000000e420181d
[    2.149068] Failed to find error inject entry at 00000000e9238683
[    2.149068] Failed to find error inject entry at 00000000e9238683
[    2.149805] Failed to find error inject entry at 00000000b25bae00
[    2.149805] Failed to find error inject entry at 00000000b25bae00
[    2.150417] Failed to find error inject entry at 000000009e27529a
[    2.150417] Failed to find error inject entry at 000000009e27529a
[    2.151834] Failed to find error inject entry at 00000000a571a04b
[    2.151834] Failed to find error inject entry at 00000000a571a04b
[    2.153190] Failed to find error inject entry at 00000000f6f4e196
[    2.153190] Failed to find error inject entry at 00000000f6f4e196
[    2.154138] Failed to find error inject entry at 00000000a8d7489c
[    2.154138] Failed to find error inject entry at 00000000a8d7489c
[    2.154871] Failed to find error inject entry at 00000000d7dd1397
[    2.154871] Failed to find error inject entry at 00000000d7dd1397
[    2.155904] Failed to find error inject entry at 00000000b925190a
[    2.155904] Failed to find error inject entry at 00000000b925190a
[    2.156542] Failed to find error inject entry at 00000000b4b015f0
[    2.156542] Failed to find error inject entry at 00000000b4b015f0
[    2.157165] Failed to find error inject entry at 00000000025b9f26
[    2.157165] Failed to find error inject entry at 00000000025b9f26
[    2.157718] Failed to find error inject entry at 00000000ba2e8ffa
[    2.157718] Failed to find error inject entry at 00000000ba2e8ffa
[    2.158490] Failed to find error inject entry at 0000000024811ada
[    2.158490] Failed to find error inject entry at 0000000024811ada
[    2.159813] Failed to find error inject entry at 00000000e98753ea
[    2.159813] Failed to find error inject entry at 00000000e98753ea
[    2.161633] Failed to find error inject entry at 00000000fc8558c5
[    2.161633] Failed to find error inject entry at 00000000fc8558c5
[    2.163450] Failed to find error inject entry at 0000000024ff584e
[    2.163450] Failed to find error inject entry at 0000000024ff584e
[    2.164138] Failed to find error inject entry at 00000000b1aab554
[    2.164138] Failed to find error inject entry at 00000000b1aab554
[    2.164894] Failed to find error inject entry at 00000000d76b210c
[    2.164894] Failed to find error inject entry at 00000000d76b210c
[    2.165436] Failed to find error inject entry at 00000000cd364a2e
[    2.165436] Failed to find error inject entry at 00000000cd364a2e
[    2.166057] Failed to find error inject entry at 00000000c1cc94c2
[    2.166057] Failed to find error inject entry at 00000000c1cc94c2
[    2.166886] Failed to find error inject entry at 00000000422b0574
[    2.166886] Failed to find error inject entry at 00000000422b0574
[    2.167669] Failed to find error inject entry at 00000000202d00bd
[    2.167669] Failed to find error inject entry at 00000000202d00bd
[    2.168325] Failed to find error inject entry at 000000006a19c9c7
[    2.168325] Failed to find error inject entry at 000000006a19c9c7
[    2.168975] Failed to find error inject entry at 00000000658ff8e4
[    2.168975] Failed to find error inject entry at 00000000658ff8e4
[    2.169621] Failed to find error inject entry at 00000000df5e1083
[    2.169621] Failed to find error inject entry at 00000000df5e1083
[    2.170168] Failed to find error inject entry at 00000000675b41b4
[    2.170168] Failed to find error inject entry at 00000000675b41b4
[    2.170721] Failed to find error inject entry at 0000000055df673a
[    2.170721] Failed to find error inject entry at 0000000055df673a
[    2.171480] Failed to find error inject entry at 0000000016f90a0d
[    2.171480] Failed to find error inject entry at 0000000016f90a0d
[    2.172056] Failed to find error inject entry at 00000000c3c1d9fc
[    2.172056] Failed to find error inject entry at 00000000c3c1d9fc
[    2.172636] Failed to find error inject entry at 000000003cc98341
[    2.172636] Failed to find error inject entry at 000000003cc98341
[    2.173203] Failed to find error inject entry at 00000000f9f0d858
[    2.173203] Failed to find error inject entry at 00000000f9f0d858
[    2.173807] Failed to find error inject entry at 000000001c5210fe
[    2.173807] Failed to find error inject entry at 000000001c5210fe
[    2.174347] Failed to find error inject entry at 00000000851427ba
[    2.174347] Failed to find error inject entry at 00000000851427ba
[    2.175257] Failed to find error inject entry at 0000000025ec2a1e
[    2.175257] Failed to find error inject entry at 0000000025ec2a1e
[    2.175949] Failed to find error inject entry at 000000005d12c008
[    2.175949] Failed to find error inject entry at 000000005d12c008
[    2.176660] Failed to find error inject entry at 0000000080e79258
[    2.176660] Failed to find error inject entry at 0000000080e79258
[    2.177317] Failed to find error inject entry at 00000000eafffece
[    2.177317] Failed to find error inject entry at 00000000eafffece
[    2.178127] Failed to find error inject entry at 000000003b1af893
[    2.178127] Failed to find error inject entry at 000000003b1af893
[    2.178912] Failed to find error inject entry at 00000000dc69976b
[    2.178912] Failed to find error inject entry at 00000000dc69976b
[    2.179618] Failed to find error inject entry at 00000000868da77e
[    2.179618] Failed to find error inject entry at 00000000868da77e
[    2.180304] Failed to find error inject entry at 0000000059d2491a
[    2.180304] Failed to find error inject entry at 0000000059d2491a
[    2.180951] Failed to find error inject entry at 0000000069452819
[    2.180951] Failed to find error inject entry at 0000000069452819
[    2.181694] Failed to find error inject entry at 000000005d468349
[    2.181694] Failed to find error inject entry at 000000005d468349
[    2.182323] Failed to find error inject entry at 00000000e122a825
[    2.182323] Failed to find error inject entry at 00000000e122a825
[    2.183071] Failed to find error inject entry at 00000000678e2e22
[    2.183071] Failed to find error inject entry at 00000000678e2e22
[    2.183781] Failed to find error inject entry at 00000000e8fd7e74
[    2.183781] Failed to find error inject entry at 00000000e8fd7e74
[    2.184538] Failed to find error inject entry at 00000000869f893f
[    2.184538] Failed to find error inject entry at 00000000869f893f
[    2.185176] Failed to find error inject entry at 000000007ba90f86
[    2.185176] Failed to find error inject entry at 000000007ba90f86
[    2.185845] Failed to find error inject entry at 00000000f060f3da
[    2.185845] Failed to find error inject entry at 00000000f060f3da
[    2.186694] Failed to find error inject entry at 00000000f41f6218
[    2.186694] Failed to find error inject entry at 00000000f41f6218
[    2.187519] Failed to find error inject entry at 000000006ad6d943
[    2.187519] Failed to find error inject entry at 000000006ad6d943
[    2.188390] Failed to find error inject entry at 000000003812d747
[    2.188390] Failed to find error inject entry at 000000003812d747
[    2.189217] Failed to find error inject entry at 00000000afaaa3f0
[    2.189217] Failed to find error inject entry at 00000000afaaa3f0
[    2.189910] Failed to find error inject entry at 0000000043ab8294
[    2.189910] Failed to find error inject entry at 0000000043ab8294
[    2.190489] Failed to find error inject entry at 0000000080111063
[    2.190489] Failed to find error inject entry at 0000000080111063
[    2.191045] Failed to find error inject entry at 00000000480178a2
[    2.191045] Failed to find error inject entry at 00000000480178a2
[    2.191640] Failed to find error inject entry at 00000000b3e03e33
[    2.191640] Failed to find error inject entry at 00000000b3e03e33
[    2.192684] Failed to find error inject entry at 00000000da63df73
[    2.192684] Failed to find error inject entry at 00000000da63df73
[    2.193451] Failed to find error inject entry at 00000000a5687110
[    2.193451] Failed to find error inject entry at 00000000a5687110
[    2.194106] Failed to find error inject entry at 000000005ec5cc41
[    2.194106] Failed to find error inject entry at 000000005ec5cc41
[    2.194772] Failed to find error inject entry at 00000000952b90e8
[    2.194772] Failed to find error inject entry at 00000000952b90e8
[    2.195405] Failed to find error inject entry at 00000000d0cde069
[    2.195405] Failed to find error inject entry at 00000000d0cde069
[    2.196448] Failed to find error inject entry at 00000000d2efeb4b
[    2.196448] Failed to find error inject entry at 00000000d2efeb4b
[    2.197131] Failed to find error inject entry at 00000000cd889828
[    2.197131] Failed to find error inject entry at 00000000cd889828
[    2.197813] Failed to find error inject entry at 0000000009c9052d
[    2.197813] Failed to find error inject entry at 0000000009c9052d
[    2.198686] Failed to find error inject entry at 00000000500736b1
[    2.198686] Failed to find error inject entry at 00000000500736b1
[    2.199268] Failed to find error inject entry at 00000000938bd05d
[    2.199268] Failed to find error inject entry at 00000000938bd05d
[    2.199794] Failed to find error inject entry at 00000000bb6044dd
[    2.199794] Failed to find error inject entry at 00000000bb6044dd
[    2.200498] Failed to find error inject entry at 0000000029b4eb9f
[    2.200498] Failed to find error inject entry at 0000000029b4eb9f
[    2.201519] Failed to find error inject entry at 000000007b5f5156
[    2.201519] Failed to find error inject entry at 000000007b5f5156
[    2.202191] Failed to find error inject entry at 00000000c8a14431
[    2.202191] Failed to find error inject entry at 00000000c8a14431
[    2.202828] Failed to find error inject entry at 0000000026ffa336
[    2.202828] Failed to find error inject entry at 0000000026ffa336
[    2.203718] Failed to find error inject entry at 000000003a46236f
[    2.203718] Failed to find error inject entry at 000000003a46236f
[    2.204457] Failed to find error inject entry at 00000000864e5d21
[    2.204457] Failed to find error inject entry at 00000000864e5d21
[    2.205113] Failed to find error inject entry at 00000000fc5f91be
[    2.205113] Failed to find error inject entry at 00000000fc5f91be
[    2.205823] Failed to find error inject entry at 00000000d7eb89fd
[    2.205823] Failed to find error inject entry at 00000000d7eb89fd
[    2.207103] Failed to find error inject entry at 00000000ba6df197
[    2.207103] Failed to find error inject entry at 00000000ba6df197
[    2.207880] Failed to find error inject entry at 00000000b273f6fd
[    2.207880] Failed to find error inject entry at 00000000b273f6fd
[    2.208708] Failed to find error inject entry at 00000000800cfab4
[    2.208708] Failed to find error inject entry at 00000000800cfab4
[    2.209842] Failed to find error inject entry at 000000006e109af8
[    2.209842] Failed to find error inject entry at 000000006e109af8
[    2.210587] Failed to find error inject entry at 0000000054bbb769
[    2.210587] Failed to find error inject entry at 0000000054bbb769
[    2.212757] Failed to find error inject entry at 000000002302dbc7
[    2.212757] Failed to find error inject entry at 000000002302dbc7
[    2.213771] Failed to find error inject entry at 00000000d6c399d0
[    2.213771] Failed to find error inject entry at 00000000d6c399d0
[    2.214705] Failed to find error inject entry at 000000001230f245
[    2.214705] Failed to find error inject entry at 000000001230f245
[    2.215788] Failed to find error inject entry at 00000000640e3055
[    2.215788] Failed to find error inject entry at 00000000640e3055
[    2.216651] Failed to find error inject entry at 0000000086caf1d1
[    2.216651] Failed to find error inject entry at 0000000086caf1d1
[    2.217474] Failed to find error inject entry at 00000000828052e6
[    2.217474] Failed to find error inject entry at 00000000828052e6
[    2.218578] Failed to find error inject entry at 00000000b6717613
[    2.218578] Failed to find error inject entry at 00000000b6717613
[    2.220223] Failed to find error inject entry at 000000001897a909
[    2.220223] Failed to find error inject entry at 000000001897a909
[    2.220896] Failed to find error inject entry at 0000000087794900
[    2.220896] Failed to find error inject entry at 0000000087794900
[    2.221434] Failed to find error inject entry at 00000000b1a1a630
[    2.221434] Failed to find error inject entry at 00000000b1a1a630
[    2.221997] Failed to find error inject entry at 000000001a0c891a
[    2.221997] Failed to find error inject entry at 000000001a0c891a
[    2.222773] Failed to find error inject entry at 000000001e00eb75
[    2.222773] Failed to find error inject entry at 000000001e00eb75
[    2.223633] Failed to find error inject entry at 0000000007d36640
[    2.223633] Failed to find error inject entry at 0000000007d36640
[    2.224642] Failed to find error inject entry at 000000008d623202
[    2.224642] Failed to find error inject entry at 000000008d623202
[    2.225551] Failed to find error inject entry at 00000000c5fef750
[    2.225551] Failed to find error inject entry at 00000000c5fef750
[    2.226609] Failed to find error inject entry at 000000001d61ce64
[    2.226609] Failed to find error inject entry at 000000001d61ce64
[    2.227523] Failed to find error inject entry at 0000000098eaadd5
[    2.227523] Failed to find error inject entry at 0000000098eaadd5
[    2.229118] Failed to find error inject entry at 0000000026f62e48
[    2.229118] Failed to find error inject entry at 0000000026f62e48
[    2.230081] Failed to find error inject entry at 000000007c2a3120
[    2.230081] Failed to find error inject entry at 000000007c2a3120
[    2.230888] Failed to find error inject entry at 00000000e965569c
[    2.230888] Failed to find error inject entry at 00000000e965569c
[    2.231689] Failed to find error inject entry at 000000004e04b704
[    2.231689] Failed to find error inject entry at 000000004e04b704
[    2.232714] Failed to find error inject entry at 0000000015624756
[    2.232714] Failed to find error inject entry at 0000000015624756
[    2.233606] Failed to find error inject entry at 00000000b2eb846f
[    2.233606] Failed to find error inject entry at 00000000b2eb846f
[    2.234463] Failed to find error inject entry at 00000000eacf4617
[    2.234463] Failed to find error inject entry at 00000000eacf4617
[    2.235445] Failed to find error inject entry at 00000000628c806a
[    2.235445] Failed to find error inject entry at 00000000628c806a
[    2.236253] Failed to find error inject entry at 00000000bfd9c247
[    2.236253] Failed to find error inject entry at 00000000bfd9c247
[    2.236900] Failed to find error inject entry at 00000000c0885aa1
[    2.236900] Failed to find error inject entry at 00000000c0885aa1
[    2.237543] Failed to find error inject entry at 00000000a3f89ecf
[    2.237543] Failed to find error inject entry at 00000000a3f89ecf
[    2.238249] Failed to find error inject entry at 0000000013690100
[    2.238249] Failed to find error inject entry at 0000000013690100
[    2.239453] Failed to find error inject entry at 0000000032e6acd8
[    2.239453] Failed to find error inject entry at 0000000032e6acd8
[    2.240058] Failed to find error inject entry at 00000000ecab1ca0
[    2.240058] Failed to find error inject entry at 00000000ecab1ca0
[    2.241040] Failed to find error inject entry at 000000006f984670
[    2.241040] Failed to find error inject entry at 000000006f984670
[    2.242068] Failed to find error inject entry at 0000000031bd6119
[    2.242068] Failed to find error inject entry at 0000000031bd6119
[    2.243432] Failed to find error inject entry at 0000000013c3c38b
[    2.243432] Failed to find error inject entry at 0000000013c3c38b
[    2.244304] Failed to find error inject entry at 00000000ace98c6d
[    2.244304] Failed to find error inject entry at 00000000ace98c6d
[    2.244942] Failed to find error inject entry at 000000005ba3f241
[    2.244942] Failed to find error inject entry at 000000005ba3f241
[    2.245566] Failed to find error inject entry at 000000004788cefc
[    2.245566] Failed to find error inject entry at 000000004788cefc
[    2.246196] Failed to find error inject entry at 000000005d20b02a
[    2.246196] Failed to find error inject entry at 000000005d20b02a
[    2.247046] Failed to find error inject entry at 00000000e15187e4
[    2.247046] Failed to find error inject entry at 00000000e15187e4
[    2.247675] Failed to find error inject entry at 0000000088cf4137
[    2.247675] Failed to find error inject entry at 0000000088cf4137
[    2.248345] Failed to find error inject entry at 000000001ded9a2e
[    2.248345] Failed to find error inject entry at 000000001ded9a2e
[    2.249074] Failed to find error inject entry at 0000000026a48d62
[    2.249074] Failed to find error inject entry at 0000000026a48d62
[    2.249937] Failed to find error inject entry at 00000000556d8f10
[    2.249937] Failed to find error inject entry at 00000000556d8f10
[    2.250619] Failed to find error inject entry at 00000000b0cc90e2
[    2.250619] Failed to find error inject entry at 00000000b0cc90e2
[    2.251382] Failed to find error inject entry at 00000000fa0440ff
[    2.251382] Failed to find error inject entry at 00000000fa0440ff
[    2.252517] Failed to find error inject entry at 00000000fd69fcea
[    2.252517] Failed to find error inject entry at 00000000fd69fcea
[    2.253579] Failed to find error inject entry at 00000000ff10e66f
[    2.253579] Failed to find error inject entry at 00000000ff10e66f
[    2.254462] Failed to find error inject entry at 000000000cc6de48
[    2.254462] Failed to find error inject entry at 000000000cc6de48
[    2.255182] Failed to find error inject entry at 000000003c291086
[    2.255182] Failed to find error inject entry at 000000003c291086
[    2.256079] Failed to find error inject entry at 00000000a223a943
[    2.256079] Failed to find error inject entry at 00000000a223a943
[    2.256820] Failed to find error inject entry at 00000000e48a71eb
[    2.256820] Failed to find error inject entry at 00000000e48a71eb
[    2.257499] Failed to find error inject entry at 000000005db9e53b
[    2.257499] Failed to find error inject entry at 000000005db9e53b
[    2.258155] Failed to find error inject entry at 000000007c3ec942
[    2.258155] Failed to find error inject entry at 000000007c3ec942
[    2.259000] Failed to find error inject entry at 00000000dd7467d8
[    2.259000] Failed to find error inject entry at 00000000dd7467d8
[    2.260029] Failed to find error inject entry at 000000008cf3e786
[    2.260029] Failed to find error inject entry at 000000008cf3e786
[    2.260986] Failed to find error inject entry at 00000000de10d9ef
[    2.260986] Failed to find error inject entry at 00000000de10d9ef
[    2.261716] Failed to find error inject entry at 0000000011fdcac2
[    2.261716] Failed to find error inject entry at 0000000011fdcac2
[    2.262543] Failed to find error inject entry at 00000000ed61e842
[    2.262543] Failed to find error inject entry at 00000000ed61e842
[    2.263177] Failed to find error inject entry at 00000000e4f619ce
[    2.263177] Failed to find error inject entry at 00000000e4f619ce
[    2.264029] Failed to find error inject entry at 00000000b7d20b0c
[    2.264029] Failed to find error inject entry at 00000000b7d20b0c
[    2.264640] Failed to find error inject entry at 000000002e4541a6
[    2.264640] Failed to find error inject entry at 000000002e4541a6
[    2.265171] Failed to find error inject entry at 0000000083b47b18
[    2.265171] Failed to find error inject entry at 0000000083b47b18
[    2.265702] Failed to find error inject entry at 000000005c60fdd3
[    2.265702] Failed to find error inject entry at 000000005c60fdd3
[    2.266228] Failed to find error inject entry at 0000000015552dfb
[    2.266228] Failed to find error inject entry at 0000000015552dfb
[    2.266841] Failed to find error inject entry at 0000000072d99de3
[    2.266841] Failed to find error inject entry at 0000000072d99de3
[    2.267633] Failed to find error inject entry at 000000003464daba
[    2.267633] Failed to find error inject entry at 000000003464daba
[    2.268242] Failed to find error inject entry at 000000007726bbfb
[    2.268242] Failed to find error inject entry at 000000007726bbfb
[    2.268824] Failed to find error inject entry at 00000000e7cae33a
[    2.268824] Failed to find error inject entry at 00000000e7cae33a
[    2.269370] Failed to find error inject entry at 000000000b8a8093
[    2.269370] Failed to find error inject entry at 000000000b8a8093
[    2.269900] Failed to find error inject entry at 00000000d74b9a45
[    2.269900] Failed to find error inject entry at 00000000d74b9a45
[    2.270470] Failed to find error inject entry at 00000000799f119c
[    2.270470] Failed to find error inject entry at 00000000799f119c
[    2.271002] Failed to find error inject entry at 00000000b1f48ec2
[    2.271002] Failed to find error inject entry at 00000000b1f48ec2
[    2.271944] Failed to find error inject entry at 00000000967337f3
[    2.271944] Failed to find error inject entry at 00000000967337f3
[    2.272675] Failed to find error inject entry at 0000000050f7323b
[    2.272675] Failed to find error inject entry at 0000000050f7323b
[    2.273323] Failed to find error inject entry at 00000000b1a1d665
[    2.273323] Failed to find error inject entry at 00000000b1a1d665
[    2.273957] Failed to find error inject entry at 00000000d3b23dac
[    2.273957] Failed to find error inject entry at 00000000d3b23dac
[    2.274811] Failed to find error inject entry at 000000000db54fe3
[    2.274811] Failed to find error inject entry at 000000000db54fe3
[    2.275903] Failed to find error inject entry at 000000000f25182b
[    2.275903] Failed to find error inject entry at 000000000f25182b
[    2.276605] Failed to find error inject entry at 00000000f0098aa0
[    2.276605] Failed to find error inject entry at 00000000f0098aa0
[    2.277389] Failed to find error inject entry at 00000000762f2e6c
[    2.277389] Failed to find error inject entry at 00000000762f2e6c
[    2.278272] Failed to find error inject entry at 000000000b513d37
[    2.278272] Failed to find error inject entry at 000000000b513d37
[    2.279334] Failed to find error inject entry at 0000000028f53d69
[    2.279334] Failed to find error inject entry at 0000000028f53d69
[    2.280026] Failed to find error inject entry at 00000000df6e3594
[    2.280026] Failed to find error inject entry at 00000000df6e3594
[    2.280687] Failed to find error inject entry at 00000000b091a84b
[    2.280687] Failed to find error inject entry at 00000000b091a84b
[    2.281394] Failed to find error inject entry at 00000000f38d2ebe
[    2.281394] Failed to find error inject entry at 00000000f38d2ebe
[    2.282079] Failed to find error inject entry at 0000000019e6d71d
[    2.282079] Failed to find error inject entry at 0000000019e6d71d
[    2.282766] Failed to find error inject entry at 000000005e31124e
[    2.282766] Failed to find error inject entry at 000000005e31124e
[    2.283741] Failed to find error inject entry at 00000000edf8a9be
[    2.283741] Failed to find error inject entry at 00000000edf8a9be
[    2.284882] Failed to find error inject entry at 000000000dace0bc
[    2.284882] Failed to find error inject entry at 000000000dace0bc
[    2.285923] Failed to find error inject entry at 00000000e6268644
[    2.285923] Failed to find error inject entry at 00000000e6268644
[    2.286593] Failed to find error inject entry at 0000000060a9c699
[    2.286593] Failed to find error inject entry at 0000000060a9c699
[    2.287475] Failed to find error inject entry at 0000000025bdddd8
[    2.287475] Failed to find error inject entry at 0000000025bdddd8
[    2.288059] Failed to find error inject entry at 0000000007e89cdb
[    2.288059] Failed to find error inject entry at 0000000007e89cdb
[    2.288644] Failed to find error inject entry at 00000000767a6907
[    2.288644] Failed to find error inject entry at 00000000767a6907
[    2.289194] Failed to find error inject entry at 0000000023ed0d38
[    2.289194] Failed to find error inject entry at 0000000023ed0d38
[    2.289729] Failed to find error inject entry at 00000000d46cfcbd
[    2.289729] Failed to find error inject entry at 00000000d46cfcbd
[    2.290383] Failed to find error inject entry at 00000000f485f040
[    2.290383] Failed to find error inject entry at 00000000f485f040
[    2.291449] Failed to find error inject entry at 00000000c08d615f
[    2.291449] Failed to find error inject entry at 00000000c08d615f
[    2.292233] Failed to find error inject entry at 00000000a8562552
[    2.292233] Failed to find error inject entry at 00000000a8562552
[    2.293192] Failed to find error inject entry at 000000009d4d6922
[    2.293192] Failed to find error inject entry at 000000009d4d6922
[    2.293991] Failed to find error inject entry at 00000000d71322e0
[    2.293991] Failed to find error inject entry at 00000000d71322e0
[    2.294633] Failed to find error inject entry at 000000005b79651f
[    2.294633] Failed to find error inject entry at 000000005b79651f
[    2.295617] Failed to find error inject entry at 000000002e4fedbe
[    2.295617] Failed to find error inject entry at 000000002e4fedbe
[    2.296286] Failed to find error inject entry at 00000000d9b61d24
[    2.296286] Failed to find error inject entry at 00000000d9b61d24
[    2.296833] Failed to find error inject entry at 000000002a556845
[    2.296833] Failed to find error inject entry at 000000002a556845
[    2.297360] Failed to find error inject entry at 00000000cd747f17
[    2.297360] Failed to find error inject entry at 00000000cd747f17
[    2.297916] Failed to find error inject entry at 00000000a4824c93
[    2.297916] Failed to find error inject entry at 00000000a4824c93
[    2.313675] input: gpio-keys as /devices/platform/gpio-keys/input/input0
[    2.313675] input: gpio-keys as /devices/platform/gpio-keys/input/input0
[    2.320824] cfg80211: Loading compiled-in X.509 certificates for regulatory database
[    2.320824] cfg80211: Loading compiled-in X.509 certificates for regulatory database
[    2.336761] cryptomgr_probe (107) used greatest stack depth: 14544 bytes left
[    2.336761] cryptomgr_probe (107) used greatest stack depth: 14544 bytes left
[    2.347311] cryptomgr_probe (107): highest shadow stack usage: 168 bytes
[    2.347311] cryptomgr_probe (107): highest shadow stack usage: 168 bytes
[    2.349285] cfg80211: Loaded X.509 cert 'sforshee: 00b28ddf47aef9cea7'
[    2.349285] cfg80211: Loaded X.509 cert 'sforshee: 00b28ddf47aef9cea7'
[    2.353832] platform regulatory.0: Direct firmware load for regulatory.db failed with error -2
[    2.353832] platform regulatory.0: Direct firmware load for regulatory.db failed with error -2
[    2.355064] platform regulatory.0: Falling back to sysfs fallback for: regulatory.db
[    2.355064] platform regulatory.0: Falling back to sysfs fallback for: regulatory.db
[    2.357075] ALSA device list:
[    2.357075] ALSA device list:
[    2.357502]   No soundcards found.
[    2.357502]   No soundcards found.
[    2.367193] uart-pl011 9000000.pl011: no DMA platform data
[    2.367193] uart-pl011 9000000.pl011: no DMA platform data
[    2.445725] Freeing unused kernel memory: 1216K
[    2.445725] Freeing unused kernel memory: 1216K
[    2.447810] Run /init as init process
[    2.447810] Run /init as init process
[    3.028572] init: init first stage started!
[    3.028572] init: init first stage started!
[    3.096375] init: Loading module /lib/modules/btintel.ko with args ""
[    3.096375] init: Loading module /lib/modules/btintel.ko with args ""
[    3.142872] init: Loaded kernel module /lib/modules/btintel.ko
[    3.142872] init: Loaded kernel module /lib/modules/btintel.ko
[    3.146511] init: Loading module /lib/modules/btrtl.ko with args ""
[    3.146511] init: Loading module /lib/modules/btrtl.ko with args ""
[    3.164819] init: Loaded kernel module /lib/modules/btrtl.ko
[    3.164819] init: Loaded kernel module /lib/modules/btrtl.ko
[    3.168301] init: Loading module /lib/modules/btusb.ko with args ""
[    3.168301] init: Loading module /lib/modules/btusb.ko with args ""
[    3.195067] usbcore: registered new interface driver btusb
[    3.195067] usbcore: registered new interface driver btusb
[    3.196769] init: Loaded kernel module /lib/modules/btusb.ko
[    3.196769] init: Loaded kernel module /lib/modules/btusb.ko
[    3.199336] init: Loading module /lib/modules/dummy-cpufreq.ko with args ""
[    3.199336] init: Loading module /lib/modules/dummy-cpufreq.ko with args ""
[    3.240965] init: Loaded kernel module /lib/modules/dummy-cpufreq.ko
[    3.240965] init: Loaded kernel module /lib/modules/dummy-cpufreq.ko
[    3.246002] init: Loading module /lib/modules/failover.ko with args ""
[    3.246002] init: Loading module /lib/modules/failover.ko with args ""
[    3.278964] init: Loaded kernel module /lib/modules/failover.ko
[    3.278964] init: Loaded kernel module /lib/modules/failover.ko
[    3.282219] init: Loading module /lib/modules/goldfish_address_space.ko with args ""
[    3.282219] init: Loading module /lib/modules/goldfish_address_space.ko with args ""
[    3.284988] goldfish_address_space: loading out-of-tree module taints kernel.
[    3.284988] goldfish_address_space: loading out-of-tree module taints kernel.
[    3.305945] init: Loaded kernel module /lib/modules/goldfish_address_space.ko
[    3.305945] init: Loaded kernel module /lib/modules/goldfish_address_space.ko
[    3.309141] init: Loading module /lib/modules/goldfish_battery.ko with args ""
[    3.309141] init: Loading module /lib/modules/goldfish_battery.ko with args ""
[    3.330121] init: Loaded kernel module /lib/modules/goldfish_battery.ko
[    3.330121] init: Loaded kernel module /lib/modules/goldfish_battery.ko
[    3.332563] init: Loading module /lib/modules/goldfish_pipe.ko with args ""
[    3.332563] init: Loading module /lib/modules/goldfish_pipe.ko with args ""
[    3.356083] init: Loaded kernel module /lib/modules/goldfish_pipe.ko
[    3.356083] init: Loaded kernel module /lib/modules/goldfish_pipe.ko
[    3.358139] init: Loading module /lib/modules/goldfish_sync.ko with args ""
[    3.358139] init: Loading module /lib/modules/goldfish_sync.ko with args ""
[    3.388108] init: Loaded kernel module /lib/modules/goldfish_sync.ko
[    3.388108] init: Loaded kernel module /lib/modules/goldfish_sync.ko
[    3.389909] init: Loading module /lib/modules/hci_vhci.ko with args ""
[    3.389909] init: Loading module /lib/modules/hci_vhci.ko with args ""
[    3.410728] init: Loaded kernel module /lib/modules/hci_vhci.ko
[    3.410728] init: Loaded kernel module /lib/modules/hci_vhci.ko
[    3.413917] init: Loading module /lib/modules/incrementalfs.ko with args ""
[    3.413917] init: Loading module /lib/modules/incrementalfs.ko with args ""
[    3.440081] init: Loaded kernel module /lib/modules/incrementalfs.ko
[    3.440081] init: Loaded kernel module /lib/modules/incrementalfs.ko
[    3.442341] init: Loading module /lib/modules/mac80211_hwsim.ko with args ""
[    3.442341] init: Loading module /lib/modules/mac80211_hwsim.ko with args ""
[    3.466109] mac80211_hwsim: initializing netlink
[    3.466109] mac80211_hwsim: initializing netlink
[    3.504935] init: Loaded kernel module /lib/modules/mac80211_hwsim.ko
[    3.504935] init: Loaded kernel module /lib/modules/mac80211_hwsim.ko
[    3.507884] init: Loading module /lib/modules/md-mod.ko with args ""
[    3.507884] init: Loading module /lib/modules/md-mod.ko with args ""
[    3.595051] init: Loaded kernel module /lib/modules/md-mod.ko
[    3.595051] init: Loaded kernel module /lib/modules/md-mod.ko
[    3.597026] init: Loading module /lib/modules/nd_virtio.ko with args ""
[    3.597026] init: Loading module /lib/modules/nd_virtio.ko with args ""
[    3.621177] init: Loaded kernel module /lib/modules/nd_virtio.ko
[    3.621177] init: Loaded kernel module /lib/modules/nd_virtio.ko
[    3.623484] init: Loading module /lib/modules/net_failover.ko with args ""
[    3.623484] init: Loading module /lib/modules/net_failover.ko with args ""
[    3.649664] init: Loaded kernel module /lib/modules/net_failover.ko
[    3.649664] init: Loaded kernel module /lib/modules/net_failover.ko
[    3.653033] init: Loading module /lib/modules/rtc-test.ko with args ""
[    3.653033] init: Loading module /lib/modules/rtc-test.ko with args ""
[    3.673471] rtc-test rtc-test.0: registered as rtc1
[    3.673471] rtc-test rtc-test.0: registered as rtc1
[    3.694134] rtc rtc2: invalid alarm value: 18446744073704833238-04-05T11:42:12
[    3.694134] rtc rtc2: invalid alarm value: 18446744073704833238-04-05T11:42:12
[    3.695218] rtc-test rtc-test.1: registered as rtc2
[    3.695218] rtc-test rtc-test.1: registered as rtc2
[    3.716368] rtc rtc3: invalid alarm value: 18446744073704833238-04-05T11:42:12
[    3.716368] rtc rtc3: invalid alarm value: 18446744073704833238-04-05T11:42:12
[    3.717788] rtc-test rtc-test.2: registered as rtc3
[    3.717788] rtc-test rtc-test.2: registered as rtc3
[    3.720213] init: Loaded kernel module /lib/modules/rtc-test.ko
[    3.720213] init: Loaded kernel module /lib/modules/rtc-test.ko
[    3.723898] init: Loading module /lib/modules/snd-hda-core.ko with args ""
[    3.723898] init: Loading module /lib/modules/snd-hda-core.ko with args ""
[    3.771530] init: Loaded kernel module /lib/modules/snd-hda-core.ko
[    3.771530] init: Loaded kernel module /lib/modules/snd-hda-core.ko
[    3.773950] init: Loading module /lib/modules/snd-hda-codec.ko with args ""
[    3.773950] init: Loading module /lib/modules/snd-hda-codec.ko with args ""
[    3.807355] init: Loaded kernel module /lib/modules/snd-hda-codec.ko
[    3.807355] init: Loaded kernel module /lib/modules/snd-hda-codec.ko
[    3.809248] init: Loading module /lib/modules/snd-hda-codec-generic.ko with args ""
[    3.809248] init: Loading module /lib/modules/snd-hda-codec-generic.ko with args ""
[    3.835035] init: Loaded kernel module /lib/modules/snd-hda-codec-generic.ko
[    3.835035] init: Loaded kernel module /lib/modules/snd-hda-codec-generic.ko
[    3.838962] init: Loading module /lib/modules/snd-hda-intel.ko with args ""
[    3.838962] init: Loading module /lib/modules/snd-hda-intel.ko with args ""
[    3.897463] init: Loaded kernel module /lib/modules/snd-hda-intel.ko
[    3.897463] init: Loaded kernel module /lib/modules/snd-hda-intel.ko
[    3.900242] init: Loading module /lib/modules/test_meminit.ko with args ""
[    3.900242] init: Loading module /lib/modules/test_meminit.ko with args ""
[    3.977851] test_meminit: all 10 tests in test_pages passed
[    3.977851] test_meminit: all 10 tests in test_pages passed
[    4.007081] test_meminit: all 40 tests in test_kvmalloc passed
[    4.007081] test_meminit: all 40 tests in test_kvmalloc passed
[    6.667254] test_meminit: all 70 tests in test_kmemcache passed
[    6.667254] test_meminit: all 70 tests in test_kmemcache passed
[    6.980258] test_meminit: all 10 tests in test_rcu_persistent passed
[    6.980258] test_meminit: all 10 tests in test_rcu_persistent passed
[    6.981207] test_meminit: all 130 tests passed!
[    6.981207] test_meminit: all 130 tests passed!
[    6.984496] init: Loaded kernel module /lib/modules/test_meminit.ko
[    6.984496] init: Loaded kernel module /lib/modules/test_meminit.ko
[    6.993214] init: Loading module /lib/modules/test_stackinit.ko with args ""
[    6.993214] init: Loading module /lib/modules/test_stackinit.ko with args ""
[    7.045114] test_stackinit: u8_zero ok
[    7.045114] test_stackinit: u8_zero ok
[    7.046184] test_stackinit: u16_zero ok
[    7.046184] test_stackinit: u16_zero ok
[    7.047521] test_stackinit: u32_zero ok
[    7.047521] test_stackinit: u32_zero ok
[    7.048336] test_stackinit: u64_zero ok
[    7.048336] test_stackinit: u64_zero ok
[    7.049118] test_stackinit: char_array_zero ok
[    7.049118] test_stackinit: char_array_zero ok
[    7.049989] test_stackinit: small_hole_zero ok
[    7.049989] test_stackinit: small_hole_zero ok
[    7.050892] test_stackinit: big_hole_zero ok
[    7.050892] test_stackinit: big_hole_zero ok
[    7.052191] test_stackinit: trailing_hole_zero ok
[    7.052191] test_stackinit: trailing_hole_zero ok
[    7.053224] test_stackinit: packed_zero ok
[    7.053224] test_stackinit: packed_zero ok
[    7.054122] test_stackinit: small_hole_dynamic_partial ok
[    7.054122] test_stackinit: small_hole_dynamic_partial ok
[    7.055257] test_stackinit: big_hole_dynamic_partial ok
[    7.055257] test_stackinit: big_hole_dynamic_partial ok
[    7.056338] test_stackinit: trailing_hole_dynamic_partial ok
[    7.056338] test_stackinit: trailing_hole_dynamic_partial ok
[    7.057373] test_stackinit: packed_dynamic_partial ok
[    7.057373] test_stackinit: packed_dynamic_partial ok
[    7.058508] test_stackinit: small_hole_static_partial ok
[    7.058508] test_stackinit: small_hole_static_partial ok
[    7.060179] test_stackinit: big_hole_static_partial ok
[    7.060179] test_stackinit: big_hole_static_partial ok
[    7.061209] test_stackinit: trailing_hole_static_partial ok
[    7.061209] test_stackinit: trailing_hole_static_partial ok
[    7.062235] test_stackinit: packed_static_partial ok
[    7.062235] test_stackinit: packed_static_partial ok
[    7.063228] test_stackinit: small_hole_static_all ok
[    7.063228] test_stackinit: small_hole_static_all ok
[    7.064656] test_stackinit: big_hole_static_all ok
[    7.064656] test_stackinit: big_hole_static_all ok
[    7.065649] test_stackinit: trailing_hole_static_all ok
[    7.065649] test_stackinit: trailing_hole_static_all ok
[    7.067212] test_stackinit: packed_static_all ok
[    7.067212] test_stackinit: packed_static_all ok
[    7.068793] test_stackinit: small_hole_dynamic_all ok
[    7.068793] test_stackinit: small_hole_dynamic_all ok
[    7.070576] test_stackinit: big_hole_dynamic_all ok
[    7.070576] test_stackinit: big_hole_dynamic_all ok
[    7.071981] test_stackinit: trailing_hole_dynamic_all ok
[    7.071981] test_stackinit: trailing_hole_dynamic_all ok
[    7.072971] test_stackinit: packed_dynamic_all ok
[    7.072971] test_stackinit: packed_dynamic_all ok
[    7.073886] test_stackinit: small_hole_runtime_partial ok
[    7.073886] test_stackinit: small_hole_runtime_partial ok
[    7.074913] test_stackinit: big_hole_runtime_partial ok
[    7.074913] test_stackinit: big_hole_runtime_partial ok
[    7.076555] test_stackinit: trailing_hole_runtime_partial ok
[    7.076555] test_stackinit: trailing_hole_runtime_partial ok
[    7.077666] test_stackinit: packed_runtime_partial ok
[    7.077666] test_stackinit: packed_runtime_partial ok
[    7.078971] test_stackinit: small_hole_runtime_all ok
[    7.078971] test_stackinit: small_hole_runtime_all ok
[    7.080254] test_stackinit: big_hole_runtime_all ok
[    7.080254] test_stackinit: big_hole_runtime_all ok
[    7.081192] test_stackinit: trailing_hole_runtime_all ok
[    7.081192] test_stackinit: trailing_hole_runtime_all ok
[    7.082133] test_stackinit: packed_runtime_all ok
[    7.082133] test_stackinit: packed_runtime_all ok
[    7.082944] test_stackinit: u8_none ok
[    7.082944] test_stackinit: u8_none ok
[    7.084269] test_stackinit: u16_none ok
[    7.084269] test_stackinit: u16_none ok
[    7.085392] test_stackinit: u32_none ok
[    7.085392] test_stackinit: u32_none ok
[    7.086206] test_stackinit: u64_none ok
[    7.086206] test_stackinit: u64_none ok
[    7.087232] test_stackinit: char_array_none ok
[    7.087232] test_stackinit: char_array_none ok
[    7.088195] test_stackinit: switch_1_none XFAIL (uninit bytes: 3)
[    7.088195] test_stackinit: switch_1_none XFAIL (uninit bytes: 3)
[    7.089216] test_stackinit: switch_2_none XFAIL (uninit bytes: 3)
[    7.089216] test_stackinit: switch_2_none XFAIL (uninit bytes: 3)
[    7.090403] test_stackinit: small_hole_none ok
[    7.090403] test_stackinit: small_hole_none ok
[    7.091252] test_stackinit: big_hole_none ok
[    7.091252] test_stackinit: big_hole_none ok
[    7.092199] test_stackinit: trailing_hole_none ok
[    7.092199] test_stackinit: trailing_hole_none ok
[    7.093327] test_stackinit: packed_none ok
[    7.093327] test_stackinit: packed_none ok
[    7.094452] test_stackinit: user ok
[    7.094452] test_stackinit: user ok
[    7.094969] test_stackinit: all tests passed!
[    7.094969] test_stackinit: all tests passed!
[    7.096575] init: Loaded kernel module /lib/modules/test_stackinit.ko
[    7.096575] init: Loaded kernel module /lib/modules/test_stackinit.ko
[    7.098612] init: Loading module /lib/modules/usbip-core.ko with args ""
[    7.098612] init: Loading module /lib/modules/usbip-core.ko with args ""
[    7.125761] init: Loaded kernel module /lib/modules/usbip-core.ko
[    7.125761] init: Loaded kernel module /lib/modules/usbip-core.ko
[    7.128314] init: Loading module /lib/modules/vhci-hcd.ko with args ""
[    7.128314] init: Loading module /lib/modules/vhci-hcd.ko with args ""
[    7.155262] vhci_hcd vhci_hcd.0: USB/IP Virtual Host Controller
[    7.155262] vhci_hcd vhci_hcd.0: USB/IP Virtual Host Controller
[    7.156116] vhci_hcd vhci_hcd.0: new USB bus registered, assigned bus number 2
[    7.156116] vhci_hcd vhci_hcd.0: new USB bus registered, assigned bus number 2
[    7.158474] vhci_hcd: created sysfs vhci_hcd.0
[    7.158474] vhci_hcd: created sysfs vhci_hcd.0
[    7.161637] hub 2-0:1.0: USB hub found
[    7.161637] hub 2-0:1.0: USB hub found
[    7.162632] hub 2-0:1.0: 8 ports detected
[    7.162632] hub 2-0:1.0: 8 ports detected
[    7.167748] vhci_hcd vhci_hcd.0: USB/IP Virtual Host Controller
[    7.167748] vhci_hcd vhci_hcd.0: USB/IP Virtual Host Controller
[    7.168522] vhci_hcd vhci_hcd.0: new USB bus registered, assigned bus number 3
[    7.168522] vhci_hcd vhci_hcd.0: new USB bus registered, assigned bus number 3
[    7.170445] usb usb3: We don't know the algorithms for LPM for this host, disabling LPM.
[    7.170445] usb usb3: We don't know the algorithms for LPM for this host, disabling LPM.
[    7.173139] hub 3-0:1.0: USB hub found
[    7.173139] hub 3-0:1.0: USB hub found
[    7.173976] hub 3-0:1.0: 8 ports detected
[    7.173976] hub 3-0:1.0: 8 ports detected
[    7.183607] init: Loaded kernel module /lib/modules/vhci-hcd.ko
[    7.183607] init: Loaded kernel module /lib/modules/vhci-hcd.ko
[    7.186133] init: Loading module /lib/modules/virtio-gpu.ko with args ""
[    7.186133] init: Loading module /lib/modules/virtio-gpu.ko with args ""
[    7.239066] init: Loaded kernel module /lib/modules/virtio-gpu.ko
[    7.239066] init: Loaded kernel module /lib/modules/virtio-gpu.ko
[    7.240985] init: Loading module /lib/modules/virtio-rng.ko with args ""
[    7.240985] init: Loading module /lib/modules/virtio-rng.ko with args ""
[    7.264330] init: Loaded kernel module /lib/modules/virtio-rng.ko
[    7.264330] init: Loaded kernel module /lib/modules/virtio-rng.ko
[    7.266021] init: Loading module /lib/modules/virtio_blk.ko with args ""
[    7.266021] init: Loading module /lib/modules/virtio_blk.ko with args ""
[    7.294047] init: Loaded kernel module /lib/modules/virtio_blk.ko
[    7.294047] init: Loaded kernel module /lib/modules/virtio_blk.ko
[    7.296837] init: Loading module /lib/modules/virtio_console.ko with args ""
[    7.296837] init: Loading module /lib/modules/virtio_console.ko with args ""
[    7.319498] init: Loaded kernel module /lib/modules/virtio_console.ko
[    7.319498] init: Loaded kernel module /lib/modules/virtio_console.ko
[    7.321560] init: Loading module /lib/modules/virtio_input.ko with args ""
[    7.321560] init: Loading module /lib/modules/virtio_input.ko with args ""
[    7.348519] init: Loaded kernel module /lib/modules/virtio_input.ko
[    7.348519] init: Loaded kernel module /lib/modules/virtio_input.ko
[    7.350503] init: Loading module /lib/modules/virtio_mmio.ko with args ""
[    7.350503] init: Loading module /lib/modules/virtio_mmio.ko with args ""
[    7.420830] virtio_blk virtio2: [vda] 6313984 512-byte logical blocks (3.23 GB/3.01 GiB)
[    7.420830] virtio_blk virtio2: [vda] 6313984 512-byte logical blocks (3.23 GB/3.01 GiB)
[    7.477908]  vda: vda1 vda2
[    7.477908]  vda: vda1 vda2
[    7.495823] virtio_blk virtio3: [vdb] 524288 512-byte logical blocks (268 MB/256 MiB)
[    7.495823] virtio_blk virtio3: [vdb] 524288 512-byte logical blocks (268 MB/256 MiB)
[    7.553585] virtio_blk virtio4: [vdc] 16777216 512-byte logical blocks (8.59 GB/8.00 GiB)
[    7.553585] virtio_blk virtio4: [vdc] 16777216 512-byte logical blocks (8.59 GB/8.00 GiB)
[    7.583791] virtio_blk virtio5: [vdd] 36864 512-byte logical blocks (18.9 MB/18.0 MiB)
[    7.583791] virtio_blk virtio5: [vdd] 36864 512-byte logical blocks (18.9 MB/18.0 MiB)
[    7.610461]  vdd: vdd1
[    7.610461]  vdd: vdd1
[    7.618713] virtio_blk virtio6: [vde] 174080 512-byte logical blocks (89.1 MB/85.0 MiB)
[    7.618713] virtio_blk virtio6: [vde] 174080 512-byte logical blocks (89.1 MB/85.0 MiB)
[    7.645281]  vde: vde1
[    7.645281]  vde: vde1
[    7.648304] init: Loaded kernel module /lib/modules/virtio_mmio.ko
[    7.648304] init: Loaded kernel module /lib/modules/virtio_mmio.ko
[    7.650446] init: Loading module /lib/modules/virtio_net.ko with args ""
[    7.650446] init: Loading module /lib/modules/virtio_net.ko with args ""
[    7.689312] init: Loaded kernel module /lib/modules/virtio_net.ko
[    7.689312] init: Loaded kernel module /lib/modules/virtio_net.ko
[    7.691318] init: Loading module /lib/modules/virtio_pci.ko with args ""
[    7.691318] init: Loading module /lib/modules/virtio_pci.ko with args ""
[    7.716864] init: Loaded kernel module /lib/modules/virtio_pci.ko
[    7.716864] init: Loaded kernel module /lib/modules/virtio_pci.ko
[    7.718911] init: Loading module /lib/modules/virtio_pmem.ko with args ""
[    7.718911] init: Loading module /lib/modules/virtio_pmem.ko with args ""
[    7.745792] init: Loaded kernel module /lib/modules/virtio_pmem.ko
[    7.745792] init: Loaded kernel module /lib/modules/virtio_pmem.ko
[    7.748837] init: Loading module /lib/modules/virtio_wifi.ko with args ""
[    7.748837] init: Loading module /lib/modules/virtio_wifi.ko with args ""
[    7.770695] init: Loaded kernel module /lib/modules/virtio_wifi.ko
[    7.770695] init: Loaded kernel module /lib/modules/virtio_wifi.ko
[    7.772784] init: Loading module /lib/modules/xhci-hcd.ko with args ""
[    7.772784] init: Loading module /lib/modules/xhci-hcd.ko with args ""
[    7.809121] init: Loaded kernel module /lib/modules/xhci-hcd.ko
[    7.809121] init: Loaded kernel module /lib/modules/xhci-hcd.ko
[    7.811727] init: Loading module /lib/modules/xhci-pci.ko with args ""
[    7.811727] init: Loading module /lib/modules/xhci-pci.ko with args ""
[    7.838540] init: Loaded kernel module /lib/modules/xhci-pci.ko
[    7.838540] init: Loaded kernel module /lib/modules/xhci-pci.ko
[    7.851976] init: [libfs_mgr]ReadFstabFromDt(): failed to read fstab from dt
[    7.851976] init: [libfs_mgr]ReadFstabFromDt(): failed to read fstab from dt
[    7.876091] init: Using Android DT directory /proc/device-tree/firmware/android/
[    7.876091] init: Using Android DT directory /proc/device-tree/firmware/android/
[    8.694834] init: [libfs_mgr]superblock s_max_mnt_count:65535,/dev/block/platform/a003c00.virtio_mmio/by-name/metadata
[    8.694834] init: [libfs_mgr]superblock s_max_mnt_count:65535,/dev/block/platform/a003c00.virtio_mmio/by-name/metadata
[    8.850038] EXT4-fs (vdd1): mounted filesystem with ordered data mode. Opts: 
[    8.850038] EXT4-fs (vdd1): mounted filesystem with ordered data mode. Opts: 
[    8.853201] init: [libfs_mgr]__mount(source=/dev/block/platform/a003c00.virtio_mmio/by-name/metadata,target=/metadata,type=ext4)=0: Success
[    8.853201] init: [libfs_mgr]__mount(source=/dev/block/platform/a003c00.virtio_mmio/by-name/metadata,target=/metadata,type=ext4)=0: Success
[    8.874269] init: Failed to copy /avb into /metadata/gsi/dsu/avb/: No such file or directory
[    8.874269] init: Failed to copy /avb into /metadata/gsi/dsu/avb/: No such file or directory
[    8.938030] init: [libfs_mgr]Created logical partition system on device /dev/block/dm-0
[    8.938030] init: [libfs_mgr]Created logical partition system on device /dev/block/dm-0
[    8.946846] init: [libfs_mgr]Created logical partition system_ext on device /dev/block/dm-1
[    8.946846] init: [libfs_mgr]Created logical partition system_ext on device /dev/block/dm-1
[    8.959736] init: [libfs_mgr]Created logical partition product on device /dev/block/dm-2
[    8.959736] init: [libfs_mgr]Created logical partition product on device /dev/block/dm-2
[    8.971854] init: [libfs_mgr]Created logical partition vendor on device /dev/block/dm-3
[    8.971854] init: [libfs_mgr]Created logical partition vendor on device /dev/block/dm-3
[    8.974684] init: DSU not detected, proceeding with normal boot
[    8.974684] init: DSU not detected, proceeding with normal boot
[    9.018148] init: [libfs_mgr]superblock s_max_mnt_count:65535,/dev/block/dm-0
[    9.018148] init: [libfs_mgr]superblock s_max_mnt_count:65535,/dev/block/dm-0
[    9.186584] EXT4-fs (dm-0): mounted filesystem without journal. Opts: barrier=1
[    9.186584] EXT4-fs (dm-0): mounted filesystem without journal. Opts: barrier=1
[    9.189679] init: [libfs_mgr]__mount(source=/dev/block/dm-0,target=/system,type=ext4)=0: Success
[    9.189679] init: [libfs_mgr]__mount(source=/dev/block/dm-0,target=/system,type=ext4)=0: Success
[    9.209566] init: Switching root to '/system'
[    9.209566] init: Switching root to '/system'
[    9.260452] init: [libfs_mgr]superblock s_max_mnt_count:65535,/dev/block/dm-3
[    9.260452] init: [libfs_mgr]superblock s_max_mnt_count:65535,/dev/block/dm-3
[    9.371397] EXT4-fs (dm-3): mounted filesystem without journal. Opts: barrier=1
[    9.371397] EXT4-fs (dm-3): mounted filesystem without journal. Opts: barrier=1
[    9.372929] init: [libfs_mgr]__mount(source=/dev/block/dm-3,target=/vendor,type=ext4)=0: Success
[    9.372929] init: [libfs_mgr]__mount(source=/dev/block/dm-3,target=/vendor,type=ext4)=0: Success
[    9.396139] init: [libfs_mgr]superblock s_max_mnt_count:65535,/dev/block/dm-2
[    9.396139] init: [libfs_mgr]superblock s_max_mnt_count:65535,/dev/block/dm-2
[    9.507155] EXT4-fs (dm-2): mounted filesystem without journal. Opts: barrier=1
[    9.507155] EXT4-fs (dm-2): mounted filesystem without journal. Opts: barrier=1
[    9.508341] init: [libfs_mgr]__mount(source=/dev/block/dm-2,target=/product,type=ext4)=0: Success
[    9.508341] init: [libfs_mgr]__mount(source=/dev/block/dm-2,target=/product,type=ext4)=0: Success
[    9.522264] init: [libfs_mgr]superblock s_max_mnt_count:65535,/dev/block/dm-1
[    9.522264] init: [libfs_mgr]superblock s_max_mnt_count:65535,/dev/block/dm-1
[    9.615472] EXT4-fs (dm-1): mounted filesystem without journal. Opts: barrier=1
[    9.615472] EXT4-fs (dm-1): mounted filesystem without journal. Opts: barrier=1
[    9.616780] init: [libfs_mgr]__mount(source=/dev/block/dm-1,target=/system_ext,type=ext4)=0: Success
[    9.616780] init: [libfs_mgr]__mount(source=/dev/block/dm-1,target=/system_ext,type=ext4)=0: Success
[    9.766403] init: Skipped setting INIT_AVB_VERSION (not in recovery mode)
[    9.766403] init: Skipped setting INIT_AVB_VERSION (not in recovery mode)
[    9.864394] ext4lazyinit (118) used greatest stack depth: 14064 bytes left
[    9.864394] ext4lazyinit (118) used greatest stack depth: 14064 bytes left
[    9.875329] ext4lazyinit (118): highest shadow stack usage: 192 bytes
[    9.875329] ext4lazyinit (118): highest shadow stack usage: 192 bytes
[   10.892553] init: Loading SELinux policy
[   10.892553] init: Loading SELinux policy
[   11.012071] SELinux:  Permission nlmsg_getneigh in class netlink_route_socket not defined in policy.
[   11.012071] SELinux:  Permission nlmsg_getneigh in class netlink_route_socket not defined in policy.
[   11.014507] SELinux: the above unknown classes and permissions will be denied
[   11.014507] SELinux: the above unknown classes and permissions will be denied
[   11.018766] SELinux:  policy capability network_peer_controls=1
[   11.018766] SELinux:  policy capability network_peer_controls=1
[   11.019791] SELinux:  policy capability open_perms=1
[   11.019791] SELinux:  policy capability open_perms=1
[   11.020358] SELinux:  policy capability extended_socket_class=1
[   11.020358] SELinux:  policy capability extended_socket_class=1
[   11.021049] SELinux:  policy capability always_check_network=0
[   11.021049] SELinux:  policy capability always_check_network=0
[   11.021743] SELinux:  policy capability cgroup_seclabel=0
[   11.021743] SELinux:  policy capability cgroup_seclabel=0
[   11.022357] SELinux:  policy capability nnp_nosuid_transition=1
[   11.022357] SELinux:  policy capability nnp_nosuid_transition=1
[   11.411059] audit: type=1403 audit(1790546707.240:2): auid=4294967295 ses=4294967295 lsm=selinux res=1
[   11.411059] audit: type=1403 audit(1790546707.240:2): auid=4294967295 ses=4294967295 lsm=selinux res=1
[   11.421501] selinux: SELinux: Loaded policy from /vendor/etc/selinux/precompiled_sepolicy
[   11.421501] selinux: SELinux: Loaded policy from /vendor/etc/selinux/precompiled_sepolicy
[   11.424213] selinux: 
[   11.424213] selinux: 
[   11.441688] audit: type=1404 audit(1790546707.272:3): enforcing=1 old_enforcing=0 auid=4294967295 ses=4294967295 enabled=1 old-enabled=1 lsm=selinux res=1
[   11.441688] audit: type=1404 audit(1790546707.272:3): enforcing=1 old_enforcing=0 auid=4294967295 ses=4294967295 enabled=1 old-enabled=1 lsm=selinux res=1
[   11.561875] selinux: SELinux: Loaded file_contexts
[   11.561875] selinux: SELinux: Loaded file_contexts
[   11.563919] selinux: 
[   11.563919] selinux: 
[   12.193068] init: init second stage started!
[   12.193068] init: init second stage started!
[   12.786620] init: Using Android DT directory /proc/device-tree/firmware/android/
[   12.786620] init: Using Android DT directory /proc/device-tree/firmware/android/
[   13.006649] init: Overriding previous 'ro.' property 'ro.control_privapp_permissions':'disable' with new value 'enforce'
[   13.006649] init: Overriding previous 'ro.' property 'ro.control_privapp_permissions':'disable' with new value 'enforce'
[   13.041467] init: Overriding previous 'ro.' property 'ro.config.notification_sound':'OnTheHunt.ogg' with new value 'pixiedust.ogg'
[   13.041467] init: Overriding previous 'ro.' property 'ro.config.notification_sound':'OnTheHunt.ogg' with new value 'pixiedust.ogg'
[   13.046864] init: Couldn't load property file '/factory/factory.prop': open() failed: No such file or directory: No such file or directory
[   13.046864] init: Couldn't load property file '/factory/factory.prop': open() failed: No such file or directory: No such file or directory
[   13.078018] init: Setting product property ro.product.brand to 'google' (from ro.product.product.brand)
[   13.078018] init: Setting product property ro.product.brand to 'google' (from ro.product.product.brand)
[   13.080074] init: Setting product property ro.product.device to 'emulator_arm64' (from ro.product.product.device)
[   13.080074] init: Setting product property ro.product.device to 'emulator_arm64' (from ro.product.product.device)
[   13.081507] init: Setting product property ro.product.manufacturer to 'Google' (from ro.product.product.manufacturer)
[   13.081507] init: Setting product property ro.product.manufacturer to 'Google' (from ro.product.product.manufacturer)
[   13.083591] init: Setting product property ro.product.model to 'sdk_gphone_arm64' (from ro.product.product.model)
[   13.083591] init: Setting product property ro.product.model to 'sdk_gphone_arm64' (from ro.product.product.model)
[   13.086070] init: Setting product property ro.product.name to 'sdk_gphone_arm64' (from ro.product.product.name)
[   13.086070] init: Setting product property ro.product.name to 'sdk_gphone_arm64' (from ro.product.product.name)
[   13.089482] init: Setting property 'ro.build.fingerprint' to 'google/sdk_gphone_arm64/emulator_arm64:11/RSR1.240422.006/12134477:userdebug/dev-keys'
[   13.089482] init: Setting property 'ro.build.fingerprint' to 'google/sdk_gphone_arm64/emulator_arm64:11/RSR1.240422.006/12134477:userdebug/dev-keys'
[   13.286213] selinux: SELinux: Loaded file_contexts
[   13.286213] selinux: SELinux: Loaded file_contexts
[   13.288232] selinux: 
[   13.288232] selinux: 
[   13.289123] init: Running restorecon...
[   13.289123] init: Running restorecon...
[   13.473556] selinux: SELinux: Could not get canonical path for /metadata/ota/rollback-indicator restorecon: No such file or directory.
[   13.473556] selinux: SELinux: Could not get canonical path for /metadata/ota/rollback-indicator restorecon: No such file or directory.
[   13.476302] selinux: 
[   13.476302] selinux: 
[   13.478951] selinux: SELinux:  Could not stat /metadata/gsi: No such file or directory.
[   13.478951] selinux: SELinux:  Could not stat /metadata/gsi: No such file or directory.
[   13.480781] selinux: 
[   13.480781] selinux: 
[   13.514153] init: Created socket '/dev/socket/property_service', mode 666, user 0, group 0
[   13.514153] init: Created socket '/dev/socket/property_service', mode 666, user 0, group 0
[   13.679822] init: SetupMountNamespaces done
[   13.679822] init: SetupMountNamespaces done
[   13.699892] init: Forked subcontext for 'u:r:vendor_init:s0' with pid 128
[   13.699892] init: Forked subcontext for 'u:r:vendor_init:s0' with pid 128
[   13.720255] init: Parsing file /system/etc/init/hw/init.rc...
[   13.720255] init: Parsing file /system/etc/init/hw/init.rc...
[   13.760480] init: Added '/init.environ.rc' to import list
[   13.760480] init: Added '/init.environ.rc' to import list
[   13.762970] init: Added '/system/etc/init/hw/init.usb.rc' to import list
[   13.762970] init: Added '/system/etc/init/hw/init.usb.rc' to import list
[   13.772739] init: Added '/init.ranchu.rc' to import list
[   13.772739] init: Added '/init.ranchu.rc' to import list
[   13.774224] init: Added '/vendor/etc/init/hw/init.ranchu.rc' to import list
[   13.774224] init: Added '/vendor/etc/init/hw/init.ranchu.rc' to import list
[   13.776333] init: Added '/system/etc/init/hw/init.usb.configfs.rc' to import list
[   13.776333] init: Added '/system/etc/init/hw/init.usb.configfs.rc' to import list
[   13.778082] init: Added '/system/etc/init/hw/init.zygote64.rc' to import list
[   13.778082] init: Added '/system/etc/init/hw/init.zygote64.rc' to import list
[   13.894275] init: Parsing file /init.environ.rc...
[   13.894275] init: Parsing file /init.environ.rc...
[   13.910317] init: Parsing file /system/etc/init/hw/init.usb.rc...
[   13.910317] init: Parsing file /system/etc/init/hw/init.usb.rc...
[   13.942790] init: Parsing file /init.ranchu.rc...
[   13.942790] init: Parsing file /init.ranchu.rc...
[   13.948771] init: Unable to read config file '/init.ranchu.rc': open() failed: No such file or directory
[   13.948771] init: Unable to read config file '/init.ranchu.rc': open() failed: No such file or directory
[   13.959867] init: Parsing file /vendor/etc/init/hw/init.ranchu.rc...
[   13.959867] init: Parsing file /vendor/etc/init/hw/init.ranchu.rc...
[   14.077909] init: Parsing file /system/etc/init/hw/init.usb.configfs.rc...
[   14.077909] init: Parsing file /system/etc/init/hw/init.usb.configfs.rc...
[   14.104499] init: Parsing file /system/etc/init/hw/init.zygote64.rc...
[   14.104499] init: Parsing file /system/etc/init/hw/init.zygote64.rc...
[   14.113431] init: Parsing directory /system/etc/init...
[   14.113431] init: Parsing directory /system/etc/init...
[   14.149388] init: Parsing file /system/etc/init/android.hidl.allocator@1.0-service.rc...
[   14.149388] init: Parsing file /system/etc/init/android.hidl.allocator@1.0-service.rc...
[   14.164253] init: Parsing file /system/etc/init/android.system.suspend@1.0-service.rc...
[   14.164253] init: Parsing file /system/etc/init/android.system.suspend@1.0-service.rc...
[   14.169536] init: Parsing file /system/etc/init/apexd.rc...
[   14.169536] init: Parsing file /system/etc/init/apexd.rc...
[   14.180182] init: Parsing file /system/etc/init/atrace.rc...
[   14.180182] init: Parsing file /system/etc/init/atrace.rc...
[   14.198441] init: Parsing file /system/etc/init/atrace_userdebug.rc...
[   14.198441] init: Parsing file /system/etc/init/atrace_userdebug.rc...
[   14.212586] init: Parsing file /system/etc/init/audioserver.rc...
[   14.212586] init: Parsing file /system/etc/init/audioserver.rc...
[   14.223557] init: Parsing file /system/etc/init/blank_screen.rc...
[   14.223557] init: Parsing file /system/etc/init/blank_screen.rc...
[   14.233286] init: Parsing file /system/etc/init/bootanim.rc...
[   14.233286] init: Parsing file /system/etc/init/bootanim.rc...
[   14.241035] init: Parsing file /system/etc/init/bootstat-debug.rc...
[   14.241035] init: Parsing file /system/etc/init/bootstat-debug.rc...
[   14.250021] init: Parsing file /system/etc/init/bootstat.rc...
[   14.250021] init: Parsing file /system/etc/init/bootstat.rc...
[   14.263906] init: Parsing file /system/etc/init/bpfloader.rc...
[   14.263906] init: Parsing file /system/etc/init/bpfloader.rc...
[   14.284843] init: Parsing file /system/etc/init/cameraserver.rc...
[   14.284843] init: Parsing file /system/etc/init/cameraserver.rc...
[   14.293925] init: Parsing file /system/etc/init/clean_scratch_files.rc...
[   14.293925] init: Parsing file /system/etc/init/clean_scratch_files.rc...
[   14.302792] init: Parsing file /system/etc/init/cppreopts.rc...
[   14.302792] init: Parsing file /system/etc/init/cppreopts.rc...
[   14.309078] init: Parsing file /system/etc/init/credstore.rc...
[   14.309078] init: Parsing file /system/etc/init/credstore.rc...
[   14.320918] init: Parsing file /system/etc/init/drmserver.rc...
[   14.320918] init: Parsing file /system/etc/init/drmserver.rc...
[   14.330538] init: Parsing file /system/etc/init/dumpstate.rc...
[   14.330538] init: Parsing file /system/etc/init/dumpstate.rc...
[   14.340554] init: Parsing file /system/etc/init/flags_health_check.rc...
[   14.340554] init: Parsing file /system/etc/init/flags_health_check.rc...
[   14.354095] init: Parsing file /system/etc/init/gatekeeperd.rc...
[   14.354095] init: Parsing file /system/etc/init/gatekeeperd.rc...
[   14.360140] init: Parsing file /system/etc/init/gpuservice.rc...
[   14.360140] init: Parsing file /system/etc/init/gpuservice.rc...
[   14.369442] init: Parsing file /system/etc/init/gsid.rc...
[   14.369442] init: Parsing file /system/etc/init/gsid.rc...
[   14.379957] init: Parsing file /system/etc/init/heapprofd.rc...
[   14.379957] init: Parsing file /system/etc/init/heapprofd.rc...
[   14.390686] init: Parsing file /system/etc/init/hwservicemanager.rc...
[   14.390686] init: Parsing file /system/etc/init/hwservicemanager.rc...
[   14.405414] init: Parsing file /system/etc/init/idmap2d.rc...
[   14.405414] init: Parsing file /system/etc/init/idmap2d.rc...
[   14.412328] init: Parsing file /system/etc/init/incidentd.rc...
[   14.412328] init: Parsing file /system/etc/init/incidentd.rc...
[   14.421866] init: Parsing file /system/etc/init/init-debug.rc...
[   14.421866] init: Parsing file /system/etc/init/init-debug.rc...
[   14.428828] init: Parsing file /system/etc/init/installd.rc...
[   14.428828] init: Parsing file /system/etc/init/installd.rc...
[   14.443813] init: Parsing file /system/etc/init/iorapd.rc...
[   14.443813] init: Parsing file /system/etc/init/iorapd.rc...
[   14.460780] init: Parsing file /system/etc/init/keystore.rc...
[   14.460780] init: Parsing file /system/etc/init/keystore.rc...
[   14.470462] init: Parsing file /system/etc/init/llkd-debuggable.rc...
[   14.470462] init: Parsing file /system/etc/init/llkd-debuggable.rc...
[   14.478634] init: Parsing file /system/etc/init/llkd.rc...
[   14.478634] init: Parsing file /system/etc/init/llkd.rc...
[   14.493653] init: Parsing file /system/etc/init/lmkd.rc...
[   14.493653] init: Parsing file /system/etc/init/lmkd.rc...
[   14.508064] init: Parsing file /system/etc/init/logcatd.rc...
[   14.508064] init: Parsing file /system/etc/init/logcatd.rc...
[   14.517951] init: Parsing file /system/etc/init/logd.rc...
[   14.517951] init: Parsing file /system/etc/init/logd.rc...
[   14.529937] init: Parsing file /system/etc/init/logtagd.rc...
[   14.529937] init: Parsing file /system/etc/init/logtagd.rc...
[   14.540474] init: Parsing file /system/etc/init/lpdumpd.rc...
[   14.540474] init: Parsing file /system/etc/init/lpdumpd.rc...
[   14.560889] init: Parsing file /system/etc/init/mdnsd.rc...
[   14.560889] init: Parsing file /system/etc/init/mdnsd.rc...
[   14.572323] init: Parsing file /system/etc/init/mediaextractor.rc...
[   14.572323] init: Parsing file /system/etc/init/mediaextractor.rc...
[   14.580852] init: Parsing file /system/etc/init/mediametrics.rc...
[   14.580852] init: Parsing file /system/etc/init/mediametrics.rc...
[   14.590616] init: Parsing file /system/etc/init/mediaserver.rc...
[   14.590616] init: Parsing file /system/etc/init/mediaserver.rc...
[   14.606208] init: Parsing file /system/etc/init/mtpd.rc...
[   14.606208] init: Parsing file /system/etc/init/mtpd.rc...
[   14.625496] init: Parsing file /system/etc/init/netd.rc...
[   14.625496] init: Parsing file /system/etc/init/netd.rc...
[   14.649140] init: Parsing file /system/etc/init/otapreopt.rc...
[   14.649140] init: Parsing file /system/etc/init/otapreopt.rc...
[   14.677762] init: Parsing file /system/etc/init/perfetto.rc...
[   14.677762] init: Parsing file /system/etc/init/perfetto.rc...
[   14.701954] init: Parsing file /system/etc/init/racoon.rc...
[   14.701954] init: Parsing file /system/etc/init/racoon.rc...
[   14.718449] init: Parsing file /system/etc/init/recovery-persist.rc...
[   14.718449] init: Parsing file /system/etc/init/recovery-persist.rc...
[   14.737067] init: Parsing file /system/etc/init/recovery-refresh.rc...
[   14.737067] init: Parsing file /system/etc/init/recovery-refresh.rc...
[   14.748204] init: Parsing file /system/etc/init/rss_hwm_reset.rc...
[   14.748204] init: Parsing file /system/etc/init/rss_hwm_reset.rc...
[   14.762021] init: Parsing file /system/etc/init/servicemanager.rc...
[   14.762021] init: Parsing file /system/etc/init/servicemanager.rc...
[   14.776631] init: Parsing file /system/etc/init/storaged.rc...
[   14.776631] init: Parsing file /system/etc/init/storaged.rc...
[   14.788445] init: Parsing file /system/etc/init/surfaceflinger.rc...
[   14.788445] init: Parsing file /system/etc/init/surfaceflinger.rc...
[   14.796174] init: Parsing file /system/etc/init/tombstoned.rc...
[   14.796174] init: Parsing file /system/etc/init/tombstoned.rc...
[   14.805184] init: Parsing file /system/etc/init/traced_perf.rc...
[   14.805184] init: Parsing file /system/etc/init/traced_perf.rc...
[   14.819125] init: Parsing file /system/etc/init/traceur.rc...
[   14.819125] init: Parsing file /system/etc/init/traceur.rc...
[   14.828865] init: Parsing file /system/etc/init/uncrypt.rc...
[   14.828865] init: Parsing file /system/etc/init/uncrypt.rc...
[   14.835275] init: Parsing file /system/etc/init/update_engine.rc...
[   14.835275] init: Parsing file /system/etc/init/update_engine.rc...
[   14.840783] init: Parsing file /system/etc/init/update_verifier.rc...
[   14.840783] init: Parsing file /system/etc/init/update_verifier.rc...
[   14.846787] init: Parsing file /system/etc/init/usbd.rc...
[   14.846787] init: Parsing file /system/etc/init/usbd.rc...
[   14.854792] init: Parsing file /system/etc/init/vdc.rc...
[   14.854792] init: Parsing file /system/etc/init/vdc.rc...
[   14.860500] init: Parsing file /system/etc/init/vold.rc...
[   14.860500] init: Parsing file /system/etc/init/vold.rc...
[   14.868333] init: Parsing file /system/etc/init/wait_for_keymaster.rc...
[   14.868333] init: Parsing file /system/etc/init/wait_for_keymaster.rc...
[   14.873148] init: Parsing file /system/etc/init/wifi.rc...
[   14.873148] init: Parsing file /system/etc/init/wifi.rc...
[   14.880959] init: Parsing file /system/etc/init/wificond.rc...
[   14.880959] init: Parsing file /system/etc/init/wificond.rc...
[   14.886361] init: Parsing file /system_ext/etc/init...
[   14.886361] init: Parsing file /system_ext/etc/init...
[   14.888300] init: Unable to read config file '/system_ext/etc/init': open() failed: No such file or directory
[   14.888300] init: Unable to read config file '/system_ext/etc/init': open() failed: No such file or directory
[   14.890093] init: Parsing file /product/etc/init...
[   14.890093] init: Parsing file /product/etc/init...
[   14.891672] init: Unable to read config file '/product/etc/init': open() failed: No such file or directory
[   14.891672] init: Unable to read config file '/product/etc/init': open() failed: No such file or directory
[   14.894934] init: Parsing file /odm/etc/init...
[   14.894934] init: Parsing file /odm/etc/init...
[   14.896887] init: Unable to read config file '/odm/etc/init': open() failed: No such file or directory
[   14.896887] init: Unable to read config file '/odm/etc/init': open() failed: No such file or directory
[   14.899907] init: Parsing directory /vendor/etc/init...
[   14.899907] init: Parsing directory /vendor/etc/init...
[   14.909945] init: Parsing file /vendor/etc/init/android.hardware.atrace@1.0-service.rc...
[   14.909945] init: Parsing file /vendor/etc/init/android.hardware.atrace@1.0-service.rc...
[   14.920559] init: Parsing file /vendor/etc/init/android.hardware.audio.service.ranchu.rc...
[   14.920559] init: Parsing file /vendor/etc/init/android.hardware.audio.service.ranchu.rc...
[   14.928222] init: Parsing file /vendor/etc/init/android.hardware.authsecret@1.0-service.rc...
[   14.928222] init: Parsing file /vendor/etc/init/android.hardware.authsecret@1.0-service.rc...
[   14.937514] init: Parsing file /vendor/etc/init/android.hardware.biometrics.face@1.0-service.rc...
[   14.937514] init: Parsing file /vendor/etc/init/android.hardware.biometrics.face@1.0-service.rc...
[   14.942940] init: Parsing file /vendor/etc/init/android.hardware.biometrics.fingerprint@2.1-service.rc...
[   14.942940] init: Parsing file /vendor/etc/init/android.hardware.biometrics.fingerprint@2.1-service.rc...
[   14.949299] init: Parsing file /vendor/etc/init/android.hardware.bluetooth@1.1-service.sim.rc...
[   14.949299] init: Parsing file /vendor/etc/init/android.hardware.bluetooth@1.1-service.sim.rc...
[   14.956413] init: Parsing file /vendor/etc/init/android.hardware.camera.provider@2.4-service_64.rc...
[   14.956413] init: Parsing file /vendor/etc/init/android.hardware.camera.provider@2.4-service_64.rc...
[   14.967053] init: Parsing file /vendor/etc/init/android.hardware.camera.provider@2.6-service-google.rc...
[   14.967053] init: Parsing file /vendor/etc/init/android.hardware.camera.provider@2.6-service-google.rc...
[   14.974810] init: Parsing file /vendor/etc/init/android.hardware.contexthub@1.1-service.rc...
[   14.974810] init: Parsing file /vendor/etc/init/android.hardware.contexthub@1.1-service.rc...
[   14.985440] init: Parsing file /vendor/etc/init/android.hardware.drm@1.0-service.rc...
[   14.985440] init: Parsing file /vendor/etc/init/android.hardware.drm@1.0-service.rc...
[   14.996817] init: Parsing file /vendor/etc/init/android.hardware.drm@1.3-service.clearkey.rc...
[   14.996817] init: Parsing file /vendor/etc/init/android.hardware.drm@1.3-service.clearkey.rc...
[   15.011708] init: Parsing file /vendor/etc/init/android.hardware.drm@1.3-service.widevine.rc...
[   15.011708] init: Parsing file /vendor/etc/init/android.hardware.drm@1.3-service.widevine.rc...
[   15.024536] init: Parsing file /vendor/etc/init/android.hardware.dumpstate@1.1-service.example.rc...
[   15.024536] init: Parsing file /vendor/etc/init/android.hardware.dumpstate@1.1-service.example.rc...
[   15.031261] init: Parsing file /vendor/etc/init/android.hardware.gatekeeper@1.0-service.software.rc...
[   15.031261] init: Parsing file /vendor/etc/init/android.hardware.gatekeeper@1.0-service.software.rc...
[   15.036947] init: Parsing file /vendor/etc/init/android.hardware.gnss@2.0-service.ranchu.rc...
[   15.036947] init: Parsing file /vendor/etc/init/android.hardware.gnss@2.0-service.ranchu.rc...
[   15.042684] init: Parsing file /vendor/etc/init/android.hardware.graphics.allocator@3.0-service.rc...
[   15.042684] init: Parsing file /vendor/etc/init/android.hardware.graphics.allocator@3.0-service.rc...
[   15.048553] init: Parsing file /vendor/etc/init/android.hardware.graphics.composer@2.3-service.rc...
[   15.048553] init: Parsing file /vendor/etc/init/android.hardware.graphics.composer@2.3-service.rc...
[   15.056039] init: Parsing file /vendor/etc/init/android.hardware.health.storage@1.0-service.rc...
[   15.056039] init: Parsing file /vendor/etc/init/android.hardware.health.storage@1.0-service.rc...
[   15.063863] init: Parsing file /vendor/etc/init/android.hardware.health@2.1-service.rc...
[   15.063863] init: Parsing file /vendor/etc/init/android.hardware.health@2.1-service.rc...
[   15.072758] init: Parsing file /vendor/etc/init/android.hardware.input.classifier@1.0-service.default.rc...
[   15.072758] init: Parsing file /vendor/etc/init/android.hardware.input.classifier@1.0-service.default.rc...
[   15.080597] init: Parsing file /vendor/etc/init/android.hardware.keymaster@4.1-service.rc...
[   15.080597] init: Parsing file /vendor/etc/init/android.hardware.keymaster@4.1-service.rc...
[   15.088183] init: Parsing file /vendor/etc/init/android.hardware.media.omx@1.0-service.rc...
[   15.088183] init: Parsing file /vendor/etc/init/android.hardware.media.omx@1.0-service.rc...
[   15.096468] init: Parsing file /vendor/etc/init/android.hardware.neuralnetworks@1.3-service-sample-all.rc...
[   15.096468] init: Parsing file /vendor/etc/init/android.hardware.neuralnetworks@1.3-service-sample-all.rc...
[   15.103040] init: Parsing file /vendor/etc/init/android.hardware.neuralnetworks@1.3-service-sample-float-fast.rc...
[   15.103040] init: Parsing file /vendor/etc/init/android.hardware.neuralnetworks@1.3-service-sample-float-fast.rc...
[   15.108181] init: Parsing file /vendor/etc/init/android.hardware.neuralnetworks@1.3-service-sample-float-slow.rc...
[   15.108181] init: Parsing file /vendor/etc/init/android.hardware.neuralnetworks@1.3-service-sample-float-slow.rc...
[   15.113677] init: Parsing file /vendor/etc/init/android.hardware.neuralnetworks@1.3-service-sample-minimal.rc...
[   15.113677] init: Parsing file /vendor/etc/init/android.hardware.neuralnetworks@1.3-service-sample-minimal.rc...
[   15.120586] init: Parsing file /vendor/etc/init/android.hardware.neuralnetworks@1.3-service-sample-quant.rc...
[   15.120586] init: Parsing file /vendor/etc/init/android.hardware.neuralnetworks@1.3-service-sample-quant.rc...
[   15.126040] init: Parsing file /vendor/etc/init/android.hardware.power.stats@1.0-service.rc...
[   15.126040] init: Parsing file /vendor/etc/init/android.hardware.power.stats@1.0-service.rc...
[   15.132175] init: Parsing file /vendor/etc/init/android.hardware.sensors@2.1-service-multihal.rc...
[   15.132175] init: Parsing file /vendor/etc/init/android.hardware.sensors@2.1-service-multihal.rc...
[   15.137964] init: Parsing file /vendor/etc/init/android.hardware.thermal@2.0-service.rc...
[   15.137964] init: Parsing file /vendor/etc/init/android.hardware.thermal@2.0-service.rc...
[   15.144644] init: Parsing file /vendor/etc/init/android.hardware.usb@1.0-service.rc...
[   15.144644] init: Parsing file /vendor/etc/init/android.hardware.usb@1.0-service.rc...
[   15.149985] init: Parsing file /vendor/etc/init/android.hardware.wifi@1.0-service.rc...
[   15.149985] init: Parsing file /vendor/etc/init/android.hardware.wifi@1.0-service.rc...
[   15.158235] init: Parsing file /vendor/etc/init/boringssl_self_test.rc...
[   15.158235] init: Parsing file /vendor/etc/init/boringssl_self_test.rc...
[   15.168104] init: Parsing file /vendor/etc/init/hostapd.android.rc...
[   15.168104] init: Parsing file /vendor/etc/init/hostapd.android.rc...
[   15.173683] init: Parsing file /vendor/etc/init/identity-default.rc...
[   15.173683] init: Parsing file /vendor/etc/init/identity-default.rc...
[   15.179231] init: Parsing file /vendor/etc/init/lights-default.rc...
[   15.179231] init: Parsing file /vendor/etc/init/lights-default.rc...
[   15.185217] init: Parsing file /vendor/etc/init/power-default.rc...
[   15.185217] init: Parsing file /vendor/etc/init/power-default.rc...
[   15.190581] init: Parsing file /vendor/etc/init/rebootescrow-default.rc...
[   15.190581] init: Parsing file /vendor/etc/init/rebootescrow-default.rc...
[   15.197303] init: Parsing file /vendor/etc/init/rild_goldfish.rc...
[   15.197303] init: Parsing file /vendor/etc/init/rild_goldfish.rc...
[   15.202671] init: Parsing file /vendor/etc/init/vendor_flash_recovery.rc...
[   15.202671] init: Parsing file /vendor/etc/init/vendor_flash_recovery.rc...
[   15.218979] init: Parsing file /vendor/etc/init/vibrator-default.rc...
[   15.218979] init: Parsing file /vendor/etc/init/vibrator-default.rc...
[   15.255467] init: processing action (SetupCgroups) from (<Builtin Action>:0)
[   15.255467] init: processing action (SetupCgroups) from (<Builtin Action>:0)
[   15.918986] cgroup1: Unknown subsys name 'schedtune'
[   15.918986] cgroup1: Unknown subsys name 'schedtune'
[   15.921118] libprocessgroup: Failed to mount schedtune cgroup: Invalid argument
[   15.921118] libprocessgroup: Failed to mount schedtune cgroup: Invalid argument
[   15.922403] libprocessgroup: Failed to setup schedtune cgroup
[   15.922403] libprocessgroup: Failed to setup schedtune cgroup
[   15.935482] init: Command 'SetupCgroups' action=SetupCgroups (<Builtin Action>:0) took 676ms and succeeded
[   15.935482] init: Command 'SetupCgroups' action=SetupCgroups (<Builtin Action>:0) took 676ms and succeeded
[   15.983149] init: processing action (SetKptrRestrict) from (<Builtin Action>:0)
[   15.983149] init: processing action (SetKptrRestrict) from (<Builtin Action>:0)
[   16.007940] init: processing action (TestPerfEventSelinux) from (<Builtin Action>:0)
[   16.007940] init: processing action (TestPerfEventSelinux) from (<Builtin Action>:0)
[   16.029662] init: processing action (early-init) from (/system/etc/init/hw/init.rc:15)
[   16.029662] init: processing action (early-init) from (/system/etc/init/hw/init.rc:15)
[   16.153747] init: starting service 'exec 1 (/system/bin/linkerconfig --target /linkerconfig/bootstrap)'...
[   16.153747] init: starting service 'exec 1 (/system/bin/linkerconfig --target /linkerconfig/bootstrap)'...
[   16.225843] init: SVC_EXEC service 'exec 1 (/system/bin/linkerconfig --target /linkerconfig/bootstrap)' pid 130 (uid 0 gid 0+0 context default) started; waiting...
[   16.225843] init: SVC_EXEC service 'exec 1 (/system/bin/linkerconfig --target /linkerconfig/bootstrap)' pid 130 (uid 0 gid 0+0 context default) started; waiting...
[   16.237308] init: Command 'exec -- /system/bin/linkerconfig --target /linkerconfig/bootstrap' action=early-init (/system/etc/init/hw/init.rc:59) took 130ms and succeeded
[   16.237308] init: Command 'exec -- /system/bin/linkerconfig --target /linkerconfig/bootstrap' action=early-init (/system/etc/init/hw/init.rc:59) took 130ms and succeeded
[   16.442979] linkerconfig (130) used greatest stack depth: 11952 bytes left
[   16.442979] linkerconfig (130) used greatest stack depth: 11952 bytes left
[   16.447812] init: Service 'exec 1 (/system/bin/linkerconfig --target /linkerconfig/bootstrap)' (pid 130) exited with status 0 waiting took 0.279000 seconds
[   16.447812] init: Service 'exec 1 (/system/bin/linkerconfig --target /linkerconfig/bootstrap)' (pid 130) exited with status 0 waiting took 0.279000 seconds
[   16.450005] init: Sending signal 9 to service 'exec 1 (/system/bin/linkerconfig --target /linkerconfig/bootstrap)' (pid 130) process group...
[   16.450005] init: Sending signal 9 to service 'exec 1 (/system/bin/linkerconfig --target /linkerconfig/bootstrap)' (pid 130) process group...
[   16.459475] libprocessgroup: Successfully killed process cgroup uid 0 pid 130 in 5ms
[   16.459475] libprocessgroup: Successfully killed process cgroup uid 0 pid 130 in 5ms
[   16.477097] linkerconfig (130): highest shadow stack usage: 296 bytes
[   16.477097] linkerconfig (130): highest shadow stack usage: 296 bytes
[   16.499271] init: starting service 'ueventd'...
[   16.499271] init: starting service 'ueventd'...
[   16.560728] init: Command 'start ueventd' action=early-init (/system/etc/init/hw/init.rc:67) took 60ms and succeeded
[   16.560728] init: Command 'start ueventd' action=early-init (/system/etc/init/hw/init.rc:67) took 60ms and succeeded
[   16.577652] init: starting service 'apexd-bootstrap'...
[   16.577652] init: starting service 'apexd-bootstrap'...
[   16.669438] init: SVC_EXEC service 'apexd-bootstrap' pid 132 (uid 0 gid 1000+0 context default) started; waiting...
[   16.669438] init: SVC_EXEC service 'apexd-bootstrap' pid 132 (uid 0 gid 1000+0 context default) started; waiting...
[   16.671543] init: Command 'exec_start apexd-bootstrap' action=early-init (/system/etc/init/hw/init.rc:72) took 108ms and succeeded
[   16.671543] init: Command 'exec_start apexd-bootstrap' action=early-init (/system/etc/init/hw/init.rc:72) took 108ms and succeeded
[   17.518264] ueventd: ueventd started!
[   17.518264] ueventd: ueventd started!
[   17.590847] selinux: SELinux: Loaded file_contexts
[   17.590847] selinux: SELinux: Loaded file_contexts
[   17.599858] selinux: 
[   17.599858] selinux: 
[   17.609716] ueventd: Parsing file /system/etc/ueventd.rc...
[   17.609716] ueventd: Parsing file /system/etc/ueventd.rc...
[   17.645451] ueventd: Parsing file /vendor/ueventd.rc...
[   17.645451] ueventd: Parsing file /vendor/ueventd.rc...
[   17.664831] ueventd: Parsing file /odm/ueventd.rc...
[   17.664831] ueventd: Parsing file /odm/ueventd.rc...
[   17.666066] ueventd: Unable to read config file '/odm/ueventd.rc': open() failed: No such file or directory
[   17.666066] ueventd: Unable to read config file '/odm/ueventd.rc': open() failed: No such file or directory
[   17.671566] ueventd: Parsing file /ueventd.ranchu.rc...
[   17.671566] ueventd: Parsing file /ueventd.ranchu.rc...
[   17.672825] ueventd: Unable to read config file '/ueventd.ranchu.rc': open() failed: No such file or directory
[   17.672825] ueventd: Unable to read config file '/ueventd.ranchu.rc': open() failed: No such file or directory
[   17.689312] apexd: Bootstrap subcommand detected
[   17.689312] apexd: Bootstrap subcommand detected
[   22.622407] ueventd: firmware: loading 'regulatory.db' for '/devices/platform/regulatory.0/firmware/regulatory.db'
[   22.622407] ueventd: firmware: loading 'regulatory.db' for '/devices/platform/regulatory.0/firmware/regulatory.db'
[   22.836745] apexd: wait for '/dev/loop-control' took 4554ms
[   22.836745] apexd: wait for '/dev/loop-control' took 4554ms
[   22.985907] apexd: Pre-allocated 28 loopback devices
[   22.985907] apexd: Pre-allocated 28 loopback devices
[   22.994398] apexd: Scanning /system/apex for preinstalled data
[   22.994398] apexd: Scanning /system/apex for preinstalled data
[   23.396282] apexd: Scanning /system_ext/apex for preinstalled data
[   23.396282] apexd: Scanning /system_ext/apex for preinstalled data
[   23.397827] apexd: ... does not exist. Skipping
[   23.397827] apexd: ... does not exist. Skipping
[   23.398754] apexd: Scanning /vendor/apex for preinstalled data
[   23.398754] apexd: Scanning /vendor/apex for preinstalled data
[   23.407893] apexd: ... does not exist. Skipping
[   23.407893] apexd: ... does not exist. Skipping
[   23.409244] apexd: Scanning /system/apex looking for APEX packages.
[   23.409244] apexd: Scanning /system/apex looking for APEX packages.
[   23.425416] apexd: Found /system/apex/com.google.android.cellbroadcast.apex
[   23.425416] apexd: Found /system/apex/com.google.android.cellbroadcast.apex
[   23.447250] apexd: Found /system/apex/com.google.android.extservices.apex
[   23.447250] apexd: Found /system/apex/com.google.android.extservices.apex
[   23.462492] apexd: Found /system/apex/com.google.android.ipsec.apex
[   23.462492] apexd: Found /system/apex/com.google.android.ipsec.apex
[   23.473551] apexd: Found /system/apex/com.google.android.tethering.apex
[   23.473551] apexd: Found /system/apex/com.google.android.tethering.apex
[   23.493700] apexd: Found /system/apex/com.google.android.mediaprovider.apex
[   23.493700] apexd: Found /system/apex/com.google.android.mediaprovider.apex
[   23.513064] apexd: Found /system/apex/com.google.android.telephony.apex
[   23.513064] apexd: Found /system/apex/com.google.android.telephony.apex
[   23.530567] apexd: Found /system/apex/com.android.vndk.current.apex
[   23.530567] apexd: Found /system/apex/com.android.vndk.current.apex
[   23.545869] apexd: Found /system/apex/com.android.i18n.apex
[   23.545869] apexd: Found /system/apex/com.android.i18n.apex
[   23.557097] apexd: Found /system/apex/com.google.android.permission.apex
[   23.557097] apexd: Found /system/apex/com.google.android.permission.apex
[   23.573603] apexd: Found /system/apex/com.google.android.tzdata2.apex
[   23.573603] apexd: Found /system/apex/com.google.android.tzdata2.apex
[   23.598345] apexd: Found /system/apex/com.google.android.neuralnetworks.apex
[   23.598345] apexd: Found /system/apex/com.google.android.neuralnetworks.apex
[   23.610217] apexd: Found /system/apex/com.google.android.resolv.apex
[   23.610217] apexd: Found /system/apex/com.google.android.resolv.apex
[   23.626627] apexd: Found /system/apex/com.google.android.sdkext.apex
[   23.626627] apexd: Found /system/apex/com.google.android.sdkext.apex
[   23.650307] apexd: Found /system/apex/com.google.android.os.statsd.apex
[   23.650307] apexd: Found /system/apex/com.google.android.os.statsd.apex
[   23.678630] apexd: Found /system/apex/com.google.android.adbd.apex
[   23.678630] apexd: Found /system/apex/com.google.android.adbd.apex
[   23.702686] apexd: Found /system/apex/com.android.apex.cts.shim.apex
[   23.702686] apexd: Found /system/apex/com.android.apex.cts.shim.apex
[   23.719985] apexd: Found /system/apex/com.google.android.wifi.apex
[   23.719985] apexd: Found /system/apex/com.google.android.wifi.apex
[   23.746640] apexd: Found /system/apex/com.android.runtime.apex
[   23.746640] apexd: Found /system/apex/com.android.runtime.apex
[   23.774318] apexd: Found /system/apex/com.google.android.media.swcodec.apex
[   23.774318] apexd: Found /system/apex/com.google.android.media.swcodec.apex
[   23.792677] apexd: Found /system/apex/com.android.art.debug.apex
[   23.792677] apexd: Found /system/apex/com.android.art.debug.apex
[   23.813885] apexd: Found /system/apex/com.google.android.media.apex
[   23.813885] apexd: Found /system/apex/com.google.android.media.apex
[   23.832708] apexd: Found /system/apex/com.google.android.conscrypt.apex
[   23.832708] apexd: Found /system/apex/com.google.android.conscrypt.apex
[   23.972369] ueventd: Coldboot took 6.259 seconds
[   23.972369] ueventd: Coldboot took 6.259 seconds
[   24.128775] EXT4-fs (loop0): mounted filesystem without journal. Opts: (null)
[   24.128775] EXT4-fs (loop0): mounted filesystem without journal. Opts: (null)
[   24.140837] apexd: Successfully mounted package /system/apex/com.android.vndk.current.apex on /apex/com.android.vndk.v30@1
[   24.140837] apexd: Successfully mounted package /system/apex/com.android.vndk.current.apex on /apex/com.android.vndk.v30@1
[   24.362739] EXT4-fs (loop1): mounted filesystem without journal. Opts: (null)
[   24.362739] EXT4-fs (loop1): mounted filesystem without journal. Opts: (null)
[   24.366716] apexd: Successfully mounted package /system/apex/com.android.i18n.apex on /apex/com.android.i18n@1
[   24.366716] apexd: Successfully mounted package /system/apex/com.android.i18n.apex on /apex/com.android.i18n@1
[   24.537637] EXT4-fs (loop2): mounted filesystem without journal. Opts: (null)
[   24.537637] EXT4-fs (loop2): mounted filesystem without journal. Opts: (null)
[   24.544720] apexd: Successfully mounted package /system/apex/com.google.android.tzdata2.apex on /apex/com.android.tzdata@300900700
[   24.544720] apexd: Successfully mounted package /system/apex/com.google.android.tzdata2.apex on /apex/com.android.tzdata@300900700
[   24.667862] EXT4-fs (loop3): mounted filesystem without journal. Opts: (null)
[   24.667862] EXT4-fs (loop3): mounted filesystem without journal. Opts: (null)
[   24.676325] apexd: Successfully mounted package /system/apex/com.google.android.os.statsd.apex on /apex/com.android.os.statsd@300900700
[   24.676325] apexd: Successfully mounted package /system/apex/com.google.android.os.statsd.apex on /apex/com.android.os.statsd@300900700
[   24.920047] EXT4-fs (loop4): mounted filesystem without journal. Opts: (null)
[   24.920047] EXT4-fs (loop4): mounted filesystem without journal. Opts: (null)
[   24.928211] apexd: Successfully mounted package /system/apex/com.android.runtime.apex on /apex/com.android.runtime@1
[   24.928211] apexd: Successfully mounted package /system/apex/com.android.runtime.apex on /apex/com.android.runtime@1
[   25.048189] EXT4-fs (loop5): mounted filesystem without journal. Opts: (null)
[   25.048189] EXT4-fs (loop5): mounted filesystem without journal. Opts: (null)
[   25.055906] apexd: Successfully mounted package /system/apex/com.android.art.debug.apex on /apex/com.android.art@1
[   25.055906] apexd: Successfully mounted package /system/apex/com.android.art.debug.apex on /apex/com.android.art@1
[   25.076770] apexd: Activated 22 packages. Skipped: 0
[   25.076770] apexd: Activated 22 packages. Skipped: 0
[   25.078484] apexd: Scanning /system_ext/apex looking for APEX packages.
[   25.078484] apexd: Scanning /system_ext/apex looking for APEX packages.
[   25.088805] apexd: ... does not exist. Skipping
[   25.088805] apexd: ... does not exist. Skipping
[   25.142545] apexd: Activated 0 packages. Skipped: 0
[   25.142545] apexd: Activated 0 packages. Skipped: 0
[   25.146366] apexd: Scanning /vendor/apex looking for APEX packages.
[   25.146366] apexd: Scanning /vendor/apex looking for APEX packages.
[   25.148559] apexd: ... does not exist. Skipping
[   25.148559] apexd: ... does not exist. Skipping
[   25.198164] apexd: Activated 0 packages. Skipped: 0
[   25.198164] apexd: Activated 0 packages. Skipped: 0
[   25.200357] apexd: Bootstrapping done
[   25.200357] apexd: Bootstrapping done
[   25.252302] init: Service 'apexd-bootstrap' (pid 132) exited with status 0 waiting took 8.659000 seconds
[   25.252302] init: Service 'apexd-bootstrap' (pid 132) exited with status 0 waiting took 8.659000 seconds
[   25.254127] init: Sending signal 9 to service 'apexd-bootstrap' (pid 132) process group...
[   25.254127] init: Sending signal 9 to service 'apexd-bootstrap' (pid 132) process group...
[   25.260220] libprocessgroup: Successfully killed process cgroup uid 0 pid 132 in 1ms
[   25.260220] libprocessgroup: Successfully killed process cgroup uid 0 pid 132 in 1ms
[   25.292307] apexd (132): highest shadow stack usage: 304 bytes
[   25.292307] apexd (132): highest shadow stack usage: 304 bytes
[   25.702354] init: linkerconfig generated /linkerconfig with mounted APEX modules info
[   25.702354] init: linkerconfig generated /linkerconfig with mounted APEX modules info
[   25.706445] init: Command 'update_linker_config' action=early-init (/system/etc/init/hw/init.rc:75) took 423ms and succeeded
[   25.706445] init: Command 'update_linker_config' action=early-init (/system/etc/init/hw/init.rc:75) took 423ms and succeeded
[   25.766831] init: processing action (ro.product.cpu.abilist64=* && early-init) from (/system/etc/init/hw/init.rc:87)
[   25.766831] init: processing action (ro.product.cpu.abilist64=* && early-init) from (/system/etc/init/hw/init.rc:87)
[   25.781826] init: starting service 'boringssl_self_test64'...
[   25.781826] init: starting service 'boringssl_self_test64'...
[   25.893619] init: SVC_EXEC service 'boringssl_self_test64' pid 149 (uid 0 gid 0+0 context default) started; waiting...
[   25.893619] init: SVC_EXEC service 'boringssl_self_test64' pid 149 (uid 0 gid 0+0 context default) started; waiting...
[   25.905026] init: Command 'exec_start boringssl_self_test64' action=ro.product.cpu.abilist64=* && early-init (/system/etc/init/hw/init.rc:88) took 131ms and succeeded
[   25.905026] init: Command 'exec_start boringssl_self_test64' action=ro.product.cpu.abilist64=* && early-init (/system/etc/init/hw/init.rc:88) took 131ms and succeeded
[   26.382712] init: Service 'boringssl_self_test64' (pid 149) exited with status 0 waiting took 0.588000 seconds
[   26.382712] init: Service 'boringssl_self_test64' (pid 149) exited with status 0 waiting took 0.588000 seconds
[   26.385511] init: Sending signal 9 to service 'boringssl_self_test64' (pid 149) process group...
[   26.385511] init: Sending signal 9 to service 'boringssl_self_test64' (pid 149) process group...
[   26.397130] libprocessgroup: Successfully killed process cgroup uid 0 pid 149 in 8ms
[   26.397130] libprocessgroup: Successfully killed process cgroup uid 0 pid 149 in 8ms
[   26.420068] init: processing action (early-init) from (/init.environ.rc:2)
[   26.420068] init: processing action (early-init) from (/init.environ.rc:2)
[   26.426219] init: processing action (early-init) from (/vendor/etc/init/hw/init.ranchu.rc:12)
[   26.426219] init: processing action (early-init) from (/vendor/etc/init/hw/init.ranchu.rc:12)
[   26.432236] boringssl_self_ (149): highest shadow stack usage: 336 bytes
[   26.432236] boringssl_self_ (149): highest shadow stack usage: 336 bytes
[   26.562509] init: Command 'mount proc proc /proc remount hidepid=2,gid=3009' action=early-init (/vendor/etc/init/hw/init.ranchu.rc:13) took 133ms and succeeded
[   26.562509] init: Command 'mount proc proc /proc remount hidepid=2,gid=3009' action=early-init (/vendor/etc/init/hw/init.ranchu.rc:13) took 133ms and succeeded
[   26.601779] init: processing action (ro.product.cpu.abilist64=* && early-init) from (/vendor/etc/init/boringssl_self_test.rc:4)
[   26.601779] init: processing action (ro.product.cpu.abilist64=* && early-init) from (/vendor/etc/init/boringssl_self_test.rc:4)
[   26.630066] init: starting service 'boringssl_self_test64_vendor'...
[   26.630066] init: starting service 'boringssl_self_test64_vendor'...
[   26.738347] init: SVC_EXEC service 'boringssl_self_test64_vendor' pid 150 (uid 0 gid 0+0 context default) started; waiting...
[   26.738347] init: SVC_EXEC service 'boringssl_self_test64_vendor' pid 150 (uid 0 gid 0+0 context default) started; waiting...
[   26.750355] init: Command 'exec_start boringssl_self_test64_vendor' action=ro.product.cpu.abilist64=* && early-init (/vendor/etc/init/boringssl_self_test.rc:5) took 136ms and succeeded
[   26.750355] init: Command 'exec_start boringssl_self_test64_vendor' action=ro.product.cpu.abilist64=* && early-init (/vendor/etc/init/boringssl_self_test.rc:5) took 136ms and succeeded
[   27.218101] init: Service 'boringssl_self_test64_vendor' (pid 150) exited with status 0 waiting took 0.574000 seconds
[   27.218101] init: Service 'boringssl_self_test64_vendor' (pid 150) exited with status 0 waiting took 0.574000 seconds
[   27.222423] init: Sending signal 9 to service 'boringssl_self_test64_vendor' (pid 150) process group...
[   27.222423] init: Sending signal 9 to service 'boringssl_self_test64_vendor' (pid 150) process group...
[   27.232089] libprocessgroup: Successfully killed process cgroup uid 0 pid 150 in 2ms
[   27.232089] libprocessgroup: Successfully killed process cgroup uid 0 pid 150 in 2ms
[   27.273580] init: processing action (wait_for_coldboot_done) from (<Builtin Action>:0)
[   27.273580] init: processing action (wait_for_coldboot_done) from (<Builtin Action>:0)
[   27.277612] init: start_waiting_for_property("ro.cold_boot_done", "true"): already set
[   27.277612] init: start_waiting_for_property("ro.cold_boot_done", "true"): already set
[   27.281471] init: processing action (MixHwrngIntoLinuxRng) from (<Builtin Action>:0)
[   27.281471] init: processing action (MixHwrngIntoLinuxRng) from (<Builtin Action>:0)
[   27.294540] init: Mixed 512 bytes from /dev/hw_random into /dev/urandom
[   27.294540] init: Mixed 512 bytes from /dev/hw_random into /dev/urandom
[   27.298169] init: processing action (SetMmapRndBits) from (<Builtin Action>:0)
[   27.298169] init: processing action (SetMmapRndBits) from (<Builtin Action>:0)
[   27.325580] init: processing action (KeychordInit) from (<Builtin Action>:0)
[   27.325580] init: processing action (KeychordInit) from (<Builtin Action>:0)
[   27.336264] init: EVIOCSMASK not supported: Invalid argument
[   27.336264] init: EVIOCSMASK not supported: Invalid argument
[   27.342431] init: processing action (init) from (/system/etc/init/hw/init.rc:114)
[   27.342431] init: processing action (init) from (/system/etc/init/hw/init.rc:114)
[   27.452536] init: Command 'write /dev/blkio/blkio.weight 1000' action=init (/system/etc/init/hw/init.rc:164) took 5ms and failed: Unable to write to file '/dev/blkio/blkio.weight': open() failed: Permission denied
[   27.452536] init: Command 'write /dev/blkio/blkio.weight 1000' action=init (/system/etc/init/hw/init.rc:164) took 5ms and failed: Unable to write to file '/dev/blkio/blkio.weight': open() failed: Permission denied
[   27.462909] init: Command 'write /dev/blkio/background/blkio.weight 200' action=init (/system/etc/init/hw/init.rc:165) took 7ms and failed: Unable to write to file '/dev/blkio/background/blkio.weight': open() failed: Permission denied
[   27.462909] init: Command 'write /dev/blkio/background/blkio.weight 200' action=init (/system/etc/init/hw/init.rc:165) took 7ms and failed: Unable to write to file '/dev/blkio/background/blkio.weight': open() failed: Permission denied
[   27.470282] init: Command 'write /dev/blkio/blkio.group_idle 0' action=init (/system/etc/init/hw/init.rc:166) took 4ms and failed: Unable to write to file '/dev/blkio/blkio.group_idle': open() failed: Permission denied
[   27.470282] init: Command 'write /dev/blkio/blkio.group_idle 0' action=init (/system/etc/init/hw/init.rc:166) took 4ms and failed: Unable to write to file '/dev/blkio/blkio.group_idle': open() failed: Permission denied
[   27.479348] init: Command 'write /dev/blkio/background/blkio.group_idle 0' action=init (/system/etc/init/hw/init.rc:167) took 4ms and failed: Unable to write to file '/dev/blkio/background/blkio.group_idle': open() failed: Permission denied
[   27.479348] init: Command 'write /dev/blkio/background/blkio.group_idle 0' action=init (/system/etc/init/hw/init.rc:167) took 4ms and failed: Unable to write to file '/dev/blkio/background/blkio.group_idle': open() failed: Permission denied
[   27.633445] init: Command 'mount binder binder /dev/binderfs stats=global' action=init (/system/etc/init/hw/init.rc:177) took 110ms and succeeded
[   27.633445] init: Command 'mount binder binder /dev/binderfs stats=global' action=init (/system/etc/init/hw/init.rc:177) took 110ms and succeeded
[   27.865274] init: Command 'write /dev/cpuctl/cpu.rt_period_us 1000000' action=init (/system/etc/init/hw/init.rc:271) took 5ms and failed: Unable to write to file '/dev/cpuctl/cpu.rt_period_us': open() failed: Permission denied
[   27.865274] init: Command 'write /dev/cpuctl/cpu.rt_period_us 1000000' action=init (/system/etc/init/hw/init.rc:271) took 5ms and failed: Unable to write to file '/dev/cpuctl/cpu.rt_period_us': open() failed: Permission denied
[   27.881069] init: Command 'write /dev/cpuctl/cpu.rt_runtime_us 950000' action=init (/system/etc/init/hw/init.rc:272) took 9ms and failed: Unable to write to file '/dev/cpuctl/cpu.rt_runtime_us': open() failed: Permission denied
[   27.881069] init: Command 'write /dev/cpuctl/cpu.rt_runtime_us 950000' action=init (/system/etc/init/hw/init.rc:272) took 9ms and failed: Unable to write to file '/dev/cpuctl/cpu.rt_runtime_us': open() failed: Permission denied
[   28.270905] Registered swp emulation handler
[   28.270905] Registered swp emulation handler
[   28.284980] init: Command 'write /dev/cpu_variant:${ro.bionic.2nd_arch} ${ro.bionic.2nd_cpu_variant}' action=init (/system/etc/init/hw/init.rc:384) took 1ms and failed: property 'ro.bionic.2nd_arch' doesn't exist while expanding '/dev/cpu_variant:${ro.bionic.2nd_arch}'
[   28.284980] init: Command 'write /dev/cpu_variant:${ro.bionic.2nd_arch} ${ro.bionic.2nd_cpu_variant}' action=init (/system/etc/init/hw/init.rc:384) took 1ms and failed: property 'ro.bionic.2nd_arch' doesn't exist while expanding '/dev/cpu_variant:${ro.bionic.2nd_arch}'
[   28.292646] init: Command 'chmod 0444 /dev/cpu_variant:${ro.bionic.2nd_arch}' action=init (/system/etc/init/hw/init.rc:385) took 0ms and failed: property 'ro.bionic.2nd_arch' doesn't exist while expanding '/dev/cpu_variant:${ro.bionic.2nd_arch}'
[   28.292646] init: Command 'chmod 0444 /dev/cpu_variant:${ro.bionic.2nd_arch}' action=init (/system/etc/init/hw/init.rc:385) took 0ms and failed: property 'ro.bionic.2nd_arch' doesn't exist while expanding '/dev/cpu_variant:${ro.bionic.2nd_arch}'
[   28.312700] init: starting service 'logd'...
[   28.312700] init: starting service 'logd'...
[   28.322427] init: Created socket '/dev/socket/logd', mode 666, user 1036, group 1036
[   28.322427] init: Created socket '/dev/socket/logd', mode 666, user 1036, group 1036
[   28.331907] init: Created socket '/dev/socket/logdr', mode 666, user 1036, group 1036
[   28.331907] init: Created socket '/dev/socket/logdr', mode 666, user 1036, group 1036
[   28.341395] init: Created socket '/dev/socket/logdw', mode 222, user 1036, group 1036
[   28.341395] init: Created socket '/dev/socket/logdw', mode 222, user 1036, group 1036
[   28.345428] init: Opened file '/proc/kmsg', flags 0
[   28.345428] init: Opened file '/proc/kmsg', flags 0
[   28.350511] init: Opened file '/dev/kmsg', flags 1
[   28.350511] init: Opened file '/dev/kmsg', flags 1
[   28.430850] init: Command 'start logd' action=init (/system/etc/init/hw/init.rc:398) took 120ms and succeeded
[   28.430850] init: Command 'start logd' action=init (/system/etc/init/hw/init.rc:398) took 120ms and succeeded
[   28.462461] init: starting service 'lmkd'...
[   28.462461] init: starting service 'lmkd'...
[   28.473180] init: Created socket '/dev/socket/lmkd', mode 660, user 1000, group 1000
[   28.473180] init: Created socket '/dev/socket/lmkd', mode 660, user 1000, group 1000
[   28.525681] init: Command 'start lmkd' action=init (/system/etc/init/hw/init.rc:404) took 73ms and succeeded
[   28.525681] init: Command 'start lmkd' action=init (/system/etc/init/hw/init.rc:404) took 73ms and succeeded
[   28.545457] init: starting service 'servicemanager'...
[   28.545457] init: starting service 'servicemanager'...
[   28.635153] init: Command 'start servicemanager' action=init (/system/etc/init/hw/init.rc:407) took 100ms and succeeded
[   28.635153] init: Command 'start servicemanager' action=init (/system/etc/init/hw/init.rc:407) took 100ms and succeeded
[   28.663550] init: starting service 'hwservicemanager'...
[   28.663550] init: starting service 'hwservicemanager'...
[   28.763255] init: Command 'start hwservicemanager' action=init (/system/etc/init/hw/init.rc:408) took 124ms and succeeded
[   28.763255] init: Command 'start hwservicemanager' action=init (/system/etc/init/hw/init.rc:408) took 124ms and succeeded
[   28.765502] init: Command 'start vndservicemanager' action=init (/system/etc/init/hw/init.rc:409) took 0ms and failed: service vndservicemanager not found
[   28.765502] init: Command 'start vndservicemanager' action=init (/system/etc/init/hw/init.rc:409) took 0ms and failed: service vndservicemanager not found
[   28.779874] init: processing action (ro.debuggable=1 && init) from (/system/etc/init/hw/init.rc:1065)
[   28.779874] init: processing action (ro.debuggable=1 && init) from (/system/etc/init/hw/init.rc:1065)
[   28.794517] init: starting service 'console'...
[   28.794517] init: starting service 'console'...
[   28.957917] init: Command 'start console' action=ro.debuggable=1 && init (/system/etc/init/hw/init.rc:1066) took 175ms and succeeded
[   28.957917] init: Command 'start console' action=ro.debuggable=1 && init (/system/etc/init/hw/init.rc:1066) took 175ms and succeeded
[   28.961827] init: processing action (init) from (/system/etc/init/hw/init.usb.rc:24)
[   28.961827] init: processing action (init) from (/system/etc/init/hw/init.usb.rc:24)
[   29.041401] init: Command 'setprop sys.usb.configfs 0' action=init (/system/etc/init/hw/init.usb.rc:25) took 61ms and succeeded
[   29.041401] init: Command 'setprop sys.usb.configfs 0' action=init (/system/etc/init/hw/init.usb.rc:25) took 61ms and succeeded
[   29.044648] init: processing action (init) from (/vendor/etc/init/hw/init.ranchu.rc:17)
[   29.044648] init: processing action (init) from (/vendor/etc/init/hw/init.ranchu.rc:17)
[   29.303819] init: Command 'symlink /dev/goldfish_pipe /dev/android_pipe' action=init (/vendor/etc/init/hw/init.ranchu.rc:21) took 249ms and succeeded
[   29.303819] init: Command 'symlink /dev/goldfish_pipe /dev/android_pipe' action=init (/vendor/etc/init/hw/init.ranchu.rc:21) took 249ms and succeeded
[   29.400625] init: Command 'write /sys/block/zram0/comp_algorithm lz4' action=init (/vendor/etc/init/hw/init.ranchu.rc:24) took 61ms and succeeded
[   29.400625] init: Command 'write /sys/block/zram0/comp_algorithm lz4' action=init (/vendor/etc/init/hw/init.ranchu.rc:24) took 61ms and succeeded
[   29.780225] init: starting service 'qemu-props'...
[   29.780225] init: starting service 'qemu-props'...
[   29.960808] init: Command 'start qemu-props' action=init (/vendor/etc/init/hw/init.ranchu.rc:50) took 201ms and succeeded
[   29.960808] init: Command 'start qemu-props' action=init (/vendor/etc/init/hw/init.ranchu.rc:50) took 201ms and succeeded
[   29.972124] init: processing action (init) from (/system/etc/init/audioserver.rc:48)
[   29.972124] init: processing action (init) from (/system/etc/init/audioserver.rc:48)
[   30.101063] init: Command 'mkdir /dev/socket/audioserver 0775 audioserver audioserver' action=init (/system/etc/init/audioserver.rc:49) took 76ms and succeeded
[   30.101063] init: Command 'mkdir /dev/socket/audioserver 0775 audioserver audioserver' action=init (/system/etc/init/audioserver.rc:49) took 76ms and succeeded
[   30.103435] init: processing action (MixHwrngIntoLinuxRng) from (<Builtin Action>:0)
[   30.103435] init: processing action (MixHwrngIntoLinuxRng) from (<Builtin Action>:0)
[   30.163508] init: Mixed 512 bytes from /dev/hw_random into /dev/urandom
[   30.163508] init: Mixed 512 bytes from /dev/hw_random into /dev/urandom
[   30.195825] init: processing action (late-init) from (/system/etc/init/hw/init.rc:427)
[   30.195825] init: processing action (late-init) from (/system/etc/init/hw/init.rc:427)
[   30.223927] init: processing action (late-init) from (/system/etc/init/atrace.rc:3)
[   30.223927] init: processing action (late-init) from (/system/etc/init/atrace.rc:3)
[   30.328688] init: Command 'write /proc/sys/kernel/sched_schedstats 1' action=late-init (/system/etc/init/atrace.rc:10) took 74ms and succeeded
[   30.328688] init: Command 'write /proc/sys/kernel/sched_schedstats 1' action=late-init (/system/etc/init/atrace.rc:10) took 74ms and succeeded
console:/ $ [   31.620360] init: processing action (late-init) from (/vendor/etc/init/android.hardware.atrace@1.0-service.rc:1)
[   31.620360] init: processing action (late-init) from (/vendor/etc/init/android.hardware.atrace@1.0-service.rc:1)
[   31.653563] init: processing action (queue_property_triggers) from (<Builtin Action>:0)
[   31.653563] init: processing action (queue_property_triggers) from (<Builtin Action>:0)
[   31.665763] init: processing action (early-fs) from (/system/etc/init/hw/init.rc:463)
[   31.665763] init: processing action (early-fs) from (/system/etc/init/hw/init.rc:463)
[   31.716703] init: starting service 'vold'...
[   31.716703] init: starting service 'vold'...
[   31.936698] init: Command 'start vold' action=early-fs (/system/etc/init/hw/init.rc:465) took 252ms and succeeded
[   31.936698] init: Command 'start vold' action=early-fs (/system/etc/init/hw/init.rc:465) took 252ms and succeeded
[   31.950756] init: processing action (early-fs) from (/vendor/etc/init/hw/init.ranchu.rc:1)
[   31.950756] init: processing action (early-fs) from (/vendor/etc/init/hw/init.ranchu.rc:1)
[   31.976183] init: processing action (fs) from (/vendor/etc/init/hw/init.ranchu.rc:4)
[   31.976183] init: processing action (fs) from (/vendor/etc/init/hw/init.ranchu.rc:4)
[   32.024043] init: starting service 'wait_for_keymaster'...
[   32.024043] init: starting service 'wait_for_keymaster'...
[   32.580087] wait_for_keymaster: Waiting for Keymaster device
[   32.580087] wait_for_keymaster: Waiting for Keymaster device
[   32.806759] init: SVC_EXEC service 'wait_for_keymaster' pid 159 (uid 0 gid 0+1 context default) started; waiting...
[   32.806759] init: SVC_EXEC service 'wait_for_keymaster' pid 159 (uid 0 gid 0+1 context default) started; waiting...
[   32.809441] init: Command 'exec_start wait_for_keymaster' action=fs (/vendor/etc/init/hw/init.ranchu.rc:5) took 831ms and succeeded
[   32.809441] init: Command 'exec_start wait_for_keymaster' action=fs (/vendor/etc/init/hw/init.ranchu.rc:5) took 831ms and succeeded
[   33.069490] HidlServiceManagement: getService: Trying again for android.hardware.keymaster@4.0::IKeymasterDevice/default...
[   33.069490] HidlServiceManagement: getService: Trying again for android.hardware.keymaster@4.0::IKeymasterDevice/default...
[   33.100176] init: starting service 'vendor.keymaster-4-1'...
[   33.100176] init: starting service 'vendor.keymaster-4-1'...
[   33.183885] init: Control message: Processed ctl.interface_start for 'android.hardware.keymaster@4.0::IKeymasterDevice/default' from pid: 154 (/system/bin/hwservicemanager)
[   33.183885] init: Control message: Processed ctl.interface_start for 'android.hardware.keymaster@4.0::IKeymasterDevice/default' from pid: 154 (/system/bin/hwservicemanager)
[   33.203625] init: Control message: Processed ctl.interface_start for 'android.hardware.keymaster@4.0::IKeymasterDevice/default' from pid: 154 (/system/bin/hwservicemanager)
[   33.203625] init: Control message: Processed ctl.interface_start for 'android.hardware.keymaster@4.0::IKeymasterDevice/default' from pid: 154 (/system/bin/hwservicemanager)
[   34.073602] HidlServiceManagement: Waited one second for android.hardware.keymaster@4.0::IKeymasterDevice/default
[   34.073602] HidlServiceManagement: Waited one second for android.hardware.keymaster@4.0::IKeymasterDevice/default
[   34.085462] HidlServiceManagement: getService: Trying again for android.hardware.keymaster@4.0::IKeymasterDevice/default...
[   34.085462] HidlServiceManagement: getService: Trying again for android.hardware.keymaster@4.0::IKeymasterDevice/default...
[   34.102367] init: Control message: Processed ctl.interface_start for 'android.hardware.keymaster@4.0::IKeymasterDevice/default' from pid: 154 (/system/bin/hwservicemanager)
[   34.102367] init: Control message: Processed ctl.interface_start for 'android.hardware.keymaster@4.0::IKeymasterDevice/default' from pid: 154 (/system/bin/hwservicemanager)
[   34.688674] wait_for_keymaster: List of Keymaster HALs found:
[   34.688674] wait_for_keymaster: List of Keymaster HALs found:
[   34.697719] wait_for_keymaster: Keymaster HAL #1: SoftwareKeymasterDevice from Google SecurityLevel: SOFTWARE HAL: android.hardware.keymaster@4.1::IKeymasterDevice/default
[   34.697719] wait_for_keymaster: Keymaster HAL #1: SoftwareKeymasterDevice from Google SecurityLevel: SOFTWARE HAL: android.hardware.keymaster@4.1::IKeymasterDevice/default
[   34.736507] wait_for_keymaster: Using SoftwareKeymasterDevice from Google for encryption.  Security level: SOFTWARE, HAL: android.hardware.keymaster@4.1::IKeymasterDevice/default
[   34.736507] wait_for_keymaster: Using SoftwareKeymasterDevice from Google for encryption.  Security level: SOFTWARE, HAL: android.hardware.keymaster@4.1::IKeymasterDevice/default
[   34.739947] wait_for_keymaster: Keymaster device ready
[   34.739947] wait_for_keymaster: Keymaster device ready
[   34.769811] init: Service 'wait_for_keymaster' (pid 159) exited with status 0 waiting took 2.719000 seconds
[   34.769811] init: Service 'wait_for_keymaster' (pid 159) exited with status 0 waiting took 2.719000 seconds
[   34.773168] init: Sending signal 9 to service 'wait_for_keymaster' (pid 159) process group...
[   34.773168] init: Sending signal 9 to service 'wait_for_keymaster' (pid 159) process group...
[   34.776997] libprocessgroup: Successfully killed process cgroup uid 0 pid 159 in 1ms
[   34.776997] libprocessgroup: Successfully killed process cgroup uid 0 pid 159 in 1ms
[   34.837221] init: [libfs_mgr]superblock s_max_mnt_count:65535,/dev/block/vdc
[   34.837221] init: [libfs_mgr]superblock s_max_mnt_count:65535,/dev/block/vdc
[   34.839930] init: [libfs_mgr]Enabling quotas on /dev/block/vdc
[   34.839930] init: [libfs_mgr]Enabling quotas on /dev/block/vdc
[   35.650344] tune2fs: tune2fs 1.45.4 (23-Sep-2019)
[   35.650344] tune2fs: tune2fs 1.45.4 (23-Sep-2019)
[   36.505259] EXT4-fs (vdc): Ignoring removed nomblk_io_submit option
[   36.505259] EXT4-fs (vdc): Ignoring removed nomblk_io_submit option
[   36.561628] EXT4-fs (vdc): mounted filesystem with ordered data mode. Opts: errors=remount-ro,nomblk_io_submit
[   36.561628] EXT4-fs (vdc): mounted filesystem with ordered data mode. Opts: errors=remount-ro,nomblk_io_submit
[   36.564725] init: [libfs_mgr]check_fs(): mount(/dev/block/vdc,/data,ext4)=0: Success
[   36.564725] init: [libfs_mgr]check_fs(): mount(/dev/block/vdc,/data,ext4)=0: Success
[   36.643517] init: [libfs_mgr]check_fs(): unmount(/data) succeeded
[   36.643517] init: [libfs_mgr]check_fs(): unmount(/data) succeeded
[   36.656574] init: [libfs_mgr]Running /system/bin/e2fsck on /dev/block/vdc
[   36.656574] init: [libfs_mgr]Running /system/bin/e2fsck on /dev/block/vdc
[   37.568744] e2fsck: e2fsck 1.45.4 (23-Sep-2019)
[   37.568744] e2fsck: e2fsck 1.45.4 (23-Sep-2019)
[   38.112834] e2fsck: Pass 1: Checking inodes, blocks, and sizes
[   38.112834] e2fsck: Pass 1: Checking inodes, blocks, and sizes
[   39.248691] e2fsck: Pass 2: Checking directory structure
[   39.248691] e2fsck: Pass 2: Checking directory structure
[   39.312588] e2fsck: Pass 3: Checking directory connectivity
[   39.312588] e2fsck: Pass 3: Checking directory connectivity
[   39.339645] e2fsck: Pass 4: Checking reference counts
[   39.339645] e2fsck: Pass 4: Checking reference counts
[   39.875901] e2fsck: Pass 5: Checking group summary information
[   39.875901] e2fsck: Pass 5: Checking group summary information
[   39.964994] e2fsck: data: 12/524288 files (0.0% non-contiguous), 58517/2097152 blocks
[   39.964994] e2fsck: data: 12/524288 files (0.0% non-contiguous), 58517/2097152 blocks
[   40.002490] init: [libfs_mgr]superblock s_max_mnt_count:65535,/dev/block/vdc
[   40.002490] init: [libfs_mgr]superblock s_max_mnt_count:65535,/dev/block/vdc
[   40.006558] init: [libfs_mgr]Setting reserved block count on /dev/block/vdc to 32768
[   40.006558] init: [libfs_mgr]Setting reserved block count on /dev/block/vdc to 32768
[   40.295307] tune2fs: tune2fs 1.45.4 (23-Sep-2019)
[   40.295307] tune2fs: tune2fs 1.45.4 (23-Sep-2019)
[   40.335494] tune2fs: Setting reserved blocks gid to 1065
[   40.335494] tune2fs: Setting reserved blocks gid to 1065
[   40.337587] tune2fs: Setting reserved blocks count to 32768
[   40.337587] tune2fs: Setting reserved blocks count to 32768
[   40.364914] init: [libfs_mgr]Enabling ext4 flags encrypt on /dev/block/vdc
[   40.364914] init: [libfs_mgr]Enabling ext4 flags encrypt on /dev/block/vdc
[   40.670021] tune2fs: tune2fs 1.45.4 (23-Sep-2019)
[   40.670021] tune2fs: tune2fs 1.45.4 (23-Sep-2019)
[   40.738329] init: [libfs_mgr]Enabling ext4 verity on /dev/block/vdc
[   40.738329] init: [libfs_mgr]Enabling ext4 verity on /dev/block/vdc
[   41.064449] tune2fs: tune2fs 1.45.4 (23-Sep-2019)
[   41.064449] tune2fs: tune2fs 1.45.4 (23-Sep-2019)
[   41.148001] init: [libfs_mgr]Enabling ext4 casefold on /dev/block/vdc
[   41.148001] init: [libfs_mgr]Enabling ext4 casefold on /dev/block/vdc
[   41.265552] logd.auditd: start
[   41.265552] logd.auditd: start
[   41.266892] logd.klogd: 41136294992
[   41.266892] logd.klogd: 41136294992
[   41.692811] tune2fs: tune2fs 1.45.4 (23-Sep-2019)
[   41.692811] tune2fs: tune2fs 1.45.4 (23-Sep-2019)
[   41.781469] tune2fs: Setting encoding to 'utf8'
[   41.781469] tune2fs: Setting encoding to 'utf8'
[   42.015144] EXT4-fs (vdc): Ignoring removed nomblk_io_submit option
[   42.015144] EXT4-fs (vdc): Ignoring removed nomblk_io_submit option
[   42.016943] EXT4-fs (vdc): Using encoding defined by superblock: utf8-12.1.0 with flags 0x0
[   42.016943] EXT4-fs (vdc): Using encoding defined by superblock: utf8-12.1.0 with flags 0x0
[   42.038015] EXT4-fs (vdc): mounted filesystem with ordered data mode. Opts: nomblk_io_submit,errors=panic
[   42.038015] EXT4-fs (vdc): mounted filesystem with ordered data mode. Opts: nomblk_io_submit,errors=panic
[   42.042466] init: [libfs_mgr]__mount(source=/dev/block/vdc,target=/data,type=ext4)=0: Success
[   42.042466] init: [libfs_mgr]__mount(source=/dev/block/vdc,target=/data,type=ext4)=0: Success
[   42.095971] init: Calling: /system/bin/vdc cryptfs encryptFstab /dev/block/vdc /data
[   42.095971] init: Calling: /system/bin/vdc cryptfs encryptFstab /dev/block/vdc /data
[   62.566465] cfg80211: failed to load regulatory.db
[   62.566465] cfg80211: failed to load regulatory.db
[  123.577011] EXT4-fs (dm-4): Ignoring removed nomblk_io_submit option
[  123.577011] EXT4-fs (dm-4): Ignoring removed nomblk_io_submit option
[  123.577710] EXT4-fs (dm-4): Using encoding defined by superblock: utf8-12.1.0 with flags 0x0
[  123.577710] EXT4-fs (dm-4): Using encoding defined by superblock: utf8-12.1.0 with flags 0x0
[  123.582442] JBD2: no valid journal superblock found
[  123.582442] JBD2: no valid journal superblock found
[  123.583101] EXT4-fs (dm-4): error loading journal
[  123.583101] EXT4-fs (dm-4): error loading journal
[  123.838837] e2fsck: e2fsck 1.45.4 (23-Sep-2019)
[  123.838837] e2fsck: e2fsck 1.45.4 (23-Sep-2019)
[  124.181214] e2fsck: Superblock has an invalid journal (inode 8).
[  124.181214] e2fsck: Superblock has an invalid journal (inode 8).
[  124.183778] e2fsck: Clear? yes
[  124.183778] e2fsck: Clear? yes
[  124.184720] e2fsck: 
[  124.184720] e2fsck: 
[  124.186053] e2fsck: *** journal has been deleted ***
[  124.186053] e2fsck: *** journal has been deleted ***
[  124.189080] e2fsck: 
[  124.189080] e2fsck: 
[  124.196855] e2fsck: Superblock has_journal flag is clear, but a journal is present.
[  124.196855] e2fsck: Superblock has_journal flag is clear, but a journal is present.
[  124.201773] e2fsck: Clear? yes
[  124.201773] e2fsck: Clear? yes
[  124.202358] e2fsck: 
[  124.202358] e2fsck: 
[  124.283725] e2fsck: Pass 1: Checking inodes, blocks, and sizes
[  124.283725] e2fsck: Pass 1: Checking inodes, blocks, and sizes
[  124.642350] e2fsck: Journal inode is not in use, but contains data.  Clear? yes
[  124.642350] e2fsck: Journal inode is not in use, but contains data.  Clear? yes
[  124.644384] e2fsck: 
[  124.644384] e2fsck: 
[  124.649507] e2fsck: Pass 2: Checking directory structure
[  124.649507] e2fsck: Pass 2: Checking directory structure
[  124.662582] e2fsck: Pass 3: Checking directory connectivity
[  124.662582] e2fsck: Pass 3: Checking directory connectivity
[  124.672284] e2fsck: Pass 4: Checking reference counts
[  124.672284] e2fsck: Pass 4: Checking reference counts
[  124.816287] e2fsck: Pass 5: Checking group summary information
[  124.816287] e2fsck: Pass 5: Checking group summary information
[  125.910226] e2fsck: Block bitmap differences:  +524299 +524315 +(524321--524322) +(524324--524325) +524327 +(524329--524330) +(524333--524337) +(524345--524346) +524349 +(524351--524352) +(524355--524357) +(524361--524362) +524364 +(524373--524376) +524381 +(524387--524389) +(524394--524395) +524398 +524401 +(524403--524404) +(524407--524410) +524412 +524419 +524422 +(524426--524428) +(524430--524431) +524434 +(524436--524437) +(524440--524441) +(524443--524446) +(524448--524453) +524455 +(524457--524461) +(524463-
[  125.910226] e2fsck: Block bitmap differences:  +524299 +524315 +(524321--524322) +(524324--524325) +524327 +(524329--524330) +(524333--524337) +(524345--524346) +524349 +(524351--524352) +(524355--524357) +(524361--524362) +524364 +(524373--524376) +524381 +(524387--524389) +(524394--524395) +524398 +524401 +(524403--524404) +(524407--524410) +524412 +524419 +524422 +(524426--524428) +(524430--524431) +524434 +(524436--524437) +(524440--524441) +(524443--524446) +(524448--524453) +524455 +(524457--524461) +(524463-
[  126.821343] e2fsck: 9 +530271 +530275 +530279 +530281 +530284 +530286 +(530288--530289) +(530291--530293) +(530295--530296) +(530298--530300) +(530302--530304) +(530307--530309) +(530312--530315) +(530318--530319) +530321 +(530323--530324) +(530326--530327) +(530330--530331) +(530333--530334) +(530336--530337) +530340 +530343 +(530345--530347) +530350 +(530353--530356) +530361 +(530364--530365) +530367 +530373 +530375 +530378 +(530381--530382) +(530384--530385) +530387 +(530389--530392) +(530394--530402) +530404 +(
[  126.821343] e2fsck: 9 +530271 +530275 +530279 +530281 +530284 +530286 +(530288--530289) +(530291--530293) +(530295--530296) +(530298--530300) +(530302--530304) +(530307--530309) +(530312--530315) +(530318--530319) +530321 +(530323--530324) +(530326--530327) +(530330--530331) +(530333--530334) +(530336--530337) +530340 +530343 +(530345--530347) +530350 +(530353--530356) +530361 +(530364--530365) +530367 +530373 +530375 +530378 +(530381--530382) +(530384--530385) +530387 +(530389--530392) +(530394--530402) +530404 +(
[  127.529833] e2fsck: 33572) -(533574--533576) -(533578--533579) -533583 -(533585--533587) -(533589--533592) -533598 -(533603--533604) -(533607--533610) -533612 -(533614--533615) -(533618--533620) -(533622--533623) -533626 -533628 -533630 -533633 -(533635--533636) -(533638--533639) -533643 -533645 -(533647--533649) -(533651--533653) -(533656--533657) -(533659--533660) -533662 -533664 -(533669--533675) -(533677--533678) -(533681--533684) -533686 -(533689--533690) -(533692--533696) -(533698--533699) -533701 -533705 -53
[  127.529833] e2fsck: 33572) -(533574--533576) -(533578--533579) -533583 -(533585--533587) -(533589--533592) -533598 -(533603--533604) -(533607--533610) -533612 -(533614--533615) -(533618--533620) -(533622--533623) -533626 -533628 -533630 -533633 -(533635--533636) -(533638--533639) -533643 -533645 -(533647--533649) -(533651--533653) -(533656--533657) -(533659--533660) -533662 -533664 -(533669--533675) -(533677--533678) -(533681--533684) -533686 -(533689--533690) -(533692--533696) -(533698--533699) -533701 -533705 -53
[  128.287523] e2fsck: ) -(534790--534791) -(534793--534798) -(534800--534801) -(534803--534804) -(534806--534808) -(534811--534815) -(534817--534818) -534821 -(534823--534825) -534827 -534829 -534831 -(534833--534834) -534838 -534840 -(534845--534850) -(534852--534855) -(534858--534861) -(534864--534865) -534867 -(534869--534870) -(534872--534873) -(534875--534876) -534878 -534882 -(534888--534889) -(534891--534892) -(534894--534896) -(534903--534907) -(534911--534912) -(534915--534916) -(534918--534919) -(534922--53
[  128.287523] e2fsck: ) -(534790--534791) -(534793--534798) -(534800--534801) -(534803--534804) -(534806--534808) -(534811--534815) -(534817--534818) -534821 -(534823--534825) -534827 -534829 -534831 -(534833--534834) -534838 -534840 -(534845--534850) -(534852--534855) -(534858--534861) -(534864--534865) -534867 -(534869--534870) -(534872--534873) -(534875--534876) -534878 -534882 -(534888--534889) -(534891--534892) -(534894--534896) -(534903--534907) -(534911--534912) -(534915--534916) -(534918--534919) -(534922--53
[  129.862391] e2fsck: 36068) -(536071--536072) -(536074--536075) -536077 -(536080--536081) -(536085--536086) -(536088--536089) -(536091--536094) -536097 -536099 -(536101--536102) -536108 -(536110--536111) -(536115--536120) -(536126--536127) -536131 -536135 -(536137--536138) -536142 -536152 -536155 -536158 -(536161--536162) -(536164--536166) -536170 -536172 -536174 -536176 -536178 -536185 -536187 -(536189--536191) -(536193--536194) -(536196--536198) -(536202--536203) -536205 -536208 -536210 -536213 -(536215--536218) -
[  129.862391] e2fsck: 36068) -(536071--536072) -(536074--536075) -536077 -(536080--536081) -(536085--536086) -(536088--536089) -(536091--536094) -536097 -536099 -(536101--536102) -536108 -(536110--536111) -(536115--536120) -(536126--536127) -536131 -536135 -(536137--536138) -536142 -536152 -536155 -536158 -(536161--536162) -(536164--536166) -536170 -536172 -536174 -536176 -536178 -536185 -536187 -(536189--536191) -(536193--536194) -(536196--536198) -(536202--536203) -536205 -536208 -536210 -536213 -(536215--536218) -
[  131.695653] e2fsck: 537380) -(537382--537383) -(537385--537387) -(537390--537391) -(537394--537397) -537399 -(537401--537402) -(537404--537407) -537409 -537411 -537413 -537417 -537420 -(537423--537424) -537428 -(537430--537434) -537436 -537439 -(537442--537443) -(537446--537447) -537450 -537453 -537456 -537459 -537461 -537464 -537467 -(537470--537472) -(537477--537483) -(537492--537495) -(537498--537501) -537506 -(537508--537513) -537515 -(537521--537523) -(537525--537527) -(537529--537532) -(537534--537535) -53753
[  131.695653] e2fsck: 537380) -(537382--537383) -(537385--537387) -(537390--537391) -(537394--537397) -537399 -(537401--537402) -(537404--537407) -537409 -537411 -537413 -537417 -537420 -(537423--537424) -537428 -(537430--537434) -537436 -537439 -(537442--537443) -(537446--537447) -537450 -537453 -537456 -537459 -537461 -537464 -537467 -(537470--537472) -(537477--537483) -(537492--537495) -(537498--537501) -537506 -(537508--537513) -537515 -(537521--537523) -(537525--537527) -(537529--537532) -(537534--537535) -53753
[  132.816501] e2fsck: 3--538684) -538686 -538688 -(538691--538692) -538695 -538697 -(538699--538700) -(538702--538705) -(538709--538712) -(538714--538715) -(538719--538720) -538722 -538726 -538728 -(538732--538735) -(538737--538739) -538744 -(538747--538748) -538750 -538755 -(538757--538760) -538762 -(538764--538767) -538769 -538771 -(538774--538776) -(538779--538782) -538784 -(538787--538789) -(538792--538794) -(538802--538804) -(538806--538807) -538814 -538816 -538819 -(538823--538824) -538826 -(538829--538830) -(5
[  132.816501] e2fsck: 3--538684) -538686 -538688 -(538691--538692) -538695 -538697 -(538699--538700) -(538702--538705) -(538709--538712) -(538714--538715) -(538719--538720) -538722 -538726 -538728 -(538732--538735) -(538737--538739) -538744 -(538747--538748) -538750 -538755 -(538757--538760) -538762 -(538764--538767) -538769 -538771 -(538774--538776) -(538779--538782) -538784 -(538787--538789) -(538792--538794) -(538802--538804) -(538806--538807) -538814 -538816 -538819 -(538823--538824) -538826 -(538829--538830) -(5
[  133.693276] e2fsck: 9954) -(539959--539963) -539967 -539969 -(539972--539973) -539975 -539977 -(539979--539981) -(539985--539986) -(539989--539990) -(539994--539995) -539997 -539999 -540001 -(540004--540009) -540011 -540014 -540016 -540021 -540026 -540029 -540031 -540039 -540042 -(540045--540046) -(540052--540055) -(540057--540058) -(540060--540063) -540067 -540071 -540074 -(540076--540080) -(540082--540083) -540086 -(540091--540092) -540098 -540100 -540102 -(540104--540105) -540107 -(540109--540111) -(540115--5401
[  133.693276] e2fsck: 9954) -(539959--539963) -539967 -539969 -(539972--539973) -539975 -539977 -(539979--539981) -(539985--539986) -(539989--539990) -(539994--539995) -539997 -539999 -540001 -(540004--540009) -540011 -540014 -540016 -540021 -540026 -540029 -540031 -540039 -540042 -(540045--540046) -(540052--540055) -(540057--540058) -(540060--540063) -540067 -540071 -540074 -(540076--540080) -(540082--540083) -540086 -(540091--540092) -540098 -540100 -540102 -(540104--540105) -540107 -(540109--540111) -(540115--5401
[  134.658263] e2fsck: 5) -(541217--541220) -(541223--541224) -(541226--541228) -541232 -541236 -(541240--541241) -(541245--541246) -541249 -541251 -541253 -541257 -(541259--541261) -541264 -(541266--541268) -541270 -(541272--541274) -(541277--541278) -541282 -(541284--541287) -541289 -541291 -541294 -(541297--541298) -541300 -541302 -(541304--541305) -541307 -(541309--541310) -541315 -541317 -541323 -541328 -(541330--541335) -541337 -541339 -(541341--541342) -(541344--541345) -(541348--541349) -(541352--541353) -(541
[  134.658263] e2fsck: 5) -(541217--541220) -(541223--541224) -(541226--541228) -541232 -541236 -(541240--541241) -(541245--541246) -541249 -541251 -541253 -541257 -(541259--541261) -541264 -(541266--541268) -541270 -(541272--541274) -(541277--541278) -541282 -(541284--541287) -541289 -541291 -541294 -(541297--541298) -541300 -541302 -(541304--541305) -541307 -(541309--541310) -541315 -541317 -541323 -541328 -(541330--541335) -541337 -541339 -(541341--541342) -(541344--541345) -(541348--541349) -(541352--541353) -(541
[  135.702485] e2fsck: 443 -542447 -(542451--542452) -(542457--542463) -542466 -542469 -(542471--542473) -(542475--542476) -(542478--542480) -542483 -542487 -(542490--542492) -(542494--542497) -542499 -542502 -(542504--542505) -(542507--542508) -(542510--542512) -542514 -(542517--542518) -(542524--542525) -542527 -542533 -542535 -542537 -542539 -(542543--542546) -542548 -(542550--542551) -(542554--542556) -(542560--542561) -(542563--542564) -542567 -542569 -(542571--542573) -542577 -542580 -(542582--542583) -(542585--
[  135.702485] e2fsck: 443 -542447 -(542451--542452) -(542457--542463) -542466 -542469 -(542471--542473) -(542475--542476) -(542478--542480) -542483 -542487 -(542490--542492) -(542494--542497) -542499 -542502 -(542504--542505) -(542507--542508) -(542510--542512) -542514 -(542517--542518) -(542524--542525) -542527 -542533 -542535 -542537 -542539 -(542543--542546) -542548 -(542550--542551) -(542554--542556) -(542560--542561) -(542563--542564) -542567 -542569 -(542571--542573) -542577 -542580 -(542582--542583) -(542585--
[  136.576562] e2fsck: (543691--543692) -(543694--543695) -(543698--543700) -(543708--543713) -(543716--543717) -543719 -(543721--543723) -543725 -543727 -543731 -543733 -543736 -(543738--543740) -543742 -(543746--543747) -(543749--543753) -(543757--543758) -(543760--543764) -(543769--543771) -(543773--543775) -543778 -543780 -(543783--543784) -(543786--543787) -543790 -(543794--543795) -543798 -543801 -543803 -543805 -(543807--543809) -543814 -543816 -543820 -(543823--543824) -543828 -(543830--543831) -543833 -543842
[  136.576562] e2fsck: (543691--543692) -(543694--543695) -(543698--543700) -(543708--543713) -(543716--543717) -543719 -(543721--543723) -543725 -543727 -543731 -543733 -543736 -(543738--543740) -543742 -(543746--543747) -(543749--543753) -(543757--543758) -(543760--543764) -(543769--543771) -(543773--543775) -543778 -543780 -(543783--543784) -(543786--543787) -543790 -(543794--543795) -543798 -543801 -543803 -543805 -(543807--543809) -543814 -543816 -543820 -(543823--543824) -543828 -(543830--543831) -543833 -543842
[  137.549706] e2fsck: 544951) -(544956--544959) -(544962--544967) -(544972--544975) -(544977--544980) -(544982--544983) -(544986--544988) -(544991--544993) -544995 -544997 -545001 -545003 -(545009--545013) -(545017--545018) -(545022--545023) -545027 -(545029--545030) -545033 -545036 -(545038--545040) -(545042--545043) -545046 -(545048--545049) -(545053--545054) -545057 -545061 -545063 -(545065--545067) -545071 -545073 -545075 -(545078--545080) -(545083--545086) -545088 -(545090--545091) -545094 -(545100--545101) -(54
[  137.549706] e2fsck: 544951) -(544956--544959) -(544962--544967) -(544972--544975) -(544977--544980) -(544982--544983) -(544986--544988) -(544991--544993) -544995 -544997 -545001 -545003 -(545009--545013) -(545017--545018) -(545022--545023) -545027 -(545029--545030) -545033 -545036 -(545038--545040) -(545042--545043) -545046 -(545048--545049) -(545053--545054) -545057 -545061 -545063 -(545065--545067) -545071 -545073 -545075 -(545078--545080) -(545083--545086) -545088 -(545090--545091) -545094 -(545100--545101) -(54
[  138.412176] e2fsck: (546245--546247) -(546250--546252) -(546254--546256) -(546261--546264) -(546266--546267) -(546275--546276) -(546282--546286) -(546289--546290) -(546292--546294) -546296 -(546300--546301) -(546304--546305) -(546307--546308) -(546311--546315) -546317 -546320 -(546322--546325) -(546327--546329) -546331 -546334 -(546337--546342) -546344 -(546347--546349) -546353 -(546356--546358) -546360 -(546364--546368) -(546370--546372) -(546375--546376) -(546381--546386) -546388 -546390 -(546392--546395) -(54639
[  138.412176] e2fsck: (546245--546247) -(546250--546252) -(546254--546256) -(546261--546264) -(546266--546267) -(546275--546276) -(546282--546286) -(546289--546290) -(546292--546294) -546296 -(546300--546301) -(546304--546305) -(546307--546308) -(546311--546315) -546317 -546320 -(546322--546325) -(546327--546329) -546331 -546334 -(546337--546342) -546344 -(546347--546349) -546353 -(546356--546358) -546360 -(546364--546368) -(546370--546372) -(546375--546376) -(546381--546386) -546388 -546390 -(546392--546395) -(54639
[  139.500121] e2fsck: --547472) -(547475--547478) -547481 -547483 -547488 -(547492--547493) -(547495--547496) -(547499--547501) -(547504--547505) -(547511--547512) -547514 -547518 -547520 -(547524--547525) -(547530--547535) -(547538--547539) -(547541--547543) -547545 -(547547--547549) -547552 -(547554--547555) -(547560--547561) -(547563--547564) -(547568--547569) -547571 -547573 -547575 -547578 -(547580--547583) -547589 -(547593--547601) -547604 -547606 -547611 -547613 -547618 -(547620--547621) -(547630--547631) -547
[  139.500121] e2fsck: --547472) -(547475--547478) -547481 -547483 -547488 -(547492--547493) -(547495--547496) -(547499--547501) -(547504--547505) -(547511--547512) -547514 -547518 -547520 -(547524--547525) -(547530--547535) -(547538--547539) -(547541--547543) -547545 -(547547--547549) -547552 -(547554--547555) -(547560--547561) -(547563--547564) -(547568--547569) -547571 -547573 -547575 -547578 -(547580--547583) -547589 -(547593--547601) -547604 -547606 -547611 -547613 -547618 -(547620--547621) -(547630--547631) -547
[  140.547923] e2fsck: 8788 -548790 -(548793--548798) -(548801--548803) -548805 -548807 -(548810--548814) -(548816--548817) -(548819--548824) -548826 -548829 -(548831--548832) -(548834--548835) -(548839--548841) -(548843--548844) -548846 -548848 -(548851--548852) -(548854--548855) -548857 -548859 -548862 -(548864--548866) -548871 -548878 -(548882--548883) -548885 -(548888--548892) -(548897--548898) -(548900--548901) -(548904--548905) -(548907--548911) -(548914--548915) -548917 -(548919--548920) -548922 -548924 -(54892
[  140.547923] e2fsck: 8788 -548790 -(548793--548798) -(548801--548803) -548805 -548807 -(548810--548814) -(548816--548817) -(548819--548824) -548826 -548829 -(548831--548832) -(548834--548835) -(548839--548841) -(548843--548844) -548846 -548848 -(548851--548852) -(548854--548855) -548857 -548859 -548862 -(548864--548866) -548871 -548878 -(548882--548883) -548885 -(548888--548892) -(548897--548898) -(548900--548901) -(548904--548905) -(548907--548911) -(548914--548915) -548917 -(548919--548920) -548922 -548924 -(54892
[  141.913581] e2fsck: 0016) -(550018--550019) -(550021--550024) -550030 -550032 -550039 -(550041--550043) -550045 -(550050--550052) -(550054--550059) -550062 -550066 -(550071--550077) -550079 -550081 -(550083--550085) -(550087--550089) -(550091--550094) -550100 -550102 -(550104--550105) -(550108--550110) -550112 -(550114--550116) -550120 -550128 -(550130--550131) -(550133--550134) -(550136--550137) -550140 -550142 -550145 -550148 -(550152--550156) -(550158--550160) -(550163--550165) -550167 -(550171--550172) -(550176
[  141.913581] e2fsck: 0016) -(550018--550019) -(550021--550024) -550030 -550032 -550039 -(550041--550043) -550045 -(550050--550052) -(550054--550059) -550062 -550066 -(550071--550077) -550079 -550081 -(550083--550085) -(550087--550089) -(550091--550094) -550100 -550102 -(550104--550105) -(550108--550110) -550112 -(550114--550116) -550120 -550128 -(550130--550131) -(550133--550134) -(550136--550137) -550140 -550142 -550145 -550148 -(550152--550156) -(550158--550160) -(550163--550165) -550167 -(550171--550172) -(550176
[  142.728101] e2fsck: 51265--551268) -551270 -(551272--551273) -(551275--551278) -(551280--551282) -(551286--551288) -551292 -551294 -(551296--551298) -551301 -551303 -551305 -(551307--551308) -(551311--551315) -(551317--551318) -(551320--551321) -(551324--551327) -551329 -551332 -551338 -551340 -(551344--551345) -551347 -(551350--551352) -(551355--551358) -551360 -551364 -551366 -(551368--551369) -(551374--551377) -551380 -(551382--551383) -551386 -551389 -551391 -551394 -(551399--551400) -(551407--551409) -(551412-
[  142.728101] e2fsck: 51265--551268) -551270 -(551272--551273) -(551275--551278) -(551280--551282) -(551286--551288) -551292 -551294 -(551296--551298) -551301 -551303 -551305 -(551307--551308) -(551311--551315) -(551317--551318) -(551320--551321) -(551324--551327) -551329 -551332 -551338 -551340 -(551344--551345) -551347 -(551350--551352) -(551355--551358) -551360 -551364 -551366 -(551368--551369) -(551374--551377) -551380 -(551382--551383) -551386 -551389 -551391 -551394 -(551399--551400) -(551407--551409) -(551412-
[  143.552114] e2fsck: -552515 -552519 -552521 -552525 -(552527--552529) -552531 -552537 -(552539--552540) -552542 -(552544--552545) -(552547--552548) -(552551--552553) -552555 -(552557--552561) -(552563--552564) -(552566--552568) -(552570--552574) -(552578--552579) -552581 -(552584--552585) -552588 -(552590--552591) -(552597--552598) -(552600--552601) -552604 -(552606--552607) -552609 -552613 -552615 -552617 -(552623--552626) -(552630--552631) -(552638--552639) -(552644--552645) -552647 -552649 -(552651--552652) -(55
[  143.552114] e2fsck: -552515 -552519 -552521 -552525 -(552527--552529) -552531 -552537 -(552539--552540) -552542 -(552544--552545) -(552547--552548) -(552551--552553) -552555 -(552557--552561) -(552563--552564) -(552566--552568) -(552570--552574) -(552578--552579) -552581 -(552584--552585) -552588 -(552590--552591) -(552597--552598) -(552600--552601) -552604 -(552606--552607) -552609 -552613 -552615 -552617 -(552623--552626) -(552630--552631) -(552638--552639) -(552644--552645) -552647 -552649 -(552651--552652) -(55
[  144.425677] e2fsck: 53777) -553779 -(553781--553783) -(553785--553786) -553789 -(553795--553797) -(553799--553800) -(553802--553803) -(553805--553806) -(553811--553814) -(553818--553819) -(553821--553822) -(553824--553825) -553831 -553836 -(553838--553839) -(553841--553843) -553847 -(553849--553852) -553854 -(553856--553858) -(553860--553861) -(553864--553865) -553867 -553870 -553874 -(553876--553878) -553883 -(553886--553887) -553890 -(553892--553893) -553899 -(553902--553903) -(553910--553916) -553921 -553923 -(5
[  144.425677] e2fsck: 53777) -553779 -(553781--553783) -(553785--553786) -553789 -(553795--553797) -(553799--553800) -(553802--553803) -(553805--553806) -(553811--553814) -(553818--553819) -(553821--553822) -(553824--553825) -553831 -553836 -(553838--553839) -(553841--553843) -553847 -(553849--553852) -553854 -(553856--553858) -(553860--553861) -(553864--553865) -553867 -553870 -553874 -(553876--553878) -553883 -(553886--553887) -553890 -(553892--553893) -553899 -(553902--553903) -(553910--553916) -553921 -553923 -(5
[  145.303617] e2fsck: 08) -(555010--555012) -(555015--555016) -555018 -(555022--555025) -555027 -(555030--555032) -555034 -(555039--555040) -(555042--555043) -555045 -(555047--555048) -(555051--555052) -555055 -(555057--555058) -(555060--555064) -555066 -555068 -555071 -(555073--555074) -(555076--555077) -(555079--555080) -(555084--555085) -(555087--555090) -(555093--555101) -(555103--555105) -(555107--555108) -(555111--555112) -(555114--555115) -555117 -555122 -(555124--555127) -555130 -(555132--555133) -555136 -555
[  145.303617] e2fsck: 08) -(555010--555012) -(555015--555016) -555018 -(555022--555025) -555027 -(555030--555032) -555034 -(555039--555040) -(555042--555043) -555045 -(555047--555048) -(555051--555052) -555055 -(555057--555058) -(555060--555064) -555066 -555068 -555071 -(555073--555074) -(555076--555077) -(555079--555080) -(555084--555085) -(555087--555090) -(555093--555101) -(555103--555105) -(555107--555108) -(555111--555112) -(555114--555115) -555117 -555122 -(555124--555127) -555130 -(555132--555133) -555136 -555
[  146.210500] e2fsck: 56246--556248) -556251 -556253 -556255 -556257 -556259 -556261 -(556263--556264) -556266 -556268 -556271 -(556276--556278) -(556284--556285) -556289 -556294 -(556296--556297) -(556300--556301) -556303 -556305 -556307 -(556315--556316) -556318 -556320 -(556324--556326) -(556328--556331) -(556333--556335) -556340 -(556345--556346) -(556348--556353) -556356 -556358 -556363 -556365 -556367 -556369 -(556373--556374) -(556376--556378) -(556380--556381) -(556386--556387) -556389 -(556391--556393) -(556
[  146.210500] e2fsck: 56246--556248) -556251 -556253 -556255 -556257 -556259 -556261 -(556263--556264) -556266 -556268 -556271 -(556276--556278) -(556284--556285) -556289 -556294 -(556296--556297) -(556300--556301) -556303 -556305 -556307 -(556315--556316) -556318 -556320 -(556324--556326) -(556328--556331) -(556333--556335) -556340 -(556345--556346) -(556348--556353) -556356 -556358 -556363 -556365 -556367 -556369 -(556373--556374) -(556376--556378) -(556380--556381) -(556386--556387) -556389 -(556391--556393) -(556
[  146.980859] e2fsck: 23) +819625 +819629 +819634 +819636 +819638 +819640 +819643 +(819645--819647) +(819650--819651) +819654 +819656 +(819658--819660) +(819662--819664) +(819666--819667) +(819669--819671) +819673 +(819676--819678) +(819682--819683) +(819685--819698) +819705 +(819707--819709) +(819712--819713) +819716 +(819719--819722) +819725 +(819727--819728) +819730 +(819734--819735) +(819740--819741) +(819744--819746) +(819750--819752) +(819755--819756) +(819758--819759) +(819761--819762) +819764 +(819769--819772
[  146.980859] e2fsck: 23) +819625 +819629 +819634 +819636 +819638 +819640 +819643 +(819645--819647) +(819650--819651) +819654 +819656 +(819658--819660) +(819662--819664) +(819666--819667) +(819669--819671) +819673 +(819676--819678) +(819682--819683) +(819685--819698) +819705 +(819707--819709) +(819712--819713) +819716 +(819719--819722) +819725 +(819727--819728) +819730 +(819734--819735) +(819740--819741) +(819744--819746) +(819750--819752) +(819755--819756) +(819758--819759) +(819761--819762) +819764 +(819769--819772
[  147.883961] e2fsck: 874) -820876 -820878 -820882 -(820884--820889) -820892 -820897 -820899 -820902 -(820904--820907) -820910 -820912 -(820914--820915) -(820918--820919) -(820922--820924) -820926 -(820929--820931) -(820939--820943) -820947 -(820952--820953) -820955 -820957 -820959 -(820962--820966) -(820968--820969) -(820973--820974) -(820976--820977) -(820979--820981) -820983 -(820985--820987) -(820990--820995) -820998 -821000 -(821002--821004) -821006 -821010 -(821013--821014) -821016 -821018 -821021 -(821024--821
[  147.883961] e2fsck: 874) -820876 -820878 -820882 -(820884--820889) -820892 -820897 -820899 -820902 -(820904--820907) -820910 -820912 -(820914--820915) -(820918--820919) -(820922--820924) -820926 -(820929--820931) -(820939--820943) -820947 -(820952--820953) -820955 -820957 -820959 -(820962--820966) -(820968--820969) -(820973--820974) -(820976--820977) -(820979--820981) -820983 -(820985--820987) -(820990--820995) -820998 -821000 -(821002--821004) -821006 -821010 -(821013--821014) -821016 -821018 -821021 -(821024--821
[  148.698720] e2fsck: ) -(822124--822125) -822135 -822140 -(822142--822147) -(822150--822151) -(822153--822155) -822157 -(822160--822162) -822169 -822173 -822175 -822179 -822181 -822183 -822185 -822187 -(822190--822192) -822194 -(822196--822201) -(822204--822205) -822209 -(822211--822212) -822215 -822217 -822219 -(822221--822223) -(822225--822226) -822231 -822233 -(822236--822237) -822240 -(822242--822246) -(822248--822250) -(822252--822254) -822256 -(822260--822262) -822264 -822268 -822270 -822272 -822276 -(822278--
[  148.698720] e2fsck: ) -(822124--822125) -822135 -822140 -(822142--822147) -(822150--822151) -(822153--822155) -822157 -(822160--822162) -822169 -822173 -822175 -822179 -822181 -822183 -822185 -822187 -(822190--822192) -822194 -(822196--822201) -(822204--822205) -822209 -(822211--822212) -822215 -822217 -822219 -(822221--822223) -(822225--822226) -822231 -822233 -(822236--822237) -822240 -(822242--822246) -(822248--822250) -(822252--822254) -822256 -(822260--822262) -822264 -822268 -822270 -822272 -822276 -(822278--
[  149.672699] e2fsck: 410--823411) -823413 -823415 -823418 -(823420--823421) -823423 -823425 -(823428--823429) -823432 -(823434--823435) -(823437--823439) -823445 -(823449--823450) -(823452--823453) -(823456--823459) -(823461--823462) -(823467--823469) -823472 -(823474--823475) -823478 -823483 -(823487--823488) -(823492--823495) -823497 -(823501--823504) -(823509--823510) -823512 -(823516--823518) -823521 -(823523--823524) -(823526--823527) -(823529--823531) -(823533--823534) -(823536--823538) -823540 -823542 -(82354
[  149.672699] e2fsck: 410--823411) -823413 -823415 -823418 -(823420--823421) -823423 -823425 -(823428--823429) -823432 -(823434--823435) -(823437--823439) -823445 -(823449--823450) -(823452--823453) -(823456--823459) -(823461--823462) -(823467--823469) -823472 -(823474--823475) -823478 -823483 -(823487--823488) -(823492--823495) -823497 -(823501--823504) -(823509--823510) -823512 -(823516--823518) -823521 -(823523--823524) -(823526--823527) -(823529--823531) -(823533--823534) -(823536--823538) -823540 -823542 -(82354
[  150.565260] e2fsck: ) -824670 -824672 -824674 -824676 -824683 -824691 -(824693--824694) -824697 -(824699--824702) -824705 -(824709--824711) -(824715--824716) -824720 -(824724--824727) -824729 -(824733--824738) -824740 -824744 -824746 -824751 -824755 -(824758--824760) -824764 -824769 -(824771--824772) -824775 -(824779--824782) -824784 -(824787--824788) -824790 -(824792--824794) -824797 -(824799--824800) -824808 -824810 -824814 -(824816--824819) -(824821--824822) -(824824--824825) -824828 -824830 -(824832--824836) -8
[  150.565260] e2fsck: ) -824670 -824672 -824674 -824676 -824683 -824691 -(824693--824694) -824697 -(824699--824702) -824705 -(824709--824711) -(824715--824716) -824720 -(824724--824727) -824729 -(824733--824738) -824740 -824744 -824746 -824751 -824755 -(824758--824760) -824764 -824769 -(824771--824772) -824775 -(824779--824782) -824784 -(824787--824788) -824790 -(824792--824794) -824797 -(824799--824800) -824808 -824810 -824814 -(824816--824819) -(824821--824822) -(824824--824825) -824828 -824830 -(824832--824836) -8
[  151.532148] e2fsck: 6) -825942 -825944 -825946 -(825951--825953) -(825955--825956) -825958 -(825962--825963) -(825966--825967) -(825969--825972) -(825975--825978) -(825982--825985) -(825988--825991) -825993 -(825996--825998) -(826000--826001) -826003 -826005 -(826007--826010) -826012 -826015 -(826017--826018) -826022 -826025 -826028 -826030 -(826032--826033) -(826036--826039) -(826041--826043) -826045 -(826047--826048) -(826051--826055) -826057 -(826060--826063) -(826065--826066) -(826070--826074) -826076 -(826081-
[  151.532148] e2fsck: 6) -825942 -825944 -825946 -(825951--825953) -(825955--825956) -825958 -(825962--825963) -(825966--825967) -(825969--825972) -(825975--825978) -(825982--825985) -(825988--825991) -825993 -(825996--825998) -(826000--826001) -826003 -826005 -(826007--826010) -826012 -826015 -(826017--826018) -826022 -826025 -826028 -826030 -(826032--826033) -(826036--826039) -(826041--826043) -826045 -(826047--826048) -(826051--826055) -826057 -(826060--826063) -(826065--826066) -(826070--826074) -826076 -(826081-
[  152.690228] e2fsck: 1 -827144 -(827147--827149) -827152 -(827156--827157) -(827162--827164) -827167 -(827171--827172) -827174 -(827176--827178) -827180 -(827183--827184) -(827187--827188) -827193 -(827196--827198) -(827200--827202) -827205 -(827207--827209) -(827212--827213) -(827216--827217) -(827219--827221) -(827227--827229) -(827231--827233) -827235 -827243 -(827248--827250) -(827254--827255) -827258 -(827260--827262) -827267 -(827269--827273) -827276 -(827278--827280) -(827284--827285) -(827287--827288) -(8272
[  152.690228] e2fsck: 1 -827144 -(827147--827149) -827152 -(827156--827157) -(827162--827164) -827167 -(827171--827172) -827174 -(827176--827178) -827180 -(827183--827184) -(827187--827188) -827193 -(827196--827198) -(827200--827202) -827205 -(827207--827209) -(827212--827213) -(827216--827217) -(827219--827221) -(827227--827229) -(827231--827233) -827235 -827243 -(827248--827250) -(827254--827255) -827258 -(827260--827262) -827267 -(827269--827273) -827276 -(827278--827280) -(827284--827285) -(827287--827288) -(8272
[  153.667249] e2fsck: 93 -(828398--828400) -828402 -828404 -(828406--828407) -828409 -(828411--828413) -(828415--828417) -(828419--828421) -828423 -828425 -828427 -(828429--828432) -828435 -828438 -828441 -828446 -828449 -828452 -(828455--828456) -828459 -828461 -828463 -828465 -(828472--828473) -(828476--828480) -(828482--828486) -828488 -828493 -828497 -(828499--828500) -828502 -(828506--828509) -(828511--828513) -828517 -(828521--828522) -(828525--828526) -828528 -(828530--828532) -(828534--828537) -828540 -828542
[  153.667249] e2fsck: 93 -(828398--828400) -828402 -828404 -(828406--828407) -828409 -(828411--828413) -(828415--828417) -(828419--828421) -828423 -828425 -828427 -(828429--828432) -828435 -828438 -828441 -828446 -828449 -828452 -(828455--828456) -828459 -828461 -828463 -828465 -(828472--828473) -(828476--828480) -(828482--828486) -828488 -828493 -828497 -(828499--828500) -828502 -(828506--828509) -(828511--828513) -828517 -(828521--828522) -(828525--828526) -828528 -(828530--828532) -(828534--828537) -828540 -828542
[  154.615793] e2fsck: 42--829643) -(829645--829647) -829649 -(829656--829658) -829660 -(829663--829666) -(829675--829676) -(829679--829681) -829683 -(829686--829687) -829689 -(829691--829695) -(829697--829700) -829702 -829705 -829707 -(829711--829713) -829719 -829722 -(829724--829726) -(829728--829729) -(829731--829733) -829735 -829737 -829740 -829742 -829751 -829754 -829757 -(829761--829762) -(829765--829767) -829770 -(829772--829773) -829777 -(829781--829783) -(829785--829786) -(829791--829792) -(829794--829795) -8
[  154.615793] e2fsck: 42--829643) -(829645--829647) -829649 -(829656--829658) -829660 -(829663--829666) -(829675--829676) -(829679--829681) -829683 -(829686--829687) -829689 -(829691--829695) -(829697--829700) -829702 -829705 -829707 -(829711--829713) -829719 -829722 -(829724--829726) -(829728--829729) -(829731--829733) -829735 -829737 -829740 -829742 -829751 -829754 -829757 -(829761--829762) -(829765--829767) -829770 -(829772--829773) -829777 -(829781--829783) -(829785--829786) -(829791--829792) -(829794--829795) -8
[  155.537572] e2fsck: 30913) -(830915--830920) -830922 -(830925--830926) -(830929--830933) -(830936--830939) -(830941--830947) -830951 -(830953--830954) -(830956--830957) -830959 -(830962--830965) -830969 -(830972--830981) -830985 -830989 -(830993--830994) -830996 -(831000--831001) -(831003--831004) -831006 -831008 -(831012--831014) -831016 -(831018--831022) -(831024--831025) -831027 -831029 -(831031--831034) -(831037--831039) -831041 -(831043--831044) -(831046--831047) -(831050--831053) -(831055--831059) -(831061--8
[  155.537572] e2fsck: 30913) -(830915--830920) -830922 -(830925--830926) -(830929--830933) -(830936--830939) -(830941--830947) -830951 -(830953--830954) -(830956--830957) -830959 -(830962--830965) -830969 -(830972--830981) -830985 -830989 -(830993--830994) -830996 -(831000--831001) -(831003--831004) -831006 -831008 -(831012--831014) -831016 -(831018--831022) -(831024--831025) -831027 -831029 -(831031--831034) -(831037--831039) -831041 -(831043--831044) -(831046--831047) -(831050--831053) -(831055--831059) -(831061--8
[  156.642005] e2fsck: --832136) -832138 -(832141--832143) -832145 -(832148--832149) -832151 -832154 -832157 -832159 -(832167--832168) -(832170--832172) -832175 -832177 -832179 -832182 -(832184--832185) -832187 -832189 -832192 -(832195--832198) -832203 -(832206--832208) -832210 -832218 -832220 -832222 -832224 -(832226--832227) -(832229--832230) -832232 -(832234--832238) -(832241--832243) -832248 -(832251--832256) -832266 -(832268--832272) -(832274--832275) -(832277--832278) -832281 -832285 -832287 -832293 -832295 -832
[  156.642005] e2fsck: --832136) -832138 -(832141--832143) -832145 -(832148--832149) -832151 -832154 -832157 -832159 -(832167--832168) -(832170--832172) -832175 -832177 -832179 -832182 -(832184--832185) -832187 -832189 -832192 -(832195--832198) -832203 -(832206--832208) -832210 -832218 -832220 -832222 -832224 -(832226--832227) -(832229--832230) -832232 -(832234--832238) -(832241--832243) -832248 -(832251--832256) -832266 -(832268--832272) -(832274--832275) -(832277--832278) -832281 -832285 -832287 -832293 -832295 -832
[  157.637868] e2fsck: 9) -833431 -(833434--833436) -(833440--833442) -833447 -833450 -833452 -(833456--833459) -833462 -(833466--833468) -(833471--833472) -(833478--833482) -833484 -833488 -833491 -(833496--833497) -833501 -(833504--833505) -(833507--833509) -833511 -833513 -833516 -(833520--833522) -(833526--833527) -(833531--833534) -(833536--833537) -833541 -(833544--833545) -833548 -833553 -833557 -(833562--833565) -833569 -(833573--833574) -833576 -(833578--833579) -(833581--833582) -(833586--833587) -(833589--8
[  157.637868] e2fsck: 9) -833431 -(833434--833436) -(833440--833442) -833447 -833450 -833452 -(833456--833459) -833462 -(833466--833468) -(833471--833472) -(833478--833482) -833484 -833488 -833491 -(833496--833497) -833501 -(833504--833505) -(833507--833509) -833511 -833513 -833516 -(833520--833522) -(833526--833527) -(833531--833534) -(833536--833537) -833541 -(833544--833545) -833548 -833553 -833557 -(833562--833565) -833569 -(833573--833574) -833576 -(833578--833579) -(833581--833582) -(833586--833587) -(833589--8
[  158.512160] e2fsck: 84) -834688 -(834692--834693) -(834697--834698) -834707 -(834709--834710) -(834713--834714) -834716 -(834719--834720) -(834722--834723) -(834725--834727) -834730 -(834735--834739) -834742 -834744 -834749 -834751 -(834753--834755) -(834758--834759) -834762 -834767 -834770 -(834773--834774) -(834777--834778) -(834781--834783) -(834786--834789) -834792 -834794 -(834796--834798) -(834800--834801) -834803 -(834811--834814) -834818 -(834821--834822) -834826 -(834828--834830) -834832 -(834834--834838) 
[  158.512160] e2fsck: 84) -834688 -(834692--834693) -(834697--834698) -834707 -(834709--834710) -(834713--834714) -834716 -(834719--834720) -(834722--834723) -(834725--834727) -834730 -(834735--834739) -834742 -834744 -834749 -834751 -(834753--834755) -(834758--834759) -834762 -834767 -834770 -(834773--834774) -(834777--834778) -(834781--834783) -(834786--834789) -834792 -834794 -(834796--834798) -(834800--834801) -834803 -(834811--834814) -834818 -(834821--834822) -834826 -(834828--834830) -834832 -(834834--834838) 
[  159.493454] e2fsck: 5949 -(835952--835953) -835955 -835957 -835961 -(835967--835968) -835971 -(835974--835975) -(835979--835980) -835983 -(835987--835989) -(835992--835993) -(835995--835997) -(836002--836004) -(836007--836010) -(836014--836015) -(836019--836020) -836025 -836029 -836033 -(836036--836037) -(836042--836043) -(836045--836046) -(836049--836053) -836056 -(836058--836060) -836063 -836066 -836070 -836072 -836075 -836077 -(836079--836082) -(836084--836085) -836089 -836091 -836098 -(836103--836105) -836108 -
[  159.493454] e2fsck: 5949 -(835952--835953) -835955 -835957 -835961 -(835967--835968) -835971 -(835974--835975) -(835979--835980) -835983 -(835987--835989) -(835992--835993) -(835995--835997) -(836002--836004) -(836007--836010) -(836014--836015) -(836019--836020) -836025 -836029 -836033 -(836036--836037) -(836042--836043) -(836045--836046) -(836049--836053) -836056 -(836058--836060) -836063 -836066 -836070 -836072 -836075 -836077 -(836079--836082) -(836084--836085) -836089 -836091 -836098 -(836103--836105) -836108 -
[  160.321586] e2fsck: 7202) -837205 -837209 -(837212--837216) -(837219--837225) -(837228--837230) -837233 -837235 -837237 -(837240--837243) -(837250--837255) -(837257--837258) -(837267--837271) -(837274--837275) -837277 -837283 -837285 -837289 -(837291--837292) -837296 -(837298--837299) -(837303--837304) -837306 -837314 -837316 -837320 -(837322--837323) -837329 -837331 -837333 -(837335--837336) -(837338--837339) -(837341--837344) -837346 -837351 -837354 -837356 -837358 -837363 -(837365--837366) -(837368--837369) -(83
[  160.321586] e2fsck: 7202) -837205 -837209 -(837212--837216) -(837219--837225) -(837228--837230) -837233 -837235 -837237 -(837240--837243) -(837250--837255) -(837257--837258) -(837267--837271) -(837274--837275) -837277 -837283 -837285 -837289 -(837291--837292) -837296 -(837298--837299) -(837303--837304) -837306 -837314 -837316 -837320 -(837322--837323) -837329 -837331 -837333 -(837335--837336) -(837338--837339) -(837341--837344) -837346 -837351 -837354 -837356 -837358 -837363 -(837365--837366) -(837368--837369) -(83
[  161.137946] e2fsck: 2) -838464 -(838466--838469) -(838471--838474) -(838476--838478) -(838480--838482) -838484 -838488 -(838491--838494) -(838496--838498) -(838501--838502) -838507 -838509 -(838516--838519) -838524 -(838526--838527) -(838531--838532) -838536 -838538 -(838542--838543) -(838545--838550) -838552 -838555 -838557 -(838559--838560) -(838562--838563) -838565 -(838570--838571) -(838574--838577) -838579 -(838582--838586) -(838590--838591) -838593 -(838595--838596) -(838598--838600) -838602 -(838604--838605)
[  161.137946] e2fsck: 2) -838464 -(838466--838469) -(838471--838474) -(838476--838478) -(838480--838482) -838484 -838488 -(838491--838494) -(838496--838498) -(838501--838502) -838507 -838509 -(838516--838519) -838524 -(838526--838527) -(838531--838532) -838536 -838538 -(838542--838543) -(838545--838550) -838552 -838555 -838557 -(838559--838560) -(838562--838563) -838565 -(838570--838571) -(838574--838577) -838579 -(838582--838586) -(838590--838591) -838593 -(838595--838596) -(838598--838600) -838602 -(838604--838605)
[  162.259282] e2fsck: 12) -(839715--839717) -839719 -839721 -(839727--839729) -(839732--839733) -839737 -(839740--839741) -839744 -839748 -(839752--839753) -(839759--839760) -839763 -(839769--839771) -(839773--839775) -839779 -839781 -(839784--839789) -(839793--839795) -839798 -(839800--839801) -839803 -(839805--839806) -(839809--839812) -(839815--839816) -839822 -(839827--839829) -839831 -(839835--839836) -839838 -(839841--839842) -839844 -839846 -(839850--839852) -(839854--839857) -839859 -839862 -(839864--839869) 
[  162.259282] e2fsck: 12) -(839715--839717) -839719 -839721 -(839727--839729) -(839732--839733) -839737 -(839740--839741) -839744 -839748 -(839752--839753) -(839759--839760) -839763 -(839769--839771) -(839773--839775) -839779 -839781 -(839784--839789) -(839793--839795) -839798 -(839800--839801) -839803 -(839805--839806) -(839809--839812) -(839815--839816) -839822 -(839827--839829) -839831 -(839835--839836) -839838 -(839841--839842) -839844 -839846 -(839850--839852) -(839854--839857) -839859 -839862 -(839864--839869) 
[  163.021592] e2fsck: 982) -(840984--840985) -840988 -840990 -840992 -840994 -840996 -840998 -(841000--841001) -(841003--841005) -(841007--841012) -(841015--841016) -841019 -(841021--841026) -841029 -841031 -(841033--841034) -841036 -(841038--841045) -(841047--841048) -(841052--841053) -(841055--841056) -841058 -(841061--841062) -(841065--841066) -(841070--841071) -841073 -(841075--841077) -841085 -(841089--841090) -(841092--841094) -(841102--841105) -(841110--841112) -841114 -(841116--841118) -841120 -841124 -(84112
[  163.021592] e2fsck: 982) -(840984--840985) -840988 -840990 -840992 -840994 -840996 -840998 -(841000--841001) -(841003--841005) -(841007--841012) -(841015--841016) -841019 -(841021--841026) -841029 -841031 -(841033--841034) -841036 -(841038--841045) -(841047--841048) -(841052--841053) -(841055--841056) -841058 -(841061--841062) -(841065--841066) -(841070--841071) -841073 -(841075--841077) -841085 -(841089--841090) -(841092--841094) -(841102--841105) -(841110--841112) -841114 -(841116--841118) -841120 -841124 -(84112
[  163.785970] e2fsck: 169 -(842172--842174) -842177 -842181 -(842183--842185) -842187 -(842189--842190) -842193 -842195 -(842197--842200) -(842202--842203) -(842205--842206) -842210 -842214 -842216 -(842218--842219) -(842221--842223) -842226 -842228 -(842231--842232) -(842235--842236) -842238 -(842241--842242) -842246 -(842251--842252) -(842255--842256) -(842259--842263) -842265 -(842267--842268) -(842271--842272) -842279 -842284 -842286 -(842289--842290) -842292 -(842294--842296) -842298 -(842302--842306) -842308 -8
[  163.785970] e2fsck: 169 -(842172--842174) -842177 -842181 -(842183--842185) -842187 -(842189--842190) -842193 -842195 -(842197--842200) -(842202--842203) -(842205--842206) -842210 -842214 -842216 -(842218--842219) -(842221--842223) -842226 -842228 -(842231--842232) -(842235--842236) -842238 -(842241--842242) -842246 -(842251--842252) -(842255--842256) -(842259--842263) -842265 -(842267--842268) -(842271--842272) -842279 -842284 -842286 -(842289--842290) -842292 -(842294--842296) -842298 -(842302--842306) -842308 -8
[  164.533019] e2fsck:  -843426 -(843428--843429) -(843431--843435) -843438 -843440 -843442 -843444 -(843447--843448) -843450 -(843452--843453) -(843456--843462) -843468 -(843471--843472) -(843475--843476) -(843479--843481) -843484 -843486 -(843489--843490) -(843493--843494) -(843496--843497) -843499 -(843501--843503) -843506 -843509 -(843512--843515) -(843519--843520) -843523 -(843525--843526) -843530 -843533 -843536 -843538 -(843542--843544) -(843546--843548) -(843552--843554) -843556 -843558 -(843563--843564) -(843
[  164.533019] e2fsck:  -843426 -(843428--843429) -(843431--843435) -843438 -843440 -843442 -843444 -(843447--843448) -843450 -(843452--843453) -(843456--843462) -843468 -(843471--843472) -(843475--843476) -(843479--843481) -843484 -843486 -(843489--843490) -(843493--843494) -(843496--843497) -843499 -(843501--843503) -843506 -843509 -(843512--843515) -(843519--843520) -843523 -(843525--843526) -843530 -843533 -843536 -843538 -(843542--843544) -(843546--843548) -(843552--843554) -843556 -843558 -(843563--843564) -(843
[  165.274892] e2fsck: 4670--844671) -844675 -(844678--844679) -844682 -844684 -(844688--844693) -(844700--844701) -(844704--844707) -844710 -844714 -844716 -844719 -(844721--844722) -844725 -844727 -844731 -(844733--844735) -(844741--844743) -(844746--844749) -(844753--844754) -844756 -(844758--844762) -(844765--844766) -844768 -(844770--844772) -(844774--844778) -(844783--844785) -(844787--844789) -(844791--844794) -(844799--844800) -(844802--844807) -844813 -844815 -(844819--844820) -(844824--844825) -844828 -84483
[  165.274892] e2fsck: 4670--844671) -844675 -(844678--844679) -844682 -844684 -(844688--844693) -(844700--844701) -(844704--844707) -844710 -844714 -844716 -844719 -(844721--844722) -844725 -844727 -844731 -(844733--844735) -(844741--844743) -(844746--844749) -(844753--844754) -844756 -(844758--844762) -(844765--844766) -844768 -(844770--844772) -(844774--844778) -(844783--844785) -(844787--844789) -(844791--844794) -(844799--844800) -(844802--844807) -844813 -844815 -(844819--844820) -(844824--844825) -844828 -84483
[  165.981853] e2fsck: (845926--845929) -(845931--845940) -(845942--845946) -(845952--845955) -845957 -(845959--845960) -845963 -(845965--845966) -845969 -845971 -845974 -845977 -845979 -845981 -(845983--845985) -(845987--845989) -(845991--845992) -845998 -(846002--846003) -(846005--846006) -846008 -(846011--846017) -(846022--846023) -(846029--846034) -846037 -(846040--846043) -846046 -846048 -846052 -846057 -846065 -846067 -846073 -846077 -846079 -846083 -846090 -846094 -(846098--846100) -846102 -846104 -846106 -8461
[  165.981853] e2fsck: (845926--845929) -(845931--845940) -(845942--845946) -(845952--845955) -845957 -(845959--845960) -845963 -(845965--845966) -845969 -845971 -845974 -845977 -845979 -845981 -(845983--845985) -(845987--845989) -(845991--845992) -845998 -(846002--846003) -(846005--846006) -846008 -(846011--846017) -(846022--846023) -(846029--846034) -846037 -(846040--846043) -846046 -846048 -846052 -846057 -846065 -846067 -846073 -846077 -846079 -846083 -846090 -846094 -(846098--846100) -846102 -846104 -846106 -8461
[  166.828059] e2fsck: 847230) -(847232--847233) -(847235--847237) -(847240--847241) -847243 -(847245--847246) -(847248--847251) -847253 -847257 -847262 -847270 -(847272--847273) -(847275--847277) -(847279--847281) -(847283--847288) -847290 -(847292--847295) -847297 -(847299--847306) -(847309--847310) -(847312--847317) -(847322--847326) -(847328--847333) -847336 -847338 -(847340--847341) -(847343--847344) -(847349--847350) -(847352--847354) -847362 -(847365--847368) -(847370--847372) -(847376--847379) -(847384--847385
[  166.828059] e2fsck: 847230) -(847232--847233) -(847235--847237) -(847240--847241) -847243 -(847245--847246) -(847248--847251) -847253 -847257 -847262 -847270 -(847272--847273) -(847275--847277) -(847279--847281) -(847283--847288) -847290 -(847292--847295) -847297 -(847299--847306) -(847309--847310) -(847312--847317) -(847322--847326) -(847328--847333) -847336 -847338 -(847340--847341) -(847343--847344) -(847349--847350) -(847352--847354) -847362 -(847365--847368) -(847370--847372) -(847376--847379) -(847384--847385
[  167.601633] e2fsck: 48465--848470) -848475 -(848477--848478) -848482 -(848484--848486) -(848488--848490) -848496 -(848498--848499) -848501 -848504 -(848507--848508) -(848510--848516) -848520 -(848523--848526) -848528 -(848530--848532) -(848534--848536) -(848538--848540) -(848542--848543) -(848546--848549) -(848551--848558) -848560 -(848564--848565) -(848567--848571) -848573 -(848575--848578) -848581 -848583 -848586 -848590 -(848592--848594) -(848598--848601) -(848603--848605) -(848608--848610) -(848615--848617) -(8
[  167.601633] e2fsck: 48465--848470) -848475 -(848477--848478) -848482 -(848484--848486) -(848488--848490) -848496 -(848498--848499) -848501 -848504 -(848507--848508) -(848510--848516) -848520 -(848523--848526) -848528 -(848530--848532) -(848534--848536) -(848538--848540) -(848542--848543) -(848546--848549) -(848551--848558) -848560 -(848564--848565) -(848567--848571) -848573 -(848575--848578) -848581 -848583 -848586 -848590 -(848592--848594) -(848598--848601) -(848603--848605) -(848608--848610) -(848615--848617) -(8
[  168.420910] e2fsck: 17) -(849721--849723) -(849725--849727) -(849729--849730) -849733 -(849735--849737) -(849740--849741) -849744 -849746 -(849752--849754) -(849756--849763) -849766 -(849768--849769) -849771 -(849774--849779) -(849781--849783) -(849786--849787) -849790 -(849793--849794) -(849796--849797) -849801 -(849804--849807) -849810 -849814 -(849817--849818) -(849821--849823) -(849825--849826) -849829 -(849836--849838) -(849840--849842) -(849844--849846) -849850 -849852 -(849854--849855) -849858 -849860 -84986
[  168.420910] e2fsck: 17) -(849721--849723) -(849725--849727) -(849729--849730) -849733 -(849735--849737) -(849740--849741) -849744 -849746 -(849752--849754) -(849756--849763) -849766 -(849768--849769) -849771 -(849774--849779) -(849781--849783) -(849786--849787) -849790 -(849793--849794) -(849796--849797) -849801 -(849804--849807) -849810 -849814 -(849817--849818) -(849821--849823) -(849825--849826) -849829 -(849836--849838) -(849840--849842) -(849844--849846) -849850 -849852 -(849854--849855) -849858 -849860 -84986
[  169.488232] e2fsck: 65 -(850967--850968) -(850970--850971) -(850973--850977) -(850979--850983) -850985 -850987 -(851002--851003) -(851007--851008) -851013 -(851015--851016) -(851018--851019) -851021 -(851026--851029) -851033 -(851037--851039) -(851041--851043) -851046 -851050 -851052 -(851056--851062) -(851064--851065) -851068 -(851070--851071) -851074 -851079 -851081 -(851083--851088) -(851097--851099) -(851104--851107) -(851109--851110) -(851112--851115) -851117 -851119 -851121 -(851124--851125) -(851128--851131)
[  169.488232] e2fsck: 65 -(850967--850968) -(850970--850971) -(850973--850977) -(850979--850983) -850985 -850987 -(851002--851003) -(851007--851008) -851013 -(851015--851016) -(851018--851019) -851021 -(851026--851029) -851033 -(851037--851039) -(851041--851043) -851046 -851050 -851052 -(851056--851062) -(851064--851065) -851068 -(851070--851071) -851074 -851079 -851081 -(851083--851088) -(851097--851099) -(851104--851107) -(851109--851110) -(851112--851115) -851117 -851119 -851121 -(851124--851125) -(851128--851131)
[  170.632373] e2fsck: 64--884966) +(884969--884971) +(884973--884976) +(884979--884982) +884984 +884986 +(884988--884997) +884999 +885002 +(885005--885007) +(885011--885013) +885015 +(885017--885019) +885021 +885023 +(885025--885029) +885032 +885038 +885040 +(885043--885044) +(885048--885050) +885052 +(885055--885056) +(885058--885059) +885062 +(885065--885068) +(885070--885072) +885074 +(885078--885081) +(885084--885086) +(885089--885090) +885093 +(885096--885097) +(885099--885100) +885102 +885104 +885107 +(885113--
[  170.632373] e2fsck: 64--884966) +(884969--884971) +(884973--884976) +(884979--884982) +884984 +884986 +(884988--884997) +884999 +885002 +(885005--885007) +(885011--885013) +885015 +(885017--885019) +885021 +885023 +(885025--885029) +885032 +885038 +885040 +(885043--885044) +(885048--885050) +885052 +(885055--885056) +(885058--885059) +885062 +(885065--885068) +(885070--885072) +885074 +(885078--885081) +(885084--885086) +(885089--885090) +885093 +(885096--885097) +(885099--885100) +885102 +885104 +885107 +(885113--
[  172.214590] e2fsck: 0) -(886282--886283) -(886285--886288) -(886290--886291) -886293 -886295 -886300 -(886303--886308) -(886311--886313) -(886316--886321) -(886323--886324) -886326 -886329 -(886331--886334) -886337 -(886341--886342) -886344 -(886349--886350) -886353 -886356 -886360 -(886362--886365) -(886373--886375) -886377 -886380 -(886388--886389) -886392 -(886394--886395) -886399 -(886401--886402) -(886406--886408) -886411 -886415 -(886424--886425) -886427 -886433 -(886437--886438) -886440 -(886444--886446) -(8
[  172.214590] e2fsck: 0) -(886282--886283) -(886285--886288) -(886290--886291) -886293 -886295 -886300 -(886303--886308) -(886311--886313) -(886316--886321) -(886323--886324) -886326 -886329 -(886331--886334) -886337 -(886341--886342) -886344 -(886349--886350) -886353 -886356 -886360 -(886362--886365) -(886373--886375) -886377 -886380 -(886388--886389) -886392 -(886394--886395) -886399 -(886401--886402) -(886406--886408) -886411 -886415 -(886424--886425) -886427 -886433 -(886437--886438) -886440 -(886444--886446) -(8
[  173.298611] e2fsck: 39--887542) -(887544--887545) -887547 -887549 -887552 -(887556--887557) -(887559--887560) -887565 -887568 -(887570--887573) -887576 -(887578--887579) -(887582--887586) -887590 -887594 -887596 -887600 -887604 -887608 -887610 -(887612--887616) -(887619--887620) -887622 -887624 -887628 -887633 -(887635--887636) -887641 -887646 -(887649--887650) -887654 -887656 -887658 -887660 -887663 -(887666--887671) -(887673--887674) -887677 -887679 -887685 -887690 -(887692--887694) -887696 -887698 -887702 -88770
[  173.298611] e2fsck: 39--887542) -(887544--887545) -887547 -887549 -887552 -(887556--887557) -(887559--887560) -887565 -887568 -(887570--887573) -887576 -(887578--887579) -(887582--887586) -887590 -887594 -887596 -887600 -887604 -887608 -887610 -(887612--887616) -(887619--887620) -887622 -887624 -887628 -887633 -(887635--887636) -887641 -887646 -(887649--887650) -887654 -887656 -887658 -887660 -887663 -(887666--887671) -(887673--887674) -887677 -887679 -887685 -887690 -(887692--887694) -887696 -887698 -887702 -88770
[  174.446077] e2fsck: 88776) -888778 -(888782--888786) -888789 -888792 -(888795--888797) -(888803--888804) -(888808--888809) -888813 -(888815--888817) -888819 -888822 -888825 -(888827--888828) -(888832--888833) -(888840--888843) -888847 -888849 -888854 -888856 -(888858--888862) -888869 -888871 -(888875--888876) -(888879--888881) -888883 -888885 -(888887--888888) -888891 -888894 -(888896--888897) -(888903--888904) -888911 -888916 -888918 -(888924--888926) -(888931--888932) -888936 -888941 -888944 -888947 -888952 -(888
[  174.446077] e2fsck: 88776) -888778 -(888782--888786) -888789 -888792 -(888795--888797) -(888803--888804) -(888808--888809) -888813 -(888815--888817) -888819 -888822 -888825 -(888827--888828) -(888832--888833) -(888840--888843) -888847 -888849 -888854 -888856 -(888858--888862) -888869 -888871 -(888875--888876) -(888879--888881) -888883 -888885 -(888887--888888) -888891 -888894 -(888896--888897) -(888903--888904) -888911 -888916 -888918 -(888924--888926) -(888931--888932) -888936 -888941 -888944 -888947 -888952 -(888
[  175.210412] e2fsck: 035 -(890040--890045) -(890051--890053) -(890055--890056) -(890058--890060) -(890065--890068) -(890072--890076) -890078 -890081 -890083 -(890085--890086) -(890088--890090) -(890092--890093) -890097 -(890102--890105) -(890107--890109) -890111 -(890113--890114) -890118 -(890121--890122) -890124 -890126 -(890128--890129) -(890134--890136) -890138 -890140 -(890145--890146) -890148 -890150 -(890152--890158) -890160 -890164 -890167 -890171 -890176 -(890178--890179) -890182 -890184 -(890187--890188) -(
[  175.210412] e2fsck: 035 -(890040--890045) -(890051--890053) -(890055--890056) -(890058--890060) -(890065--890068) -(890072--890076) -890078 -890081 -890083 -(890085--890086) -(890088--890090) -(890092--890093) -890097 -(890102--890105) -(890107--890109) -890111 -(890113--890114) -890118 -(890121--890122) -890124 -890126 -(890128--890129) -(890134--890136) -890138 -890140 -(890145--890146) -890148 -890150 -(890152--890158) -890160 -890164 -890167 -890171 -890176 -(890178--890179) -890182 -890184 -(890187--890188) -(
[  176.169091] e2fsck:  -(891303--891304) -(891307--891309) -891311 -891315 -891320 -891322 -(891324--891325) -891328 -(891330--891331) -(891333--891334) -891336 -891338 -891342 -(891345--891347) -(891352--891353) -891355 -(891357--891359) -(891361--891362) -891364 -(891366--891371) -891373 -891376 -(891378--891379) -(891381--891382) -(891386--891387) -(891390--891391) -891393 -(891395--891398) -891400 -(891407--891409) -(891413--891415) -(891417--891418) -(891422--891424) -(891426--891428) -(891431--891432) -(891438-
[  176.169091] e2fsck:  -(891303--891304) -(891307--891309) -891311 -891315 -891320 -891322 -(891324--891325) -891328 -(891330--891331) -(891333--891334) -891336 -891338 -891342 -(891345--891347) -(891352--891353) -891355 -(891357--891359) -(891361--891362) -891364 -(891366--891371) -891373 -891376 -(891378--891379) -(891381--891382) -(891386--891387) -(891390--891391) -891393 -(891395--891398) -891400 -(891407--891409) -(891413--891415) -(891417--891418) -(891422--891424) -(891426--891428) -(891431--891432) -(891438-
[  177.166047] e2fsck: 0 -892520 -(892522--892524) -(892528--892529) -892536 -(892539--892542) -(892545--892546) -892548 -892558 -(892561--892562) -892564 -892567 -(892569--892570) -892576 -892578 -892582 -(892584--892585) -(892587--892588) -(892590--892591) -(892594--892597) -892601 -(892603--892608) -(892611--892614) -(892619--892624) -(892626--892627) -892631 -(892633--892635) -(892639--892641) -892643 -(892645--892647) -892649 -(892657--892659) -892661 -892663 -(892666--892667) -(892669--892671) -892676 -(892678--
[  177.166047] e2fsck: 0 -892520 -(892522--892524) -(892528--892529) -892536 -(892539--892542) -(892545--892546) -892548 -892558 -(892561--892562) -892564 -892567 -(892569--892570) -892576 -892578 -892582 -(892584--892585) -(892587--892588) -(892590--892591) -(892594--892597) -892601 -(892603--892608) -(892611--892614) -(892619--892624) -(892626--892627) -892631 -(892633--892635) -(892639--892641) -892643 -(892645--892647) -892649 -(892657--892659) -892661 -892663 -(892666--892667) -(892669--892671) -892676 -(892678--
[  178.192814] e2fsck: 893782 -(893784--893788) -893791 -893793 -893795 -893797 -(893800--893801) -893803 -893807 -(893810--893815) -893817 -(893819--893824) -(893827--893831) -893833 -(893835--893836) -893839 -893844 -(893846--893847) -(893849--893852) -893855 -(893858--893859) -(893862--893866) -893868 -893871 -(893873--893876) -(893879--893881) -893883 -(893885--893886) -893890 -893892 -893895 -(893899--893904) -(893906--893907) -(893909--893910) -(893914--893917) -(893920--893924) -893926 -893931 -893935 -(893937-
[  178.192814] e2fsck: 893782 -(893784--893788) -893791 -893793 -893795 -893797 -(893800--893801) -893803 -893807 -(893810--893815) -893817 -(893819--893824) -(893827--893831) -893833 -(893835--893836) -893839 -893844 -(893846--893847) -(893849--893852) -893855 -(893858--893859) -(893862--893866) -893868 -893871 -(893873--893876) -(893879--893881) -893883 -(893885--893886) -893890 -893892 -893895 -(893899--893904) -(893906--893907) -(893909--893910) -(893914--893917) -(893920--893924) -893926 -893931 -893935 -(893937-
[  179.368068] e2fsck: --895046) -895048 -895051 -(895053--895055) -895057 -(895059--895060) -(895062--895063) -895067 -(895069--895071) -895073 -(895077--895079) -895082 -895084 -895086 -(895089--895090) -(895100--895101) -895104 -895106 -895109 -895111 -895113 -895117 -895122 -895124 -895126 -895129 -895132 -(895134--895135) -895137 -895143 -895145 -895147 -(895150--895152) -895156 -895160 -(895162--895163) -895169 -(895172--895174) -(895176--895177) -895181 -(895185--895187) -(895191--895194) -895197 -895201 -89520
[  179.368068] e2fsck: --895046) -895048 -895051 -(895053--895055) -895057 -(895059--895060) -(895062--895063) -895067 -(895069--895071) -895073 -(895077--895079) -895082 -895084 -895086 -(895089--895090) -(895100--895101) -895104 -895106 -895109 -895111 -895113 -895117 -895122 -895124 -895126 -895129 -895132 -(895134--895135) -895137 -895143 -895145 -895147 -(895150--895152) -895156 -895160 -(895162--895163) -895169 -(895172--895174) -(895176--895177) -895181 -(895185--895187) -(895191--895194) -895197 -895201 -89520
[  180.314589] e2fsck: 0--896312) -896314 -896319 -(896321--896322) -(896326--896327) -896329 -(896331--896333) -896335 -896337 -(896339--896344) -(896348--896349) -896352 -896358 -(896363--896365) -(896367--896368) -(896371--896372) -896376 -(896379--896381) -(896383--896384) -(896386--896388) -(896390--896392) -(896394--896395) -(896397--896398) -896405 -896407 -(896410--896412) -896414 -(896416--896417) -896422 -(896430--896432) -896436 -896439 -(896445--896446) -896450 -896452 -(896455--896456) -896458 -(896460--8
[  180.314589] e2fsck: 0--896312) -896314 -896319 -(896321--896322) -(896326--896327) -896329 -(896331--896333) -896335 -896337 -(896339--896344) -(896348--896349) -896352 -896358 -(896363--896365) -(896367--896368) -(896371--896372) -896376 -(896379--896381) -(896383--896384) -(896386--896388) -(896390--896392) -(896394--896395) -(896397--896398) -896405 -896407 -(896410--896412) -896414 -(896416--896417) -896422 -(896430--896432) -896436 -896439 -(896445--896446) -896450 -896452 -(896455--896456) -896458 -(896460--8
[  181.258062] e2fsck: 585 -897591 -(897593--897594) -(897597--897600) -(897602--897603) -897607 -897613 -897615 -(897621--897623) -(897625--897626) -897628 -897630 -897635 -897639 -897641 -(897646--897648) -897651 -897653 -(897655--897656) -897658 -897662 -897665 -897673 -897679 -897685 -(897687--897693) -897695 -897698 -(897701--897702) -(897704--897705) -(897709--897711) -897713 -(897715--897718) -(897722--897723) -897727 -(897729--897730) -897733 -897736 -(897739--897740) -897742 -897749 -897752 -897755 -897757 -8
[  181.258062] e2fsck: 585 -897591 -(897593--897594) -(897597--897600) -(897602--897603) -897607 -897613 -897615 -(897621--897623) -(897625--897626) -897628 -897630 -897635 -897639 -897641 -(897646--897648) -897651 -897653 -(897655--897656) -897658 -897662 -897665 -897673 -897679 -897685 -(897687--897693) -897695 -897698 -(897701--897702) -(897704--897705) -(897709--897711) -897713 -(897715--897718) -(897722--897723) -897727 -(897729--897730) -897733 -897736 -(897739--897740) -897742 -897749 -897752 -897755 -897757 -8
[  182.501442] e2fsck: 98829) -(898831--898832) -898836 -(898838--898845) -898847 -(898850--898853) -(898856--898857) -898860 -(898862--898863) -(898865--898868) -898874 -898877 -898883 -(898885--898886) -898888 -(898890--898891) -898893 -(898895--898896) -898901 -898903 -898906 -898908 -(898912--898914) -(898917--898918) -(898922--898926) -(898929--898930) -898934 -898938 -(898942--898943) -(898948--898949) -898951 -(898953--898956) -898959 -898961 -898965 -898969 -(898971--898974) -(898976--898978) -(898980--898982)
[  182.501442] e2fsck: 98829) -(898831--898832) -898836 -(898838--898845) -898847 -(898850--898853) -(898856--898857) -898860 -(898862--898863) -(898865--898868) -898874 -898877 -898883 -(898885--898886) -898888 -(898890--898891) -898893 -(898895--898896) -898901 -898903 -898906 -898908 -(898912--898914) -(898917--898918) -(898922--898926) -(898929--898930) -898934 -898938 -(898942--898943) -(898948--898949) -898951 -(898953--898956) -898959 -898961 -898965 -898969 -(898971--898974) -(898976--898978) -(898980--898982)
[  183.470485] e2fsck: 00083 -(900086--900088) -900090 -900094 -900097 -900101 -900105 -(900108--900110) -900112 -(900115--900116) -900118 -(900120--900122) -(900125--900128) -(900132--900136) -900138 -900143 -900145 -900147 -900151 -900153 -900155 -(900157--900160) -(900162--900165) -900168 -(900170--900173) -900177 -(900181--900182) -900185 -(900187--900190) -900192 -900194 -(900196--900197) -(900200--900202) -(900204--900205) -(900207--900208) -(900214--900218) -(900220--900221) -(900225--900227) -900230 -(900236--
[  183.470485] e2fsck: 00083 -(900086--900088) -900090 -900094 -900097 -900101 -900105 -(900108--900110) -900112 -(900115--900116) -900118 -(900120--900122) -(900125--900128) -(900132--900136) -900138 -900143 -900145 -900147 -900151 -900153 -900155 -(900157--900160) -(900162--900165) -900168 -(900170--900173) -900177 -(900181--900182) -900185 -(900187--900190) -900192 -900194 -(900196--900197) -(900200--900202) -(900204--900205) -(900207--900208) -(900214--900218) -(900220--900221) -(900225--900227) -900230 -(900236--
[  184.477510] e2fsck: 311--901317) -(901321--901326) -(901328--901332) -901334 -(901336--901337) -901339 -901341 -901348 -(901350--901351) -901356 -(901362--901364) -(901368--901370) -901373 -901375 -(901377--901378) -(901380--901383) -(901390--901391) -(901394--901395) -(901401--901402) -901405 -901408 -(901410--901411) -(901414--901420) -901422 -901429 -901435 -901440 -(901442--901444) -(901449--901450) -901453 -901456 -901460 -(901463--901464) -901468 -901470 -(901474--901475) -901479 -901482 -901484 -901487 -9014
[  184.477510] e2fsck: 311--901317) -(901321--901326) -(901328--901332) -901334 -(901336--901337) -901339 -901341 -901348 -(901350--901351) -901356 -(901362--901364) -(901368--901370) -901373 -901375 -(901377--901378) -(901380--901383) -(901390--901391) -(901394--901395) -(901401--901402) -901405 -901408 -(901410--901411) -(901414--901420) -901422 -901429 -901435 -901440 -(901442--901444) -(901449--901450) -901453 -901456 -901460 -(901463--901464) -901468 -901470 -(901474--901475) -901479 -901482 -901484 -901487 -9014
[  185.242651] e2fsck: 2565) -(902567--902568) -(902574--902576) -902583 -(902588--902589) -902596 -902598 -902600 -902602 -902606 -(902609--902610) -902615 -902617 -(902619--902620) -902623 -(902626--902628) -(902630--902631) -(902634--902636) -902641 -902643 -(902647--902648) -(902652--902656) -(902658--902659) -902665 -(902667--902669) -902671 -902673 -902675 -(902677--902679) -902683 -902686 -902688 -(902692--902693) -902696 -(902698--902700) -(902702--902704) -(902706--902710) -902712 -902714 -(902717--902721) -9
[  185.242651] e2fsck: 2565) -(902567--902568) -(902574--902576) -902583 -(902588--902589) -902596 -902598 -902600 -902602 -902606 -(902609--902610) -902615 -902617 -(902619--902620) -902623 -(902626--902628) -(902630--902631) -(902634--902636) -902641 -902643 -(902647--902648) -(902652--902656) -(902658--902659) -902665 -(902667--902669) -902671 -902673 -902675 -(902677--902679) -902683 -902686 -902688 -(902692--902693) -902696 -(902698--902700) -(902702--902704) -(902706--902710) -902712 -902714 -(902717--902721) -9
[  186.078954] e2fsck: 3888 -903891 -903893 -(903895--903896) -(903898--903903) -(903907--903909) -903911 -903913 -(903918--903919) -(903925--903926) -(903929--903930) -(903933--903934) -(903936--903937) -903939 -903942 -903946 -903948 -(903952--903953) -903957 -(903959--903960) -(903963--903969) -903972 -(903975--903976) -(903978--903980) -(903983--903984) -903987 -(903989--903990) -903992 -(903995--903999) -(904001--904002) -904007 -904009 -904012 -904015 -904018 -904020 -(904024--904025) -904027 -904029 -904032 -90
[  186.078954] e2fsck: 3888 -903891 -903893 -(903895--903896) -(903898--903903) -(903907--903909) -903911 -903913 -(903918--903919) -(903925--903926) -(903929--903930) -(903933--903934) -(903936--903937) -903939 -903942 -903946 -903948 -(903952--903953) -903957 -(903959--903960) -(903963--903969) -903972 -(903975--903976) -(903978--903980) -(903983--903984) -903987 -(903989--903990) -903992 -(903995--903999) -(904001--904002) -904007 -904009 -904012 -904015 -904018 -904020 -(904024--904025) -904027 -904029 -904032 -90
[  187.036053] e2fsck: 5168) -(905170--905171) -905173 -905175 -(905178--905179) -905182 -(905185--905186) -(905191--905193) -905196 -(905198--905199) -(905201--905206) -(905209--905210) -905215 -(905218--905224) -905229 -905232 -905234 -(905236--905238) -905245 -905247 -(905253--905256) -905259 -905261 -(905264--905265) -905267 -905269 -(905273--905274) -(905278--905279) -(905281--905282) -(905289--905290) -905293 -(905295--905299) -(905305--905306) -905309 -(905314--905315) -(905318--905319) -(905322--905325) -90532
[  187.036053] e2fsck: 5168) -(905170--905171) -905173 -905175 -(905178--905179) -905182 -(905185--905186) -(905191--905193) -905196 -(905198--905199) -(905201--905206) -(905209--905210) -905215 -(905218--905224) -905229 -905232 -905234 -(905236--905238) -905245 -905247 -(905253--905256) -905259 -905261 -(905264--905265) -905267 -905269 -(905273--905274) -(905278--905279) -(905281--905282) -(905289--905290) -905293 -(905295--905299) -(905305--905306) -905309 -(905314--905315) -(905318--905319) -(905322--905325) -90532
[  188.043721] e2fsck: (906417--906418) -906420 -(906424--906425) -906428 -(906430--906431) -(906433--906436) -(906439--906440) -(906442--906443) -(906446--906447) -(906451--906452) -906455 -(906458--906459) -906463 -906467 -906474 -(906478--906479) -(906481--906483) -906488 -(906490--906494) -906498 -906502 -(906504--906506) -(906514--906515) -(906517--906519) -906524 -906526 -906528 -906531 -906534 -(906544--906545) -906549 -906554 -906556 -(906558--906561) -(906563--906565) -906567 -906569 -(906571--906572) -(90657
[  188.043721] e2fsck: (906417--906418) -906420 -(906424--906425) -906428 -(906430--906431) -(906433--906436) -(906439--906440) -(906442--906443) -(906446--906447) -(906451--906452) -906455 -(906458--906459) -906463 -906467 -906474 -(906478--906479) -(906481--906483) -906488 -(906490--906494) -906498 -906502 -(906504--906506) -(906514--906515) -(906517--906519) -906524 -906526 -906528 -906531 -906534 -(906544--906545) -906549 -906554 -906556 -(906558--906561) -(906563--906565) -906567 -906569 -(906571--906572) -(90657
[  189.862835] e2fsck: --907725) -907727 -907729 -(907731--907734) -907736 -907738 -(907740--907743) -907745 -(907751--907752) -907755 -907760 -907767 -907771 -(907774--907775) -(907780--907782) -(907786--907788) -907792 -907797 -(907799--907802) -907804 -907810 -(907814--907815) -(907818--907819) -907821 -(907823--907824) -907826 -907830 -(907832--907833) -(907841--907843) -907845 -907847 -907850 -(907857--907858) -907860 -(907862--907863) -(907866--907867) -(907870--907872) -(907874--907875) -907879 -(907881--907885
[  189.862835] e2fsck: --907725) -907727 -907729 -(907731--907734) -907736 -907738 -(907740--907743) -907745 -(907751--907752) -907755 -907760 -907767 -907771 -(907774--907775) -(907780--907782) -(907786--907788) -907792 -907797 -(907799--907802) -907804 -907810 -(907814--907815) -(907818--907819) -907821 -(907823--907824) -907826 -907830 -(907832--907833) -(907841--907843) -907845 -907847 -907850 -(907857--907858) -907860 -(907862--907863) -(907866--907867) -(907870--907872) -(907874--907875) -907879 -(907881--907885
[  191.990006] e2fsck: 08999--909003) -909005 -909008 -(909011--909012) -909016 -909018 -(909020--909022) -909026 -909028 -(909031--909033) -(909035--909036) -909038 -909045 -909048 -(909050--909054) -(909056--909058) -909060 -909062 -(909066--909068) -909071 -(909073--909075) -909077 -909084 -909086 -(909088--909089) -909091 -(909093--909097) -(909101--909103) -(909105--909106) -909109 -909111 -909113 -(909116--909117) -909121 -909123 -(909128--909129) -909131 -909133 -(909137--909138) -(909140--909141) -(909143--909
[  191.990006] e2fsck: 08999--909003) -909005 -909008 -(909011--909012) -909016 -909018 -(909020--909022) -909026 -909028 -(909031--909033) -(909035--909036) -909038 -909045 -909048 -(909050--909054) -(909056--909058) -909060 -909062 -(909066--909068) -909071 -(909073--909075) -909077 -909084 -909086 -(909088--909089) -909091 -(909093--909097) -(909101--909103) -(909105--909106) -909109 -909111 -909113 -(909116--909117) -909121 -909123 -(909128--909129) -909131 -909133 -(909137--909138) -(909140--909141) -(909143--909
[  193.113245] e2fsck: -(910271--910276) -910278 -(910280--910281) -(910283--910285) -(910288--910289) -910292 -(910294--910297) -910299 -(910301--910302) -910304 -(910306--910308) -910310 -910312 -910314 -910316 -(910320--910323) -(910325--910327) -910329 -(910332--910334) -910337 -(910342--910344) -910347 -(910349--910351) -910353 -(910357--910358) -910360 -910362 -(910364--910366) -910368 -(910370--910371) -910373 -(910377--910378) -910380 -910384 -(910386--910387) -(910390--910391) -(910394--910396) -(910399--9104
[  193.113245] e2fsck: -(910271--910276) -910278 -(910280--910281) -(910283--910285) -(910288--910289) -910292 -(910294--910297) -910299 -(910301--910302) -910304 -(910306--910308) -910310 -910312 -910314 -910316 -(910320--910323) -(910325--910327) -910329 -(910332--910334) -910337 -(910342--910344) -910347 -(910349--910351) -910353 -(910357--910358) -910360 -910362 -(910364--910366) -910368 -(910370--910371) -910373 -(910377--910378) -910380 -910384 -(910386--910387) -(910390--910391) -(910394--910396) -(910399--9104
[  194.017761] e2fsck: 911506 -911508 -(911510--911511) -(911513--911517) -911520 -(911527--911528) -911532 -911536 -(911539--911540) -911543 -911545 -(911549--911553) -911559 -(911561--911562) -911565 -911567 -911570 -911572 -911574 -(911576--911579) -911581 -911583 -(911587--911589) -(911591--911595) -911597 -911600 -911602 -911604 -911607 -911609 -911613 -911617 -911619 -(911623--911624) -911626 -911630 -911632 -911634 -(911637--911638) -911640 -(911643--911645) -911647 -(911649--911651) -911654 -(911656--911660) -
[  194.017761] e2fsck: 911506 -911508 -(911510--911511) -(911513--911517) -911520 -(911527--911528) -911532 -911536 -(911539--911540) -911543 -911545 -(911549--911553) -911559 -(911561--911562) -911565 -911567 -911570 -911572 -911574 -(911576--911579) -911581 -911583 -(911587--911589) -(911591--911595) -911597 -911600 -911602 -911604 -911607 -911609 -911613 -911617 -911619 -(911623--911624) -911626 -911630 -911632 -911634 -(911637--911638) -911640 -(911643--911645) -911647 -(911649--911651) -911654 -(911656--911660) -
[  194.870804] e2fsck: 31) -912734 -912736 -(912738--912742) -(912744--912745) -(912751--912753) -912756 -(912758--912759) -912763 -(912765--912766) -(912768--912769) -(912771--912774) -(912776--912778) -912781 -(912783--912785) -(912789--912791) -912793 -(912797--912798) -(912800--912801) -(912803--912804) -912806 -912808 -(912811--912812) -(912814--912815) -(912820--912821) -(912825--912826) -912831 -(912834--912838) -912841 -912843 -(912846--912851) -(912853--912854) -912856 -(912858--912863) -912865 -912867 -91287
[  194.870804] e2fsck: 31) -912734 -912736 -(912738--912742) -(912744--912745) -(912751--912753) -912756 -(912758--912759) -912763 -(912765--912766) -(912768--912769) -(912771--912774) -(912776--912778) -912781 -(912783--912785) -(912789--912791) -912793 -(912797--912798) -(912800--912801) -(912803--912804) -912806 -912808 -(912811--912812) -(912814--912815) -(912820--912821) -(912825--912826) -912831 -(912834--912838) -912841 -912843 -(912846--912851) -(912853--912854) -912856 -(912858--912863) -912865 -912867 -91287
[  195.786031] e2fsck: 986) -913988 -(913991--913994) -913996 -(913998--913999) -914001 -914004 -(914008--914009) -(914019--914020) -(914023--914024) -914026 -(914028--914030) -914033 -914039 -914044 -914047 -(914049--914050) -(914053--914055) -914058 -914061 -(914066--914067) -(914069--914070) -914074 -(914076--914078) -914081 -914083 -914088 -914090 -(914092--914093) -(914096--914100) -(914103--914104) -914112 -(914114--914116) -914119 -914121 -914124 -(914126--914127) -(914130--914133) -(914135--914140) -914142 -91
[  195.786031] e2fsck: 986) -913988 -(913991--913994) -913996 -(913998--913999) -914001 -914004 -(914008--914009) -(914019--914020) -(914023--914024) -914026 -(914028--914030) -914033 -914039 -914044 -914047 -(914049--914050) -(914053--914055) -914058 -914061 -(914066--914067) -(914069--914070) -914074 -(914076--914078) -914081 -914083 -914088 -914090 -(914092--914093) -(914096--914100) -(914103--914104) -914112 -(914114--914116) -914119 -914121 -914124 -(914126--914127) -(914130--914133) -(914135--914140) -914142 -91
[  196.676996] e2fsck: 6 -915228 -(915231--915232) -915234 -915236 -(915238--915239) -(915241--915242) -915246 -(915249--915251) -915253 -(915255--915258) -(915262--915264) -915266 -(915268--915269) -(915274--915276) -915278 -915280 -915284 -915286 -(915290--915299) -(915302--915307) -915309 -915311 -915313 -(915315--915316) -915319 -915322 -(915324--915325) -(915327--915328) -915332 -(915336--915337) -915339 -(915341--915342) -(915344--915346) -915348 -915352 -915354 -(915356--915357) -915362 -915365 -915367 -(915371
[  196.676996] e2fsck: 6 -915228 -(915231--915232) -915234 -915236 -(915238--915239) -(915241--915242) -915246 -(915249--915251) -915253 -(915255--915258) -(915262--915264) -915266 -(915268--915269) -(915274--915276) -915278 -915280 -915284 -915286 -(915290--915299) -(915302--915307) -915309 -915311 -915313 -(915315--915316) -915319 -915322 -(915324--915325) -(915327--915328) -915332 -(915336--915337) -915339 -(915341--915342) -(915344--915346) -915348 -915352 -915354 -(915356--915357) -915362 -915365 -915367 -(915371
[  197.648609] e2fsck:  -916443 -(916448--916449) -916451 -(916453--916454) -(916456--916459) -916462 -(916465--916467) -(916469--916471) -(916473--916474) -(916476--916478) -(916480--916481) -916483 -916486 -916491 -(916494--916496) -(916498--916500) -(916503--916504) -916506 -(916509--916512) -916515 -(916520--916524) -916526 -916532 -(916534--916536) -916539 -916542 -916544 -(916546--916548) -(916551--916552) -916554 -916556 -(916558--916561) -(916563--916565) -(916567--916568) -(916573--916574) -916582 -916584 -91
[  197.648609] e2fsck:  -916443 -(916448--916449) -916451 -(916453--916454) -(916456--916459) -916462 -(916465--916467) -(916469--916471) -(916473--916474) -(916476--916478) -(916480--916481) -916483 -916486 -916491 -(916494--916496) -(916498--916500) -(916503--916504) -916506 -(916509--916512) -916515 -(916520--916524) -916526 -916532 -(916534--916536) -916539 -916542 -916544 -(916546--916548) -(916551--916552) -916554 -916556 -(916558--916561) -(916563--916565) -(916567--916568) -(916573--916574) -916582 -916584 -91
[  198.463115] e2fsck: 3062 +1573064 +(1573070--1573071) +1573075 +(1573078--1573080) +1573084 +(1573086--1573087) +1573089 +(1573091--1573093) +1573096 +(1573099--1573102) +1573104 +1573114 +1573116 +(1573119--1573121) +1573125 +1573129 +(1573133--1573135) +1573138 +(1573140--1573141) +(1573144--1573153) +1573155 +(1573159--1573160) +(1573162--1573166) +1573173 +(1573184--1573186) +1573189 +(1573191--1573192) +(1573196--1573199) +1573201 +(1573205--1573206) +(1573210--1573211) +(1573215--1573217) +(1573219--1573220) 
[  198.463115] e2fsck: 3062 +1573064 +(1573070--1573071) +1573075 +(1573078--1573080) +1573084 +(1573086--1573087) +1573089 +(1573091--1573093) +1573096 +(1573099--1573102) +1573104 +1573114 +1573116 +(1573119--1573121) +1573125 +1573129 +(1573133--1573135) +1573138 +(1573140--1573141) +(1573144--1573153) +1573155 +(1573159--1573160) +(1573162--1573166) +1573173 +(1573184--1573186) +1573189 +(1573191--1573192) +(1573196--1573199) +1573201 +(1573205--1573206) +(1573210--1573211) +(1573215--1573217) +(1573219--1573220) 
[  199.474378] e2fsck: 80873--1580874) +(1580876--1580877) +(1580879--1580881) +1580885 +1580887 +(1580889--1580890) +1580892 +(1580894--1580895) +(1580898--1580903) +(1580907--1580908) +1580912 +(1580915--1580916) +1580918 +1580921 +1580923 +(1580925--1580928) +1580933 +(1580935--1580937) +(1580939--1580943) +1580947 +1580949 +1580953 +1580955 +1580958 +1580960 +(1580962--1580966) +(1580970--1580972) +(1580974--1580975) +(1580977--1580978) +(1580982--1580983) +(1580985--1580987) +1580990 +(1580997--1580998) +(1581000
[  199.474378] e2fsck: 80873--1580874) +(1580876--1580877) +(1580879--1580881) +1580885 +1580887 +(1580889--1580890) +1580892 +(1580894--1580895) +(1580898--1580903) +(1580907--1580908) +1580912 +(1580915--1580916) +1580918 +1580921 +1580923 +(1580925--1580928) +1580933 +(1580935--1580937) +(1580939--1580943) +1580947 +1580949 +1580953 +1580955 +1580958 +1580960 +(1580962--1580966) +(1580970--1580972) +(1580974--1580975) +(1580977--1580978) +(1580982--1580983) +(1580985--1580987) +1580990 +(1580997--1580998) +(1581000
[  200.261556] e2fsck: 1581973--1581974) -(1581977--1581978) -1581980 -(1581983--1581990) -(1581993--1581995) -1581999 -1582001 -(1582003--1582005) -(1582007--1582008) -1582010 -(1582012--1582015) -(1582023--1582025) -(1582028--1582029) -1582033 -(1582035--1582039) -(1582044--1582047) -(1582050--1582051) -1582054 -1582056 -(1582059--1582060) -1582064 -1582068 -1582072 -(1582076--1582078) -1582081 -1582083 -1582085 -(1582089--1582090) -(1582092--1582096) -1582098 -1582100 -(1582102--1582107) -1582109 -1582112 -1582114 
[  200.261556] e2fsck: 1581973--1581974) -(1581977--1581978) -1581980 -(1581983--1581990) -(1581993--1581995) -1581999 -1582001 -(1582003--1582005) -(1582007--1582008) -1582010 -(1582012--1582015) -(1582023--1582025) -(1582028--1582029) -1582033 -(1582035--1582039) -(1582044--1582047) -(1582050--1582051) -1582054 -1582056 -(1582059--1582060) -1582064 -1582068 -1582072 -(1582076--1582078) -1582081 -1582083 -1582085 -(1582089--1582090) -(1582092--1582096) -1582098 -1582100 -(1582102--1582107) -1582109 -1582112 -1582114 
[  201.067284] e2fsck: 583101 -1583104 -1583111 -1583114 -(1583116--1583117) -(1583122--1583127) -1583130 -1583132 -1583134 -1583137 -1583139 -(1583142--1583145) -(1583147--1583149) -1583153 -1583155 -1583157 -(1583160--1583165) -(1583169--1583170) -1583175 -(1583179--1583180) -1583182 -1583184 -(1583189--1583190) -1583193 -1583195 -1583197 -(1583199--1583200) -(1583204--1583205) -(1583208--1583210) -(1583216--1583217) -1583225 -1583230 -(1583232--1583235) -(1583238--1583239) -1583241 -(1583245--1583246) -1583248 -(15
[  201.067284] e2fsck: 583101 -1583104 -1583111 -1583114 -(1583116--1583117) -(1583122--1583127) -1583130 -1583132 -1583134 -1583137 -1583139 -(1583142--1583145) -(1583147--1583149) -1583153 -1583155 -1583157 -(1583160--1583165) -(1583169--1583170) -1583175 -(1583179--1583180) -1583182 -1583184 -(1583189--1583190) -1583193 -1583195 -1583197 -(1583199--1583200) -(1583204--1583205) -(1583208--1583210) -(1583216--1583217) -1583225 -1583230 -(1583232--1583235) -(1583238--1583239) -1583241 -(1583245--1583246) -1583248 -(15
[  202.302623] e2fsck: -(1584272--1584273) -1584275 -(1584277--1584278) -1584283 -(1584286--1584287) -1584289 -(1584293--1584294) -1584299 -(1584302--1584303) -1584307 -1584311 -1584313 -1584315 -(1584318--1584321) -1584324 -1584326 -(1584331--1584332) -(1584334--1584338) -(1584340--1584341) -1584343 -(1584345--1584349) -1584351 -1584353 -1584355 -1584357 -1584359 -(1584361--1584365) -1584368 -1584371 -(1584374--1584376) -1584381 -1584383 -1584385 -(1584393--1584396) -1584401 -1584403 -(1584405--1584406) -(1584408--15
[  202.302623] e2fsck: -(1584272--1584273) -1584275 -(1584277--1584278) -1584283 -(1584286--1584287) -1584289 -(1584293--1584294) -1584299 -(1584302--1584303) -1584307 -1584311 -1584313 -1584315 -(1584318--1584321) -1584324 -1584326 -(1584331--1584332) -(1584334--1584338) -(1584340--1584341) -1584343 -(1584345--1584349) -1584351 -1584353 -1584355 -1584357 -1584359 -(1584361--1584365) -1584368 -1584371 -(1584374--1584376) -1584381 -1584383 -1584385 -(1584393--1584396) -1584401 -1584403 -(1584405--1584406) -(1584408--15
[  203.152787] e2fsck: 585413 -1585416 -(1585419--1585421) -(1585424--1585428) -1585435 -1585437 -(1585439--1585441) -1585446 -1585448 -(1585450--1585452) -1585454 -1585456 -1585458 -1585460 -(1585462--1585463) -(1585468--1585471) -1585474 -1585476 -(1585479--1585482) -1585484 -1585486 -(1585491--1585493) -1585499 -1585503 -(1585506--1585509) -1585512 -1585514 -1585516 -1585518 -1585520 -(1585524--1585525) -1585527 -1585532 -1585535 -(1585537--1585539) -(1585541--1585542) -1585544 -1585547 -(1585550--1585553) -(158555
[  203.152787] e2fsck: 585413 -1585416 -(1585419--1585421) -(1585424--1585428) -1585435 -1585437 -(1585439--1585441) -1585446 -1585448 -(1585450--1585452) -1585454 -1585456 -1585458 -1585460 -(1585462--1585463) -(1585468--1585471) -1585474 -1585476 -(1585479--1585482) -1585484 -1585486 -(1585491--1585493) -1585499 -1585503 -(1585506--1585509) -1585512 -1585514 -1585516 -1585518 -1585520 -(1585524--1585525) -1585527 -1585532 -1585535 -(1585537--1585539) -(1585541--1585542) -1585544 -1585547 -(1585550--1585553) -(158555
[  204.058742] e2fsck: 22) -(1586528--1586530) -1586534 -(1586536--1586537) -(1586542--1586545) -(1586547--1586549) -1586551 -1586553 -(1586555--1586556) -1586559 -1586564 -1586570 -1586572 -1586575 -(1586577--1586578) -1586580 -(1586582--1586583) -(1586588--1586589) -1586591 -1586593 -(1586599--1586600) -(1586603--1586605) -1586607 -(1586609--1586611) -1586613 -(1586617--1586619) -(1586623--1586627) -1586630 -(1586632--1586633) -(1586635--1586638) -1586640 -(1586642--1586646) -(1586651--1586652) -(1586663--1586666) -
[  204.058742] e2fsck: 22) -(1586528--1586530) -1586534 -(1586536--1586537) -(1586542--1586545) -(1586547--1586549) -1586551 -1586553 -(1586555--1586556) -1586559 -1586564 -1586570 -1586572 -1586575 -(1586577--1586578) -1586580 -(1586582--1586583) -(1586588--1586589) -1586591 -1586593 -(1586599--1586600) -(1586603--1586605) -1586607 -(1586609--1586611) -1586613 -(1586617--1586619) -(1586623--1586627) -1586630 -(1586632--1586633) -(1586635--1586638) -1586640 -(1586642--1586646) -(1586651--1586652) -(1586663--1586666) -
[  204.999007] e2fsck: 670) -1587672 -(1587676--1587677) -1587680 -(1587683--1587685) -1587690 -(1587692--1587693) -1587695 -1587701 -(1587703--1587704) -1587706 -1587711 -(1587713--1587714) -(1587719--1587720) -(1587722--1587723) -(1587725--1587727) -(1587730--1587731) -(1587736--1587741) -(1587743--1587744) -(1587747--1587748) -1587752 -1587754 -1587756 -1587759 -1587766 -1587768 -1587770 -1587772 -(1587774--1587775) -1587780 -(1587783--1587785) -1587787 -(1587790--1587791) -1587797 -1587799 -1587802 -(1587805--1587
[  204.999007] e2fsck: 670) -1587672 -(1587676--1587677) -1587680 -(1587683--1587685) -1587690 -(1587692--1587693) -1587695 -1587701 -(1587703--1587704) -1587706 -1587711 -(1587713--1587714) -(1587719--1587720) -(1587722--1587723) -(1587725--1587727) -(1587730--1587731) -(1587736--1587741) -(1587743--1587744) -(1587747--1587748) -1587752 -1587754 -1587756 -1587759 -1587766 -1587768 -1587770 -1587772 -(1587774--1587775) -1587780 -(1587783--1587785) -1587787 -(1587790--1587791) -1587797 -1587799 -1587802 -(1587805--1587
[  205.869231] e2fsck:  -(1588776--1588777) -1588780 -(1588783--1588784) -(1588789--1588792) -1588794 -(1588797--1588800) -1588802 -1588804 -1588806 -1588809 -1588816 -1588818 -1588821 -1588823 -1588825 -1588830 -1588832 -1588838 -(1588841--1588845) -(1588848--1588849) -1588852 -1588855 -1588862 -(1588866--1588867) -1588874 -1588879 -1588881 -1588883 -(1588886--1588890) -1588893 -(1588896--1588897) -1588899 -1588901 -(1588903--1588905) -(1588907--1588908) -1588914 -(1588922--1588924) -1588926 -(1588933--1588935) -1588
[  205.869231] e2fsck:  -(1588776--1588777) -1588780 -(1588783--1588784) -(1588789--1588792) -1588794 -(1588797--1588800) -1588802 -1588804 -1588806 -1588809 -1588816 -1588818 -1588821 -1588823 -1588825 -1588830 -1588832 -1588838 -(1588841--1588845) -(1588848--1588849) -1588852 -1588855 -1588862 -(1588866--1588867) -1588874 -1588879 -1588881 -1588883 -(1588886--1588890) -1588893 -(1588896--1588897) -1588899 -1588901 -(1588903--1588905) -(1588907--1588908) -1588914 -(1588922--1588924) -1588926 -(1588933--1588935) -1588
[  206.567233] e2fsck: -1589901) -1589903 -1589910 -(1589912--1589914) -(1589917--1589920) -1589922 -1589926 -(1589930--1589932) -1589934 -1589937 -1589942 -1589944 -1589947 -1589949 -1589951 -(1589954--1589955) -1589959 -(1589961--1589968) -1589971 -(1589973--1589976) -(1589978--1589981) -1589983 -1589986 -(1589990--1589991) -1589994 -(1589997--1589998) -1590000 -1590002 -1590004 -1590006 -1590008 -1590010 -(1590012--1590013) -(1590016--1590017) -1590021 -1590023 -(1590025--1590028) -1590030 -(1590032--1590038) -1590
[  206.567233] e2fsck: -1589901) -1589903 -1589910 -(1589912--1589914) -(1589917--1589920) -1589922 -1589926 -(1589930--1589932) -1589934 -1589937 -1589942 -1589944 -1589947 -1589949 -1589951 -(1589954--1589955) -1589959 -(1589961--1589968) -1589971 -(1589973--1589976) -(1589978--1589981) -1589983 -1589986 -(1589990--1589991) -1589994 -(1589997--1589998) -1590000 -1590002 -1590004 -1590006 -1590008 -1590010 -(1590012--1590013) -(1590016--1590017) -1590021 -1590023 -(1590025--1590028) -1590030 -(1590032--1590038) -1590
[  207.267297] e2fsck: 591044 -(1591046--1591047) -(1591049--1591052) -(1591054--1591056) -(1591060--1591062) -1591064 -(1591066--1591069) -(1591071--1591072) -(1591075--1591077) -(1591079--1591080) -1591082 -1591085 -1591088 -(1591090--1591095) -(1591098--1591099) -(1591108--1591110) -(1591113--1591114) -1591116 -(1591119--1591121) -(1591126--1591129) -1591133 -(1591135--1591137) -(1591139--1591141) -1591143 -1591147 -1591150 -1591152 -1591154 -1591157 -1591163 -1591166 -1591171 -(1591174--1591176) -1591178 -(1591182
[  207.267297] e2fsck: 591044 -(1591046--1591047) -(1591049--1591052) -(1591054--1591056) -(1591060--1591062) -1591064 -(1591066--1591069) -(1591071--1591072) -(1591075--1591077) -(1591079--1591080) -1591082 -1591085 -1591088 -(1591090--1591095) -(1591098--1591099) -(1591108--1591110) -(1591113--1591114) -1591116 -(1591119--1591121) -(1591126--1591129) -1591133 -(1591135--1591137) -(1591139--1591141) -1591143 -1591147 -1591150 -1591152 -1591154 -1591157 -1591163 -1591166 -1591171 -(1591174--1591176) -1591178 -(1591182
[  208.037664] e2fsck: 592213 -1592215 -(1592221--1592222) -1592224 -(1592226--1592227) -1592229 -1592233 -(1592239--1592240) -(1592244--1592248) -(1592253--1592254) -1592258 -1592261 -(1592263--1592266) -(1592269--1592272) -(1592275--1592276) -(1592278--1592279) -1592281 -1592286 -(1592288--1592291) -1592293 -1592299 -(1592301--1592302) -1592308 -1592311 -1592313 -(1592315--1592316) -1592318 -1592320 -1592322 -(1592325--1592326) -(1592330--1592335) -(1592337--1592343) -(1592345--1592347) -1592350 -1592355 -1592357 -(
[  208.037664] e2fsck: 592213 -1592215 -(1592221--1592222) -1592224 -(1592226--1592227) -1592229 -1592233 -(1592239--1592240) -(1592244--1592248) -(1592253--1592254) -1592258 -1592261 -(1592263--1592266) -(1592269--1592272) -(1592275--1592276) -(1592278--1592279) -1592281 -1592286 -(1592288--1592291) -1592293 -1592299 -(1592301--1592302) -1592308 -1592311 -1592313 -(1592315--1592316) -1592318 -1592320 -1592322 -(1592325--1592326) -(1592330--1592335) -(1592337--1592343) -(1592345--1592347) -1592350 -1592355 -1592357 -(
[  208.909944] e2fsck: 93365--1593367) -1593372 -1593374 -1593376 -1593378 -1593380 -(1593382--1593384) -1593386 -1593388 -(1593391--1593394) -(1593396--1593397) -1593399 -(1593407--1593410) -(1593415--1593417) -1593420 -1593423 -(1593425--1593426) -(1593429--1593430) -(1593432--1593436) -1593440 -1593443 -(1593445--1593449) -(1593451--1593456) -(1593461--1593465) -(1593469--1593470) -(1593473--1593477) -1593480 -(1593482--1593485) -(1593488--1593497) -1593501 -(1593503--1593507) -(1593509--1593511) -(1593514--1593515
[  208.909944] e2fsck: 93365--1593367) -1593372 -1593374 -1593376 -1593378 -1593380 -(1593382--1593384) -1593386 -1593388 -(1593391--1593394) -(1593396--1593397) -1593399 -(1593407--1593410) -(1593415--1593417) -1593420 -1593423 -(1593425--1593426) -(1593429--1593430) -(1593432--1593436) -1593440 -1593443 -(1593445--1593449) -(1593451--1593456) -(1593461--1593465) -(1593469--1593470) -(1593473--1593477) -1593480 -(1593482--1593485) -(1593488--1593497) -1593501 -(1593503--1593507) -(1593509--1593511) -(1593514--1593515
[  209.870678] e2fsck: 1594530) -(1594533--1594535) -(1594538--1594542) -(1594545--1594546) -1594548 -1594550 -(1594552--1594553) -(1594556--1594558) -(1594560--1594561) -1594566 -1594569 -(1594571--1594572) -1594574 -(1594576--1594577) -1594581 -1594583 -(1594585--1594587) -(1594590--1594591) -1594593 -(1594597--1594599) -(1594601--1594602) -(1594604--1594607) -1594609 -1594611 -1594613 -1594615 -1594619 -1594623 -1594625 -1594627 -1594630 -(1594632--1594634) -1594638 -1594641 -(1594643--1594645) -1594650 -1594652 -1
[  209.870678] e2fsck: 1594530) -(1594533--1594535) -(1594538--1594542) -(1594545--1594546) -1594548 -1594550 -(1594552--1594553) -(1594556--1594558) -(1594560--1594561) -1594566 -1594569 -(1594571--1594572) -1594574 -(1594576--1594577) -1594581 -1594583 -(1594585--1594587) -(1594590--1594591) -1594593 -(1594597--1594599) -(1594601--1594602) -(1594604--1594607) -1594609 -1594611 -1594613 -1594615 -1594619 -1594623 -1594625 -1594627 -1594630 -(1594632--1594634) -1594638 -1594641 -(1594643--1594645) -1594650 -1594652 -1
[  210.762800] e2fsck: 5622 -1595626 -(1595628--1595629) -1595631 -1595633 -(1595636--1595637) -(1595644--1595646) -1595649 -1595655 -1595664 -(1595666--1595667) -1595670 -1595672 -1595674 -1595676 -(1595682--1595684) -1595686 -(1595689--1595690) -1595693 -(1595695--1595702) -1595706 -1595710 -1595713 -(1595716--1595717) -1595720 -1595722 -(1595724--1595725) -(1595728--1595729) -1595731 -(1595735--1595736) -1595739 -1595744 -(1595747--1595749) -(1595751--1595753) -1595759 -(1595762--1595767) -1595769 -(1595772--159577
[  210.762800] e2fsck: 5622 -1595626 -(1595628--1595629) -1595631 -1595633 -(1595636--1595637) -(1595644--1595646) -1595649 -1595655 -1595664 -(1595666--1595667) -1595670 -1595672 -1595674 -1595676 -(1595682--1595684) -1595686 -(1595689--1595690) -1595693 -(1595695--1595702) -1595706 -1595710 -1595713 -(1595716--1595717) -1595720 -1595722 -(1595724--1595725) -(1595728--1595729) -1595731 -(1595735--1595736) -1595739 -1595744 -(1595747--1595749) -(1595751--1595753) -1595759 -(1595762--1595767) -1595769 -(1595772--159577
[  211.881177] e2fsck: 14 -(1596716--1596717) -1596719 -(1596721--1596722) -1596724 -1596726 -1596728 -(1596731--1596732) -1596734 -1596736 -1596738 -(1596741--1596743) -1596746 -(1596749--1596753) -(1596756--1596758) -(1596761--1596763) -(1596765--1596767) -(1596770--1596772) -(1596776--1596779) -(1596781--1596783) -(1596785--1596786) -(1596788--1596792) -(1596799--1596800) -(1596803--1596805) -1596809 -1596812 -1596818 -(1596820--1596822) -1596824 -1596826 -1596829 -1596833 -(1596835--1596836) -(1596838--1596839) -(
[  211.881177] e2fsck: 14 -(1596716--1596717) -1596719 -(1596721--1596722) -1596724 -1596726 -1596728 -(1596731--1596732) -1596734 -1596736 -1596738 -(1596741--1596743) -1596746 -(1596749--1596753) -(1596756--1596758) -(1596761--1596763) -(1596765--1596767) -(1596770--1596772) -(1596776--1596779) -(1596781--1596783) -(1596785--1596786) -(1596788--1596792) -(1596799--1596800) -(1596803--1596805) -1596809 -1596812 -1596818 -(1596820--1596822) -1596824 -1596826 -1596829 -1596833 -(1596835--1596836) -(1596838--1596839) -(
[  212.717489] e2fsck: 7812--1597814) -(1597816--1597817) -1597819 -1597821 -(1597826--1597829) -(1597837--1597838) -1597842 -1597844 -(1597846--1597848) -1597852 -(1597854--1597855) -(1597858--1597860) -(1597863--1597864) -(1597867--1597868) -(1597870--1597872) -(1597875--1597876) -(1597878--1597879) -1597881 -(1597883--1597887) -(1597889--1597890) -1597897 -(1597900--1597903) -1597908 -1597910 -(1597912--1597913) -1597917 -(1597919--1597923) -(1597927--1597931) -1597933 -1597935 -1597940 -1597942 -1597944 -(1597946-
[  212.717489] e2fsck: 7812--1597814) -(1597816--1597817) -1597819 -1597821 -(1597826--1597829) -(1597837--1597838) -1597842 -1597844 -(1597846--1597848) -1597852 -(1597854--1597855) -(1597858--1597860) -(1597863--1597864) -(1597867--1597868) -(1597870--1597872) -(1597875--1597876) -(1597878--1597879) -1597881 -(1597883--1597887) -(1597889--1597890) -1597897 -(1597900--1597903) -1597908 -1597910 -(1597912--1597913) -1597917 -(1597919--1597923) -(1597927--1597931) -1597933 -1597935 -1597940 -1597942 -1597944 -(1597946-
[  213.424567] e2fsck:  -1598954 -1598956 -1598958 -(1598960--1598962) -(1598964--1598965) -(1598968--1598969) -(1598971--1598972) -1598974 -(1598976--1598977) -(1598980--1598981) -1598983 -(1598986--1598988) -(1598990--1598993) -1598995 -1598999 -1599004 -(1599007--1599009) -(1599012--1599013) -1599019 -(1599021--1599022) -(1599025--1599028) -1599031 -1599034 -(1599037--1599042) -1599044 -1599046 -1599049 -1599052 -(1599057--1599058) -1599060 -(1599068--1599070) -(1599074--1599075) -(1599079--1599080) -1599082 -(1599
[  213.424567] e2fsck:  -1598954 -1598956 -1598958 -(1598960--1598962) -(1598964--1598965) -(1598968--1598969) -(1598971--1598972) -1598974 -(1598976--1598977) -(1598980--1598981) -1598983 -(1598986--1598988) -(1598990--1598993) -1598995 -1598999 -1599004 -(1599007--1599009) -(1599012--1599013) -1599019 -(1599021--1599022) -(1599025--1599028) -1599031 -1599034 -(1599037--1599042) -1599044 -1599046 -1599049 -1599052 -(1599057--1599058) -1599060 -(1599068--1599070) -(1599074--1599075) -(1599079--1599080) -1599082 -(1599
[  214.206321] e2fsck: 1600081--1600082) -(1600084--1600087) -(1600089--1600090) -1600092 -(1600094--1600096) -1600100 -1600102 -(1600104--1600105) -1600108 -1600110 -(1600114--1600115) -1600117 -(1600120--1600122) -(1600124--1600128) -(1600130--1600132) -(1600135--1600140) -1600142 -1600144 -(1600147--1600148) -1600152 -1600154 -1600158 -(1600162--1600164) -1600167 -1600169 -1600171 -1600175 -1600177 -(1600182--1600183) -1600186 -(1600188--1600190) -1600196 -(1600200--1600206) -1600208 -1600210 -(1600212--1600214) -1
[  214.206321] e2fsck: 1600081--1600082) -(1600084--1600087) -(1600089--1600090) -1600092 -(1600094--1600096) -1600100 -1600102 -(1600104--1600105) -1600108 -1600110 -(1600114--1600115) -1600117 -(1600120--1600122) -(1600124--1600128) -(1600130--1600132) -(1600135--1600140) -1600142 -1600144 -(1600147--1600148) -1600152 -1600154 -1600158 -(1600162--1600164) -1600167 -1600169 -1600171 -1600175 -1600177 -(1600182--1600183) -1600186 -(1600188--1600190) -1600196 -(1600200--1600206) -1600208 -1600210 -(1600212--1600214) -1
[  214.897988] e2fsck: -(1601175--1601176) -1601178 -(1601181--1601183) -1601187 -1601192 -(1601195--1601196) -1601199 -(1601201--1601204) -1601206 -(1601208--1601209) -(1601216--1601217) -1601222 -(1601224--1601225) -(1601227--1601229) -(1601232--1601236) -1601241 -(1601244--1601245) -1601247 -1601249 -(1601252--1601253) -(1601255--1601256) -1601259 -1601261 -(1601263--1601265) -1601267 -(1601269--1601271) -(1601275--1601277) -(1601279--1601280) -1601282 -1601286 -1601291 -1601293 -(1601297--1601299) -1601301 -(16013
[  214.897988] e2fsck: -(1601175--1601176) -1601178 -(1601181--1601183) -1601187 -1601192 -(1601195--1601196) -1601199 -(1601201--1601204) -1601206 -(1601208--1601209) -(1601216--1601217) -1601222 -(1601224--1601225) -(1601227--1601229) -(1601232--1601236) -1601241 -(1601244--1601245) -1601247 -1601249 -(1601252--1601253) -(1601255--1601256) -1601259 -1601261 -(1601263--1601265) -1601267 -(1601269--1601271) -(1601275--1601277) -(1601279--1601280) -1601282 -1601286 -1601291 -1601293 -(1601297--1601299) -1601301 -(16013
[  215.577493] e2fsck: 79--1602280) -(1602284--1602286) -(1602288--1602289) -(1602291--1602292) -(1602296--1602297) -(1602299--1602300) -(1602302--1602310) -1602315 -(1602320--1602322) -(1602324--1602326) -1602331 -(1602333--1602334) -(1602336--1602338) -1602341 -1602346 -(1602352--1602353) -(1602356--1602357) -1602359 -1602361 -(1602363--1602365) -1602369 -(1602372--1602375) -1602377 -1602380 -(1602385--1602389) -(1602392--1602393) -1602395 -(1602397--1602398) -1602403 -1602405 -1602407 -(1602409--1602410) -(1602412-
[  215.577493] e2fsck: 79--1602280) -(1602284--1602286) -(1602288--1602289) -(1602291--1602292) -(1602296--1602297) -(1602299--1602300) -(1602302--1602310) -1602315 -(1602320--1602322) -(1602324--1602326) -1602331 -(1602333--1602334) -(1602336--1602338) -1602341 -1602346 -(1602352--1602353) -(1602356--1602357) -1602359 -1602361 -(1602363--1602365) -1602369 -(1602372--1602375) -1602377 -1602380 -(1602385--1602389) -(1602392--1602393) -1602395 -(1602397--1602398) -1602403 -1602405 -1602407 -(1602409--1602410) -(1602412-
[  216.246044] e2fsck: 3399) -1603401 -(1603403--1603404) -(1603406--1603408) -(1603412--1603413) -(1603416--1603417) -(1603419--1603421) -(1603423--1603424) -1603428 -(1603431--1603432) -(1603435--1603436) -(1603440--1603443) -1603448 -1603450 -1603453 -(1603456--1603457) -1603460 -(1603464--1603466) -(1603469--1603470) -(1603473--1603475) -(1603477--1603478) -(1603480--1603481) -(1603483--1603485) -(1603489--1603490) -1603492 -1603494 -(1603497--1603498) -(1603500--1603501) -(1603503--1603504) -(1603506--1603507) -(
[  216.246044] e2fsck: 3399) -1603401 -(1603403--1603404) -(1603406--1603408) -(1603412--1603413) -(1603416--1603417) -(1603419--1603421) -(1603423--1603424) -1603428 -(1603431--1603432) -(1603435--1603436) -(1603440--1603443) -1603448 -1603450 -1603453 -(1603456--1603457) -1603460 -(1603464--1603466) -(1603469--1603470) -(1603473--1603475) -(1603477--1603478) -(1603480--1603481) -(1603483--1603485) -(1603489--1603490) -1603492 -1603494 -(1603497--1603498) -(1603500--1603501) -(1603503--1603504) -(1603506--1603507) -(
[  216.915335] e2fsck: 81 -(1604484--1604488) -(1604492--1604501) -1604504 -1604506 -(1604509--1604510) -(1604516--1604518) -1604521 -1604523 -(1604525--1604527) -1604531 -(1604533--1604534) -(1604537--1604538) -(1604542--1604548) -(1604550--1604554) -1604556 -(1604558--1604561) -(1604563--1604564) -1604566 -1604568 -(1604571--1604574) -(1604576--1604577) -1604579 -(1604583--1604584) -(1604586--1604592) -1604604 -(1604609--1604612) -(1604614--1604615) -(1604618--1604620) -1604623 -(1604625--1604630) -(1604632--1604635
[  216.915335] e2fsck: 81 -(1604484--1604488) -(1604492--1604501) -1604504 -1604506 -(1604509--1604510) -(1604516--1604518) -1604521 -1604523 -(1604525--1604527) -1604531 -(1604533--1604534) -(1604537--1604538) -(1604542--1604548) -(1604550--1604554) -1604556 -(1604558--1604561) -(1604563--1604564) -1604566 -1604568 -(1604571--1604574) -(1604576--1604577) -1604579 -(1604583--1604584) -(1604586--1604592) -1604604 -(1604609--1604612) -(1604614--1604615) -(1604618--1604620) -1604623 -(1604625--1604630) -(1604632--1604635
[  217.561805] e2fsck: 2 +(1605664--1605667) +1605669 +1605671 +(1605673--1605675) +1605677 +(1605679--1605680) +1605682 +1605684 +(1605686--1605687) +(1605689--1605694) +(1605696--1605697) +(1605701--1605702) +(1605704--1605709) +(1605713--1605715) +1605718 +1605722 +(1605724--1605728) +1605731 +(1605737--1605738) +1605740 +1605743 +1605745 +1605747 +(1605750--1605752) +1605757 +1605759 +(1605762--1605765) +1605767 +1605769 +1605771 +1605773 +(1605775--1605776) +(1605781--1605783) +1605788 +(1605790--1605791) +160579
[  217.561805] e2fsck: 2 +(1605664--1605667) +1605669 +1605671 +(1605673--1605675) +1605677 +(1605679--1605680) +1605682 +1605684 +(1605686--1605687) +(1605689--1605694) +(1605696--1605697) +(1605701--1605702) +(1605704--1605709) +(1605713--1605715) +1605718 +1605722 +(1605724--1605728) +1605731 +(1605737--1605738) +1605740 +1605743 +1605745 +1605747 +(1605750--1605752) +1605757 +1605759 +(1605762--1605765) +1605767 +1605769 +1605771 +1605773 +(1605775--1605776) +(1605781--1605783) +1605788 +(1605790--1605791) +160579
[  218.258645] e2fsck: 606785--1606791) -(1606793--1606796) -(1606798--1606800) -1606802 -(1606806--1606810) -(1606814--1606815) -1606818 -1606823 -(1606827--1606828) -1606830 -(1606832--1606833) -1606836 -(1606840--1606841) -(1606843--1606845) -1606847 -(1606849--1606850) -(1606854--1606855) -(1606857--1606859) -1606865 -1606867 -1606869 -(1606873--1606876) -1606880 -1606884 -(1606886--1606888) -1606893 -(1606895--1606896) -1606898 -(1606900--1606901) -(1606905--1606907) -(1606914--1606917) -1606919 -1606922 -1606925
[  218.258645] e2fsck: 606785--1606791) -(1606793--1606796) -(1606798--1606800) -1606802 -(1606806--1606810) -(1606814--1606815) -1606818 -1606823 -(1606827--1606828) -1606830 -(1606832--1606833) -1606836 -(1606840--1606841) -(1606843--1606845) -1606847 -(1606849--1606850) -(1606854--1606855) -(1606857--1606859) -1606865 -1606867 -1606869 -(1606873--1606876) -1606880 -1606884 -(1606886--1606888) -1606893 -(1606895--1606896) -1606898 -(1606900--1606901) -(1606905--1606907) -(1606914--1606917) -1606919 -1606922 -1606925
[  219.180429] e2fsck: 1607915) -(1607918--1607920) -(1607922--1607923) -(1607925--1607926) -(1607928--1607930) -1607932 -(1607935--1607936) -1607939 -(1607941--1607942) -(1607945--1607947) -(1607949--1607950) -1607952 -1607956 -1607958 -1607961 -1607963 -(1607966--1607967) -(1607969--1607971) -1607975 -1607978 -1607981 -(1607984--1607987) -(1607990--1607991) -(1607993--1607998) -(1608000--1608003) -1608005 -(1608008--1608009) -(1608011--1608013) -1608016 -1608018 -1608021 -1608023 -1608026 -1608028 -(1608030--1608031
[  219.180429] e2fsck: 1607915) -(1607918--1607920) -(1607922--1607923) -(1607925--1607926) -(1607928--1607930) -1607932 -(1607935--1607936) -1607939 -(1607941--1607942) -(1607945--1607947) -(1607949--1607950) -1607952 -1607956 -1607958 -1607961 -1607963 -(1607966--1607967) -(1607969--1607971) -1607975 -1607978 -1607981 -(1607984--1607987) -(1607990--1607991) -(1607993--1607998) -(1608000--1608003) -1608005 -(1608008--1608009) -(1608011--1608013) -1608016 -1608018 -1608021 -1608023 -1608026 -1608028 -(1608030--1608031
[  220.033434] e2fsck:  -1609083 -1609085 -1609087 -(1609089--1609091) -1609094 -(1609096--1609097) -1609100 -1609102 -1609105 -1609107 -(1609112--1609113) -(1609115--1609117) -(1609122--1609123) -(1609125--1609126) -1609128 -1609130 -(1609137--1609138) -1609143 -1609147 -(1609153--1609154) -1609156 -1609158 -1609160 -1609163 -1609165 -1609167 -(1609170--1609171) -(1609173--1609174) -(1609176--1609177) -(1609179--1609183) -(1609186--1609189) -(1609194--1609195) -(1609197--1609198) -1609201 -(1609203--1609206) -1609209
[  220.033434] e2fsck:  -1609083 -1609085 -1609087 -(1609089--1609091) -1609094 -(1609096--1609097) -1609100 -1609102 -1609105 -1609107 -(1609112--1609113) -(1609115--1609117) -(1609122--1609123) -(1609125--1609126) -1609128 -1609130 -(1609137--1609138) -1609143 -1609147 -(1609153--1609154) -1609156 -1609158 -1609160 -1609163 -1609165 -1609167 -(1609170--1609171) -(1609173--1609174) -(1609176--1609177) -(1609179--1609183) -(1609186--1609189) -(1609194--1609195) -(1609197--1609198) -1609201 -(1609203--1609206) -1609209
[  220.936930] e2fsck: 0234 -(1610237--1610240) -1610242 -(1610246--1610249) -1610251 -(1610253--1610254) -1610256 -1610261 -(1610263--1610267) -1610269 -(1610271--1610272) -1610274 -(1610277--1610278) -1610280 -(1610284--1610286) -1610288 -1610290 -1610294 -1610298 -(1610306--1610308) -1610310 -(1610312--1610313) -(1610315--1610318) -(1610320--1610323) -1610332 -(1610336--1610337) -1610339 -1610342 -1610344 -(1610346--1610347) -1610349 -1610351 -1610354 -1610358 -1610360 -1610362 -1610364 -1610368 -1610371 -1610375 -
[  220.936930] e2fsck: 0234 -(1610237--1610240) -1610242 -(1610246--1610249) -1610251 -(1610253--1610254) -1610256 -1610261 -(1610263--1610267) -1610269 -(1610271--1610272) -1610274 -(1610277--1610278) -1610280 -(1610284--1610286) -1610288 -1610290 -1610294 -1610298 -(1610306--1610308) -1610310 -(1610312--1610313) -(1610315--1610318) -(1610320--1610323) -1610332 -(1610336--1610337) -1610339 -1610342 -1610344 -(1610346--1610347) -1610349 -1610351 -1610354 -1610358 -1610360 -1610362 -1610364 -1610368 -1610371 -1610375 -
[  222.050908] e2fsck: 15) -(1611417--1611418) -1611420 -(1611422--1611423) -(1611425--1611427) -(1611434--1611436) -(1611439--1611444) -1611450 -(1611454--1611455) -1611460 -(1611462--1611464) -(1611467--1611469) -(1611472--1611473) -1611476 -(1611479--1611481) -(1611484--1611485) -1611487 -(1611491--1611494) -1611499 -(1611503--1611505) -1611508 -1611510 -(1611513--1611515) -(1611518--1611522) -1611524 -(1611526--1611528) -(1611530--1611531) -1611533 -1611535 -1611537 -(1611539--1611541) -(1611543--1611545) -1611547
[  222.050908] e2fsck: 15) -(1611417--1611418) -1611420 -(1611422--1611423) -(1611425--1611427) -(1611434--1611436) -(1611439--1611444) -1611450 -(1611454--1611455) -1611460 -(1611462--1611464) -(1611467--1611469) -(1611472--1611473) -1611476 -(1611479--1611481) -(1611484--1611485) -1611487 -(1611491--1611494) -1611499 -(1611503--1611505) -1611508 -1611510 -(1611513--1611515) -(1611518--1611522) -1611524 -(1611526--1611528) -(1611530--1611531) -1611533 -1611535 -1611537 -(1611539--1611541) -(1611543--1611545) -1611547
[  222.910265] e2fsck: 1612570--1612571) -1612574 -1612577 -(1612579--1612584) -(1612586--1612588) -(1612597--1612602) -(1612604--1612606) -(1612610--1612613) -(1612615--1612617) -(1612619--1612621) -1612623 -(1612625--1612630) -(1612632--1612634) -1612638 -(1612641--1612642) -1612645 -1612648 -(1612650--1612651) -(1612654--1612655) -(1612657--1612659) -1612663 -(1612665--1612666) -(1612668--1612671) -(1612675--1612677) -(1612680--1612681) -1612683 -1612685 -1612688 -1612692 -1612694 -(1612699--1612703) -1612706 -1612
[  222.910265] e2fsck: 1612570--1612571) -1612574 -1612577 -(1612579--1612584) -(1612586--1612588) -(1612597--1612602) -(1612604--1612606) -(1612610--1612613) -(1612615--1612617) -(1612619--1612621) -1612623 -(1612625--1612630) -(1612632--1612634) -1612638 -(1612641--1612642) -1612645 -1612648 -(1612650--1612651) -(1612654--1612655) -(1612657--1612659) -1612663 -(1612665--1612666) -(1612668--1612671) -(1612675--1612677) -(1612680--1612681) -1612683 -1612685 -1612688 -1612692 -1612694 -(1612699--1612703) -1612706 -1612
[  223.748811] e2fsck: 694) -(1613700--1613701) -1613703 -(1613705--1613707) -1613709 -(1613712--1613713) -(1613715--1613718) -(1613721--1613722) -(1613724--1613726) -(1613729--1613730) -(1613732--1613734) -(1613738--1613739) -1613741 -1613743 -(1613745--1613746) -1613751 -1613753 -(1613759--1613760) -1613767 -(1613770--1613773) -1613778 -1613780 -1613785 -1613787 -(1613791--1613793) -1613795 -1613798 -1613803 -(1613807--1613810) -1613815 -1613819 -1613823 -1613825 -1613830 -1613835 -(1613837--1613839) -1613842 -16138
[  223.748811] e2fsck: 694) -(1613700--1613701) -1613703 -(1613705--1613707) -1613709 -(1613712--1613713) -(1613715--1613718) -(1613721--1613722) -(1613724--1613726) -(1613729--1613730) -(1613732--1613734) -(1613738--1613739) -1613741 -1613743 -(1613745--1613746) -1613751 -1613753 -(1613759--1613760) -1613767 -(1613770--1613773) -1613778 -1613780 -1613785 -1613787 -(1613791--1613793) -1613795 -1613798 -1613803 -(1613807--1613810) -1613815 -1613819 -1613823 -1613825 -1613830 -1613835 -(1613837--1613839) -1613842 -16138
[  224.738605] e2fsck: 14867--1614868) -1614870 -(1614873--1614876) -1614882 -1614884 -(1614887--1614888) -(1614892--1614893) -(1614898--1614904) -(1614906--1614909) -(1614912--1614917) -(1614921--1614922) -1614925 -(1614927--1614930) -1614937 -1614939 -(1614941--1614943) -(1614945--1614946) -(1614951--1614954) -1614956 -(1614958--1614962) -1614966 -(1614969--1614971) -1614974 -1614978 -1614982 -1614984 -(1614986--1614987) -(1614990--1614991) -1614993 -1614995 -1615000 -(1615005--1615006) -1615008 -1615012 -1615016 -1
[  224.738605] e2fsck: 14867--1614868) -1614870 -(1614873--1614876) -1614882 -1614884 -(1614887--1614888) -(1614892--1614893) -(1614898--1614904) -(1614906--1614909) -(1614912--1614917) -(1614921--1614922) -1614925 -(1614927--1614930) -1614937 -1614939 -(1614941--1614943) -(1614945--1614946) -(1614951--1614954) -1614956 -(1614958--1614962) -1614966 -(1614969--1614971) -1614974 -1614978 -1614982 -1614984 -(1614986--1614987) -(1614990--1614991) -1614993 -1614995 -1615000 -(1615005--1615006) -1615008 -1615012 -1615016 -1
[  225.554714] e2fsck: 028 -(1616032--1616034) -(1616036--1616037) -1616040 -(1616043--1616044) -(1616046--1616047) -(1616049--1616050) -1616052 -1616056 -1616058 -1616061 -1616063 -1616067 -(1616069--1616070) -(1616072--1616073) -(1616075--1616077) -1616080 -(1616082--1616086) -1616088 -1616091 -1616095 -(1616102--1616103) -(1616105--1616106) -1616110 -1616113 -(1616115--1616117) -(1616120--1616121) -1616125 -1616130 -1616133 -1616139 -(1616141--1616142) -(1616145--1616149) -(1616153--1616156) -(1616161--1616165) -16
[  225.554714] e2fsck: 028 -(1616032--1616034) -(1616036--1616037) -1616040 -(1616043--1616044) -(1616046--1616047) -(1616049--1616050) -1616052 -1616056 -1616058 -1616061 -1616063 -1616067 -(1616069--1616070) -(1616072--1616073) -(1616075--1616077) -1616080 -(1616082--1616086) -1616088 -1616091 -1616095 -(1616102--1616103) -(1616105--1616106) -1616110 -1616113 -(1616115--1616117) -(1616120--1616121) -1616125 -1616130 -1616133 -1616139 -(1616141--1616142) -(1616145--1616149) -(1616153--1616156) -(1616161--1616165) -16
[  226.348357] e2fsck: 7158 -1617162 -1617164 -(1617166--1617167) -1617169 -1617175 -1617179 -1617183 -(1617186--1617187) -(1617192--1617200) -1617202 -1617204 -1617211 -(1617214--1617215) -1617218 -(1617221--1617222) -(1617226--1617229) -(1617231--1617232) -1617237 -(1617239--1617240) -(1617247--1617248) -1617250 -1617255 -(1617258--1617259) -(1617261--1617262) -1617264 -(1617270--1617271) -(1617275--1617276) -(1617278--1617280) -(1617285--1617286) -1617289 -1617293 -1617300 -(1617302--1617303) -(1617306--1617307) -(
[  226.348357] e2fsck: 7158 -1617162 -1617164 -(1617166--1617167) -1617169 -1617175 -1617179 -1617183 -(1617186--1617187) -(1617192--1617200) -1617202 -1617204 -1617211 -(1617214--1617215) -1617218 -(1617221--1617222) -(1617226--1617229) -(1617231--1617232) -1617237 -(1617239--1617240) -(1617247--1617248) -1617250 -1617255 -(1617258--1617259) -(1617261--1617262) -1617264 -(1617270--1617271) -(1617275--1617276) -(1617278--1617280) -(1617285--1617286) -1617289 -1617293 -1617300 -(1617302--1617303) -(1617306--1617307) -(
[  227.170709] e2fsck: 8288 -(1618290--1618292) -1618294 -(1618296--1618298) -(1618300--1618301) -1618303 -(1618305--1618306) -1618310 -1618312 -1618315 -1618318 -1618320 -(1618322--1618324) -(1618328--1618329) -1618332 -1618336 -(1618338--1618339) -(1618341--1618343) -1618347 -(1618349--1618350) -(1618353--1618354) -(1618357--1618359) -(1618361--1618363) -1618365 -(1618367--1618374) -(1618376--1618377) -(1618379--1618381) -1618383 -1618386 -1618393 -1618395 -1618398 -1618400 -1618402 -1618405 -(1618407--1618409) -(16
[  227.170709] e2fsck: 8288 -(1618290--1618292) -1618294 -(1618296--1618298) -(1618300--1618301) -1618303 -(1618305--1618306) -1618310 -1618312 -1618315 -1618318 -1618320 -(1618322--1618324) -(1618328--1618329) -1618332 -1618336 -(1618338--1618339) -(1618341--1618343) -1618347 -(1618349--1618350) -(1618353--1618354) -(1618357--1618359) -(1618361--1618363) -1618365 -(1618367--1618374) -(1618376--1618377) -(1618379--1618381) -1618383 -1618386 -1618393 -1618395 -1618398 -1618400 -1618402 -1618405 -(1618407--1618409) -(16
[  227.997587] e2fsck: 619421 -1619424 -(1619427--1619428) -(1619431--1619432) -(1619435--1619437) -(1619440--1619441) -1619444 -1619446 -1619454 -1619456 -(1619458--1619459) -(1619461--1619465) -(1619467--1619468) -(1619479--1619484) -(1619487--1619489) -(1619492--1619495) -1619497 -(1619499--1619501) -1619503 -1619508 -1619510 -1619512 -1619514 -1619516 -(1619520--1619523) -(1619525--1619526) -1619528 -1619532 -(1619538--1619539) -(1619541--1619543) -1619545 -1619548 -1619550 -1619555 -(1619558--1619559) -(1619561--
[  227.997587] e2fsck: 619421 -1619424 -(1619427--1619428) -(1619431--1619432) -(1619435--1619437) -(1619440--1619441) -1619444 -1619446 -1619454 -1619456 -(1619458--1619459) -(1619461--1619465) -(1619467--1619468) -(1619479--1619484) -(1619487--1619489) -(1619492--1619495) -1619497 -(1619499--1619501) -1619503 -1619508 -1619510 -1619512 -1619514 -1619516 -(1619520--1619523) -(1619525--1619526) -1619528 -1619532 -(1619538--1619539) -(1619541--1619543) -1619545 -1619548 -1619550 -1619555 -(1619558--1619559) -(1619561--
[  228.679667] e2fsck: 1620561 -(1620563--1620564) -1620572 -(1620575--1620580) -(1620582--1620584) -(1620592--1620593) -(1620596--1620597) -(1620600--1620602) -1620606 -1620608 -1620610 -(1620612--1620613) -1620617 -(1620620--1620623) -1620625 -1620628 -(1620631--1620632) -(1620634--1620635) -1620637 -(1620639--1620642) -(1620645--1620646) -1620652 -(1620654--1620656) -1620658 -(1620663--1620664) -(1620669--1620671) -(1620675--1620677) -1620682 -1620685 -1620687 -1620689 -(1620692--1620694) -(1620699--1620700) -(1620
[  228.679667] e2fsck: 1620561 -(1620563--1620564) -1620572 -(1620575--1620580) -(1620582--1620584) -(1620592--1620593) -(1620596--1620597) -(1620600--1620602) -1620606 -1620608 -1620610 -(1620612--1620613) -1620617 -(1620620--1620623) -1620625 -1620628 -(1620631--1620632) -(1620634--1620635) -1620637 -(1620639--1620642) -(1620645--1620646) -1620652 -(1620654--1620656) -1620658 -(1620663--1620664) -(1620669--1620671) -(1620675--1620677) -1620682 -1620685 -1620687 -1620689 -(1620692--1620694) -(1620699--1620700) -(1620
[  229.555940] e2fsck: 621682 -1621685 -(1621691--1621692) -(1621695--1621696) -(1621698--1621699) -1621701 -1621703 -1621705 -1621709 -1621716 -1621718 -1621720 -(1621723--1621726) -1621730 -(1621734--1621735) -(1621737--1621739) -1621743 -(1621748--1621749) -1621752 -1621755 -(1621758--1621760) -1621764 -1621766 -1621770 -1621773 -1621775 -1621777 -(1621779--1621781) -(1621786--1621788) -(1621790--1621793) -(1621795--1621797) -1621800 -(1621802--1621803) -(1621805--1621806) -1621810 -(1621812--1621814) -(1621816--16
[  229.555940] e2fsck: 621682 -1621685 -(1621691--1621692) -(1621695--1621696) -(1621698--1621699) -1621701 -1621703 -1621705 -1621709 -1621716 -1621718 -1621720 -(1621723--1621726) -1621730 -(1621734--1621735) -(1621737--1621739) -1621743 -(1621748--1621749) -1621752 -1621755 -(1621758--1621760) -1621764 -1621766 -1621770 -1621773 -1621775 -1621777 -(1621779--1621781) -(1621786--1621788) -(1621790--1621793) -(1621795--1621797) -1621800 -(1621802--1621803) -(1621805--1621806) -1621810 -(1621812--1621814) -(1621816--16
[  230.274704] e2fsck: ) -(1622793--1622798) -(1622805--1622806) -1622808 -(1622814--1622816) -(1622818--1622820) -(1622822--1622827) -(1622831--1622832) -(1622837--1622838) -(1622841--1622842) -1622849 -1622851 -(1622853--1622854) -1622856 -(1622858--1622859) -1622861 -1622866 -1622869 -1622871 -1622874 -(1622881--1622882) -(1622886--1622887) -1622889 -(1622893--1622897) -(1622900--1622908) -(1622912--1622913) -(1622915--1622921) -(1622929--1622931) -1622933 -(1622935--1622938) -1622940 -(1622942--1622943) -1622945 -
[  230.274704] e2fsck: ) -(1622793--1622798) -(1622805--1622806) -1622808 -(1622814--1622816) -(1622818--1622820) -(1622822--1622827) -(1622831--1622832) -(1622837--1622838) -(1622841--1622842) -1622849 -1622851 -(1622853--1622854) -1622856 -(1622858--1622859) -1622861 -1622866 -1622869 -1622871 -1622874 -(1622881--1622882) -(1622886--1622887) -1622889 -(1622893--1622897) -(1622900--1622908) -(1622912--1622913) -(1622915--1622921) -(1622929--1622931) -1622933 -(1622935--1622938) -1622940 -(1622942--1622943) -1622945 -
[  230.917942] e2fsck: -(1623933--1623935) -(1623937--1623941) -1623944 -(1623947--1623949) -1623951 -1623955 -1623963 -1623968 -(1623970--1623971) -1623974 -1623977 -1623980 -1623982 -1623984 -1623986 -(1623988--1623995) -1623997 -1624002 -(1624004--1624006) -(1624008--1624010) -1624012 -(1624016--1624019) -(1624021--1624022) -(1624024--1624027) -(1624030--1624031) -1624033 -(1624035--1624036) -(1624038--1624040) -1624043 -1624046 -(1624048--1624051) -(1624056--1624060) -1624062 -1624064 -1624071 -1624073 -1624075 -(
[  230.917942] e2fsck: -(1623933--1623935) -(1623937--1623941) -1623944 -(1623947--1623949) -1623951 -1623955 -1623963 -1623968 -(1623970--1623971) -1623974 -1623977 -1623980 -1623982 -1623984 -1623986 -(1623988--1623995) -1623997 -1624002 -(1624004--1624006) -(1624008--1624010) -1624012 -(1624016--1624019) -(1624021--1624022) -(1624024--1624027) -(1624030--1624031) -1624033 -(1624035--1624036) -(1624038--1624040) -1624043 -1624046 -(1624048--1624051) -(1624056--1624060) -1624062 -1624064 -1624071 -1624073 -1624075 -(
[  231.954623] e2fsck: 25124) -(1625127--1625129) -1625132 -(1625134--1625138) -1625140 -1625142 -(1625146--1625147) -(1625149--1625151) -(1625154--1625158) -(1625164--1625165) -1625167 -1625171 -1625173 -(1625178--1625179) -1625183 -(1625187--1625189) -(1625194--1625196) -(1625198--1625199) -1625204 -(1625207--1625208) -1625210 -(1625212--1625214) -(1625217--1625219) -(1625221--1625222) -(1625231--1625233) -1625235 -1625241 -1625243 -(1625246--1625248) -(1625250--1625256) -(1625259--1625260) -1625263 -(1625265--16252
[  231.954623] e2fsck: 25124) -(1625127--1625129) -1625132 -(1625134--1625138) -1625140 -1625142 -(1625146--1625147) -(1625149--1625151) -(1625154--1625158) -(1625164--1625165) -1625167 -1625171 -1625173 -(1625178--1625179) -1625183 -(1625187--1625189) -(1625194--1625196) -(1625198--1625199) -1625204 -(1625207--1625208) -1625210 -(1625212--1625214) -(1625217--1625219) -(1625221--1625222) -(1625231--1625233) -1625235 -1625241 -1625243 -(1625246--1625248) -(1625250--1625256) -(1625259--1625260) -1625263 -(1625265--16252
[  232.608150] e2fsck: 26319) -(1626326--1626329) -1626331 -1626335 -1626337 -(1626347--1626348) -(1626350--1626352) -1626356 -(1626358--1626359) -1626361 -(1626365--1626366) -(1626368--1626370) -(1626372--1626374) -1626377 -1626379 -(1626383--1626384) -1626387 -1626391 -(1626396--1626397) -1626402 -1626405 -(1626408--1626411) -1626416 -(1626419--1626420) -(1626422--1626423) -(1626425--1626426) -(1626429--1626435) -(1626438--1626439) -1626446 -1626448 -(1626451--1626452) -(1626454--1626455) -1626458 -(1626460--1626461
[  232.608150] e2fsck: 26319) -(1626326--1626329) -1626331 -1626335 -1626337 -(1626347--1626348) -(1626350--1626352) -1626356 -(1626358--1626359) -1626361 -(1626365--1626366) -(1626368--1626370) -(1626372--1626374) -1626377 -1626379 -(1626383--1626384) -1626387 -1626391 -(1626396--1626397) -1626402 -1626405 -(1626408--1626411) -1626416 -(1626419--1626420) -(1626422--1626423) -(1626425--1626426) -(1626429--1626435) -(1626438--1626439) -1626446 -1626448 -(1626451--1626452) -(1626454--1626455) -1626458 -(1626460--1626461
[  233.341031] e2fsck: 627475) -(1627477--1627478) -(1627481--1627482) -(1627484--1627486) -1627489 -1627491 -(1627495--1627496) -1627498 -1627501 -(1627504--1627506) -1627509 -1627511 -(1627513--1627514) -1627516 -(1627524--1627526) -(1627528--1627531) -1627534 -1627536 -1627539 -1627541 -(1627544--1627545) -(1627551--1627554) -1627556 -(1627559--1627560) -(1627565--1627566) -1627569 -1627572 -1627579 -(1627581--1627584) -(1627588--1627589) -1627591 -1627593 -1627595 -1627598 -1627600 -1627604 -1627606 -(1627609--162
[  233.341031] e2fsck: 627475) -(1627477--1627478) -(1627481--1627482) -(1627484--1627486) -1627489 -1627491 -(1627495--1627496) -1627498 -1627501 -(1627504--1627506) -1627509 -1627511 -(1627513--1627514) -1627516 -(1627524--1627526) -(1627528--1627531) -1627534 -1627536 -1627539 -1627541 -(1627544--1627545) -(1627551--1627554) -1627556 -(1627559--1627560) -(1627565--1627566) -1627569 -1627572 -1627579 -(1627581--1627584) -(1627588--1627589) -1627591 -1627593 -1627595 -1627598 -1627600 -1627604 -1627606 -(1627609--162
[  233.954911] e2fsck: 1628625 -(1628627--1628628) -1628630 -(1628632--1628633) -(1628635--1628637) -(1628639--1628643) -1628645 -1628647 -1628649 -(1628651--1628652) -(1628654--1628655) -(1628657--1628658) -(1628660--1628664) -1628671 -(1628673--1628674) -1628676 -(1628678--1628679) -1628683 -1628686 -1628688 -1628690 -1628693 -(1628695--1628697) -1628699 -(1628701--1628703) -(1628706--1628709) -1628719 -(1628725--1628730) -1628732 -1628735 -1628737 -1628739 -(1628742--1628745) -(1628749--1628750) -1628752 -1628754 -
[  233.954911] e2fsck: 1628625 -(1628627--1628628) -1628630 -(1628632--1628633) -(1628635--1628637) -(1628639--1628643) -1628645 -1628647 -1628649 -(1628651--1628652) -(1628654--1628655) -(1628657--1628658) -(1628660--1628664) -1628671 -(1628673--1628674) -1628676 -(1628678--1628679) -1628683 -1628686 -1628688 -1628690 -1628693 -(1628695--1628697) -1628699 -(1628701--1628703) -(1628706--1628709) -1628719 -(1628725--1628730) -1628732 -1628735 -1628737 -1628739 -(1628742--1628745) -(1628749--1628750) -1628752 -1628754 -
[  234.589970] e2fsck: -(1629776--1629778) -(1629780--1629783) -1629785 -1629788 -1629790 -1629794 -(1629797--1629799) -(1629802--1629803) -(1629805--1629806) -1629808 -(1629816--1629824) -1629826 -(1629831--1629833) -1629835 -(1629838--1629841) -1629846 -(1629848--1629849) -(1629851--1629853) -1629858 -1629863 -1629870 -1629880 -1629883 -1629885 -1629887 -(1629890--1629891) -(1629894--1629895) -1629897 -1629899 -(1629902--1629903) -(1629905--1629908) -1629912 -1629915 -(1629918--1629920) -1629922 -1629924 -1629927 -1
[  234.589970] e2fsck: -(1629776--1629778) -(1629780--1629783) -1629785 -1629788 -1629790 -1629794 -(1629797--1629799) -(1629802--1629803) -(1629805--1629806) -1629808 -(1629816--1629824) -1629826 -(1629831--1629833) -1629835 -(1629838--1629841) -1629846 -(1629848--1629849) -(1629851--1629853) -1629858 -1629863 -1629870 -1629880 -1629883 -1629885 -1629887 -(1629890--1629891) -(1629894--1629895) -1629897 -1629899 -(1629902--1629903) -(1629905--1629908) -1629912 -1629915 -(1629918--1629920) -1629922 -1629924 -1629927 -1
[  235.222801] e2fsck: 1) -(1630903--1630904) -(1630906--1630907) -(1630909--1630910) -1630915 -(1630917--1630918) -1630921 -(1630924--1630925) -1630927 -1630929 -1630933 -1630937 -(1630940--1630941) -(1630943--1630944) -1630949 -(1630951--1630952) -(1630958--1630959) -1630961 -(1630963--1630964) -1630967 -(1630970--1630971) -1630973 -(1630975--1630976) -1630978 -1630980 -1630982 -(1630984--1630985) -1630988 -(1630990--1630991) -(1630994--1630995) -1630997 -1631000 -1631004 -1631006 -(1631008--1631009) -1631011 -16310
[  235.222801] e2fsck: 1) -(1630903--1630904) -(1630906--1630907) -(1630909--1630910) -1630915 -(1630917--1630918) -1630921 -(1630924--1630925) -1630927 -1630929 -1630933 -1630937 -(1630940--1630941) -(1630943--1630944) -1630949 -(1630951--1630952) -(1630958--1630959) -1630961 -(1630963--1630964) -1630967 -(1630970--1630971) -1630973 -(1630975--1630976) -1630978 -1630980 -1630982 -(1630984--1630985) -1630988 -(1630990--1630991) -(1630994--1630995) -1630997 -1631000 -1631004 -1631006 -(1631008--1631009) -1631011 -16310
[  235.930641] e2fsck:  -(1631975--1631976) -(1631979--1631982) -(1631986--1631987) -1631991 -1631993 -(1631997--1631999) -1632001 -1632004 -1632013 -(1632016--1632017) -1632019 -(1632021--1632022) -1632024 -1632027 -1632029 -1632031 -1632034 -(1632036--1632039) -(1632041--1632042) -(1632045--1632046) -1632048 -(1632052--1632053) -1632055 -(1632057--1632059) -(1632062--1632063) -1632066 -(1632068--1632071) -(1632073--1632074) -(1632076--1632079) -1632082 -1632086 -(1632088--1632095) -(1632098--1632100) -(1632102--1632
[  235.930641] e2fsck:  -(1631975--1631976) -(1631979--1631982) -(1631986--1631987) -1631991 -1631993 -(1631997--1631999) -1632001 -1632004 -1632013 -(1632016--1632017) -1632019 -(1632021--1632022) -1632024 -1632027 -1632029 -1632031 -1632034 -(1632036--1632039) -(1632041--1632042) -(1632045--1632046) -1632048 -(1632052--1632053) -1632055 -(1632057--1632059) -(1632062--1632063) -1632066 -(1632068--1632071) -(1632073--1632074) -(1632076--1632079) -1632082 -1632086 -(1632088--1632095) -(1632098--1632100) -(1632102--1632
[  236.540040] e2fsck: 3116) -1633118 -(1633123--1633124) -1633128 -1633130 -1633136 -(1633138--1633142) -1633145 -(1633147--1633148) -1633150 -(1633153--1633158) -1633160 -1633163 -(1633166--1633168) -1633172 -1633174 -1633177 -(1633179--1633181) -(1633183--1633185) -1633187 -1633191 -1633194 -(1633197--1633200) -1633203 -1633205 -1633208 -(1633211--1633213) -(1633216--1633217) -(1633219--1633220) -1633222 -1633224 -(1633226--1633229) -(1633231--1633235) -1633238 -1633240 -1633243 -1633249 -(1633251--1633253) -(16332
[  236.540040] e2fsck: 3116) -1633118 -(1633123--1633124) -1633128 -1633130 -1633136 -(1633138--1633142) -1633145 -(1633147--1633148) -1633150 -(1633153--1633158) -1633160 -1633163 -(1633166--1633168) -1633172 -1633174 -1633177 -(1633179--1633181) -(1633183--1633185) -1633187 -1633191 -1633194 -(1633197--1633200) -1633203 -1633205 -1633208 -(1633211--1633213) -(1633216--1633217) -(1633219--1633220) -1633222 -1633224 -(1633226--1633229) -(1633231--1633235) -1633238 -1633240 -1633243 -1633249 -(1633251--1633253) -(16332
[  237.181072] e2fsck: 60 -1634262 -(1634266--1634267) -(1634271--1634272) -1634276 -1634278 -1634282 -(1634284--1634285) -1634287 -(1634291--1634292) -(1634294--1634298) -(1634303--1634305) -(1634308--1634310) -(1634312--1634314) -(1634316--1634317) -(1634319--1634322) -(1634324--1634325) -(1634327--1634328) -1634330 -(1634332--1634333) -1634336 -(1634338--1634339) -(1634345--1634346) -1634348 -1634351 -(1634354--1634355) -(1634358--1634359) -1634362 -1634366 -1634369 -1634371 -1634373 -1634375 -(1634378--1634380) -1
[  237.181072] e2fsck: 60 -1634262 -(1634266--1634267) -(1634271--1634272) -1634276 -1634278 -1634282 -(1634284--1634285) -1634287 -(1634291--1634292) -(1634294--1634298) -(1634303--1634305) -(1634308--1634310) -(1634312--1634314) -(1634316--1634317) -(1634319--1634322) -(1634324--1634325) -(1634327--1634328) -1634330 -(1634332--1634333) -1634336 -(1634338--1634339) -(1634345--1634346) -1634348 -1634351 -(1634354--1634355) -(1634358--1634359) -1634362 -1634366 -1634369 -1634371 -1634373 -1634375 -(1634378--1634380) -1
[  237.857421] e2fsck: 1635408--1635409) -1635411 -1635418 -1635420 -(1635422--1635423) -1635425 -(1635427--1635431) -1635433 -1635435 -(1635437--1635439) -(1635441--1635442) -1635451 -(1635454--1635456) -(1635460--1635464) -1635468 -(1635470--1635476) -(1635478--1635479) -(1635481--1635484) -(1635486--1635487) -(1635489--1635490) -(1635493--1635495) -(1635498--1635501) -1635503 -(1635508--1635509) -(1635512--1635513) -(1635516--1635520) -1635523 -(1635525--1635528) -1635530 -(1635533--1635536) -(1635538--1635541) -(1
[  237.857421] e2fsck: 1635408--1635409) -1635411 -1635418 -1635420 -(1635422--1635423) -1635425 -(1635427--1635431) -1635433 -1635435 -(1635437--1635439) -(1635441--1635442) -1635451 -(1635454--1635456) -(1635460--1635464) -1635468 -(1635470--1635476) -(1635478--1635479) -(1635481--1635484) -(1635486--1635487) -(1635489--1635490) -(1635493--1635495) -(1635498--1635501) -1635503 -(1635508--1635509) -(1635512--1635513) -(1635516--1635520) -1635523 -(1635525--1635528) -1635530 -(1635533--1635536) -(1635538--1635541) -(1
[  238.532286] e2fsck: ) -(1636551--1636552) -(1636555--1636556) -1636559 -1636562 -(1636564--1636567) -(1636569--1636571) -1636576 -(1636579--1636581) -1636583 -1636586 -1636588 -1636590 -1636592 -(1636594--1636596) -(1636599--1636602) -(1636604--1636605) -(1636607--1636608) -(1636612--1636613) -1636616 -1636618 -1636620 -1636624 -(1636626--1636627) -1636630 -1636635 -(1636637--1636638) -(1636643--1636646) -1636648 -1636650 -1636652 -1636655 -1636657 -(1636662--1636663) -1636665 -1636669 -1636671 -(1636674--1636676) 
[  238.532286] e2fsck: ) -(1636551--1636552) -(1636555--1636556) -1636559 -1636562 -(1636564--1636567) -(1636569--1636571) -1636576 -(1636579--1636581) -1636583 -1636586 -1636588 -1636590 -1636592 -(1636594--1636596) -(1636599--1636602) -(1636604--1636605) -(1636607--1636608) -(1636612--1636613) -1636616 -1636618 -1636620 -1636624 -(1636626--1636627) -1636630 -1636635 -(1636637--1636638) -(1636643--1636646) -1636648 -1636650 -1636652 -1636655 -1636657 -(1636662--1636663) -1636665 -1636669 -1636671 -(1636674--1636676) 
[  239.351045] e2fsck: 37681 -1637683 -(1637686--1637689) -(1637692--1637693) -(1637696--1637701) -(1637703--1637704) -1637706 -1637708 -(1637710--1637711) -(1637716--1637719) -(1637721--1637722) -1637726 -1637728 -1637730 -(1637732--1637734) -(1637736--1637737) -1637740 -(1637742--1637746) -(1637748--1637749) -(1637751--1637752) -1637754 -1637758 -(1637765--1637766) -1637769 -(1637771--1637773) -1637775 -(1637777--1637779) -1637782 -(1637784--1637785) -1637787 -1637789 -(1637799--1637800) -(1637802--1637804) -(163780
[  239.351045] e2fsck: 37681 -1637683 -(1637686--1637689) -(1637692--1637693) -(1637696--1637701) -(1637703--1637704) -1637706 -1637708 -(1637710--1637711) -(1637716--1637719) -(1637721--1637722) -1637726 -1637728 -1637730 -(1637732--1637734) -(1637736--1637737) -1637740 -(1637742--1637746) -(1637748--1637749) -(1637751--1637752) -1637754 -1637758 -(1637765--1637766) -1637769 -(1637771--1637773) -1637775 -(1637777--1637779) -1637782 -(1637784--1637785) -1637787 -1637789 -(1637799--1637800) -(1637802--1637804) -(163780
[  240.003906] e2fsck: 64811) -(2064813--2064816) -2064818 -(2064825--2064826) -2064830 -2064832 -2064835 -2064837 -(2064840--2064846) -(2064849--2064852) -2064854 -(2064856--2064857) -(2064859--2064860) -(2064863--2064864) -2064867 -(2064869--2064870) -(2064872--2064874) -(2064876--2064879) -(2064882--2064885) -2064889 -2064891 -2064894 -2064896 -2064905 -2064907 -(2064910--2064911) -(2064913--2064916) -(2064918--2064919) -2064921 -(2064924--2064930) -(2064933--2064934) -(2064936--2064937) -2064940 -2064945 -(2064951
[  240.003906] e2fsck: 64811) -(2064813--2064816) -2064818 -(2064825--2064826) -2064830 -2064832 -2064835 -2064837 -(2064840--2064846) -(2064849--2064852) -2064854 -(2064856--2064857) -(2064859--2064860) -(2064863--2064864) -2064867 -(2064869--2064870) -(2064872--2064874) -(2064876--2064879) -(2064882--2064885) -2064889 -2064891 -2064894 -2064896 -2064905 -2064907 -(2064910--2064911) -(2064913--2064916) -(2064918--2064919) -2064921 -(2064924--2064930) -(2064933--2064934) -(2064936--2064937) -2064940 -2064945 -(2064951
[  240.623435] e2fsck: 2065953--2065954) -2065960 -2065962 -(2065965--2065967) -(2065969--2065970) -2065973 -2065975 -(2065977--2065978) -(2065981--2065982) -(2065990--2065991) -2065993 -(2065995--2065998) -(2066000--2066001) -2066007 -(2066009--2066011) -(2066014--2066018) -(2066021--2066022) -(2066027--2066028) -(2066031--2066032) -(2066035--2066038) -(2066044--2066046) -(2066051--2066052) -(2066054--2066055) -(2066057--2066060) -(2066063--2066065) -(2066067--2066070) -2066072 -2066075 -(2066077--2066081) -2066083 -
[  240.623435] e2fsck: 2065953--2065954) -2065960 -2065962 -(2065965--2065967) -(2065969--2065970) -2065973 -2065975 -(2065977--2065978) -(2065981--2065982) -(2065990--2065991) -2065993 -(2065995--2065998) -(2066000--2066001) -2066007 -(2066009--2066011) -(2066014--2066018) -(2066021--2066022) -(2066027--2066028) -(2066031--2066032) -(2066035--2066038) -(2066044--2066046) -(2066051--2066052) -(2066054--2066055) -(2066057--2066060) -(2066063--2066065) -(2066067--2066070) -2066072 -2066075 -(2066077--2066081) -2066083 -
[  241.376016] e2fsck: --2067058) -(2067064--2067066) -2067068 -(2067070--2067078) -2067080 -(2067084--2067085) -2067088 -2067090 -2067093 -(2067096--2067098) -(2067100--2067101) -2067103 -2067105 -(2067107--2067108) -2067111 -(2067116--2067117) -(2067119--2067121) -(2067123--2067126) -(2067129--2067133) -2067136 -2067139 -2067144 -2067146 -2067152 -(2067157--2067158) -2067160 -(2067162--2067163) -(2067165--2067167) -(2067169--2067172) -2067179 -(2067182--2067183) -(2067186--2067189) -(2067192--2067193) -(2067195--206
[  241.376016] e2fsck: --2067058) -(2067064--2067066) -2067068 -(2067070--2067078) -2067080 -(2067084--2067085) -2067088 -2067090 -2067093 -(2067096--2067098) -(2067100--2067101) -2067103 -2067105 -(2067107--2067108) -2067111 -(2067116--2067117) -(2067119--2067121) -(2067123--2067126) -(2067129--2067133) -2067136 -2067139 -2067144 -2067146 -2067152 -(2067157--2067158) -2067160 -(2067162--2067163) -(2067165--2067167) -(2067169--2067172) -2067179 -(2067182--2067183) -(2067186--2067189) -(2067192--2067193) -(2067195--206
[  242.361368] e2fsck: 4) -(2068177--2068182) -2068184 -2068194 -(2068201--2068203) -(2068205--2068207) -2068210 -(2068214--2068215) -2068218 -(2068220--2068221) -(2068224--2068227) -2068229 -2068231 -(2068233--2068237) -(2068239--2068240) -2068242 -(2068246--2068247) -(2068253--2068254) -(2068256--2068257) -2068259 -(2068261--2068262) -2068264 -2068266 -2068269 -(2068271--2068273) -2068276 -(2068278--2068279) -2068281 -(2068286--2068287) -(2068289--2068290) -(2068292--2068294) -(2068300--2068301) -2068304 -(2068307--
[  242.361368] e2fsck: 4) -(2068177--2068182) -2068184 -2068194 -(2068201--2068203) -(2068205--2068207) -2068210 -(2068214--2068215) -2068218 -(2068220--2068221) -(2068224--2068227) -2068229 -2068231 -(2068233--2068237) -(2068239--2068240) -2068242 -(2068246--2068247) -(2068253--2068254) -(2068256--2068257) -2068259 -(2068261--2068262) -2068264 -2068266 -2068269 -(2068271--2068273) -2068276 -(2068278--2068279) -2068281 -(2068286--2068287) -(2068289--2068290) -(2068292--2068294) -(2068300--2068301) -2068304 -(2068307--
[  243.030769] e2fsck: 69359--2069361) -(2069363--2069364) -2069366 -2069369 -(2069371--2069372) -2069377 -2069386 -(2069389--2069390) -(2069394--2069395) -2069397 -(2069400--2069402) -(2069407--2069409) -2069412 -2069414 -(2069417--2069422) -(2069427--2069429) -2069433 -(2069443--2069444) -2069447 -2069450 -2069452 -(2069457--2069459) -2069463 -2069465 -(2069467--2069469) -(2069471--2069472) -(2069480--2069483) -2069485 -(2069487--2069489) -2069503 -2069505 -(2069510--2069512) -2069514 -(2069520--2069521) -(2069523--
[  243.030769] e2fsck: 69359--2069361) -(2069363--2069364) -2069366 -2069369 -(2069371--2069372) -2069377 -2069386 -(2069389--2069390) -(2069394--2069395) -2069397 -(2069400--2069402) -(2069407--2069409) -2069412 -2069414 -(2069417--2069422) -(2069427--2069429) -2069433 -(2069443--2069444) -2069447 -2069450 -2069452 -(2069457--2069459) -2069463 -2069465 -(2069467--2069469) -(2069471--2069472) -(2069480--2069483) -2069485 -(2069487--2069489) -2069503 -2069505 -(2069510--2069512) -2069514 -(2069520--2069521) -(2069523--
[  243.759381] e2fsck: ) -2070525 -2070527 -(2070530--2070532) -(2070536--2070537) -(2070539--2070540) -(2070542--2070543) -2070545 -(2070547--2070548) -2070551 -2070553 -(2070556--2070557) -2070559 -2070561 -2070564 -(2070566--2070570) -(2070572--2070574) -2070576 -(2070578--2070580) -(2070582--2070583) -2070587 -(2070590--2070591) -2070595 -2070598 -(2070600--2070601) -2070605 -2070607 -(2070612--2070613) -(2070615--2070621) -(2070623--2070624) -2070629 -2070637 -(2070639--2070640) -(2070643--2070647) -(2070649--207
[  243.759381] e2fsck: ) -2070525 -2070527 -(2070530--2070532) -(2070536--2070537) -(2070539--2070540) -(2070542--2070543) -2070545 -(2070547--2070548) -2070551 -2070553 -(2070556--2070557) -2070559 -2070561 -2070564 -(2070566--2070570) -(2070572--2070574) -2070576 -(2070578--2070580) -(2070582--2070583) -2070587 -(2070590--2070591) -2070595 -2070598 -(2070600--2070601) -2070605 -2070607 -(2070612--2070613) -(2070615--2070621) -(2070623--2070624) -2070629 -2070637 -(2070639--2070640) -(2070643--2070647) -(2070649--207
[  244.558541] e2fsck: -(2071610--2071611) -2071613 -(2071615--2071617) -2071626 -(2071628--2071630) -2071633 -(2071637--2071639) -2071641 -(2071643--2071644) -2071646 -2071648 -2071652 -2071654 -(2071658--2071660) -(2071664--2071665) -(2071667--2071668) -(2071677--2071678) -2071682 -2071684 -2071688 -2071690 -(2071693--2071694) -(2071696--2071703) -2071707 -2071710 -2071713 -(2071716--2071718) -(2071721--2071723) -(2071725--2071729) -(2071732--2071733) -2071735 -2071738 -(2071741--2071743) -(2071745--2071747) -207174
[  244.558541] e2fsck: -(2071610--2071611) -2071613 -(2071615--2071617) -2071626 -(2071628--2071630) -2071633 -(2071637--2071639) -2071641 -(2071643--2071644) -2071646 -2071648 -2071652 -2071654 -(2071658--2071660) -(2071664--2071665) -(2071667--2071668) -(2071677--2071678) -2071682 -2071684 -2071688 -2071690 -(2071693--2071694) -(2071696--2071703) -2071707 -2071710 -2071713 -(2071716--2071718) -(2071721--2071723) -(2071725--2071729) -(2071732--2071733) -2071735 -2071738 -(2071741--2071743) -(2071745--2071747) -207174
[  245.266910] e2fsck: 768 -2072771 -(2072774--2072777) -2072786 -(2072788--2072789) -2072791 -2072794 -(2072796--2072797) -(2072805--2072807) -(2072809--2072810) -(2072812--2072814) -2072816 -(2072821--2072823) -2072827 -(2072831--2072833) -2072837 -(2072839--2072844) -(2072846--2072848) -2072851 -2072858 -(2072861--2072864) -2072867 -(2072870--2072872) -2072878 -(2072881--2072882) -2072885 -2072888 -(2072890--2072891) -(2072893--2072896) -(2072898--2072900) -2072902 -2072904 -2072908 -2072910 -2072915 -(2072917--207
[  245.266910] e2fsck: 768 -2072771 -(2072774--2072777) -2072786 -(2072788--2072789) -2072791 -2072794 -(2072796--2072797) -(2072805--2072807) -(2072809--2072810) -(2072812--2072814) -2072816 -(2072821--2072823) -2072827 -(2072831--2072833) -2072837 -(2072839--2072844) -(2072846--2072848) -2072851 -2072858 -(2072861--2072864) -2072867 -(2072870--2072872) -2072878 -(2072881--2072882) -2072885 -2072888 -(2072890--2072891) -(2072893--2072896) -(2072898--2072900) -2072902 -2072904 -2072908 -2072910 -2072915 -(2072917--207
[  245.944530] e2fsck: 2 -(2073867--2073868) -2073871 -2073873 -2073879 -(2073881--2073882) -2073884 -2073889 -(2073894--2073896) -(2073904--2073909) -(2073912--2073914) -2073918 -(2073920--2073923) -(2073926--2073929) -(2073931--2073934) -(2073936--2073939) -(2073944--2073946) -2073952 -(2073954--2073955) -2073957 -(2073959--2073961) -2073963 -2073965 -2073967 -(2073969--2073973) -(2073977--2073978) -2073980 -2073984 -2073986 -(2073989--2073993) -(2074001--2074002) -(2074004--2074008) -(2074010--2074019) -2074021 -20
[  245.944530] e2fsck: 2 -(2073867--2073868) -2073871 -2073873 -2073879 -(2073881--2073882) -2073884 -2073889 -(2073894--2073896) -(2073904--2073909) -(2073912--2073914) -2073918 -(2073920--2073923) -(2073926--2073929) -(2073931--2073934) -(2073936--2073939) -(2073944--2073946) -2073952 -(2073954--2073955) -2073957 -(2073959--2073961) -2073963 -2073965 -2073967 -(2073969--2073973) -(2073977--2073978) -2073980 -2073984 -2073986 -(2073989--2073993) -(2074001--2074002) -(2074004--2074008) -(2074010--2074019) -2074021 -20
[  246.644078] e2fsck: 075065 -(2075067--2075071) -(2075073--2075075) -2075077 -2075079 -(2075083--2075088) -(2075090--2075093) -(2075096--2075098) -(2075101--2075103) -(2075105--2075106) -(2075109--2075110) -2075113 -(2075116--2075118) -(2075120--2075122) -(2075125--2075127) -2075130 -2075133 -(2075136--2075138) -(2075142--2075143) -(2075146--2075147) -(2075149--2075150) -(2075152--2075153) -(2075155--2075156) -(2075158--2075161) -2075163 -(2075165--2075166) -(2075168--2075169) -(2075171--2075176) -2075179 -(2075181-
[  246.644078] e2fsck: 075065 -(2075067--2075071) -(2075073--2075075) -2075077 -2075079 -(2075083--2075088) -(2075090--2075093) -(2075096--2075098) -(2075101--2075103) -(2075105--2075106) -(2075109--2075110) -2075113 -(2075116--2075118) -(2075120--2075122) -(2075125--2075127) -2075130 -2075133 -(2075136--2075138) -(2075142--2075143) -(2075146--2075147) -(2075149--2075150) -(2075152--2075153) -(2075155--2075156) -(2075158--2075161) -2075163 -(2075165--2075166) -(2075168--2075169) -(2075171--2075176) -2075179 -(2075181-
[  247.789206] e2fsck: -(2076164--2076166) -(2076173--2076174) -2076179 -2076184 -2076186 -2076189 -2076195 -2076197 -2076201 -2076204 -(2076206--2076209) -2076211 -(2076216--2076217) -(2076220--2076221) -(2076223--2076227) -2076230 -2076232 -2076234 -(2076242--2076243) -(2076245--2076250) -2076252 -(2076254--2076257) -2076260 -(2076262--2076263) -2076267 -2076276 -(2076278--2076279) -(2076282--2076284) -2076286 -(2076289--2076292) -(2076296--2076297) -(2076299--2076301) -(2076310--2076313) -(2076316--2076318) -(20763
[  247.789206] e2fsck: -(2076164--2076166) -(2076173--2076174) -2076179 -2076184 -2076186 -2076189 -2076195 -2076197 -2076201 -2076204 -(2076206--2076209) -2076211 -(2076216--2076217) -(2076220--2076221) -(2076223--2076227) -2076230 -2076232 -2076234 -(2076242--2076243) -(2076245--2076250) -2076252 -(2076254--2076257) -2076260 -(2076262--2076263) -2076267 -2076276 -(2076278--2076279) -(2076282--2076284) -2076286 -(2076289--2076292) -(2076296--2076297) -(2076299--2076301) -(2076310--2076313) -(2076316--2076318) -(20763
[  248.976155] e2fsck: 55) -(2077357--2077359) -(2077363--2077364) -2077367 -2077369 -2077371 -(2077373--2077375) -(2077377--2077379) -(2077384--2077385) -2077387 -(2077391--2077393) -(2077395--2077396) -(2077398--2077399) -(2077401--2077403) -(2077405--2077406) -(2077410--2077412) -2077417 -2077419 -2077421 -(2077423--2077424) -2077426 -2077431 -2077433 -(2077435--2077437) -2077442 -2077445 -2077451 -2077456 -(2077464--2077466) -2077470 -2077472 -2077478 -(2077480--2077486) -2077488 -2077492 -(2077498--2077499) -2077
[  248.976155] e2fsck: 55) -(2077357--2077359) -(2077363--2077364) -2077367 -2077369 -2077371 -(2077373--2077375) -(2077377--2077379) -(2077384--2077385) -2077387 -(2077391--2077393) -(2077395--2077396) -(2077398--2077399) -(2077401--2077403) -(2077405--2077406) -(2077410--2077412) -2077417 -2077419 -2077421 -(2077423--2077424) -2077426 -2077431 -2077433 -(2077435--2077437) -2077442 -2077445 -2077451 -2077456 -(2077464--2077466) -2077470 -2077472 -2077478 -(2077480--2077486) -2077488 -2077492 -(2077498--2077499) -2077
[  250.970280] e2fsck: 8488) -(2078490--2078493) -(2078495--2078497) -(2078501--2078509) -(2078512--2078513) -2078515 -(2078517--2078522) -2078527 -(2078529--2078531) -(2078535--2078537) -(2078539--2078540) -2078542 -(2078545--2078546) -(2078548--2078552) -2078554 -(2078557--2078564) -2078568 -2078570 -2078572 -(2078575--2078576) -2078578 -(2078580--2078582) -2078585 -(2078587--2078588) -(2078592--2078593) -2078596 -(2078599--2078600) -2078602 -2078605 -(2078607--2078610) -(2078612--2078614) -(2078616--2078620) -(2078
[  250.970280] e2fsck: 8488) -(2078490--2078493) -(2078495--2078497) -(2078501--2078509) -(2078512--2078513) -2078515 -(2078517--2078522) -2078527 -(2078529--2078531) -(2078535--2078537) -(2078539--2078540) -2078542 -(2078545--2078546) -(2078548--2078552) -2078554 -(2078557--2078564) -2078568 -2078570 -2078572 -(2078575--2078576) -2078578 -(2078580--2078582) -2078585 -(2078587--2078588) -(2078592--2078593) -2078596 -(2078599--2078600) -2078602 -2078605 -(2078607--2078610) -(2078612--2078614) -(2078616--2078620) -(2078
[  252.280549] e2fsck: 079570) -2079573 -2079576 -2079581 -(2079583--2079584) -(2079586--2079587) -2079590 -(2079592--2079594) -2079597 -2079600 -(2079602--2079604) -2079606 -2079608 -2079612 -(2079614--2079616) -2079619 -2079624 -(2079627--2079628) -2079631 -2079633 -(2079637--2079638) -2079641 -2079643 -(2079648--2079651) -2079655 -(2079657--2079658) -(2079660--2079664) -2079666 -2079668 -(2079673--2079674) -2079676 -(2079678--2079679) -(2079681--2079682) -2079685 -(2079687--2079688) -(2079690--2079691) -(2079693--2
[  252.280549] e2fsck: 079570) -2079573 -2079576 -2079581 -(2079583--2079584) -(2079586--2079587) -2079590 -(2079592--2079594) -2079597 -2079600 -(2079602--2079604) -2079606 -2079608 -2079612 -(2079614--2079616) -2079619 -2079624 -(2079627--2079628) -2079631 -2079633 -(2079637--2079638) -2079641 -2079643 -(2079648--2079651) -2079655 -(2079657--2079658) -(2079660--2079664) -2079666 -2079668 -(2079673--2079674) -2079676 -(2079678--2079679) -(2079681--2079682) -2079685 -(2079687--2079688) -(2079690--2079691) -(2079693--2
[  253.044711] e2fsck: 0693) -2080695 -(2080697--2080698) -(2080702--2080703) -(2080707--2080708) -2080712 -2080714 -2080717 -(2080720--2080721) -2080724 -(2080726--2080730) -(2080733--2080737) -(2080742--2080745) -(2080748--2080749) -2080751 -(2080753--2080754) -2080756 -(2080758--2080759) -(2080761--2080762) -(2080766--2080767) -2080769 -(2080771--2080772) -(2080778--2080782) -(2080786--2080788) -2080792 -(2080795--2080797) -(2080803--2080806) -2080809 -2080811 -(2080815--2080816) -2080818 -2080822 -2080824 -(208082
[  253.044711] e2fsck: 0693) -2080695 -(2080697--2080698) -(2080702--2080703) -(2080707--2080708) -2080712 -2080714 -2080717 -(2080720--2080721) -2080724 -(2080726--2080730) -(2080733--2080737) -(2080742--2080745) -(2080748--2080749) -2080751 -(2080753--2080754) -2080756 -(2080758--2080759) -(2080761--2080762) -(2080766--2080767) -2080769 -(2080771--2080772) -(2080778--2080782) -(2080786--2080788) -2080792 -(2080795--2080797) -(2080803--2080806) -2080809 -2080811 -(2080815--2080816) -2080818 -2080822 -2080824 -(208082
[  253.692681] e2fsck: 81787--2081788) -2081791 -(2081795--2081796) -(2081807--2081809) -(2081811--2081812) -2081814 -2081816 -2081818 -(2081820--2081825) -2081832 -2081834 -2081836 -2081839 -2081841 -2081843 -(2081849--2081853) -2081855 -2081857 -2081860 -2081862 -(2081867--2081872) -(2081874--2081878) -(2081880--2081881) -(2081883--2081887) -2081889 -(2081892--2081895) -2081897 -2081899 -(2081902--2081904) -(2081907--2081910) -(2081914--2081919) -2081922 -(2081926--2081928) -2081934 -2081936 -2081942 -(2081944--2081
[  253.692681] e2fsck: 81787--2081788) -2081791 -(2081795--2081796) -(2081807--2081809) -(2081811--2081812) -2081814 -2081816 -2081818 -(2081820--2081825) -2081832 -2081834 -2081836 -2081839 -2081841 -2081843 -(2081849--2081853) -2081855 -2081857 -2081860 -2081862 -(2081867--2081872) -(2081874--2081878) -(2081880--2081881) -(2081883--2081887) -2081889 -(2081892--2081895) -2081897 -2081899 -(2081902--2081904) -(2081907--2081910) -(2081914--2081919) -2081922 -(2081926--2081928) -2081934 -2081936 -2081942 -(2081944--2081
[  254.332415] e2fsck: -2082968) -2082972 -2082974 -2082976 -2082979 -(2082981--2082982) -(2082985--2082986) -(2082988--2082989) -2082993 -(2082996--2082999) -2083001 -2083005 -(2083007--2083009) -2083011 -(2083014--2083015) -(2083018--2083019) -2083021 -(2083024--2083026) -(2083028--2083030) -2083032 -(2083035--2083041) -(2083043--2083046) -2083048 -(2083050--2083052) -(2083054--2083055) -2083057 -(2083060--2083062) -2083065 -2083067 -(2083070--2083071) -2083074 -(2083076--2083077) -(2083082--2083087) -2083089 -(2083
[  254.332415] e2fsck: -2082968) -2082972 -2082974 -2082976 -2082979 -(2082981--2082982) -(2082985--2082986) -(2082988--2082989) -2082993 -(2082996--2082999) -2083001 -2083005 -(2083007--2083009) -2083011 -(2083014--2083015) -(2083018--2083019) -2083021 -(2083024--2083026) -(2083028--2083030) -2083032 -(2083035--2083041) -(2083043--2083046) -2083048 -(2083050--2083052) -(2083054--2083055) -2083057 -(2083060--2083062) -2083065 -2083067 -(2083070--2083071) -2083074 -(2083076--2083077) -(2083082--2083087) -2083089 -(2083
[  255.111207] e2fsck: 06--2084112) -2084114 -(2084118--2084127) -(2084129--2084131) -2084137 -2084139 -2084143 -2084145 -(2084147--2084149) -(2084151--2084152) -(2084154--2084156) -2084159 -2084163 -2084166 -(2084168--2084170) -2084172 -2084175 -2084177 -2084179 -2084181 -2084183 -(2084185--2084186) -(2084190--2084193) -(2084197--2084200) -2084202 -2084204 -(2084206--2084207) -(2084210--2084213) -(2084216--2084217) -2084219 -(2084221--2084223) -2084225 -(2084231--2084232) -2084234 -(2084236--2084237) -(2084241--20842
[  255.111207] e2fsck: 06--2084112) -2084114 -(2084118--2084127) -(2084129--2084131) -2084137 -2084139 -2084143 -2084145 -(2084147--2084149) -(2084151--2084152) -(2084154--2084156) -2084159 -2084163 -2084166 -(2084168--2084170) -2084172 -2084175 -2084177 -2084179 -2084181 -2084183 -(2084185--2084186) -(2084190--2084193) -(2084197--2084200) -2084202 -2084204 -(2084206--2084207) -(2084210--2084213) -(2084216--2084217) -2084219 -(2084221--2084223) -2084225 -(2084231--2084232) -2084234 -(2084236--2084237) -(2084241--20842
[  255.843041] e2fsck: 0 -(2085262--2085263) -2085267 -2085270 -2085272 -(2085274--2085275) -(2085277--2085282) -2085287 -(2085291--2085295) -2085298 -(2085300--2085302) -2085305 -2085307 -2085310 -(2085312--2085313) -(2085316--2085317) -2085319 -(2085322--2085325) -2085328 -2085331 -2085333 -(2085335--2085336) -2085338 -(2085341--2085342) -2085344 -(2085347--2085348) -(2085351--2085354) -2085357 -2085359 -2085361 -2085365 -2085367 -2085369 -2085372 -2085374 -(2085377--2085380) -(2085383--2085384) -2085389 -(2085391--
[  255.843041] e2fsck: 0 -(2085262--2085263) -2085267 -2085270 -2085272 -(2085274--2085275) -(2085277--2085282) -2085287 -(2085291--2085295) -2085298 -(2085300--2085302) -2085305 -2085307 -2085310 -(2085312--2085313) -(2085316--2085317) -2085319 -(2085322--2085325) -2085328 -2085331 -2085333 -(2085335--2085336) -2085338 -(2085341--2085342) -2085344 -(2085347--2085348) -(2085351--2085354) -2085357 -2085359 -2085361 -2085365 -2085367 -2085369 -2085372 -2085374 -(2085377--2085380) -(2085383--2085384) -2085389 -(2085391--
[  256.496140] e2fsck: 86386) -(2086388--2086392) -2086397 -(2086408--2086410) -(2086412--2086416) -2086418 -2086423 -2086426 -2086428 -2086435 -(2086437--2086438) -2086441 -2086443 -2086449 -(2086451--2086453) -(2086455--2086456) -2086460 -(2086465--2086466) -(2086468--2086469) -2086472 -(2086475--2086480) -(2086482--2086483) -2086486 -2086489 -(2086491--2086492) -2086494 -(2086496--2086501) -(2086504--2086506) -2086508 -(2086513--2086515) -(2086517--2086520) -2086524 -2086527 -2086530 -(2086532--2086537) -(2086539--
[  256.496140] e2fsck: 86386) -(2086388--2086392) -2086397 -(2086408--2086410) -(2086412--2086416) -2086418 -2086423 -2086426 -2086428 -2086435 -(2086437--2086438) -2086441 -2086443 -2086449 -(2086451--2086453) -(2086455--2086456) -2086460 -(2086465--2086466) -(2086468--2086469) -2086472 -(2086475--2086480) -(2086482--2086483) -2086486 -2086489 -(2086491--2086492) -2086494 -(2086496--2086501) -(2086504--2086506) -2086508 -(2086513--2086515) -(2086517--2086520) -2086524 -2086527 -2086530 -(2086532--2086537) -(2086539--
[  257.187997] e2fsck: -(2087521--2087522) -2087524 -(2087526--2087528) -(2087532--2087534) -2087537 -2087539 -(2087544--2087545) -(2087547--2087548) -(2087550--2087552) -(2087556--2087557) -(2087559--2087561) -2087563 -(2087567--2087568) -(2087570--2087571) -2087574 -2087580 -2087585 -2087588 -(2087590--2087593) -(2087598--2087600) -2087602 -(2087604--2087606) -2087608 -(2087612--2087615) -2087617 -(2087621--2087623) -(2087625--2087626) -(2087630--2087632) -2087635 -2087637 -2087640 -(2087643--2087645) -(2087647--208
[  257.187997] e2fsck: -(2087521--2087522) -2087524 -(2087526--2087528) -(2087532--2087534) -2087537 -2087539 -(2087544--2087545) -(2087547--2087548) -(2087550--2087552) -(2087556--2087557) -(2087559--2087561) -2087563 -(2087567--2087568) -(2087570--2087571) -2087574 -2087580 -2087585 -2087588 -(2087590--2087593) -(2087598--2087600) -2087602 -(2087604--2087606) -2087608 -(2087612--2087615) -2087617 -(2087621--2087623) -(2087625--2087626) -(2087630--2087632) -2087635 -2087637 -2087640 -(2087643--2087645) -(2087647--208
[  257.896629] e2fsck: 2088653 -(2088658--2088660) -2088665 -2088667 -2088669 -(2088671--2088674) -2088677 -(2088681--2088683) -(2088695--2088696) -(2088698--2088699) -(2088701--2088702) -2088706 -(2088708--2088709) -2088713 -(2088715--2088716) -2088718 -(2088723--2088724) -2088726 -2088728 -(2088730--2088735) -2088738 -(2088741--2088743) -(2088747--2088750) -2088752 -2088755 -2088757 -(2088759--2088761) -(2088764--2088765) -(2088767--2088770) -2088772 -(2088774--2088776) -(2088779--2088780) -(2088782--2088783) -20887
[  257.896629] e2fsck: 2088653 -(2088658--2088660) -2088665 -2088667 -2088669 -(2088671--2088674) -2088677 -(2088681--2088683) -(2088695--2088696) -(2088698--2088699) -(2088701--2088702) -2088706 -(2088708--2088709) -2088713 -(2088715--2088716) -2088718 -(2088723--2088724) -2088726 -2088728 -(2088730--2088735) -2088738 -(2088741--2088743) -(2088747--2088750) -2088752 -2088755 -2088757 -(2088759--2088761) -(2088764--2088765) -(2088767--2088770) -2088772 -(2088774--2088776) -(2088779--2088780) -(2088782--2088783) -20887
[  259.278131] e2fsck: 2089762 -2089764 -(2089766--2089767) -2089769 -(2089775--2089776) -2089778 -2089781 -2089787 -2089791 -2089797 -2089800 -2089803 -(2089806--2089807) -2089809 -(2089812--2089813) -(2089818--2089819) -2089823 -2089826 -(2089828--2089831) -(2089833--2089834) -2089837 -(2089839--2089841) -2089844 -2089846 -2089852 -(2089854--2089855) -(2089857--2089859) -2089861 -2089863 -2089865 -2089869 -(2089871--2089872) -2089874 -(2089876--2089879) -2089882 -(2089884--2089886) -(2089888--2089890) -2089892 -(208
[  259.278131] e2fsck: 2089762 -2089764 -(2089766--2089767) -2089769 -(2089775--2089776) -2089778 -2089781 -2089787 -2089791 -2089797 -2089800 -2089803 -(2089806--2089807) -2089809 -(2089812--2089813) -(2089818--2089819) -2089823 -2089826 -(2089828--2089831) -(2089833--2089834) -2089837 -(2089839--2089841) -2089844 -2089846 -2089852 -(2089854--2089855) -(2089857--2089859) -2089861 -2089863 -2089865 -2089869 -(2089871--2089872) -2089874 -(2089876--2089879) -2089882 -(2089884--2089886) -(2089888--2089890) -2089892 -(208
[  259.974107] e2fsck: 90863--2090865) -2090867 -(2090870--2090871) -2090877 -2090879 -(2090881--2090883) -(2090886--2090888) -(2090891--2090892) -(2090894--2090897) -2090904 -2090911 -2090915 -2090919 -2090921 -2090924 -2090927 -(2090930--2090933) -2090935 -2090937 -2090941 -(2090944--2090945) -(2090949--2090950) -2090954 -2090957 -2090964 -2090966 -(2090968--2090970) -(2090972--2090973) -(2090975--2090976) -2090978 -(2090980--2090982) -2090984 -(2090986--2090988) -2090990 -(2090993--2090994) -(2090996--2090997) -209
[  259.974107] e2fsck: 90863--2090865) -2090867 -(2090870--2090871) -2090877 -2090879 -(2090881--2090883) -(2090886--2090888) -(2090891--2090892) -(2090894--2090897) -2090904 -2090911 -2090915 -2090919 -2090921 -2090924 -2090927 -(2090930--2090933) -2090935 -2090937 -2090941 -(2090944--2090945) -(2090949--2090950) -2090954 -2090957 -2090964 -2090966 -(2090968--2090970) -(2090972--2090973) -(2090975--2090976) -2090978 -(2090980--2090982) -2090984 -(2090986--2090988) -2090990 -(2090993--2090994) -(2090996--2090997) -209
[  260.692258] e2fsck: -2091992) -2091997 -(2091999--2092000) -2092004 -2092006 -(2092009--2092013) -2092018 -2092024 -(2092026--2092029) -2092032 -2092034 -2092036 -(2092040--2092042) -(2092044--2092045) -2092047 -(2092051--2092054) -2092057 -2092059 -(2092061--2092065) -2092067 -2092069 -(2092071--2092072) -(2092075--2092077) -2092080 -2092082 -2092084 -(2092086--2092088) -2092090 -(2092093--2092094) -2092098 -(2092100--2092102) -(2092104--2092105) -2092107 -(2092109--2092110) -2092112 -2092114 -(2092116--2092117) -
[  260.692258] e2fsck: -2091992) -2091997 -(2091999--2092000) -2092004 -2092006 -(2092009--2092013) -2092018 -2092024 -(2092026--2092029) -2092032 -2092034 -2092036 -(2092040--2092042) -(2092044--2092045) -2092047 -(2092051--2092054) -2092057 -2092059 -(2092061--2092065) -2092067 -2092069 -(2092071--2092072) -(2092075--2092077) -2092080 -2092082 -2092084 -(2092086--2092088) -2092090 -(2092093--2092094) -2092098 -(2092100--2092102) -(2092104--2092105) -2092107 -(2092109--2092110) -2092112 -2092114 -(2092116--2092117) -
[  261.566357] e2fsck: -(2093070--2093071) -(2093073--2093078) -(2093081--2093083) -2093085 -(2093088--2093090) -(2093093--2093094) -2093096 -2093099 -(2093101--2093103) -2093107 -(2093113--2093114) -(2093117--2093121) -2093124 -2093126 -2093131 -(2093133--2093134) -(2093137--2093138) -(2093140--2093141) -(2093146--2093149) -2093151 -2093154 -(2093158--2093160) -2093162 -(2093165--2093168) -2093170 -(2093173--2093174) -(2093176--2093177) -(2093187--2093188) -2093190 -(2093194--2093195) -2093197 -2093211 -2093213 -2093
[  261.566357] e2fsck: -(2093070--2093071) -(2093073--2093078) -(2093081--2093083) -2093085 -(2093088--2093090) -(2093093--2093094) -2093096 -2093099 -(2093101--2093103) -2093107 -(2093113--2093114) -(2093117--2093121) -2093124 -2093126 -2093131 -(2093133--2093134) -(2093137--2093138) -(2093140--2093141) -(2093146--2093149) -2093151 -2093154 -(2093158--2093160) -2093162 -(2093165--2093168) -2093170 -(2093173--2093174) -(2093176--2093177) -(2093187--2093188) -2093190 -(2093194--2093195) -2093197 -2093211 -2093213 -2093
[  262.393562] e2fsck: -2094230) -(2094233--2094234) -2094236 -(2094238--2094241) -(2094243--2094247) -2094253 -(2094256--2094259) -2094261 -2094263 -2094266 -(2094269--2094270) -(2094272--2094273) -(2094276--2094280) -(2094283--2094286) -2094288 -(2094290--2094291) -(2094294--2094295) -(2094298--2094302) -2094304 -(2094309--2094310) -2094312 -(2094314--2094315) -2094317 -(2094319--2094321) -(2094323--2094324) -(2094327--2094328) -2094330 -2094336 -2094340 -2094344 -2094346 -(2094348--2094349) -(2094354--2094355) -209
[  262.393562] e2fsck: -2094230) -(2094233--2094234) -2094236 -(2094238--2094241) -(2094243--2094247) -2094253 -(2094256--2094259) -2094261 -2094263 -2094266 -(2094269--2094270) -(2094272--2094273) -(2094276--2094280) -(2094283--2094286) -2094288 -(2094290--2094291) -(2094294--2094295) -(2094298--2094302) -2094304 -(2094309--2094310) -2094312 -(2094314--2094315) -2094317 -(2094319--2094321) -(2094323--2094324) -(2094327--2094328) -2094330 -2094336 -2094340 -2094344 -2094346 -(2094348--2094349) -(2094354--2094355) -209
[  263.072232] e2fsck: -2095364) -(2095367--2095369) -2095373 -(2095377--2095380) -(2095385--2095386) -2095388 -2095390 -2095395 -(2095397--2095398) -2095405 -(2095407--2095411) -(2095415--2095416) -(2095420--2095421) -2095423 -(2095426--2095428) -(2095430--2095432) -(2095434--2095436) -(2095440--2095441) -(2095443--2095447) -2095449 -2095451 -(2095455--2095457) -(2095461--2095465) -2095470 -2095472 -(2095477--2095480) -2095483 -(2095485--2095488) -2095490 -(2095494--2095495) -(2095498--2095499) -2095504 -(2095506--20
[  263.072232] e2fsck: -2095364) -(2095367--2095369) -2095373 -(2095377--2095380) -(2095385--2095386) -2095388 -2095390 -2095395 -(2095397--2095398) -2095405 -(2095407--2095411) -(2095415--2095416) -(2095420--2095421) -2095423 -(2095426--2095428) -(2095430--2095432) -(2095434--2095436) -(2095440--2095441) -(2095443--2095447) -2095449 -2095451 -(2095455--2095457) -(2095461--2095465) -2095470 -2095472 -(2095477--2095480) -2095483 -(2095485--2095488) -2095490 -(2095494--2095495) -(2095498--2095499) -2095504 -(2095506--20
[  263.531233] e2fsck: ) -2096474 -(2096476--2096477) -(2096479--2096480) -(2096483--2096484) -2096486 -2096488 -(2096492--2096493) -2096499 -2096501 -2096503 -(2096506--2096507) -2096511 -(2096513--2096517) -2096519 -2096523 -2096526 -2096530 -2096532 -2096534 -(2096537--2096538) -(2096540--2096541) -(2096544--2096545) -2096547 -2096553 -(2096560--2096561) -2096563 -2096565 -2096567 -2096569 -2096571 -2096573 -(2096575--2096576) -2096578 -2096580 -(2096582--2096583) -(2096585--2096588) -2096593 -(2096595--2096596) -(
[  263.531233] e2fsck: ) -2096474 -(2096476--2096477) -(2096479--2096480) -(2096483--2096484) -2096486 -2096488 -(2096492--2096493) -2096499 -2096501 -2096503 -(2096506--2096507) -2096511 -(2096513--2096517) -2096519 -2096523 -2096526 -2096530 -2096532 -2096534 -(2096537--2096538) -(2096540--2096541) -(2096544--2096545) -2096547 -2096553 -(2096560--2096561) -2096563 -2096565 -2096567 -2096569 -2096571 -2096573 -(2096575--2096576) -2096578 -2096580 -(2096582--2096583) -(2096585--2096588) -2096593 -(2096595--2096596) -(
[  263.544345] e2fsck: Fix? yes
[  263.544345] e2fsck: Fix? yes
[  263.559901] e2fsck: 
[  263.559901] e2fsck: 
[  263.643065] e2fsck: Free blocks count wrong for group #33 (16384, counted=32768).
[  263.643065] e2fsck: Free blocks count wrong for group #33 (16384, counted=32768).
[  263.645851] e2fsck: Fix? yes
[  263.645851] e2fsck: Fix? yes
[  263.647039] e2fsck: 
[  263.647039] e2fsck: 
[  263.655244] e2fsck: Free blocks count wrong (2038635, counted=2055019).
[  263.655244] e2fsck: Free blocks count wrong (2038635, counted=2055019).
[  263.656131] e2fsck: Fix? yes
[  263.656131] e2fsck: Fix? yes
[  263.662399] e2fsck: 
[  263.662399] e2fsck: 
[  263.664787] e2fsck: Recreate journal? yes
[  263.664787] e2fsck: Recreate journal? yes
[  263.665971] e2fsck: 
[  263.665971] e2fsck: 
[  264.993187] e2fsck: Creating journal (16384 blocks):  Done.
[  264.993187] e2fsck: Creating journal (16384 blocks):  Done.
[  264.996675] e2fsck: 
[  264.996675] e2fsck: 
[  264.997920] e2fsck: *** journal has been regenerated ***
[  264.997920] e2fsck: *** journal has been regenerated ***
[  265.074007] e2fsck: 
[  265.074007] e2fsck: 
[  265.075324] e2fsck: data: ***** FILE SYSTEM WAS MODIFIED *****
[  265.075324] e2fsck: data: ***** FILE SYSTEM WAS MODIFIED *****
[  265.078990] e2fsck: data: 12/524288 files (0.0% non-contiguous), 58517/2097152 blocks
[  265.078990] e2fsck: data: 12/524288 files (0.0% non-contiguous), 58517/2097152 blocks
[  265.109703] e2fsck: e2fsck terminated by exit(1)
[  265.109703] 
[  265.109703] e2fsck: e2fsck terminated by exit(1)
[  265.109703] 
[  265.129944] init: Unable to set property 'ro.boottime.init.fsck.data' from uid:0 gid:0 pid:158: Read-only property was already set
[  265.129944] init: Unable to set property 'ro.boottime.init.fsck.data' from uid:0 gid:0 pid:158: Read-only property was already set
[  265.245908] EXT4-fs (dm-4): Ignoring removed nomblk_io_submit option
[  265.245908] EXT4-fs (dm-4): Ignoring removed nomblk_io_submit option
[  265.246585] EXT4-fs (dm-4): Using encoding defined by superblock: utf8-12.1.0 with flags 0x0
[  265.246585] EXT4-fs (dm-4): Using encoding defined by superblock: utf8-12.1.0 with flags 0x0
[  265.260639] EXT4-fs (dm-4): mounted filesystem with ordered data mode. Opts: nomblk_io_submit,errors=panic
[  265.260639] EXT4-fs (dm-4): mounted filesystem with ordered data mode. Opts: nomblk_io_submit,errors=panic
[  265.271137] init: Unable to set property 'ro.boottime.init.mount.data' from uid:0 gid:0 pid:158: Read-only property was already set
[  265.271137] init: Unable to set property 'ro.boottime.init.mount.data' from uid:0 gid:0 pid:158: Read-only property was already set
[  265.441822] init: Keyring created with id 897831369 in process 1
[  265.441822] init: Keyring created with id 897831369 in process 1
[  265.461693] init: Command 'mount_all /vendor/etc/fstab.ranchu' action=fs (/vendor/etc/init/hw/init.ranchu.rc:6) took 230656ms and succeeded
[  265.461693] init: Command 'mount_all /vendor/etc/fstab.ranchu' action=fs (/vendor/etc/init/hw/init.ranchu.rc:6) took 230656ms and succeeded
[  265.466385] init: Service 'qemu-props' (pid 156) exited with status 1 oneshot service took 235.636993 seconds in background
[  265.466385] init: Service 'qemu-props' (pid 156) exited with status 1 oneshot service took 235.636993 seconds in background
[  265.468814] init: Sending signal 9 to service 'qemu-props' (pid 156) process group...
[  265.468814] init: Sending signal 9 to service 'qemu-props' (pid 156) process group...
[  265.473541] libprocessgroup: Successfully killed process cgroup uid 0 pid 156 in 2ms
[  265.473541] libprocessgroup: Successfully killed process cgroup uid 0 pid 156 in 2ms
[  265.513071] init: processing action (fs) from (/system/etc/init/logd.rc:28)
[  265.513071] init: processing action (fs) from (/system/etc/init/logd.rc:28)
[  265.522974] init: processing action (fs) from (/system/etc/init/wifi.rc:25)
[  265.522974] init: processing action (fs) from (/system/etc/init/wifi.rc:25)
[  265.533006] init: processing action (post-fs) from (/system/etc/init/hw/init.rc:467)
[  265.533006] init: processing action (post-fs) from (/system/etc/init/hw/init.rc:467)
[  265.543804] init: starting service 'exec 2 (/system/bin/vdc checkpoint markBootAttempt)'...
[  265.543804] init: starting service 'exec 2 (/system/bin/vdc checkpoint markBootAttempt)'...
[  265.563099] init: SVC_EXEC service 'exec 2 (/system/bin/vdc checkpoint markBootAttempt)' pid 196 (uid 1000 gid 1000+0 context default) started; waiting...
[  265.563099] init: SVC_EXEC service 'exec 2 (/system/bin/vdc checkpoint markBootAttempt)' pid 196 (uid 1000 gid 1000+0 context default) started; waiting...
[  265.876428] init: Service 'exec 2 (/system/bin/vdc checkpoint markBootAttempt)' (pid 196) exited with status 0 waiting took 0.324000 seconds
[  265.876428] init: Service 'exec 2 (/system/bin/vdc checkpoint markBootAttempt)' (pid 196) exited with status 0 waiting took 0.324000 seconds
[  265.878068] init: Sending signal 9 to service 'exec 2 (/system/bin/vdc checkpoint markBootAttempt)' (pid 196) process group...
[  265.878068] init: Sending signal 9 to service 'exec 2 (/system/bin/vdc checkpoint markBootAttempt)' (pid 196) process group...
[  265.882352] libprocessgroup: Successfully killed process cgroup uid 1000 pid 196 in 1ms
[  265.882352] libprocessgroup: Successfully killed process cgroup uid 1000 pid 196 in 1ms
[  265.903729] selinux: SELinux:  Could not stat /sys/kernel/debug: No such file or directory.
[  265.903729] selinux: SELinux:  Could not stat /sys/kernel/debug: No such file or directory.
[  265.904777] selinux: 
[  265.904777] selinux: 
[  265.906171] init: Command 'chown system cache /cache' action=post-fs (/system/etc/init/hw/init.rc:479) took 0ms and failed: lchown() failed: Read-only file system
[  265.906171] init: Command 'chown system cache /cache' action=post-fs (/system/etc/init/hw/init.rc:479) took 0ms and failed: lchown() failed: Read-only file system
[  265.910977] init: Command 'chmod 0770 /cache' action=post-fs (/system/etc/init/hw/init.rc:480) took 0ms and failed: fchmodat() failed: Read-only file system
[  265.910977] init: Command 'chmod 0770 /cache' action=post-fs (/system/etc/init/hw/init.rc:480) took 0ms and failed: fchmodat() failed: Read-only file system
[  265.964543] selinux: SELinux:  setxattr failed: /cache:  Read-only file system
[  265.964543] selinux: SELinux:  setxattr failed: /cache:  Read-only file system
[  265.965445] selinux: 
[  265.965445] selinux: 
[  265.966284] init: Command 'restorecon_recursive /cache' action=post-fs (/system/etc/init/hw/init.rc:482) took 52ms and succeeded
[  265.966284] init: Command 'restorecon_recursive /cache' action=post-fs (/system/etc/init/hw/init.rc:482) took 52ms and succeeded
[  265.972896] init: Command 'mkdir /cache/recovery 0770 system cache' action=post-fs (/system/etc/init/hw/init.rc:486) took 3ms and failed: mkdir() failed on /cache/recovery: Read-only file system
[  265.972896] init: Command 'mkdir /cache/recovery 0770 system cache' action=post-fs (/system/etc/init/hw/init.rc:486) took 3ms and failed: mkdir() failed on /cache/recovery: Read-only file system
[  265.978381] init: Command 'mkdir /cache/backup_stage 0700 system system' action=post-fs (/system/etc/init/hw/init.rc:489) took 3ms and failed: mkdir() failed on /cache/backup_stage: Read-only file system
[  265.978381] init: Command 'mkdir /cache/backup_stage 0700 system system' action=post-fs (/system/etc/init/hw/init.rc:489) took 3ms and failed: mkdir() failed on /cache/backup_stage: Read-only file system
[  265.985567] init: Command 'mkdir /cache/backup 0700 system system' action=post-fs (/system/etc/init/hw/init.rc:490) took 4ms and failed: mkdir() failed on /cache/backup: Read-only file system
[  265.985567] init: Command 'mkdir /cache/backup 0700 system system' action=post-fs (/system/etc/init/hw/init.rc:490) took 4ms and failed: mkdir() failed on /cache/backup: Read-only file system
[  266.002722] init: Command 'mkdir /cache/lost+found 0770 root root' action=post-fs (/system/etc/init/hw/init.rc:511) took 2ms and failed: mkdir() failed on /cache/lost+found: Read-only file system
[  266.002722] init: Command 'mkdir /cache/lost+found 0770 root root' action=post-fs (/system/etc/init/hw/init.rc:511) took 2ms and failed: mkdir() failed on /cache/lost+found: Read-only file system
[  266.058683] init: Command 'restorecon_recursive /metadata' action=post-fs (/system/etc/init/hw/init.rc:513) took 52ms and succeeded
[  266.058683] init: Command 'restorecon_recursive /metadata' action=post-fs (/system/etc/init/hw/init.rc:513) took 52ms and succeeded
[  266.113167] init: processing action (post-fs) from (/system/etc/init/atrace_userdebug.rc:7)
[  266.113167] init: processing action (post-fs) from (/system/etc/init/atrace_userdebug.rc:7)
[  266.128458] init: processing action (post-fs) from (/system/etc/init/gsid.rc:8)
[  266.128458] init: processing action (post-fs) from (/system/etc/init/gsid.rc:8)
[  266.149827] init: processing action (post-fs) from (/system/etc/init/recovery-refresh.rc:1)
[  266.149827] init: processing action (post-fs) from (/system/etc/init/recovery-refresh.rc:1)
[  266.157842] init: starting service 'exec 3 (/system/bin/recovery-refresh)'...
[  266.157842] init: starting service 'exec 3 (/system/bin/recovery-refresh)'...
[  266.176169] init: processing action (late-fs) from (/system/etc/init/hw/init.rc:531)
[  266.176169] init: processing action (late-fs) from (/system/etc/init/hw/init.rc:531)
[  266.195222] init: starting service 'system_suspend'...
[  266.195222] init: starting service 'system_suspend'...
[  266.294801] init: starting service 'vendor.atrace-hal-1-0'...
[  266.294801] init: starting service 'vendor.atrace-hal-1-0'...
[  266.395044] init: Command 'class_start early_hal' action=late-fs (/system/etc/init/hw/init.rc:538) took 209ms and succeeded
[  266.395044] init: Command 'class_start early_hal' action=late-fs (/system/etc/init/hw/init.rc:538) took 209ms and succeeded
[  266.397556] init: processing action (late-fs) from (/vendor/etc/init/hw/init.ranchu.rc:8)
[  266.397556] init: processing action (late-fs) from (/vendor/etc/init/hw/init.ranchu.rc:8)
[  266.769589] init: Unable to set property 'ro.crypto.state' from uid:0 gid:0 pid:1: Read-only property was already set
[  266.769589] init: Unable to set property 'ro.crypto.state' from uid:0 gid:0 pid:1: Read-only property was already set
[  266.780727] init: Command 'mount_all /vendor/etc/fstab.ranchu --late' action=late-fs (/vendor/etc/init/hw/init.ranchu.rc:10) took 381ms and succeeded
[  266.780727] init: Command 'mount_all /vendor/etc/fstab.ranchu --late' action=late-fs (/vendor/etc/init/hw/init.ranchu.rc:10) took 381ms and succeeded
[  266.807979] init: processing action (post-fs-data) from (/system/etc/init/hw/init.rc:540)
[  266.807979] init: processing action (post-fs-data) from (/system/etc/init/hw/init.rc:540)
[  266.829651] init: starting service 'exec 4 (/system/bin/vdc checkpoint prepareCheckpoint)'...
[  266.829651] init: starting service 'exec 4 (/system/bin/vdc checkpoint prepareCheckpoint)'...
[  266.889930] init: SVC_EXEC service 'exec 4 (/system/bin/vdc checkpoint prepareCheckpoint)' pid 200 (uid 1000 gid 1000+0 context default) started; waiting...
[  266.889930] init: SVC_EXEC service 'exec 4 (/system/bin/vdc checkpoint prepareCheckpoint)' pid 200 (uid 1000 gid 1000+0 context default) started; waiting...
[  266.916826] init: Command 'exec - system system -- /system/bin/vdc checkpoint prepareCheckpoint' action=post-fs-data (/system/etc/init/hw/init.rc:544) took 106ms and succeeded
[  266.916826] init: Command 'exec - system system -- /system/bin/vdc checkpoint prepareCheckpoint' action=post-fs-data (/system/etc/init/hw/init.rc:544) took 106ms and succeeded
[  266.976735] init: Service 'exec 3 (/system/bin/recovery-refresh)' (pid 197) exited with status 254 oneshot service took 0.811000 seconds in background
[  266.976735] init: Service 'exec 3 (/system/bin/recovery-refresh)' (pid 197) exited with status 254 oneshot service took 0.811000 seconds in background
[  266.980691] init: Sending signal 9 to service 'exec 3 (/system/bin/recovery-refresh)' (pid 197) process group...
[  266.980691] init: Sending signal 9 to service 'exec 3 (/system/bin/recovery-refresh)' (pid 197) process group...
[  267.000706] libprocessgroup: Successfully killed process cgroup uid 1000 pid 197 in 18ms
[  267.000706] libprocessgroup: Successfully killed process cgroup uid 1000 pid 197 in 18ms
[  267.792062] init: Service 'exec 4 (/system/bin/vdc checkpoint prepareCheckpoint)' (pid 200) exited with status 0 waiting took 0.927000 seconds
[  267.792062] init: Service 'exec 4 (/system/bin/vdc checkpoint prepareCheckpoint)' (pid 200) exited with status 0 waiting took 0.927000 seconds
[  267.796658] init: Sending signal 9 to service 'exec 4 (/system/bin/vdc checkpoint prepareCheckpoint)' (pid 200) process group...
[  267.796658] init: Sending signal 9 to service 'exec 4 (/system/bin/vdc checkpoint prepareCheckpoint)' (pid 200) process group...
[  267.804745] libprocessgroup: Successfully killed process cgroup uid 1000 pid 200 in 1ms
[  267.804745] libprocessgroup: Successfully killed process cgroup uid 1000 pid 200 in 1ms
[  267.854350] init: starting service 'exec 5 (/system/bin/vdc --wait cryptfs enablefilecrypto)'...
[  267.854350] init: starting service 'exec 5 (/system/bin/vdc --wait cryptfs enablefilecrypto)'...
[  267.874253] init: SVC_EXEC service 'exec 5 (/system/bin/vdc --wait cryptfs enablefilecrypto)' pid 203 (uid 0 gid 0+0 context default) started; waiting...
[  267.874253] init: SVC_EXEC service 'exec 5 (/system/bin/vdc --wait cryptfs enablefilecrypto)' pid 203 (uid 0 gid 0+0 context default) started; waiting...
[  268.413760] init: Service 'exec 5 (/system/bin/vdc --wait cryptfs enablefilecrypto)' (pid 203) exited with status 0 waiting took 0.550000 seconds
[  268.413760] init: Service 'exec 5 (/system/bin/vdc --wait cryptfs enablefilecrypto)' (pid 203) exited with status 0 waiting took 0.550000 seconds
[  268.416297] init: Sending signal 9 to service 'exec 5 (/system/bin/vdc --wait cryptfs enablefilecrypto)' (pid 203) process group...
[  268.416297] init: Sending signal 9 to service 'exec 5 (/system/bin/vdc --wait cryptfs enablefilecrypto)' (pid 203) process group...
[  268.423584] libprocessgroup: Successfully killed process cgroup uid 0 pid 203 in 4ms
[  268.423584] libprocessgroup: Successfully killed process cgroup uid 0 pid 203 in 4ms
[  268.455601] init: Encryption policy of /data/bootchart set to 69018974e580e0a1ccc3dfbc6796de16 v2 modes 1/4 flags 0x2
[  268.455601] init: Encryption policy of /data/bootchart set to 69018974e580e0a1ccc3dfbc6796de16 v2 modes 1/4 flags 0x2
[  268.464372] fscrypt: AES-256-CTS-CBC using implementation "cts-cbc-aes-ce"
[  268.464372] fscrypt: AES-256-CTS-CBC using implementation "cts-cbc-aes-ce"
[  268.472512] init: Switched to default mount namespace
[  268.472512] init: Switched to default mount namespace
[  268.474145] init: Not setting encryption policy on: /data/apex
[  268.474145] init: Not setting encryption policy on: /data/apex
[  268.512982] init: Not setting encryption policy on: /data/app-staging
[  268.512982] init: Not setting encryption policy on: /data/app-staging
[  268.526269] init: starting service 'apexd'...
[  268.526269] init: starting service 'apexd'...
[  268.577690] init: Command 'start apexd' action=post-fs-data (/system/etc/init/hw/init.rc:570) took 53ms and succeeded
[  268.577690] init: Command 'start apexd' action=post-fs-data (/system/etc/init/hw/init.rc:570) took 53ms and succeeded
[  268.589723] init: Command 'copy /data/system/entropy.dat /dev/urandom' action=post-fs-data (/system/etc/init/hw/init.rc:573) took 1ms and failed: Could not read input file '/data/system/entropy.dat': open() failed: No such file or directory
[  268.589723] init: Command 'copy /data/system/entropy.dat /dev/urandom' action=post-fs-data (/system/etc/init/hw/init.rc:573) took 1ms and failed: Could not read input file '/data/system/entropy.dat': open() failed: No such file or directory
[  268.640481] init: Encryption policy of /data/misc set to 69018974e580e0a1ccc3dfbc6796de16 v2 modes 1/4 flags 0x2
[  268.640481] init: Encryption policy of /data/misc set to 69018974e580e0a1ccc3dfbc6796de16 v2 modes 1/4 flags 0x2
[  268.672660] init: Command 'copy /data/misc/recovery/ro.build.fingerprint /data/misc/recovery/ro.build.fingerprint.1' action=post-fs-data (/system/etc/init/hw/init.rc:578) took 10ms and failed: Could not read input file '/data/misc/recovery/ro.build.fingerprint': open() failed: No such file or directory
[  268.672660] init: Command 'copy /data/misc/recovery/ro.build.fingerprint /data/misc/recovery/ro.build.fingerprint.1' action=post-fs-data (/system/etc/init/hw/init.rc:578) took 10ms and failed: Could not read input file '/data/misc/recovery/ro.build.fingerprint': open() failed: No such file or directory
[  268.689333] fscrypt: AES-256-XTS using implementation "xts-aes-ce"
[  268.689333] fscrypt: AES-256-XTS using implementation "xts-aes-ce"
[  268.716134] init: Command 'copy /data/misc/recovery/proc/version /data/misc/recovery/proc/version.1' action=post-fs-data (/system/etc/init/hw/init.rc:585) took 0ms and failed: Could not read input file '/data/misc/recovery/proc/version': open() failed: No such file or directory
[  268.716134] init: Command 'copy /data/misc/recovery/proc/version /data/misc/recovery/proc/version.1' action=post-fs-data (/system/etc/init/hw/init.rc:585) took 0ms and failed: Could not read input file '/data/misc/recovery/proc/version': open() failed: No such file or directory
[  269.481518] init: Encryption policy of /data/local set to 69018974e580e0a1ccc3dfbc6796de16 v2 modes 1/4 flags 0x2
[  269.481518] init: Encryption policy of /data/local set to 69018974e580e0a1ccc3dfbc6796de16 v2 modes 1/4 flags 0x2
[  269.594091] apexd: Scanning /system/apex for preinstalled data
[  269.594091] apexd: Scanning /system/apex for preinstalled data
[  269.838482] init: Not setting encryption policy on: /data/preloads
[  269.838482] init: Not setting encryption policy on: /data/preloads
[  269.884906] init: Encryption policy of /data/vendor set to 69018974e580e0a1ccc3dfbc6796de16 v2 modes 1/4 flags 0x2
[  269.884906] init: Encryption policy of /data/vendor set to 69018974e580e0a1ccc3dfbc6796de16 v2 modes 1/4 flags 0x2
[  269.887254] init: Not setting encryption policy on: /data/vendor_ce
[  269.887254] init: Not setting encryption policy on: /data/vendor_ce
[  269.904514] init: Not setting encryption policy on: /data/vendor_de
[  269.904514] init: Not setting encryption policy on: /data/vendor_de
[  269.970000] init: Not setting encryption policy on: /data/data
[  269.970000] init: Not setting encryption policy on: /data/data
[  270.002253] apexd: Scanning /system_ext/apex for preinstalled data
[  270.002253] apexd: Scanning /system_ext/apex for preinstalled data
[  270.004184] init: Encryption policy of /data/app-private set to 69018974e580e0a1ccc3dfbc6796de16 v2 modes 1/4 flags 0x2
[  270.004184] init: Encryption policy of /data/app-private set to 69018974e580e0a1ccc3dfbc6796de16 v2 modes 1/4 flags 0x2
[  270.008569] apexd: ... does not exist. Skipping
[  270.008569] apexd: ... does not exist. Skipping
[  270.009459] apexd: Scanning /product/apex for preinstalled data
[  270.009459] apexd: Scanning /product/apex for preinstalled data
[  270.011618] apexd: ... does not exist. Skipping
[  270.011618] apexd: ... does not exist. Skipping
[  270.012347] apexd: Scanning /vendor/apex for preinstalled data
[  270.012347] apexd: Scanning /vendor/apex for preinstalled data
[  270.013445] apexd: ... does not exist. Skipping
[  270.013445] apexd: ... does not exist. Skipping
[  270.019972] apexd: Populating APEX database from mounts...
[  270.019972] apexd: Populating APEX database from mounts...
[  270.030121] init: Encryption policy of /data/app-ephemeral set to 69018974e580e0a1ccc3dfbc6796de16 v2 modes 1/4 flags 0x2
[  270.030121] init: Encryption policy of /data/app-ephemeral set to 69018974e580e0a1ccc3dfbc6796de16 v2 modes 1/4 flags 0x2
[  270.036931] apexd: 0 packages restored.
[  270.036931] apexd: 0 packages restored.
[  270.056188] init: Encryption policy of /data/app-asec set to 69018974e580e0a1ccc3dfbc6796de16 v2 modes 1/4 flags 0x2
[  270.056188] init: Encryption policy of /data/app-asec set to 69018974e580e0a1ccc3dfbc6796de16 v2 modes 1/4 flags 0x2
[  270.078402] init: Encryption policy of /data/app-lib set to 69018974e580e0a1ccc3dfbc6796de16 v2 modes 1/4 flags 0x2
[  270.078402] init: Encryption policy of /data/app-lib set to 69018974e580e0a1ccc3dfbc6796de16 v2 modes 1/4 flags 0x2
[  270.086328] apexd: Marking APEXd as starting
[  270.086328] apexd: Marking APEXd as starting
[  270.105064] apexd: Scanning /metadata/apex/sessions looking for sessions to be activated.
[  270.105064] apexd: Scanning /metadata/apex/sessions looking for sessions to be activated.
[  270.110183] apexd: Scanning /data/apex/active looking for APEX packages.
[  270.110183] apexd: Scanning /data/apex/active looking for APEX packages.
[  270.113278] apexd: Activated 0 packages. Skipped: 0
[  270.113278] apexd: Activated 0 packages. Skipped: 0
[  270.114200] apexd: Scanning /system/apex looking for APEX packages.
[  270.114200] apexd: Scanning /system/apex looking for APEX packages.
[  270.115989] init: Encryption policy of /data/app set to 69018974e580e0a1ccc3dfbc6796de16 v2 modes 1/4 flags 0x2
[  270.115989] init: Encryption policy of /data/app set to 69018974e580e0a1ccc3dfbc6796de16 v2 modes 1/4 flags 0x2
[  270.129988] init: Encryption policy of /data/property set to 69018974e580e0a1ccc3dfbc6796de16 v2 modes 1/4 flags 0x2
[  270.129988] init: Encryption policy of /data/property set to 69018974e580e0a1ccc3dfbc6796de16 v2 modes 1/4 flags 0x2
[  270.132625] apexd: Found /system/apex/com.google.android.cellbroadcast.apex
[  270.132625] apexd: Found /system/apex/com.google.android.cellbroadcast.apex
[  270.148119] apexd: Found /system/apex/com.google.android.extservices.apex
[  270.148119] apexd: Found /system/apex/com.google.android.extservices.apex
[  270.160746] init: Encryption policy of /data/tombstones set to 69018974e580e0a1ccc3dfbc6796de16 v2 modes 1/4 flags 0x2
[  270.160746] init: Encryption policy of /data/tombstones set to 69018974e580e0a1ccc3dfbc6796de16 v2 modes 1/4 flags 0x2
[  270.164448] apexd: Found /system/apex/com.google.android.ipsec.apex
[  270.164448] apexd: Found /system/apex/com.google.android.ipsec.apex
[  270.190032] apexd: Found /system/apex/com.google.android.tethering.apex
[  270.190032] apexd: Found /system/apex/com.google.android.tethering.apex
[  270.206276] apexd: Found /system/apex/com.google.android.mediaprovider.apex
[  270.206276] apexd: Found /system/apex/com.google.android.mediaprovider.apex
[  270.226643] apexd: Found /system/apex/com.google.android.telephony.apex
[  270.226643] apexd: Found /system/apex/com.google.android.telephony.apex
[  270.228768] init: Encryption policy of /data/dalvik-cache set to 69018974e580e0a1ccc3dfbc6796de16 v2 modes 1/4 flags 0x2
[  270.228768] init: Encryption policy of /data/dalvik-cache set to 69018974e580e0a1ccc3dfbc6796de16 v2 modes 1/4 flags 0x2
[  270.243218] apexd: Found /system/apex/com.android.vndk.current.apex
[  270.243218] apexd: Found /system/apex/com.android.vndk.current.apex
[  270.261059] init: Encryption policy of /data/ota set to 69018974e580e0a1ccc3dfbc6796de16 v2 modes 1/4 flags 0x2
[  270.261059] init: Encryption policy of /data/ota set to 69018974e580e0a1ccc3dfbc6796de16 v2 modes 1/4 flags 0x2
[  270.280307] apexd: Found /system/apex/com.android.i18n.apex
[  270.280307] apexd: Found /system/apex/com.android.i18n.apex
[  270.302113] apexd: Found /system/apex/com.google.android.permission.apex
[  270.302113] apexd: Found /system/apex/com.google.android.permission.apex
[  270.304524] init: Encryption policy of /data/ota_package set to 69018974e580e0a1ccc3dfbc6796de16 v2 modes 1/4 flags 0x2
[  270.304524] init: Encryption policy of /data/ota_package set to 69018974e580e0a1ccc3dfbc6796de16 v2 modes 1/4 flags 0x2
[  270.326171] apexd: Found /system/apex/com.google.android.tzdata2.apex
[  270.326171] apexd: Found /system/apex/com.google.android.tzdata2.apex
[  270.344237] init: Encryption policy of /data/resource-cache set to 69018974e580e0a1ccc3dfbc6796de16 v2 modes 1/4 flags 0x2
[  270.344237] init: Encryption policy of /data/resource-cache set to 69018974e580e0a1ccc3dfbc6796de16 v2 modes 1/4 flags 0x2
[  270.349615] apexd: Found /system/apex/com.google.android.neuralnetworks.apex
[  270.349615] apexd: Found /system/apex/com.google.android.neuralnetworks.apex
[  270.355673] init: Not setting encryption policy on: /data/lost+found
[  270.355673] init: Not setting encryption policy on: /data/lost+found
[  270.373973] apexd: Found /system/apex/com.google.android.resolv.apex
[  270.373973] apexd: Found /system/apex/com.google.android.resolv.apex
[  270.402701] apexd: Found /system/apex/com.google.android.sdkext.apex
[  270.402701] apexd: Found /system/apex/com.google.android.sdkext.apex
[  270.405971] init: Encryption policy of /data/drm set to 69018974e580e0a1ccc3dfbc6796de16 v2 modes 1/4 flags 0x2
[  270.405971] init: Encryption policy of /data/drm set to 69018974e580e0a1ccc3dfbc6796de16 v2 modes 1/4 flags 0x2
[  270.423050] apexd: Found /system/apex/com.google.android.os.statsd.apex
[  270.423050] apexd: Found /system/apex/com.google.android.os.statsd.apex
[  270.449622] apexd: Found /system/apex/com.google.android.adbd.apex
[  270.449622] apexd: Found /system/apex/com.google.android.adbd.apex
[  270.453243] init: Encryption policy of /data/mediadrm set to 69018974e580e0a1ccc3dfbc6796de16 v2 modes 1/4 flags 0x2
[  270.453243] init: Encryption policy of /data/mediadrm set to 69018974e580e0a1ccc3dfbc6796de16 v2 modes 1/4 flags 0x2
[  270.471814] apexd: Found /system/apex/com.android.apex.cts.shim.apex
[  270.471814] apexd: Found /system/apex/com.android.apex.cts.shim.apex
[  270.486236] init: Encryption policy of /data/anr set to 69018974e580e0a1ccc3dfbc6796de16 v2 modes 1/4 flags 0x2
[  270.486236] init: Encryption policy of /data/anr set to 69018974e580e0a1ccc3dfbc6796de16 v2 modes 1/4 flags 0x2
[  270.494442] apexd: Found /system/apex/com.google.android.wifi.apex
[  270.494442] apexd: Found /system/apex/com.google.android.wifi.apex
[  270.517499] apexd: Found /system/apex/com.android.runtime.apex
[  270.517499] apexd: Found /system/apex/com.android.runtime.apex
[  270.522323] init: Encryption policy of /data/nfc set to 69018974e580e0a1ccc3dfbc6796de16 v2 modes 1/4 flags 0x2
[  270.522323] init: Encryption policy of /data/nfc set to 69018974e580e0a1ccc3dfbc6796de16 v2 modes 1/4 flags 0x2
[  270.544100] apexd: Found /system/apex/com.google.android.media.swcodec.apex
[  270.544100] apexd: Found /system/apex/com.google.android.media.swcodec.apex
[  270.557321] apexd: Found /system/apex/com.android.art.debug.apex
[  270.557321] apexd: Found /system/apex/com.android.art.debug.apex
[  270.571855] init: Encryption policy of /data/backup set to 69018974e580e0a1ccc3dfbc6796de16 v2 modes 1/4 flags 0x2
[  270.571855] init: Encryption policy of /data/backup set to 69018974e580e0a1ccc3dfbc6796de16 v2 modes 1/4 flags 0x2
[  270.581121] apexd: Found /system/apex/com.google.android.media.apex
[  270.581121] apexd: Found /system/apex/com.google.android.media.apex
[  270.597292] apexd: Found /system/apex/com.google.android.conscrypt.apex
[  270.597292] apexd: Found /system/apex/com.google.android.conscrypt.apex
[  270.605493] init: Encryption policy of /data/ss set to 69018974e580e0a1ccc3dfbc6796de16 v2 modes 1/4 flags 0x2
[  270.605493] init: Encryption policy of /data/ss set to 69018974e580e0a1ccc3dfbc6796de16 v2 modes 1/4 flags 0x2
[  270.633504] init: Encryption policy of /data/system set to 69018974e580e0a1ccc3dfbc6796de16 v2 modes 1/4 flags 0x2
[  270.633504] init: Encryption policy of /data/system set to 69018974e580e0a1ccc3dfbc6796de16 v2 modes 1/4 flags 0x2
[  270.722355] EXT4-fs (loop6): mounted filesystem without journal. Opts: (null)
[  270.722355] EXT4-fs (loop6): mounted filesystem without journal. Opts: (null)
[  270.724651] apexd: Successfully mounted package /system/apex/com.google.android.cellbroadcast.apex on /apex/com.android.cellbroadcast@300900720
[  270.724651] apexd: Successfully mounted package /system/apex/com.google.android.cellbroadcast.apex on /apex/com.android.cellbroadcast@300900720
[  270.729764] init: Not setting encryption policy on: /data/system_de
[  270.729764] init: Not setting encryption policy on: /data/system_de
[  270.745300] init: Not setting encryption policy on: /data/system_ce
[  270.745300] init: Not setting encryption policy on: /data/system_ce
[  270.764135] init: Not setting encryption policy on: /data/misc_de
[  270.764135] init: Not setting encryption policy on: /data/misc_de
[  270.798100] init: Not setting encryption policy on: /data/misc_ce
[  270.798100] init: Not setting encryption policy on: /data/misc_ce
[  270.837173] init: Not setting encryption policy on: /data/user
[  270.837173] init: Not setting encryption policy on: /data/user
[  270.853919] EXT4-fs (loop7): mounted filesystem without journal. Opts: (null)
[  270.853919] EXT4-fs (loop7): mounted filesystem without journal. Opts: (null)
[  270.856780] apexd: Successfully mounted package /system/apex/com.google.android.extservices.apex on /apex/com.android.extservices@300900700
[  270.856780] apexd: Successfully mounted package /system/apex/com.google.android.extservices.apex on /apex/com.android.extservices@300900700
[  270.865090] init: Not setting encryption policy on: /data/user_de
[  270.865090] init: Not setting encryption policy on: /data/user_de
[  270.886131] init: Command 'rm /data/user/0' action=post-fs-data (/system/etc/init/hw/init.rc:718) took 0ms and failed: unlink() failed: No such file or directory
[  270.886131] init: Command 'rm /data/user/0' action=post-fs-data (/system/etc/init/hw/init.rc:718) took 0ms and failed: unlink() failed: No such file or directory
[  270.982728] EXT4-fs (loop8): mounted filesystem without journal. Opts: (null)
[  270.982728] EXT4-fs (loop8): mounted filesystem without journal. Opts: (null)
[  270.984940] apexd: Successfully mounted package /system/apex/com.google.android.ipsec.apex on /apex/com.android.ipsec@300900700
[  270.984940] apexd: Successfully mounted package /system/apex/com.google.android.ipsec.apex on /apex/com.android.ipsec@300900700
[  271.130162] EXT4-fs (loop9): mounted filesystem without journal. Opts: (null)
[  271.130162] EXT4-fs (loop9): mounted filesystem without journal. Opts: (null)
[  271.131835] apexd: Successfully mounted package /system/apex/com.google.android.tethering.apex on /apex/com.android.tethering@300900700
[  271.131835] apexd: Successfully mounted package /system/apex/com.google.android.tethering.apex on /apex/com.android.tethering@300900700
[  271.271118] EXT4-fs (loop10): mounted filesystem without journal. Opts: (null)
[  271.271118] EXT4-fs (loop10): mounted filesystem without journal. Opts: (null)
[  271.273919] apexd: Successfully mounted package /system/apex/com.google.android.mediaprovider.apex on /apex/com.android.mediaprovider@300900719
[  271.273919] apexd: Successfully mounted package /system/apex/com.google.android.mediaprovider.apex on /apex/com.android.mediaprovider@300900719
[  271.448051] init: Command 'mount tmpfs tmpfs /data_mirror nodev noexec nosuid mode=0700,uid=0,gid=1000' action=post-fs-data (/system/etc/init/hw/init.rc:726) took 428ms and succeeded
[  271.448051] init: Command 'mount tmpfs tmpfs /data_mirror nodev noexec nosuid mode=0700,uid=0,gid=1000' action=post-fs-data (/system/etc/init/hw/init.rc:726) took 428ms and succeeded
[  271.456987] EXT4-fs (loop11): mounted filesystem without journal. Opts: (null)
[  271.456987] EXT4-fs (loop11): mounted filesystem without journal. Opts: (null)
[  271.464342] apexd: Successfully mounted package /system/apex/com.google.android.telephony.apex on /apex/com.android.telephony@1
[  271.464342] apexd: Successfully mounted package /system/apex/com.google.android.telephony.apex on /apex/com.android.telephony@1
[  271.622131] EXT4-fs (loop12): mounted filesystem without journal. Opts: (null)
[  271.622131] EXT4-fs (loop12): mounted filesystem without journal. Opts: (null)
[  271.636023] apexd: Successfully mounted package /system/apex/com.android.vndk.current.apex on /apex/com.android.vndk.v30@1
[  271.636023] apexd: Successfully mounted package /system/apex/com.android.vndk.current.apex on /apex/com.android.vndk.v30@1
[  271.820162] EXT4-fs (loop13): mounted filesystem without journal. Opts: (null)
[  271.820162] EXT4-fs (loop13): mounted filesystem without journal. Opts: (null)
[  271.828393] apexd: Successfully mounted package /system/apex/com.android.i18n.apex on /apex/com.android.i18n@1
[  271.828393] apexd: Successfully mounted package /system/apex/com.android.i18n.apex on /apex/com.android.i18n@1
[  272.007776] EXT4-fs (loop14): mounted filesystem without journal. Opts: (null)
[  272.007776] EXT4-fs (loop14): mounted filesystem without journal. Opts: (null)
[  272.010114] apexd: Successfully mounted package /system/apex/com.google.android.permission.apex on /apex/com.android.permission@300900706
[  272.010114] apexd: Successfully mounted package /system/apex/com.google.android.permission.apex on /apex/com.android.permission@300900706
[  272.016621] init: Encryption policy of /data/cache set to 69018974e580e0a1ccc3dfbc6796de16 v2 modes 1/4 flags 0x2
[  272.016621] init: Encryption policy of /data/cache set to 69018974e580e0a1ccc3dfbc6796de16 v2 modes 1/4 flags 0x2
[  272.022767] init: Command 'mkdir /data/cache 0770 system cache encryption=Require' action=post-fs-data (/system/etc/init/hw/init.rc:743) took 52ms and succeeded
[  272.022767] init: Command 'mkdir /data/cache 0770 system cache encryption=Require' action=post-fs-data (/system/etc/init/hw/init.rc:743) took 52ms and succeeded
[  272.116150] EXT4-fs (loop15): mounted filesystem without journal. Opts: (null)
[  272.116150] EXT4-fs (loop15): mounted filesystem without journal. Opts: (null)
[  272.117973] apexd: Successfully mounted package /system/apex/com.google.android.tzdata2.apex on /apex/com.android.tzdata@300900700
[  272.117973] apexd: Successfully mounted package /system/apex/com.google.android.tzdata2.apex on /apex/com.android.tzdata@300900700
[  272.162256] init: Encryption policy of /data/rollback set to 69018974e580e0a1ccc3dfbc6796de16 v2 modes 1/4 flags 0x2
[  272.162256] init: Encryption policy of /data/rollback set to 69018974e580e0a1ccc3dfbc6796de16 v2 modes 1/4 flags 0x2
[  272.208587] init: Encryption policy of /data/rollback-observer set to 69018974e580e0a1ccc3dfbc6796de16 v2 modes 1/4 flags 0x2
[  272.208587] init: Encryption policy of /data/rollback-observer set to 69018974e580e0a1ccc3dfbc6796de16 v2 modes 1/4 flags 0x2
[  272.227416] init: Encryption policy of /data/incremental set to 69018974e580e0a1ccc3dfbc6796de16 v2 modes 1/4 flags 0x2
[  272.227416] init: Encryption policy of /data/incremental set to 69018974e580e0a1ccc3dfbc6796de16 v2 modes 1/4 flags 0x2
[  272.232145] EXT4-fs (loop16): mounted filesystem without journal. Opts: (null)
[  272.232145] EXT4-fs (loop16): mounted filesystem without journal. Opts: (null)
[  272.234634] apexd: Successfully mounted package /system/apex/com.google.android.neuralnetworks.apex on /apex/com.android.neuralnetworks@300900700
[  272.234634] apexd: Successfully mounted package /system/apex/com.google.android.neuralnetworks.apex on /apex/com.android.neuralnetworks@300900700
[  272.341592] EXT4-fs (loop17): mounted filesystem without journal. Opts: (null)
[  272.341592] EXT4-fs (loop17): mounted filesystem without journal. Opts: (null)
[  272.343076] apexd: Successfully mounted package /system/apex/com.google.android.resolv.apex on /apex/com.android.resolv@300900700
[  272.343076] apexd: Successfully mounted package /system/apex/com.google.android.resolv.apex on /apex/com.android.resolv@300900700
[  272.432995] EXT4-fs (loop18): mounted filesystem without journal. Opts: (null)
[  272.432995] EXT4-fs (loop18): mounted filesystem without journal. Opts: (null)
[  272.434893] apexd: Successfully mounted package /system/apex/com.google.android.sdkext.apex on /apex/com.android.sdkext@300900700
[  272.434893] apexd: Successfully mounted package /system/apex/com.google.android.sdkext.apex on /apex/com.android.sdkext@300900700
[  272.511264] EXT4-fs (loop19): mounted filesystem without journal. Opts: (null)
[  272.511264] EXT4-fs (loop19): mounted filesystem without journal. Opts: (null)
[  272.512645] apexd: Successfully mounted package /system/apex/com.google.android.os.statsd.apex on /apex/com.android.os.statsd@300900700
[  272.512645] apexd: Successfully mounted package /system/apex/com.google.android.os.statsd.apex on /apex/com.android.os.statsd@300900700
[  272.588890] EXT4-fs (loop20): mounted filesystem without journal. Opts: (null)
[  272.588890] EXT4-fs (loop20): mounted filesystem without journal. Opts: (null)
[  272.591130] apexd: Successfully mounted package /system/apex/com.google.android.adbd.apex on /apex/com.android.adbd@300900700
[  272.591130] apexd: Successfully mounted package /system/apex/com.google.android.adbd.apex on /apex/com.android.adbd@300900700
[  272.663899] EXT4-fs (loop21): mounted filesystem without journal. Opts: (null)
[  272.663899] EXT4-fs (loop21): mounted filesystem without journal. Opts: (null)
[  272.665560] apexd: Successfully mounted package /system/apex/com.android.apex.cts.shim.apex on /apex/com.android.apex.cts.shim@1
[  272.665560] apexd: Successfully mounted package /system/apex/com.android.apex.cts.shim.apex on /apex/com.android.apex.cts.shim@1
[  272.785788] EXT4-fs (loop22): mounted filesystem without journal. Opts: (null)
[  272.785788] EXT4-fs (loop22): mounted filesystem without journal. Opts: (null)
[  272.788945] apexd: Successfully mounted package /system/apex/com.google.android.wifi.apex on /apex/com.android.wifi@300900711
[  272.788945] apexd: Successfully mounted package /system/apex/com.google.android.wifi.apex on /apex/com.android.wifi@300900711
[  272.883504] EXT4-fs (loop23): mounted filesystem without journal. Opts: (null)
[  272.883504] EXT4-fs (loop23): mounted filesystem without journal. Opts: (null)
[  272.885295] apexd: Successfully mounted package /system/apex/com.android.runtime.apex on /apex/com.android.runtime@1
[  272.885295] apexd: Successfully mounted package /system/apex/com.android.runtime.apex on /apex/com.android.runtime@1
[  272.959679] EXT4-fs (loop24): mounted filesystem without journal. Opts: (null)
[  272.959679] EXT4-fs (loop24): mounted filesystem without journal. Opts: (null)
[  272.961300] apexd: Successfully mounted package /system/apex/com.google.android.media.swcodec.apex on /apex/com.android.media.swcodec@300900714
[  272.961300] apexd: Successfully mounted package /system/apex/com.google.android.media.swcodec.apex on /apex/com.android.media.swcodec@300900714
[  273.032729] EXT4-fs (loop25): mounted filesystem without journal. Opts: (null)
[  273.032729] EXT4-fs (loop25): mounted filesystem without journal. Opts: (null)
[  273.036206] apexd: Successfully mounted package /system/apex/com.android.art.debug.apex on /apex/com.android.art@1
[  273.036206] apexd: Successfully mounted package /system/apex/com.android.art.debug.apex on /apex/com.android.art@1
[  273.141662] EXT4-fs (loop26): mounted filesystem without journal. Opts: (null)
[  273.141662] EXT4-fs (loop26): mounted filesystem without journal. Opts: (null)
[  273.143350] apexd: Successfully mounted package /system/apex/com.google.android.media.apex on /apex/com.android.media@300900700
[  273.143350] apexd: Successfully mounted package /system/apex/com.google.android.media.apex on /apex/com.android.media@300900700
[  273.233437] EXT4-fs (loop27): mounted filesystem without journal. Opts: (null)
[  273.233437] EXT4-fs (loop27): mounted filesystem without journal. Opts: (null)
[  273.234830] apexd: Successfully mounted package /system/apex/com.google.android.conscrypt.apex on /apex/com.android.conscrypt@300900703
[  273.234830] apexd: Successfully mounted package /system/apex/com.google.android.conscrypt.apex on /apex/com.android.conscrypt@300900703
[  273.245368] apexd: Activated 22 packages. Skipped: 0
[  273.245368] apexd: Activated 22 packages. Skipped: 0
[  273.246951] apexd: Scanning /system_ext/apex looking for APEX packages.
[  273.246951] apexd: Scanning /system_ext/apex looking for APEX packages.
[  273.251599] apexd: ... does not exist. Skipping
[  273.251599] apexd: ... does not exist. Skipping
[  273.437110] apexd: Activated 0 packages. Skipped: 0
[  273.437110] apexd: Activated 0 packages. Skipped: 0
[  273.438118] apexd: Scanning /product/apex looking for APEX packages.
[  273.438118] apexd: Scanning /product/apex looking for APEX packages.
[  273.440548] apexd: ... does not exist. Skipping
[  273.440548] apexd: ... does not exist. Skipping
[  273.566950] apexd: Activated 0 packages. Skipped: 0
[  273.566950] apexd: Activated 0 packages. Skipped: 0
[  273.568556] apexd: Scanning /vendor/apex looking for APEX packages.
[  273.568556] apexd: Scanning /vendor/apex looking for APEX packages.
[  273.570037] apexd: ... does not exist. Skipping
[  273.570037] apexd: ... does not exist. Skipping
[  273.707100] apexd: Activated 0 packages. Skipped: 0
[  273.707100] apexd: Activated 0 packages. Skipped: 0
[  273.710766] AidlLazyServiceRegistrar: Registering service apexservice
[  273.710766] AidlLazyServiceRegistrar: Registering service apexservice
[  273.739740] apexd: Marking APEXd as activated
[  273.739740] apexd: Marking APEXd as activated
[  273.748745] init: Wait for property 'apexd.status=activated' took 1381ms
[  273.748745] init: Wait for property 'apexd.status=activated' took 1381ms
[  274.063155] init: Parsing file /apex/com.android.adbd/etc/init.rc...
[  274.063155] init: Parsing file /apex/com.android.adbd/etc/init.rc...
[  274.068616] init: Parsing file /apex/com.android.media.swcodec/etc/init.rc...
[  274.068616] init: Parsing file /apex/com.android.media.swcodec/etc/init.rc...
[  274.072742] init: Parsing file /apex/com.android.os.statsd/etc/init.rc...
[  274.072742] init: Parsing file /apex/com.android.os.statsd/etc/init.rc...
[  274.077198] init: Parsing file /apex/com.android.sdkext/etc/derive_sdk.rc...
[  274.077198] init: Parsing file /apex/com.android.sdkext/etc/derive_sdk.rc...
[  274.328899] init: linkerconfig generated /linkerconfig with mounted APEX modules info
[  274.328899] init: linkerconfig generated /linkerconfig with mounted APEX modules info
[  274.334329] init: Command 'perform_apex_config' action=post-fs-data (/system/etc/init/hw/init.rc:764) took 573ms and succeeded
[  274.334329] init: Command 'perform_apex_config' action=post-fs-data (/system/etc/init/hw/init.rc:764) took 573ms and succeeded
[  274.340254] init: Not setting encryption policy on: /data/media
[  274.340254] init: Not setting encryption policy on: /data/media
[  274.360749] init: starting service 'exec 6 (/system/bin/chattr +F /data/media)'...
[  274.360749] init: starting service 'exec 6 (/system/bin/chattr +F /data/media)'...
[  274.376085] init: SVC_EXEC service 'exec 6 (/system/bin/chattr +F /data/media)' pid 256 (uid 1023 gid 1023+0 context default) started; waiting...
[  274.376085] init: SVC_EXEC service 'exec 6 (/system/bin/chattr +F /data/media)' pid 256 (uid 1023 gid 1023+0 context default) started; waiting...
[  274.858976] init: Service 'exec 6 (/system/bin/chattr +F /data/media)' (pid 256) exited with status 0 waiting took 0.491000 seconds
[  274.858976] init: Service 'exec 6 (/system/bin/chattr +F /data/media)' (pid 256) exited with status 0 waiting took 0.491000 seconds
[  274.861565] init: Sending signal 9 to service 'exec 6 (/system/bin/chattr +F /data/media)' (pid 256) process group...
[  274.861565] init: Sending signal 9 to service 'exec 6 (/system/bin/chattr +F /data/media)' (pid 256) process group...
[  274.868923] libprocessgroup: Successfully killed process cgroup uid 1023 pid 256 in 3ms
[  274.868923] libprocessgroup: Successfully killed process cgroup uid 1023 pid 256 in 3ms
[  274.894261] init: Encryption policy of /data/media/obb set to 69018974e580e0a1ccc3dfbc6796de16 v2 modes 1/4 flags 0x2
[  274.894261] init: Encryption policy of /data/media/obb set to 69018974e580e0a1ccc3dfbc6796de16 v2 modes 1/4 flags 0x2
[  274.904996] init: starting service 'derive_sdk'...
[  274.904996] init: starting service 'derive_sdk'...
[  274.969872] init: SVC_EXEC service 'derive_sdk' pid 257 (uid 9999 gid 9999+0 context default) started; waiting...
[  274.969872] init: SVC_EXEC service 'derive_sdk' pid 257 (uid 9999 gid 9999+0 context default) started; waiting...
[  274.972437] init: Command 'exec_start derive_sdk' action=post-fs-data (/system/etc/init/hw/init.rc:771) took 74ms and succeeded
[  274.972437] init: Command 'exec_start derive_sdk' action=post-fs-data (/system/etc/init/hw/init.rc:771) took 74ms and succeeded
[  275.247101] init: Service 'derive_sdk' (pid 257) exited with status 0 waiting took 0.333000 seconds
[  275.247101] init: Service 'derive_sdk' (pid 257) exited with status 0 waiting took 0.333000 seconds
[  275.248561] init: Sending signal 9 to service 'derive_sdk' (pid 257) process group...
[  275.248561] init: Sending signal 9 to service 'derive_sdk' (pid 257) process group...
[  275.254525] libprocessgroup: Successfully killed process cgroup uid 9999 pid 257 in 4ms
[  275.254525] libprocessgroup: Successfully killed process cgroup uid 9999 pid 257 in 4ms
[  275.281308] init: starting service 'exec 7 (/system/bin/vdc --wait cryptfs init_user0)'...
[  275.281308] init: starting service 'exec 7 (/system/bin/vdc --wait cryptfs init_user0)'...
[  275.294554] init: SVC_EXEC service 'exec 7 (/system/bin/vdc --wait cryptfs init_user0)' pid 258 (uid 0 gid 0+0 context default) started; waiting...
[  275.294554] init: SVC_EXEC service 'exec 7 (/system/bin/vdc --wait cryptfs init_user0)' pid 258 (uid 0 gid 0+0 context default) started; waiting...
[  276.700263] init: Service 'exec 7 (/system/bin/vdc --wait cryptfs init_user0)' (pid 258) exited with status 0 waiting took 1.411000 seconds
[  276.700263] init: Service 'exec 7 (/system/bin/vdc --wait cryptfs init_user0)' (pid 258) exited with status 0 waiting took 1.411000 seconds
[  276.703626] init: Sending signal 9 to service 'exec 7 (/system/bin/vdc --wait cryptfs init_user0)' (pid 258) process group...
[  276.703626] init: Sending signal 9 to service 'exec 7 (/system/bin/vdc --wait cryptfs init_user0)' (pid 258) process group...
[  276.708619] libprocessgroup: Successfully killed process cgroup uid 0 pid 258 in 1ms
[  276.708619] libprocessgroup: Successfully killed process cgroup uid 0 pid 258 in 1ms
[  276.718010] init: starting service 'apexd-snapshotde'...
[  276.718010] init: starting service 'apexd-snapshotde'...
[  276.765730] init: SVC_EXEC service 'apexd-snapshotde' pid 260 (uid 0 gid 1000+0 context default) started; waiting...
[  276.765730] init: SVC_EXEC service 'apexd-snapshotde' pid 260 (uid 0 gid 1000+0 context default) started; waiting...
[  276.768463] init: Command 'exec_start apexd-snapshotde' action=post-fs-data (/system/etc/init/hw/init.rc:779) took 53ms and succeeded
[  276.768463] init: Command 'exec_start apexd-snapshotde' action=post-fs-data (/system/etc/init/hw/init.rc:779) took 53ms and succeeded
[  277.130037] apexd: Snapshot DE subcommand detected
[  277.130037] apexd: Snapshot DE subcommand detected
[  277.144505] apexd: Marking APEXd as ready
[  277.144505] apexd: Marking APEXd as ready
[  277.182256] init: Service 'apexd-snapshotde' (pid 260) exited with status 0 waiting took 0.456000 seconds
[  277.182256] init: Service 'apexd-snapshotde' (pid 260) exited with status 0 waiting took 0.456000 seconds
[  277.184505] init: Sending signal 9 to service 'apexd-snapshotde' (pid 260) process group...
[  277.184505] init: Sending signal 9 to service 'apexd-snapshotde' (pid 260) process group...
[  277.188919] libprocessgroup: Successfully killed process cgroup uid 0 pid 260 in 2ms
[  277.188919] libprocessgroup: Successfully killed process cgroup uid 0 pid 260 in 2ms
[  278.480436] init: Command 'restorecon --recursive --skip-ce /data' action=post-fs-data (/system/etc/init/hw/init.rc:782) took 1274ms and succeeded
[  278.480436] init: Command 'restorecon --recursive --skip-ce /data' action=post-fs-data (/system/etc/init/hw/init.rc:782) took 1274ms and succeeded
[  278.488809] init: starting service 'exec 8 (/system/bin/tzdatacheck /apex/com.android.tzdata/etc/tz /data/misc/zoneinfo)'...
[  278.488809] init: starting service 'exec 8 (/system/bin/tzdatacheck /apex/com.android.tzdata/etc/tz /data/misc/zoneinfo)'...
[  278.502024] init: SVC_EXEC service 'exec 8 (/system/bin/tzdatacheck /apex/com.android.tzdata/etc/tz /data/misc/zoneinfo)' pid 261 (uid 1000 gid 1000+0 context default) started; waiting...
[  278.502024] init: SVC_EXEC service 'exec 8 (/system/bin/tzdatacheck /apex/com.android.tzdata/etc/tz /data/misc/zoneinfo)' pid 261 (uid 1000 gid 1000+0 context default) started; waiting...
[  278.733462] init: Service 'exec 8 (/system/bin/tzdatacheck /apex/com.android.tzdata/etc/tz /data/misc/zoneinfo)' (pid 261) exited with status 0 waiting took 0.237000 seconds
[  278.733462] init: Service 'exec 8 (/system/bin/tzdatacheck /apex/com.android.tzdata/etc/tz /data/misc/zoneinfo)' (pid 261) exited with status 0 waiting took 0.237000 seconds
[  278.735271] init: Sending signal 9 to service 'exec 8 (/system/bin/tzdatacheck /apex/com.android.tzdata/etc/tz /data/misc/zoneinfo)' (pid 261) process group...
[  278.735271] init: Sending signal 9 to service 'exec 8 (/system/bin/tzdatacheck /apex/com.android.tzdata/etc/tz /data/misc/zoneinfo)' (pid 261) process group...
[  278.744113] libprocessgroup: Successfully killed process cgroup uid 1000 pid 261 in 1ms
[  278.744113] libprocessgroup: Successfully killed process cgroup uid 1000 pid 261 in 1ms
[  278.770101] init: processing action (post-fs-data) from (/system/etc/init/hw/init.usb.rc:6)
[  278.770101] init: processing action (post-fs-data) from (/system/etc/init/hw/init.usb.rc:6)
[  278.803815] init: Encryption policy of /data/adb set to 69018974e580e0a1ccc3dfbc6796de16 v2 modes 1/4 flags 0x2
[  278.803815] init: Encryption policy of /data/adb set to 69018974e580e0a1ccc3dfbc6796de16 v2 modes 1/4 flags 0x2
[  278.805457] init: processing action (post-fs-data) from (/vendor/etc/init/hw/init.ranchu.rc:52)
[  278.805457] init: processing action (post-fs-data) from (/vendor/etc/init/hw/init.ranchu.rc:52)
[  278.872721] init: starting service 'create_router_ns'...
[  278.872721] init: starting service 'create_router_ns'...
[  278.953962] init: Command 'start create_router_ns' action=post-fs-data (/vendor/etc/init/hw/init.ranchu.rc:57) took 87ms and succeeded
[  278.953962] init: Command 'start create_router_ns' action=post-fs-data (/vendor/etc/init/hw/init.ranchu.rc:57) took 87ms and succeeded
[  278.957331] init: processing action (post-fs-data) from (/system/etc/init/bootstat.rc:9)
[  278.957331] init: processing action (post-fs-data) from (/system/etc/init/bootstat.rc:9)
[  279.110614] init: processing action (ro.debuggable=1 && post-fs-data) from (/system/etc/init/clean_scratch_files.rc:1)
[  279.110614] init: processing action (ro.debuggable=1 && post-fs-data) from (/system/etc/init/clean_scratch_files.rc:1)
[  279.152999] init: Command 'exec_background - root root -- /system/bin/clean_scratch_files' action=ro.debuggable=1 && post-fs-data (/system/etc/init/clean_scratch_files.rc:2) took 26ms and failed: Could not start exec background service: File /system/bin/clean_scratch_files(labeled "u:object_r:system_file:s0") has incorrect label or no domain transition from u:r:init:s0 to another SELinux domain defined. Have you configured your service correctly? https://source.android.com/security/selinux/device-policy#label_new_services_and_address_denials
[  279.152999] init: Command 'exec_background - root root -- /system/bin/clean_scratch_files' action=ro.debuggable=1 && post-fs-data (/system/etc/init/clean_scratch_files.rc:2) took 26ms and failed: Could not start exec background service: File /system/bin/clean_scratch_files(labeled "u:object_r:system_file:s0") has incorrect label or no domain transition from u:r:init:s0 to another SELinux domain defined. Have you configured your service correctly? https://source.android.com/security/selinux/device-policy#label_new_services_and_address_denials
[  279.172922] init: processing action (post-fs-data) from (/system/etc/init/gsid.rc:14)
[  279.172922] init: processing action (post-fs-data) from (/system/etc/init/gsid.rc:14)
[  279.184838] init: Not setting encryption policy on: /data/gsi
[  279.184838] init: Not setting encryption policy on: /data/gsi
[  279.245840] init: processing action (post-fs-data) from (/system/etc/init/incidentd.rc:21)
[  279.245840] init: processing action (post-fs-data) from (/system/etc/init/incidentd.rc:21)
[  279.291637] init: processing action (post-fs-data) from (/system/etc/init/iorapd.rc:28)
[  279.291637] init: processing action (post-fs-data) from (/system/etc/init/iorapd.rc:28)
[  279.325886] init: processing action (post-fs-data) from (/system/etc/init/logtagd.rc:4)
[  279.325886] init: processing action (post-fs-data) from (/system/etc/init/logtagd.rc:4)
[  279.409551] init: processing action (post-fs-data) from (/system/etc/init/otapreopt.rc:3)
[  279.409551] init: processing action (post-fs-data) from (/system/etc/init/otapreopt.rc:3)
[  279.438916] init: starting service 'exec 10 (/system/bin/otapreopt_slot)'...
[  279.438916] init: starting service 'exec 10 (/system/bin/otapreopt_slot)'...
[  279.484628] init: SVC_EXEC service 'exec 10 (/system/bin/otapreopt_slot)' pid 263 (uid 0 gid 0+0 context default) started; waiting...
[  279.484628] init: SVC_EXEC service 'exec 10 (/system/bin/otapreopt_slot)' pid 263 (uid 0 gid 0+0 context default) started; waiting...
[  279.486516] init: Command 'exec - root -- /system/bin/otapreopt_slot' action=post-fs-data (/system/etc/init/otapreopt.rc:4) took 75ms and succeeded
[  279.486516] init: Command 'exec - root -- /system/bin/otapreopt_slot' action=post-fs-data (/system/etc/init/otapreopt.rc:4) took 75ms and succeeded
[  280.500285] init: Service 'exec 10 (/system/bin/otapreopt_slot)' (pid 263) exited with status 1 waiting took 1.045000 seconds
[  280.500285] init: Service 'exec 10 (/system/bin/otapreopt_slot)' (pid 263) exited with status 1 waiting took 1.045000 seconds
[  280.501726] init: Sending signal 9 to service 'exec 10 (/system/bin/otapreopt_slot)' (pid 263) process group...
[  280.501726] init: Sending signal 9 to service 'exec 10 (/system/bin/otapreopt_slot)' (pid 263) process group...
[  280.506240] libprocessgroup: Successfully killed process cgroup uid 0 pid 263 in 1ms
[  280.506240] libprocessgroup: Successfully killed process cgroup uid 0 pid 263 in 1ms
[  280.515409] selinux: SELinux:  Could not stat /data/dalvik-cache/arm: No such file or directory.
[  280.515409] selinux: SELinux:  Could not stat /data/dalvik-cache/arm: No such file or directory.
[  280.516732] selinux: 
[  280.516732] selinux: 
[  280.519297] selinux: SELinux:  Could not stat /data/dalvik-cache/arm64: No such file or directory.
[  280.519297] selinux: SELinux:  Could not stat /data/dalvik-cache/arm64: No such file or directory.
[  280.521527] selinux: 
[  280.521527] selinux: 
[  280.524478] selinux: SELinux:  Could not stat /data/dalvik-cache/mips: No such file or directory.
[  280.524478] selinux: SELinux:  Could not stat /data/dalvik-cache/mips: No such file or directory.
[  280.525781] selinux: 
[  280.525781] selinux: 
[  280.529107] selinux: SELinux:  Could not stat /data/dalvik-cache/mips64: No such file or directory.
[  280.529107] selinux: SELinux:  Could not stat /data/dalvik-cache/mips64: No such file or directory.
[  280.530157] selinux: 
[  280.530157] selinux: 
[  280.532514] selinux: SELinux:  Could not stat /data/dalvik-cache/x86: No such file or directory.
[  280.532514] selinux: SELinux:  Could not stat /data/dalvik-cache/x86: No such file or directory.
[  280.533587] selinux: 
[  280.533587] selinux: 
[  280.537602] selinux: SELinux:  Could not stat /data/dalvik-cache/x86_64: No such file or directory.
[  280.537602] selinux: SELinux:  Could not stat /data/dalvik-cache/x86_64: No such file or directory.
[  280.538887] selinux: 
[  280.538887] selinux: 
[  280.540876] init: processing action (post-fs-data) from (/system/etc/init/perfetto.rc:67)
[  280.540876] init: processing action (post-fs-data) from (/system/etc/init/perfetto.rc:67)
[  280.544099] init: Command 'rm /data/misc/perfetto-traces/.guardraildata' action=post-fs-data (/system/etc/init/perfetto.rc:68) took 1ms and failed: unlink() failed: No such file or directory
[  280.544099] init: Command 'rm /data/misc/perfetto-traces/.guardraildata' action=post-fs-data (/system/etc/init/perfetto.rc:68) took 1ms and failed: unlink() failed: No such file or directory
[  280.546841] init: processing action (post-fs-data) from (/system/etc/init/recovery-persist.rc:1)
[  280.546841] init: processing action (post-fs-data) from (/system/etc/init/recovery-persist.rc:1)
[  280.554489] init: starting service 'exec 11 (/system/bin/recovery-persist)'...
[  280.554489] init: starting service 'exec 11 (/system/bin/recovery-persist)'...
[  280.576459] init: processing action (post-fs-data) from (/system/etc/init/tombstoned.rc:10)
[  280.576459] init: processing action (post-fs-data) from (/system/etc/init/tombstoned.rc:10)
[  280.592497] init: starting service 'tombstoned'...
[  280.592497] init: starting service 'tombstoned'...
[  280.609194] init: Created socket '/dev/socket/tombstoned_crash', mode 666, user 1000, group 1000
[  280.609194] init: Created socket '/dev/socket/tombstoned_crash', mode 666, user 1000, group 1000
[  280.630188] init: Created socket '/dev/socket/tombstoned_intercept', mode 666, user 1000, group 1000
[  280.630188] init: Created socket '/dev/socket/tombstoned_intercept', mode 666, user 1000, group 1000
[  280.660986] init: Created socket '/dev/socket/tombstoned_java_trace', mode 666, user 1000, group 1000
[  280.660986] init: Created socket '/dev/socket/tombstoned_java_trace', mode 666, user 1000, group 1000
[  280.769785] init: Command 'start tombstoned' action=post-fs-data (/system/etc/init/tombstoned.rc:11) took 190ms and succeeded
[  280.769785] init: Command 'start tombstoned' action=post-fs-data (/system/etc/init/tombstoned.rc:11) took 190ms and succeeded
[  280.781467] init: processing action (post-fs-data) from (/system/etc/init/wifi.rc:18)
[  280.781467] init: processing action (post-fs-data) from (/system/etc/init/wifi.rc:18)
[  280.852658] selinux: SELinux: Skipping restorecon on directory(/data/misc/apexdata/com.android.wifi)
[  280.852658] selinux: SELinux: Skipping restorecon on directory(/data/misc/apexdata/com.android.wifi)
[  280.854432] selinux: 
[  280.854432] selinux: 
[  280.864459] init: Command 'restorecon_recursive /data/misc/apexdata/com.android.wifi' action=post-fs-data (/system/etc/init/wifi.rc:19) took 63ms and succeeded
[  280.864459] init: Command 'restorecon_recursive /data/misc/apexdata/com.android.wifi' action=post-fs-data (/system/etc/init/wifi.rc:19) took 63ms and succeeded
[  280.877330] init: processing action (post-fs-data) from (/vendor/etc/init/hostapd.android.rc:9)
[  280.877330] init: processing action (post-fs-data) from (/vendor/etc/init/hostapd.android.rc:9)
[  281.052120] init: Command 'mkdir /data/vendor/wifi/hostapd 0770 wifi wifi' action=post-fs-data (/vendor/etc/init/hostapd.android.rc:11) took 152ms and succeeded
[  281.052120] init: Command 'mkdir /data/vendor/wifi/hostapd 0770 wifi wifi' action=post-fs-data (/vendor/etc/init/hostapd.android.rc:11) took 152ms and succeeded
[  281.072395] init: processing action (load_persist_props_action) from (/system/etc/init/hw/init.rc:417)
[  281.072395] init: processing action (load_persist_props_action) from (/system/etc/init/hw/init.rc:417)
[  281.077686] init: Couldn't load property file '/data/local.prop': open() failed: No such file or directory: No such file or directory
[  281.077686] init: Couldn't load property file '/data/local.prop': open() failed: No such file or directory: No such file or directory
[  281.090362] init: Could not load single persistent property file, trying legacy directory: Unable to read persistent property file: open() failed: No such file or directory
[  281.090362] init: Could not load single persistent property file, trying legacy directory: Unable to read persistent property file: open() failed: No such file or directory
[  281.157175] init: Wait for property 'ro.persistent_properties.ready=true' took 60ms
[  281.157175] init: Wait for property 'ro.persistent_properties.ready=true' took 60ms
[  281.198272] init: starting service 'logd-reinit'...
[  281.198272] init: starting service 'logd-reinit'...
[  281.430264] init: Command 'start logd-reinit' action=load_persist_props_action (/system/etc/init/hw/init.rc:420) took 256ms and succeeded
[  281.430264] init: Command 'start logd-reinit' action=load_persist_props_action (/system/etc/init/hw/init.rc:420) took 256ms and succeeded
[  281.448883] init: processing action (load_persist_props_action) from (/system/etc/init/flags_health_check.rc:1)
[  281.448883] init: processing action (load_persist_props_action) from (/system/etc/init/flags_health_check.rc:1)
[  281.482547] init: Top-level directory needs encryption action, eg mkdir /data/server_configurable_flags <mode> <uid> <gid> encryption=Require
[  281.482547] init: Top-level directory needs encryption action, eg mkdir /data/server_configurable_flags <mode> <uid> <gid> encryption=Require
[  281.622205] init: Encryption policy of /data/server_configurable_flags set to 69018974e580e0a1ccc3dfbc6796de16 v2 modes 1/4 flags 0x2
[  281.622205] init: Encryption policy of /data/server_configurable_flags set to 69018974e580e0a1ccc3dfbc6796de16 v2 modes 1/4 flags 0x2
[  281.648737] init: Command 'mkdir /data/server_configurable_flags 0775 system system' action=load_persist_props_action (/system/etc/init/flags_health_check.rc:4) took 167ms and succeeded
[  281.648737] init: Command 'mkdir /data/server_configurable_flags 0775 system system' action=load_persist_props_action (/system/etc/init/flags_health_check.rc:4) took 167ms and succeeded
[  281.762060] init: starting service 'exec 12 (/system/bin/flags_health_check BOOT_FAILURE)'...
[  281.762060] init: starting service 'exec 12 (/system/bin/flags_health_check BOOT_FAILURE)'...
[  281.868560] init: SVC_EXEC service 'exec 12 (/system/bin/flags_health_check BOOT_FAILURE)' pid 269 (uid 1000 gid 1000+0 context default) started; waiting...
[  281.868560] init: SVC_EXEC service 'exec 12 (/system/bin/flags_health_check BOOT_FAILURE)' pid 269 (uid 1000 gid 1000+0 context default) started; waiting...
[  281.889820] init: Command 'exec - system system -- /system/bin/flags_health_check BOOT_FAILURE' action=load_persist_props_action (/system/etc/init/flags_health_check.rc:5) took 210ms and succeeded
[  281.889820] init: Command 'exec - system system -- /system/bin/flags_health_check BOOT_FAILURE' action=load_persist_props_action (/system/etc/init/flags_health_check.rc:5) took 210ms and succeeded
[  281.934438] init: Service 'exec 11 (/system/bin/recovery-persist)' (pid 266) exited with status 0 oneshot service took 1.371000 seconds in background
[  281.934438] init: Service 'exec 11 (/system/bin/recovery-persist)' (pid 266) exited with status 0 oneshot service took 1.371000 seconds in background
[  281.960176] init: Sending signal 9 to service 'exec 11 (/system/bin/recovery-persist)' (pid 266) process group...
[  281.960176] init: Sending signal 9 to service 'exec 11 (/system/bin/recovery-persist)' (pid 266) process group...
[  281.978465] libprocessgroup: Successfully killed process cgroup uid 1000 pid 266 in 2ms
[  281.978465] libprocessgroup: Successfully killed process cgroup uid 1000 pid 266 in 2ms
[  282.576390] init: Service 'logd-reinit' (pid 268) exited with status 0 oneshot service took 1.327000 seconds in background
[  282.576390] init: Service 'logd-reinit' (pid 268) exited with status 0 oneshot service took 1.327000 seconds in background
[  282.578230] init: Sending signal 9 to service 'logd-reinit' (pid 268) process group...
[  282.578230] init: Sending signal 9 to service 'logd-reinit' (pid 268) process group...
[  282.580146] logd.daemon: reinit
[  282.580146] logd.daemon: reinit
[  282.585751] libprocessgroup: Successfully killed process cgroup uid 1036 pid 268 in 2ms
[  282.585751] libprocessgroup: Successfully killed process cgroup uid 1036 pid 268 in 2ms
[  282.677620] init: Service 'exec 12 (/system/bin/flags_health_check BOOT_FAILURE)' (pid 269) exited with status 0 waiting took 0.862000 seconds
[  282.677620] init: Service 'exec 12 (/system/bin/flags_health_check BOOT_FAILURE)' (pid 269) exited with status 0 waiting took 0.862000 seconds
[  282.680483] init: Sending signal 9 to service 'exec 12 (/system/bin/flags_health_check BOOT_FAILURE)' (pid 269) process group...
[  282.680483] init: Sending signal 9 to service 'exec 12 (/system/bin/flags_health_check BOOT_FAILURE)' (pid 269) process group...
[  282.688963] libprocessgroup: Successfully killed process cgroup uid 1000 pid 269 in 6ms
[  282.688963] libprocessgroup: Successfully killed process cgroup uid 1000 pid 269 in 6ms
[  282.694696] init: processing action (load_persist_props_action) from (/system/etc/init/logcatd.rc:29)
[  282.694696] init: processing action (load_persist_props_action) from (/system/etc/init/logcatd.rc:29)
[  282.711111] init: processing action (load_bpf_programs) from (/system/etc/init/bpfloader.rc:20)
[  282.711111] init: processing action (load_bpf_programs) from (/system/etc/init/bpfloader.rc:20)
[  282.733016] init: starting service 'bpfloader'...
[  282.733016] init: starting service 'bpfloader'...
[  282.825498] init: Command 'start bpfloader' action=load_bpf_programs (/system/etc/init/bpfloader.rc:26) took 96ms and succeeded
[  282.825498] init: Command 'start bpfloader' action=load_bpf_programs (/system/etc/init/bpfloader.rc:26) took 96ms and succeeded
[  282.830912] init: processing action (persist.sys.fuse=true && zygote-start) from (/system/etc/init/hw/init.rc:809)
[  282.830912] init: processing action (persist.sys.fuse=true && zygote-start) from (/system/etc/init/hw/init.rc:809)
[  282.894645] init: processing action (ro.crypto.state=encrypted && ro.crypto.type=file && zygote-start) from (/system/etc/init/hw/init.rc:840)
[  282.894645] init: processing action (ro.crypto.state=encrypted && ro.crypto.type=file && zygote-start) from (/system/etc/init/hw/init.rc:840)
[  282.912331] init: starting service 'update_verifier_nonencrypted'...
[  282.912331] init: starting service 'update_verifier_nonencrypted'...
[  283.493843] init: SVC_EXEC service 'update_verifier_nonencrypted' pid 271 (uid 0 gid 2001+1 context default) started; waiting...
[  283.493843] init: SVC_EXEC service 'update_verifier_nonencrypted' pid 271 (uid 0 gid 2001+1 context default) started; waiting...
[  283.497869] init: Command 'exec_start update_verifier_nonencrypted' action=ro.crypto.state=encrypted && ro.crypto.type=file && zygote-start (/system/etc/init/hw/init.rc:842) took 600ms and succeeded
[  283.497869] init: Command 'exec_start update_verifier_nonencrypted' action=ro.crypto.state=encrypted && ro.crypto.type=file && zygote-start (/system/etc/init/hw/init.rc:842) took 600ms and succeeded
[  283.508777] init: Service 'update_verifier_nonencrypted' (pid 271) exited with status 0 waiting took 0.575000 seconds
[  283.508777] init: Service 'update_verifier_nonencrypted' (pid 271) exited with status 0 waiting took 0.575000 seconds
[  283.510444] init: Sending signal 9 to service 'update_verifier_nonencrypted' (pid 271) process group...
[  283.510444] init: Sending signal 9 to service 'update_verifier_nonencrypted' (pid 271) process group...
[  283.526888] libprocessgroup: Successfully killed process cgroup uid 0 pid 271 in 2ms
[  283.526888] libprocessgroup: Successfully killed process cgroup uid 0 pid 271 in 2ms
[  283.574588] init: starting service 'statsd'...
[  283.574588] init: starting service 'statsd'...
[  283.610794] init: Created socket '/dev/socket/statsdw', mode 222, user 1066, group 1066
[  283.610794] init: Created socket '/dev/socket/statsdw', mode 222, user 1066, group 1066
[  283.756164] init: Command 'start statsd' action=ro.crypto.state=encrypted && ro.crypto.type=file && zygote-start (/system/etc/init/hw/init.rc:843) took 194ms and succeeded
[  283.756164] init: Command 'start statsd' action=ro.crypto.state=encrypted && ro.crypto.type=file && zygote-start (/system/etc/init/hw/init.rc:843) took 194ms and succeeded
[  283.792881] init: starting service 'netd'...
[  283.792881] init: starting service 'netd'...
[  283.865270] init: Created socket '/dev/socket/dnsproxyd', mode 660, user 0, group 3003
[  283.865270] init: Created socket '/dev/socket/dnsproxyd', mode 660, user 0, group 3003
[  283.924717] init: Created socket '/dev/socket/mdns', mode 660, user 0, group 1000
[  283.924717] init: Created socket '/dev/socket/mdns', mode 660, user 0, group 1000
[  283.970177] init: Created socket '/dev/socket/fwmarkd', mode 660, user 0, group 3003
[  283.970177] init: Created socket '/dev/socket/fwmarkd', mode 660, user 0, group 3003
[  284.140560] init: Command 'start netd' action=ro.crypto.state=encrypted && ro.crypto.type=file && zygote-start (/system/etc/init/hw/init.rc:844) took 368ms and succeeded
[  284.140560] init: Command 'start netd' action=ro.crypto.state=encrypted && ro.crypto.type=file && zygote-start (/system/etc/init/hw/init.rc:844) took 368ms and succeeded
[  284.181120] init: starting service 'zygote'...
[  284.181120] init: starting service 'zygote'...
[  284.254460] init: Created socket '/dev/socket/zygote', mode 660, user 0, group 1000
[  284.254460] init: Created socket '/dev/socket/zygote', mode 660, user 0, group 1000
[  284.317646] init: Created socket '/dev/socket/usap_pool_primary', mode 660, user 0, group 1000
[  284.317646] init: Created socket '/dev/socket/usap_pool_primary', mode 660, user 0, group 1000
[  285.905478] init: Command 'start zygote' action=ro.crypto.state=encrypted && ro.crypto.type=file && zygote-start (/system/etc/init/hw/init.rc:845) took 1544ms and succeeded
[  285.905478] init: Command 'start zygote' action=ro.crypto.state=encrypted && ro.crypto.type=file && zygote-start (/system/etc/init/hw/init.rc:845) took 1544ms and succeeded
[  286.848699] init: Command 'start zygote_secondary' action=ro.crypto.state=encrypted && ro.crypto.type=file && zygote-start (/system/etc/init/hw/init.rc:846) took 0ms and failed: service zygote_secondary not found
[  286.848699] init: Command 'start zygote_secondary' action=ro.crypto.state=encrypted && ro.crypto.type=file && zygote-start (/system/etc/init/hw/init.rc:846) took 0ms and failed: service zygote_secondary not found
[  287.320418] init: processing action (zygote-start) from (/vendor/etc/init/hw/init.ranchu.rc:59)
[  287.320418] init: processing action (zygote-start) from (/vendor/etc/init/hw/init.ranchu.rc:59)
[  287.681532] init: Command 'mkdir /data/vendor/wifi 0771 wifi wifi' action=zygote-start (/vendor/etc/init/hw/init.ranchu.rc:61) took 358ms and succeeded
[  287.681532] init: Command 'mkdir /data/vendor/wifi 0771 wifi wifi' action=zygote-start (/vendor/etc/init/hw/init.ranchu.rc:61) took 358ms and succeeded
[  289.150106] init: Command 'mkdir /data/vendor/wifi/wpa 0770 wifi wifi' action=zygote-start (/vendor/etc/init/hw/init.ranchu.rc:62) took 1072ms and succeeded
[  289.150106] init: Command 'mkdir /data/vendor/wifi/wpa 0770 wifi wifi' action=zygote-start (/vendor/etc/init/hw/init.ranchu.rc:62) took 1072ms and succeeded
[  289.573321] init: Command 'mkdir /data/vendor/wifi/wpa/sockets 0770 wifi wifi' action=zygote-start (/vendor/etc/init/hw/init.ranchu.rc:63) took 355ms and succeeded
[  289.573321] init: Command 'mkdir /data/vendor/wifi/wpa/sockets 0770 wifi wifi' action=zygote-start (/vendor/etc/init/hw/init.ranchu.rc:63) took 355ms and succeeded
[  289.578102] init: processing action (firmware_mounts_complete) from (/system/etc/init/hw/init.rc:423)
[  289.578102] init: processing action (firmware_mounts_complete) from (/system/etc/init/hw/init.rc:423)
[  289.594101] init: processing action (early-boot) from (/system/etc/init/installd.rc:5)
[  289.594101] init: processing action (early-boot) from (/system/etc/init/installd.rc:5)
[  290.700495] init: Command 'mkdir /config/sdcardfs/extensions/1055' action=early-boot (/system/etc/init/installd.rc:6) took 521ms and succeeded
[  290.700495] init: Command 'mkdir /config/sdcardfs/extensions/1055' action=early-boot (/system/etc/init/installd.rc:6) took 521ms and succeeded
[  290.875555] ueventd: firmware: could not find firmware for regulatory.db
[  290.875555] ueventd: firmware: could not find firmware for regulatory.db
[  290.877297] ueventd: firmware: attempted /etc/firmware/regulatory.db, open failed: No such file or directory
[  290.877297] ueventd: firmware: attempted /etc/firmware/regulatory.db, open failed: No such file or directory
[  290.878886] ueventd: firmware: attempted /odm/firmware/regulatory.db, open failed: No such file or directory
[  290.878886] ueventd: firmware: attempted /odm/firmware/regulatory.db, open failed: No such file or directory
[  291.469210] ueventd: firmware: attempted /vendor/firmware/regulatory.db, open failed: No such file or directory
[  291.469210] ueventd: firmware: attempted /vendor/firmware/regulatory.db, open failed: No such file or directory
[  291.497066] init: Command 'mkdir /config/sdcardfs/extensions/1056' action=early-boot (/system/etc/init/installd.rc:7) took 793ms and succeeded
[  291.497066] init: Command 'mkdir /config/sdcardfs/extensions/1056' action=early-boot (/system/etc/init/installd.rc:7) took 793ms and succeeded
[  291.780235] ueventd: firmware: attempted /firmware/image/regulatory.db, open failed: No such file or directory
[  291.780235] ueventd: firmware: attempted /firmware/image/regulatory.db, open failed: No such file or directory
[  292.296732] init: Command 'mkdir /config/sdcardfs/extensions/1057' action=early-boot (/system/etc/init/installd.rc:8) took 796ms and succeeded
[  292.296732] init: Command 'mkdir /config/sdcardfs/extensions/1057' action=early-boot (/system/etc/init/installd.rc:8) took 796ms and succeeded
[  292.352444] ueventd: loading /devices/platform/regulatory.0/firmware/regulatory.db took 269748ms
[  292.352444] ueventd: loading /devices/platform/regulatory.0/firmware/regulatory.db took 269748ms
[  293.085337] init: Command 'mkdir /config/sdcardfs/extensions/1056/3gpp' action=early-boot (/system/etc/init/installd.rc:9) took 603ms and succeeded
[  293.085337] init: Command 'mkdir /config/sdcardfs/extensions/1056/3gpp' action=early-boot (/system/etc/init/installd.rc:9) took 603ms and succeeded
[  293.717580] init: Untracked pid 134 exited with status 0
[  293.717580] init: Untracked pid 134 exited with status 0
[  294.063197] init: Command 'mkdir /config/sdcardfs/extensions/1056/3gp' action=early-boot (/system/etc/init/installd.rc:10) took 343ms and succeeded
[  294.063197] init: Command 'mkdir /config/sdcardfs/extensions/1056/3gp' action=early-boot (/system/etc/init/installd.rc:10) took 343ms and succeeded
[  295.314371] init: Command 'mkdir /config/sdcardfs/extensions/1056/3gpp2' action=early-boot (/system/etc/init/installd.rc:11) took 489ms and succeeded
[  295.314371] init: Command 'mkdir /config/sdcardfs/extensions/1056/3gpp2' action=early-boot (/system/etc/init/installd.rc:11) took 489ms and succeeded
[  296.210129] init: Command 'mkdir /config/sdcardfs/extensions/1056/3g2' action=early-boot (/system/etc/init/installd.rc:12) took 715ms and succeeded
[  296.210129] init: Command 'mkdir /config/sdcardfs/extensions/1056/3g2' action=early-boot (/system/etc/init/installd.rc:12) took 715ms and succeeded
[  296.392593] init: Command 'mkdir /config/sdcardfs/extensions/1056/avi' action=early-boot (/system/etc/init/installd.rc:13) took 150ms and succeeded
[  296.392593] init: Command 'mkdir /config/sdcardfs/extensions/1056/avi' action=early-boot (/system/etc/init/installd.rc:13) took 150ms and succeeded
[  296.940304] init: Command 'mkdir /config/sdcardfs/extensions/1056/fli' action=early-boot (/system/etc/init/installd.rc:17) took 105ms and succeeded
[  296.940304] init: Command 'mkdir /config/sdcardfs/extensions/1056/fli' action=early-boot (/system/etc/init/installd.rc:17) took 105ms and succeeded
[  297.528586] init: Command 'mkdir /config/sdcardfs/extensions/1056/vob' action=early-boot (/system/etc/init/installd.rc:24) took 305ms and succeeded
[  297.528586] init: Command 'mkdir /config/sdcardfs/extensions/1056/vob' action=early-boot (/system/etc/init/installd.rc:24) took 305ms and succeeded
[  297.912940] init: Command 'mkdir /config/sdcardfs/extensions/1056/mov' action=early-boot (/system/etc/init/installd.rc:26) took 362ms and succeeded
[  297.912940] init: Command 'mkdir /config/sdcardfs/extensions/1056/mov' action=early-boot (/system/etc/init/installd.rc:26) took 362ms and succeeded
[  298.646098] init: Command 'mkdir /config/sdcardfs/extensions/1056/mxu' action=early-boot (/system/etc/init/installd.rc:27) took 582ms and succeeded
[  298.646098] init: Command 'mkdir /config/sdcardfs/extensions/1056/mxu' action=early-boot (/system/etc/init/installd.rc:27) took 582ms and succeeded
[  299.823896] init: Command 'mkdir /config/sdcardfs/extensions/1056/lsf' action=early-boot (/system/etc/init/installd.rc:29) took 968ms and succeeded
[  299.823896] init: Command 'mkdir /config/sdcardfs/extensions/1056/lsf' action=early-boot (/system/etc/init/installd.rc:29) took 968ms and succeeded
[  299.960401] init: Command 'mkdir /config/sdcardfs/extensions/1056/lsx' action=early-boot (/system/etc/init/installd.rc:30) took 133ms and succeeded
[  299.960401] init: Command 'mkdir /config/sdcardfs/extensions/1056/lsx' action=early-boot (/system/etc/init/installd.rc:30) took 133ms and succeeded
[  300.444690] init: Command 'mkdir /config/sdcardfs/extensions/1056/mkv' action=early-boot (/system/etc/init/installd.rc:31) took 250ms and succeeded
[  300.444690] init: Command 'mkdir /config/sdcardfs/extensions/1056/mkv' action=early-boot (/system/etc/init/installd.rc:31) took 250ms and succeeded
[  301.522069] init: Command 'mkdir /config/sdcardfs/extensions/1056/mng' action=early-boot (/system/etc/init/installd.rc:32) took 467ms and succeeded
[  301.522069] init: Command 'mkdir /config/sdcardfs/extensions/1056/mng' action=early-boot (/system/etc/init/installd.rc:32) took 467ms and succeeded
[  302.696196] init: Command 'mkdir /config/sdcardfs/extensions/1056/asf' action=early-boot (/system/etc/init/installd.rc:33) took 228ms and succeeded
[  302.696196] init: Command 'mkdir /config/sdcardfs/extensions/1056/asf' action=early-boot (/system/etc/init/installd.rc:33) took 228ms and succeeded
[  303.710501] init: Command 'mkdir /config/sdcardfs/extensions/1056/asx' action=early-boot (/system/etc/init/installd.rc:34) took 520ms and succeeded
[  303.710501] init: Command 'mkdir /config/sdcardfs/extensions/1056/asx' action=early-boot (/system/etc/init/installd.rc:34) took 520ms and succeeded
[  304.072224] init: Command 'mkdir /config/sdcardfs/extensions/1056/wm' action=early-boot (/system/etc/init/installd.rc:35) took 262ms and succeeded
[  304.072224] init: Command 'mkdir /config/sdcardfs/extensions/1056/wm' action=early-boot (/system/etc/init/installd.rc:35) took 262ms and succeeded
[  304.553039] init: Command 'mkdir /config/sdcardfs/extensions/1056/wmx' action=early-boot (/system/etc/init/installd.rc:37) took 477ms and succeeded
[  304.553039] init: Command 'mkdir /config/sdcardfs/extensions/1056/wmx' action=early-boot (/system/etc/init/installd.rc:37) took 477ms and succeeded
[  304.908463] init: Command 'mkdir /config/sdcardfs/extensions/1056/wvx' action=early-boot (/system/etc/init/installd.rc:38) took 353ms and succeeded
[  304.908463] init: Command 'mkdir /config/sdcardfs/extensions/1056/wvx' action=early-boot (/system/etc/init/installd.rc:38) took 353ms and succeeded
[  305.276101] init: Command 'mkdir /config/sdcardfs/extensions/1056/movie' action=early-boot (/system/etc/init/installd.rc:39) took 365ms and succeeded
[  305.276101] init: Command 'mkdir /config/sdcardfs/extensions/1056/movie' action=early-boot (/system/etc/init/installd.rc:39) took 365ms and succeeded
[  305.624026] init: Command 'mkdir /config/sdcardfs/extensions/1056/wrf' action=early-boot (/system/etc/init/installd.rc:40) took 345ms and succeeded
[  305.624026] init: Command 'mkdir /config/sdcardfs/extensions/1056/wrf' action=early-boot (/system/etc/init/installd.rc:40) took 345ms and succeeded
[  306.060581] init: Command 'mkdir /config/sdcardfs/extensions/1057/bmp' action=early-boot (/system/etc/init/installd.rc:41) took 433ms and succeeded
[  306.060581] init: Command 'mkdir /config/sdcardfs/extensions/1057/bmp' action=early-boot (/system/etc/init/installd.rc:41) took 433ms and succeeded
[  306.396429] init: Command 'mkdir /config/sdcardfs/extensions/1057/gif' action=early-boot (/system/etc/init/installd.rc:42) took 333ms and succeeded
[  306.396429] init: Command 'mkdir /config/sdcardfs/extensions/1057/gif' action=early-boot (/system/etc/init/installd.rc:42) took 333ms and succeeded
[  306.769843] init: Command 'mkdir /config/sdcardfs/extensions/1057/jpg' action=early-boot (/system/etc/init/installd.rc:43) took 370ms and succeeded
[  306.769843] init: Command 'mkdir /config/sdcardfs/extensions/1057/jpg' action=early-boot (/system/etc/init/installd.rc:43) took 370ms and succeeded
[  307.424635] init: Command 'mkdir /config/sdcardfs/extensions/1057/jpe' action=early-boot (/system/etc/init/installd.rc:45) took 265ms and succeeded
[  307.424635] init: Command 'mkdir /config/sdcardfs/extensions/1057/jpe' action=early-boot (/system/etc/init/installd.rc:45) took 265ms and succeeded
[  307.895845] init: Command 'mkdir /config/sdcardfs/extensions/1057/pcx' action=early-boot (/system/etc/init/installd.rc:46) took 468ms and succeeded
[  307.895845] init: Command 'mkdir /config/sdcardfs/extensions/1057/pcx' action=early-boot (/system/etc/init/installd.rc:46) took 468ms and succeeded
[  308.336675] init: Command 'mkdir /config/sdcardfs/extensions/1057/png' action=early-boot (/system/etc/init/installd.rc:47) took 438ms and succeeded
[  308.336675] init: Command 'mkdir /config/sdcardfs/extensions/1057/png' action=early-boot (/system/etc/init/installd.rc:47) took 438ms and succeeded
[  309.143303] init: Command 'mkdir /config/sdcardfs/extensions/1057/tiff' action=early-boot (/system/etc/init/installd.rc:50) took 419ms and succeeded
[  309.143303] init: Command 'mkdir /config/sdcardfs/extensions/1057/tiff' action=early-boot (/system/etc/init/installd.rc:50) took 419ms and succeeded
[  310.154717] init: Command 'mkdir /config/sdcardfs/extensions/1057/webp' action=early-boot (/system/etc/init/installd.rc:53) took 260ms and succeeded
[  310.154717] init: Command 'mkdir /config/sdcardfs/extensions/1057/webp' action=early-boot (/system/etc/init/installd.rc:53) took 260ms and succeeded
[  312.086532] init: Command 'mkdir /config/sdcardfs/extensions/1057/art' action=early-boot (/system/etc/init/installd.rc:57) took 443ms and succeeded
[  312.086532] init: Command 'mkdir /config/sdcardfs/extensions/1057/art' action=early-boot (/system/etc/init/installd.rc:57) took 443ms and succeeded
[  313.573004] init: Command 'mkdir /config/sdcardfs/extensions/1057/orf' action=early-boot (/system/etc/init/installd.rc:61) took 761ms and succeeded
[  313.573004] init: Command 'mkdir /config/sdcardfs/extensions/1057/orf' action=early-boot (/system/etc/init/installd.rc:61) took 761ms and succeeded
[  314.049269] init: Command 'mkdir /config/sdcardfs/extensions/1057/rw2' action=early-boot (/system/etc/init/installd.rc:62) took 147ms and succeeded
[  314.049269] init: Command 'mkdir /config/sdcardfs/extensions/1057/rw2' action=early-boot (/system/etc/init/installd.rc:62) took 147ms and succeeded
[  314.967733] init: Command 'mkdir /config/sdcardfs/extensions/1057/pef' action=early-boot (/system/etc/init/installd.rc:63) took 382ms and succeeded
[  314.967733] init: Command 'mkdir /config/sdcardfs/extensions/1057/pef' action=early-boot (/system/etc/init/installd.rc:63) took 382ms and succeeded
[  315.746693] init: Command 'mkdir /config/sdcardfs/extensions/1057/pbm' action=early-boot (/system/etc/init/installd.rc:66) took 393ms and succeeded
[  315.746693] init: Command 'mkdir /config/sdcardfs/extensions/1057/pbm' action=early-boot (/system/etc/init/installd.rc:66) took 393ms and succeeded
[  317.322067] init: Command 'mkdir /config/sdcardfs/extensions/1057/srw' action=early-boot (/system/etc/init/installd.rc:69) took 791ms and succeeded
[  317.322067] init: Command 'mkdir /config/sdcardfs/extensions/1057/srw' action=early-boot (/system/etc/init/installd.rc:69) took 791ms and succeeded
[  318.146376] init: Command 'mkdir /config/sdcardfs/extensions/1057/rgb' action=early-boot (/system/etc/init/installd.rc:71) took 395ms and succeeded
[  318.146376] init: Command 'mkdir /config/sdcardfs/extensions/1057/rgb' action=early-boot (/system/etc/init/installd.rc:71) took 395ms and succeeded
[  319.387334] init: Command 'mkdir /config/sdcardfs/extensions/1057/xpm' action=early-boot (/system/etc/init/installd.rc:73) took 775ms and succeeded
[  319.387334] init: Command 'mkdir /config/sdcardfs/extensions/1057/xpm' action=early-boot (/system/etc/init/installd.rc:73) took 775ms and succeeded
[  319.831012] init: Command 'mkdir /config/sdcardfs/extensions/1055/aac' action=early-boot (/system/etc/init/installd.rc:75) took 440ms and succeeded
[  319.831012] init: Command 'mkdir /config/sdcardfs/extensions/1055/aac' action=early-boot (/system/etc/init/installd.rc:75) took 440ms and succeeded
[  320.320446] init: Command 'mkdir /config/sdcardfs/extensions/1055/aac' action=early-boot (/system/etc/init/installd.rc:76) took 325ms and succeeded
[  320.320446] init: Command 'mkdir /config/sdcardfs/extensions/1055/aac' action=early-boot (/system/etc/init/installd.rc:76) took 325ms and succeeded
[  321.171818] init: Command 'mkdir /config/sdcardfs/extensions/1055/amr' action=early-boot (/system/etc/init/installd.rc:77) took 447ms and succeeded
[  321.171818] init: Command 'mkdir /config/sdcardfs/extensions/1055/amr' action=early-boot (/system/etc/init/installd.rc:77) took 447ms and succeeded
[  321.541493] init: Command 'mkdir /config/sdcardfs/extensions/1055/awb' action=early-boot (/system/etc/init/installd.rc:78) took 366ms and succeeded
[  321.541493] init: Command 'mkdir /config/sdcardfs/extensions/1055/awb' action=early-boot (/system/etc/init/installd.rc:78) took 366ms and succeeded
[  322.176125] init: Command 'mkdir /config/sdcardfs/extensions/1055/m3u' action=early-boot (/system/etc/init/installd.rc:92) took 257ms and succeeded
[  322.176125] init: Command 'mkdir /config/sdcardfs/extensions/1055/m3u' action=early-boot (/system/etc/init/installd.rc:92) took 257ms and succeeded
[  322.417085] init: processing action (boot) from (/system/etc/init/hw/init.rc:848)
[  322.417085] init: processing action (boot) from (/system/etc/init/hw/init.rc:848)
[  322.522870] init: Command 'ifup lo' action=boot (/system/etc/init/hw/init.rc:850) took 104ms and succeeded
[  322.522870] init: Command 'ifup lo' action=boot (/system/etc/init/hw/init.rc:850) took 104ms and succeeded
[  322.869470] init: starting service 'hidl_memory'...
[  322.869470] init: starting service 'hidl_memory'...
[  323.036803] init: starting service 'vendor.audio-hal'...
[  323.036803] init: starting service 'vendor.audio-hal'...
[  323.176262] init: starting service 'vendor.authsecret-1-0'...
[  323.176262] init: starting service 'vendor.authsecret-1-0'...
[  323.387366] init: starting service 'vendor.bluetooth-1-1'...
[  323.387366] init: starting service 'vendor.bluetooth-1-1'...
[  323.597606] init: starting service 'vendor.camera-provider-2-4'...
[  323.597606] init: starting service 'vendor.camera-provider-2-4'...
[  324.105835] init: starting service 'vendor.camera-provider-2-6-google'...
[  324.105835] init: starting service 'vendor.camera-provider-2-6-google'...
[  324.360549] libprocessgroup: Failed to open /dev/cpuset/camera-daemon/tasks: No such file or directory: No such file or directory
[  324.360549] libprocessgroup: Failed to open /dev/cpuset/camera-daemon/tasks: No such file or directory: No such file or directory
[  324.362243] libprocessgroup: Failed to apply CameraServiceCapacity task profile: No such file or directory
[  324.362243] libprocessgroup: Failed to apply CameraServiceCapacity task profile: No such file or directory
[  324.412586] init: failed to write pid to files: couldn't write 289 to /dev/cpuset/camera-daemon/tasks: No such file or directory
[  324.412586] init: failed to write pid to files: couldn't write 289 to /dev/cpuset/camera-daemon/tasks: No such file or directory
[  324.456339] init: starting service 'vendor.contexthub-hal-1-1-mock'...
[  324.456339] init: starting service 'vendor.contexthub-hal-1-1-mock'...
[  325.445159] init: starting service 'vendor.drm-hal-1-0'...
[  325.445159] init: starting service 'vendor.drm-hal-1-0'...
[  325.770168] init: starting service 'vendor.drm-clearkey-hal-1-3'...
[  325.770168] init: starting service 'vendor.drm-clearkey-hal-1-3'...
[  326.078975] init: starting service 'vendor.drm-widevine-hal-1-3'...
[  326.078975] init: starting service 'vendor.drm-widevine-hal-1-3'...
[  326.676621] init: starting service 'vendor.gatekeeper-1-0'...
[  326.676621] init: starting service 'vendor.gatekeeper-1-0'...
[  327.138890] init: starting service 'vendor.gralloc-3-0'...
[  327.138890] init: starting service 'vendor.gralloc-3-0'...
[  327.610089] init: starting service 'vendor.hwcomposer-2-3'...
[  327.610089] init: starting service 'vendor.hwcomposer-2-3'...
[  328.047082] init: starting service 'health-hal-2-1'...
[  328.047082] init: starting service 'health-hal-2-1'...
[  328.101445] init: Opened file '/dev/kmsg', flags 1
[  328.101445] init: Opened file '/dev/kmsg', flags 1
[  328.442557] init: starting service 'neuralnetworks_hal_service_sample_all'...
[  328.442557] init: starting service 'neuralnetworks_hal_service_sample_all'...
[  328.840298] init: starting service 'neuralnetworks_hal_service_sample_float_fast'...
[  328.840298] init: starting service 'neuralnetworks_hal_service_sample_float_fast'...
[  329.510188] init: starting service 'neuralnetworks_hal_service_sample_float_slow'...
[  329.510188] init: starting service 'neuralnetworks_hal_service_sample_float_slow'...
[  329.902094] init: starting service 'neuralnetworks_hal_service_sample_minimal'...
[  329.902094] init: starting service 'neuralnetworks_hal_service_sample_minimal'...
[  330.400606] init: starting service 'neuralnetworks_hal_service_sample_quant'...
[  330.400606] init: starting service 'neuralnetworks_hal_service_sample_quant'...
[  330.935310] init: starting service 'vendor.power.stats-hal-1-0-mock'...
[  330.935310] init: starting service 'vendor.power.stats-hal-1-0-mock'...
[  331.632100] init: starting service 'vendor.sensors-hal-2-1-multihal'...
[  331.632100] init: starting service 'vendor.sensors-hal-2-1-multihal'...
[  332.243207] init: starting service 'vendor.thermal-hal-2-0-mock'...
[  332.243207] init: starting service 'vendor.thermal-hal-2-0-mock'...
[  332.768999] init: starting service 'vendor.usb-hal-1-0'...
[  332.768999] init: starting service 'vendor.usb-hal-1-0'...
[  333.333989] init: starting service 'vendor.wifi_hal_legacy'...
[  333.333989] init: starting service 'vendor.wifi_hal_legacy'...
[  333.885366] init: starting service 'vendor.identity-default'...
[  333.885366] init: starting service 'vendor.identity-default'...
[  334.476453] init: starting service 'vendor.light-default'...
[  334.476453] init: starting service 'vendor.light-default'...
[  335.051768] init: starting service 'vendor.power-default'...
[  335.051768] init: starting service 'vendor.power-default'...
[  335.604096] init: starting service 'vendor.rebootescrow-default'...
[  335.604096] init: starting service 'vendor.rebootescrow-default'...
[  336.242555] init: starting service 'vendor.vibrator-default'...
[  336.242555] init: starting service 'vendor.vibrator-default'...
[  336.730375] init: Command 'class_start hal' action=boot (/system/etc/init/hw/init.rc:946) took 13883ms and succeeded
[  336.730375] init: Command 'class_start hal' action=boot (/system/etc/init/hw/init.rc:946) took 13883ms and succeeded
[  336.947909] init: starting service 'ranchu-setup'...
[  336.947909] init: starting service 'ranchu-setup'...
[  337.198264] healthd: No battery devices found
[  337.198264] healthd: No battery devices found
[  337.474643] init: starting service 'audioserver'...
[  337.474643] init: starting service 'audioserver'...
[  338.282057] init: starting service 'credstore'...
[  338.282057] init: starting service 'credstore'...
[  338.775723] healthd: battery none chg=
[  338.775723] healthd: battery none chg=
[  338.958013] init: starting service 'gpu'...
[  338.958013] init: starting service 'gpu'...
[  340.636152] init: starting service 'surfaceflinger'...
[  340.636152] init: starting service 'surfaceflinger'...
[  340.963976] init: Could not create socket 'pdx/system/vr/display/client': Failed to bind socket 'pdx/system/vr/display/client': No such file or directory
[  340.963976] init: Could not create socket 'pdx/system/vr/display/client': Failed to bind socket 'pdx/system/vr/display/client': No such file or directory
[  341.244418] init: Could not create socket 'pdx/system/vr/display/manager': Failed to bind socket 'pdx/system/vr/display/manager': No such file or directory
[  341.244418] init: Could not create socket 'pdx/system/vr/display/manager': Failed to bind socket 'pdx/system/vr/display/manager': No such file or directory
[  341.593087] init: Could not create socket 'pdx/system/vr/display/vsync': Failed to bind socket 'pdx/system/vr/display/vsync': No such file or directory
[  341.593087] init: Could not create socket 'pdx/system/vr/display/vsync': Failed to bind socket 'pdx/system/vr/display/vsync': No such file or directory
[  342.408723] init: Command 'class_start core' action=boot (/system/etc/init/hw/init.rc:948) took 5604ms and succeeded
[  342.408723] init: Command 'class_start core' action=boot (/system/etc/init/hw/init.rc:948) took 5604ms and succeeded
[  342.538203] init: starting service 'exec 13 (/system/bin/fsverity_init)'...
[  342.538203] init: starting service 'exec 13 (/system/bin/fsverity_init)'...
[  343.024075] init: SVC_EXEC service 'exec 13 (/system/bin/fsverity_init)' pid 330 (uid 0 gid 0+0 context default) started; waiting...
[  343.024075] init: SVC_EXEC service 'exec 13 (/system/bin/fsverity_init)' pid 330 (uid 0 gid 0+0 context default) started; waiting...
[  343.025885] init: Command 'exec -- /system/bin/fsverity_init' action=boot (/system/etc/init/hw/init.rc:951) took 569ms and succeeded
[  343.025885] init: Command 'exec -- /system/bin/fsverity_init' action=boot (/system/etc/init/hw/init.rc:951) took 569ms and succeeded
[  349.222510] init: Service 'exec 13 (/system/bin/fsverity_init)' (pid 330) exited with status 0 waiting took 6.415000 seconds
[  349.222510] init: Service 'exec 13 (/system/bin/fsverity_init)' (pid 330) exited with status 0 waiting took 6.415000 seconds
[  349.225029] init: Sending signal 9 to service 'exec 13 (/system/bin/fsverity_init)' (pid 330) process group...
[  349.225029] init: Sending signal 9 to service 'exec 13 (/system/bin/fsverity_init)' (pid 330) process group...
[  349.242614] libprocessgroup: Successfully killed process cgroup uid 0 pid 330 in 1ms
[  349.242614] libprocessgroup: Successfully killed process cgroup uid 0 pid 330 in 1ms
[  349.365430] init: processing action (persist.sys.usb.config=* && boot) from (/system/etc/init/hw/init.usb.rc:105)
[  349.365430] init: processing action (persist.sys.usb.config=* && boot) from (/system/etc/init/hw/init.usb.rc:105)
[  349.436793] init: Command 'setprop sys.usb.config ${persist.sys.usb.config}' action=persist.sys.usb.config=* && boot (/system/etc/init/hw/init.usb.rc:106) took 69ms and succeeded
[  349.436793] init: Command 'setprop sys.usb.config ${persist.sys.usb.config}' action=persist.sys.usb.config=* && boot (/system/etc/init/hw/init.usb.rc:106) took 69ms and succeeded
[  349.438890] init: processing action (boot) from (/vendor/etc/init/hw/init.ranchu.rc:65)
[  349.438890] init: processing action (boot) from (/vendor/etc/init/hw/init.ranchu.rc:65)
[  349.528000] init: Unable to set property 'ro.hardware.egl' from uid:0 gid:0 pid:128: Read-only property was already set
[  349.528000] init: Unable to set property 'ro.hardware.egl' from uid:0 gid:0 pid:128: Read-only property was already set
[  349.640873] init: Command 'setprop debug.sf.vsync_reactor 0' action=boot (/vendor/etc/init/hw/init.ranchu.rc:67) took 84ms and succeeded
[  349.640873] init: Command 'setprop debug.sf.vsync_reactor 0' action=boot (/vendor/etc/init/hw/init.ranchu.rc:67) took 84ms and succeeded
[  349.721910] init: Command 'setprop debug.hwui.renderer opengl' action=boot (/vendor/etc/init/hw/init.ranchu.rc:68) took 78ms and succeeded
[  349.721910] init: Command 'setprop debug.hwui.renderer opengl' action=boot (/vendor/etc/init/hw/init.ranchu.rc:68) took 78ms and succeeded
[  349.728934] init: Command 'setprop debug.hwui.renderer ${ro.kernel.qemu.uirenderer}' action=boot (/vendor/etc/init/hw/init.ranchu.rc:69) took 4ms and failed: property 'ro.kernel.qemu.uirenderer' doesn't exist while expanding '${ro.kernel.qemu.uirenderer}'
[  349.728934] init: Command 'setprop debug.hwui.renderer ${ro.kernel.qemu.uirenderer}' action=boot (/vendor/etc/init/hw/init.ranchu.rc:69) took 4ms and failed: property 'ro.kernel.qemu.uirenderer' doesn't exist while expanding '${ro.kernel.qemu.uirenderer}'
[  349.825640] init: Command 'setprop ro.opengles.version ${ro.kernel.qemu.opengles.version}' action=boot (/vendor/etc/init/hw/init.ranchu.rc:70) took 93ms and failed: property 'ro.kernel.qemu.opengles.version' doesn't exist while expanding '${ro.kernel.qemu.opengles.version}'
[  349.825640] init: Command 'setprop ro.opengles.version ${ro.kernel.qemu.opengles.version}' action=boot (/vendor/etc/init/hw/init.ranchu.rc:70) took 93ms and failed: property 'ro.kernel.qemu.opengles.version' doesn't exist while expanding '${ro.kernel.qemu.opengles.version}'
[  349.993660] init: Command 'setprop debug.stagefright.ccodec ${ro.kernel.qemu.media.ccodec}' action=boot (/vendor/etc/init/hw/init.ranchu.rc:77) took 84ms and succeeded
[  349.993660] init: Command 'setprop debug.stagefright.ccodec ${ro.kernel.qemu.media.ccodec}' action=boot (/vendor/etc/init/hw/init.ranchu.rc:77) took 84ms and succeeded
[  350.106512] init: Command 'setprop dalvik.vm.heapsize 192m' action=boot (/vendor/etc/init/hw/init.ranchu.rc:79) took 109ms and succeeded
[  350.106512] init: Command 'setprop dalvik.vm.heapsize 192m' action=boot (/vendor/etc/init/hw/init.ranchu.rc:79) took 109ms and succeeded
[  350.109876] init: Command 'setprop dalvik.vm.heapsize ${ro.kernel.qemu.dalvik.vm.heapsize}' action=boot (/vendor/etc/init/hw/init.ranchu.rc:80) took 1ms and failed: property 'ro.kernel.qemu.dalvik.vm.heapsize' doesn't exist while expanding '${ro.kernel.qemu.dalvik.vm.heapsize}'
[  350.109876] init: Command 'setprop dalvik.vm.heapsize ${ro.kernel.qemu.dalvik.vm.heapsize}' action=boot (/vendor/etc/init/hw/init.ranchu.rc:80) took 1ms and failed: property 'ro.kernel.qemu.dalvik.vm.heapsize' doesn't exist while expanding '${ro.kernel.qemu.dalvik.vm.heapsize}'
[  350.207632] init: Command 'setprop ro.hardware.audio.primary goldfish' action=boot (/vendor/etc/init/hw/init.ranchu.rc:83) took 52ms and succeeded
[  350.207632] init: Command 'setprop ro.hardware.audio.primary goldfish' action=boot (/vendor/etc/init/hw/init.ranchu.rc:83) took 52ms and succeeded
[  350.295268] init: Command 'setprop wifi.interface wlan0' action=boot (/vendor/etc/init/hw/init.ranchu.rc:85) took 85ms and succeeded
[  350.295268] init: Command 'setprop wifi.interface wlan0' action=boot (/vendor/etc/init/hw/init.ranchu.rc:85) took 85ms and succeeded
[  350.433153] init: starting service 'goldfish-logcat'...
[  350.433153] init: starting service 'goldfish-logcat'...
[  350.833908] init: Command 'start goldfish-logcat' action=boot (/vendor/etc/init/hw/init.ranchu.rc:88) took 485ms and succeeded
[  350.833908] init: Command 'start goldfish-logcat' action=boot (/vendor/etc/init/hw/init.ranchu.rc:88) took 485ms and succeeded
[  350.853112] init: processing action (boot) from (/system/etc/init/dumpstate.rc:1)
[  350.853112] init: processing action (boot) from (/system/etc/init/dumpstate.rc:1)
[  350.879989] init: processing action (boot) from (/system/etc/init/gsid.rc:20)
[  350.879989] init: processing action (boot) from (/system/etc/init/gsid.rc:20)
[  350.970972] init: starting service 'exec 14 (/system/bin/gsid run-startup-tasks)'...
[  350.970972] init: starting service 'exec 14 (/system/bin/gsid run-startup-tasks)'...
[  351.146535] init: Command 'exec_background - root root -- /system/bin/gsid run-startup-tasks' action=boot (/system/etc/init/gsid.rc:21) took 263ms and succeeded
[  351.146535] init: Command 'exec_background - root root -- /system/bin/gsid run-startup-tasks' action=boot (/system/etc/init/gsid.rc:21) took 263ms and succeeded
[  351.252743] init: processing action (enable_property_trigger) from (<Builtin Action>:0)
[  351.252743] init: processing action (enable_property_trigger) from (<Builtin Action>:0)
[  351.322407] init: processing action (apexd.status=ready && ro.product.cpu.abilist64=*) from (/system/etc/init/hw/init.rc:91)
[  351.322407] init: processing action (apexd.status=ready && ro.product.cpu.abilist64=*) from (/system/etc/init/hw/init.rc:91)
[  351.588743] init: starting service 'boringssl_self_test_apex64'...
[  351.588743] init: starting service 'boringssl_self_test_apex64'...
[  352.109743] init: SVC_EXEC service 'boringssl_self_test_apex64' pid 358 (uid 0 gid 0+0 context default) started; waiting...
[  352.109743] init: SVC_EXEC service 'boringssl_self_test_apex64' pid 358 (uid 0 gid 0+0 context default) started; waiting...
[  352.112505] init: Command 'exec_start boringssl_self_test_apex64' action=apexd.status=ready && ro.product.cpu.abilist64=* (/system/etc/init/hw/init.rc:92) took 684ms and succeeded
[  352.112505] init: Command 'exec_start boringssl_self_test_apex64' action=apexd.status=ready && ro.product.cpu.abilist64=* (/system/etc/init/hw/init.rc:92) took 684ms and succeeded
[  353.857034] init: Service 'goldfish-logcat' (pid 349) exited with status 0 oneshot service took 3.273000 seconds in background
[  353.857034] init: Service 'goldfish-logcat' (pid 349) exited with status 0 oneshot service took 3.273000 seconds in background
[  353.858648] init: Sending signal 9 to service 'goldfish-logcat' (pid 349) process group...
[  353.858648] init: Sending signal 9 to service 'goldfish-logcat' (pid 349) process group...
[  353.862471] libprocessgroup: Successfully killed process cgroup uid 1036 pid 349 in 1ms
[  353.862471] libprocessgroup: Successfully killed process cgroup uid 1036 pid 349 in 1ms
[  354.214541] init: Service 'boringssl_self_test_apex64' (pid 358) exited with status 0 waiting took 2.487000 seconds
[  354.214541] init: Service 'boringssl_self_test_apex64' (pid 358) exited with status 0 waiting took 2.487000 seconds
[  354.217033] init: Sending signal 9 to service 'boringssl_self_test_apex64' (pid 358) process group...
[  354.217033] init: Sending signal 9 to service 'boringssl_self_test_apex64' (pid 358) process group...
[  354.235812] libprocessgroup: Successfully killed process cgroup uid 0 pid 358 in 0ms
[  354.235812] libprocessgroup: Successfully killed process cgroup uid 0 pid 358 in 0ms
[  354.313383] init: processing action (sys.init.perf_lsm_hooks=1) from (/system/etc/init/hw/init.rc:1017)
[  354.313383] init: processing action (sys.init.perf_lsm_hooks=1) from (/system/etc/init/hw/init.rc:1017)
[  354.387604] init: Command 'write /proc/sys/kernel/perf_event_paranoid -1' action=sys.init.perf_lsm_hooks=1 (/system/etc/init/hw/init.rc:1018) took 72ms and succeeded
[  354.387604] init: Command 'write /proc/sys/kernel/perf_event_paranoid -1' action=sys.init.perf_lsm_hooks=1 (/system/etc/init/hw/init.rc:1018) took 72ms and succeeded
[  354.432322] init: processing action (security.perf_harden=1) from (/system/etc/init/hw/init.rc:1031)
[  354.432322] init: processing action (security.perf_harden=1) from (/system/etc/init/hw/init.rc:1031)
[  354.485384] init: processing action (ro.debuggable=1) from (/system/etc/init/hw/init.rc:1058)
[  354.485384] init: processing action (ro.debuggable=1) from (/system/etc/init/hw/init.rc:1058)
[  354.529596] init: processing action (sys.usb.config=adb && sys.usb.configfs=0) from (/system/etc/init/hw/init.usb.rc:37)
[  354.529596] init: processing action (sys.usb.config=adb && sys.usb.configfs=0) from (/system/etc/init/hw/init.usb.rc:37)
[  354.604142] init: Command 'write /sys/class/android_usb/android0/enable 0' action=sys.usb.config=adb && sys.usb.configfs=0 (/system/etc/init/hw/init.usb.rc:38) took 72ms and failed: Unable to write to file '/sys/class/android_usb/android0/enable': open() failed: Permission denied
[  354.604142] init: Command 'write /sys/class/android_usb/android0/enable 0' action=sys.usb.config=adb && sys.usb.configfs=0 (/system/etc/init/hw/init.usb.rc:38) took 72ms and failed: Unable to write to file '/sys/class/android_usb/android0/enable': open() failed: Permission denied
[  354.649150] init: Command 'write /sys/class/android_usb/android0/idVendor 18d1' action=sys.usb.config=adb && sys.usb.configfs=0 (/system/etc/init/hw/init.usb.rc:39) took 42ms and failed: Unable to write to file '/sys/class/android_usb/android0/idVendor': open() failed: Permission denied
[  354.649150] init: Command 'write /sys/class/android_usb/android0/idVendor 18d1' action=sys.usb.config=adb && sys.usb.configfs=0 (/system/etc/init/hw/init.usb.rc:39) took 42ms and failed: Unable to write to file '/sys/class/android_usb/android0/idVendor': open() failed: Permission denied
[  354.694004] init: Command 'write /sys/class/android_usb/android0/idProduct 4EE7' action=sys.usb.config=adb && sys.usb.configfs=0 (/system/etc/init/hw/init.usb.rc:40) took 1ms and failed: Unable to write to file '/sys/class/android_usb/android0/idProduct': open() failed: Permission denied
[  354.694004] init: Command 'write /sys/class/android_usb/android0/idProduct 4EE7' action=sys.usb.config=adb && sys.usb.configfs=0 (/system/etc/init/hw/init.usb.rc:40) took 1ms and failed: Unable to write to file '/sys/class/android_usb/android0/idProduct': open() failed: Permission denied
[  354.745753] init: Command 'write /sys/class/android_usb/android0/functions ${sys.usb.config}' action=sys.usb.config=adb && sys.usb.configfs=0 (/system/etc/init/hw/init.usb.rc:41) took 1ms and failed: Unable to write to file '/sys/class/android_usb/android0/functions': open() failed: Permission denied
[  354.745753] init: Command 'write /sys/class/android_usb/android0/functions ${sys.usb.config}' action=sys.usb.config=adb && sys.usb.configfs=0 (/system/etc/init/hw/init.usb.rc:41) took 1ms and failed: Unable to write to file '/sys/class/android_usb/android0/functions': open() failed: Permission denied
[  354.813548] init: Command 'write /sys/class/android_usb/android0/enable 1' action=sys.usb.config=adb && sys.usb.configfs=0 (/system/etc/init/hw/init.usb.rc:42) took 0ms and failed: Unable to write to file '/sys/class/android_usb/android0/enable': open() failed: Permission denied
[  354.813548] init: Command 'write /sys/class/android_usb/android0/enable 1' action=sys.usb.config=adb && sys.usb.configfs=0 (/system/etc/init/hw/init.usb.rc:42) took 0ms and failed: Unable to write to file '/sys/class/android_usb/android0/enable': open() failed: Permission denied
[  354.843961] init.ranchu-cor (321) used greatest stack depth: 11808 bytes left
[  354.843961] init.ranchu-cor (321) used greatest stack depth: 11808 bytes left
[  354.860413] init: Service 'ranchu-setup' (pid 321) exited with status 0 oneshot service took 17.787001 seconds in background
[  354.860413] init: Service 'ranchu-setup' (pid 321) exited with status 0 oneshot service took 17.787001 seconds in background
[  354.861799] init: Sending signal 9 to service 'ranchu-setup' (pid 321) process group...
[  354.861799] init: Sending signal 9 to service 'ranchu-setup' (pid 321) process group...
[  354.904781] libprocessgroup: Successfully killed process cgroup uid 0 pid 321 in 1ms
[  354.904781] libprocessgroup: Successfully killed process cgroup uid 0 pid 321 in 1ms
[  355.000397] init: starting service 'adbd'...
[  355.000397] init: starting service 'adbd'...
[  355.073239] init: Created socket '/dev/socket/adbd', mode 660, user 1000, group 1000
[  355.073239] init: Created socket '/dev/socket/adbd', mode 660, user 1000, group 1000
[  355.289953] init: Command 'start adbd' action=sys.usb.config=adb && sys.usb.configfs=0 (/system/etc/init/hw/init.usb.rc:43) took 314ms and succeeded
[  355.289953] init: Command 'start adbd' action=sys.usb.config=adb && sys.usb.configfs=0 (/system/etc/init/hw/init.usb.rc:43) took 314ms and succeeded
[  355.326025] init: processing action (qemu.networknamespace=ready) from (/vendor/etc/init/hw/init.ranchu.rc:109)
[  355.326025] init: processing action (qemu.networknamespace=ready) from (/vendor/etc/init/hw/init.ranchu.rc:109)
[  355.376524] init: starting service 'ranchu-net'...
[  355.376524] init: starting service 'ranchu-net'...
[  355.618358] init: Command 'start ranchu-net' action=qemu.networknamespace=ready (/vendor/etc/init/hw/init.ranchu.rc:110) took 289ms and succeeded
[  355.618358] init: Command 'start ranchu-net' action=qemu.networknamespace=ready (/vendor/etc/init/hw/init.ranchu.rc:110) took 289ms and succeeded
[  355.621308] init: Service 'exec 14 (/system/bin/gsid run-startup-tasks)' (pid 353) exited with status 0 oneshot service took 4.532000 seconds in background
[  355.621308] init: Service 'exec 14 (/system/bin/gsid run-startup-tasks)' (pid 353) exited with status 0 oneshot service took 4.532000 seconds in background
[  355.623276] init: Sending signal 9 to service 'exec 14 (/system/bin/gsid run-startup-tasks)' (pid 353) process group...
[  355.623276] init: Sending signal 9 to service 'exec 14 (/system/bin/gsid run-startup-tasks)' (pid 353) process group...
[  355.638732] libprocessgroup: Successfully killed process cgroup uid 0 pid 353 in 1ms
[  355.638732] libprocessgroup: Successfully killed process cgroup uid 0 pid 353 in 1ms
[  355.690711] init: processing action (init.svc.audioserver=running) from (/system/etc/init/audioserver.rc:32)
[  355.690711] init: processing action (init.svc.audioserver=running) from (/system/etc/init/audioserver.rc:32)
[  355.729241] init: Command 'start vendor.audio-hal-4-0-msd' action=init.svc.audioserver=running (/system/etc/init/audioserver.rc:34) took 0ms and failed: service vendor.audio-hal-4-0-msd not found
[  355.729241] init: Command 'start vendor.audio-hal-4-0-msd' action=init.svc.audioserver=running (/system/etc/init/audioserver.rc:34) took 0ms and failed: service vendor.audio-hal-4-0-msd not found
[  355.760889] init: Command 'start vendor.audio-hal-2-0' action=init.svc.audioserver=running (/system/etc/init/audioserver.rc:36) took 0ms and failed: service vendor.audio-hal-2-0 not found
[  355.760889] init: Command 'start vendor.audio-hal-2-0' action=init.svc.audioserver=running (/system/etc/init/audioserver.rc:36) took 0ms and failed: service vendor.audio-hal-2-0 not found
[  355.763064] init: Command 'start audio-hal-2-0' action=init.svc.audioserver=running (/system/etc/init/audioserver.rc:37) took 0ms and failed: service audio-hal-2-0 not found
[  355.763064] init: Command 'start audio-hal-2-0' action=init.svc.audioserver=running (/system/etc/init/audioserver.rc:37) took 0ms and failed: service audio-hal-2-0 not found
[  355.828156] init: processing action (ro.persistent_properties.ready=true) from (/system/etc/init/bootstat.rc:67)
[  355.828156] init: processing action (ro.persistent_properties.ready=true) from (/system/etc/init/bootstat.rc:67)
[  355.861234] init: processing action (ro.persistent_properties.ready=true) from (/system/etc/init/bootstat.rc:71)
[  355.861234] init: processing action (ro.persistent_properties.ready=true) from (/system/etc/init/bootstat.rc:71)
[  355.939313] init: starting service 'exec 15 (/system/bin/bootstat --set_system_boot_reason)'...
[  355.939313] init: starting service 'exec 15 (/system/bin/bootstat --set_system_boot_reason)'...
[  356.067007] init: Command 'exec_background - system log -- /system/bin/bootstat --set_system_boot_reason' action=ro.persistent_properties.ready=true (/system/etc/init/bootstat.rc:74) took 159ms and succeeded
[  356.067007] init: Command 'exec_background - system log -- /system/bin/bootstat --set_system_boot_reason' action=ro.persistent_properties.ready=true (/system/etc/init/bootstat.rc:74) took 159ms and succeeded
[  356.069784] init: processing action (persist.heapprofd.enable= && traced.lazy.heapprofd=) from (/system/etc/init/heapprofd.rc:34)
[  356.069784] init: processing action (persist.heapprofd.enable= && traced.lazy.heapprofd=) from (/system/etc/init/heapprofd.rc:34)
[  356.158415] init: Command 'stop heapprofd' action=persist.heapprofd.enable= && traced.lazy.heapprofd= (/system/etc/init/heapprofd.rc:35) took 53ms and succeeded
[  356.158415] init: Command 'stop heapprofd' action=persist.heapprofd.enable= && traced.lazy.heapprofd= (/system/etc/init/heapprofd.rc:35) took 53ms and succeeded
[  356.200865] init: processing action (ro.debuggable=1) from (/system/etc/init/llkd-debuggable.rc:1)
[  356.200865] init: processing action (ro.debuggable=1) from (/system/etc/init/llkd-debuggable.rc:1)
[  356.273537] init: Command 'setprop llk.enable ${ro.llk.enable:-1}' action=ro.debuggable=1 (/system/etc/init/llkd-debuggable.rc:2) took 70ms and succeeded
[  356.273537] init: Command 'setprop llk.enable ${ro.llk.enable:-1}' action=ro.debuggable=1 (/system/etc/init/llkd-debuggable.rc:2) took 70ms and succeeded
[  356.338292] init: Command 'setprop khungtask.enable ${ro.khungtask.enable:-1}' action=ro.debuggable=1 (/system/etc/init/llkd-debuggable.rc:3) took 57ms and succeeded
[  356.338292] init: Command 'setprop khungtask.enable ${ro.khungtask.enable:-1}' action=ro.debuggable=1 (/system/etc/init/llkd-debuggable.rc:3) took 57ms and succeeded
[  356.341464] init: processing action (ro.debuggable=*) from (/system/etc/init/llkd.rc:2)
[  356.341464] init: processing action (ro.debuggable=*) from (/system/etc/init/llkd.rc:2)
[  356.458447] init: processing action (debug.atrace.user_initiated= && persist.traced.enable=1) from (/system/etc/init/perfetto.rc:47)
[  356.458447] init: processing action (debug.atrace.user_initiated= && persist.traced.enable=1) from (/system/etc/init/perfetto.rc:47)
[  356.498258] init: starting service 'traced_probes'...
[  356.498258] init: starting service 'traced_probes'...
[  356.540483] init: Opened file '/dev/kmsg', flags 1
[  356.540483] init: Opened file '/dev/kmsg', flags 1
[  356.882034] init: Command 'start traced_probes' action=debug.atrace.user_initiated= && persist.traced.enable=1 (/system/etc/init/perfetto.rc:48) took 416ms and succeeded
[  356.882034] init: Command 'start traced_probes' action=debug.atrace.user_initiated= && persist.traced.enable=1 (/system/etc/init/perfetto.rc:48) took 416ms and succeeded
[  356.885111] init: Service 'bpfloader' (pid 270) exited with status 0 oneshot service took 74.139999 seconds in background
[  356.885111] init: Service 'bpfloader' (pid 270) exited with status 0 oneshot service took 74.139999 seconds in background
[  356.886506] init: Sending signal 9 to service 'bpfloader' (pid 270) process group...
[  356.886506] init: Sending signal 9 to service 'bpfloader' (pid 270) process group...
[  356.922889] libprocessgroup: Successfully killed process cgroup uid 0 pid 270 in 1ms
[  356.922889] libprocessgroup: Successfully killed process cgroup uid 0 pid 270 in 1ms
[  357.028640] init: processing action (persist.traced.enable=1) from (/system/etc/init/perfetto.rc:50)
[  357.028640] init: processing action (persist.traced.enable=1) from (/system/etc/init/perfetto.rc:50)
[  357.126782] init: Command 'mkdir /data/misc/perfetto-traces 0773 root shell' action=persist.traced.enable=1 (/system/etc/init/perfetto.rc:57) took 96ms and succeeded
[  357.126782] init: Command 'mkdir /data/misc/perfetto-traces 0773 root shell' action=persist.traced.enable=1 (/system/etc/init/perfetto.rc:57) took 96ms and succeeded
[  357.228030] init: starting service 'traced'...
[  357.228030] init: starting service 'traced'...
[  357.275201] init: Created socket '/dev/socket/traced_consumer', mode 666, user 0, group 0
[  357.275201] init: Created socket '/dev/socket/traced_consumer', mode 666, user 0, group 0
[  357.392426] init: Created socket '/dev/socket/traced_producer', mode 666, user 0, group 0
[  357.392426] init: Created socket '/dev/socket/traced_producer', mode 666, user 0, group 0
[  357.622243] init: Command 'start traced' action=persist.traced.enable=1 (/system/etc/init/perfetto.rc:59) took 444ms and succeeded
[  357.622243] init: Command 'start traced' action=persist.traced.enable=1 (/system/etc/init/perfetto.rc:59) took 444ms and succeeded
[  357.646017] init: processing action (persist.traced_perf.enable= && sys.init.perf_lsm_hooks=1 && traced.lazy.traced_perf=) from (/system/etc/init/traced_perf.rc:43)
[  357.646017] init: processing action (persist.traced_perf.enable= && sys.init.perf_lsm_hooks=1 && traced.lazy.traced_perf=) from (/system/etc/init/traced_perf.rc:43)
[  357.765734] init: Command 'stop traced_perf' action=persist.traced_perf.enable= && sys.init.perf_lsm_hooks=1 && traced.lazy.traced_perf= (/system/etc/init/traced_perf.rc:44) took 65ms and succeeded
[  357.765734] init: Command 'stop traced_perf' action=persist.traced_perf.enable= && sys.init.perf_lsm_hooks=1 && traced.lazy.traced_perf= (/system/etc/init/traced_perf.rc:44) took 65ms and succeeded
[  357.788849] init: processing action (nonencrypted) from (/system/etc/init/hw/init.rc:953)
[  357.788849] init: processing action (nonencrypted) from (/system/etc/init/hw/init.rc:953)
[  357.845779] init: starting service 'cameraserver'...
[  357.845779] init: starting service 'cameraserver'...
[  358.154649] init: starting service 'drm'...
[  358.154649] init: starting service 'drm'...
[  358.507558] init: starting service 'idmap2d'...
[  358.507558] init: starting service 'idmap2d'...
[  358.564129] libprocessgroup: Failed to open /dev/cpuset/camera-daemon/tasks: No such file or directory: No such file or directory
[  358.564129] libprocessgroup: Failed to open /dev/cpuset/camera-daemon/tasks: No such file or directory: No such file or directory
[  358.566210] libprocessgroup: Failed to apply CameraServiceCapacity task profile: No such file or directory
[  358.566210] libprocessgroup: Failed to apply CameraServiceCapacity task profile: No such file or directory
[  358.896252] init: starting service 'incidentd'...
[  358.896252] init: starting service 'incidentd'...
[  359.523999] init: starting service 'installd'...
[  359.523999] init: starting service 'installd'...
[  361.459317] init: starting service 'iorapd'...
[  361.459317] init: starting service 'iorapd'...
[  362.229192] init: starting service 'keystore'...
[  362.229192] init: starting service 'keystore'...
[  363.062135] init: starting service 'mediaextractor'...
[  363.062135] init: starting service 'mediaextractor'...
[  363.721065] init: starting service 'mediametrics'...
[  363.721065] init: starting service 'mediametrics'...
[  364.205768] init: starting service 'media'...
[  364.205768] init: starting service 'media'...
[  364.682573] init: starting service 'storaged'...
[  364.682573] init: starting service 'storaged'...
[  364.770654] init: Could not open file '/d/mmc0/mmc0:0001/ext_csd': Failed to open file '/d/mmc0/mmc0:0001/ext_csd': No such file or directory
[  364.770654] init: Could not open file '/d/mmc0/mmc0:0001/ext_csd': Failed to open file '/d/mmc0/mmc0:0001/ext_csd': No such file or directory
[  365.844048] init: starting service 'wificond'...
[  365.844048] init: starting service 'wificond'...
[  366.377269] init: starting service 'vendor.media.omx'...
[  366.377269] init: starting service 'vendor.media.omx'...
[  366.961074] init: starting service 'vendor.ril-daemon'...
[  366.961074] init: starting service 'vendor.ril-daemon'...
[  367.454485] init: Could not start service 'vendor_flash_recovery' as part of class 'main': Cannot find '/vendor/bin/install-recovery.sh': No such file or directory
[  367.454485] init: Could not start service 'vendor_flash_recovery' as part of class 'main': Cannot find '/vendor/bin/install-recovery.sh': No such file or directory
[  367.546547] init: starting service 'media.swcodec'...
[  367.546547] init: starting service 'media.swcodec'...
[  368.000153] init: Command 'class_start main' action=nonencrypted (/system/etc/init/hw/init.rc:954) took 10208ms and succeeded
[  368.000153] init: Command 'class_start main' action=nonencrypted (/system/etc/init/hw/init.rc:954) took 10208ms and succeeded
[  368.091433] init: Service 'exec 15 (/system/bin/bootstat --set_system_boot_reason)' (pid 369) exited with status 0 oneshot service took 12.026000 seconds in background
[  368.091433] init: Service 'exec 15 (/system/bin/bootstat --set_system_boot_reason)' (pid 369) exited with status 0 oneshot service took 12.026000 seconds in background
[  368.093199] init: Sending signal 9 to service 'exec 15 (/system/bin/bootstat --set_system_boot_reason)' (pid 369) process group...
[  368.093199] init: Sending signal 9 to service 'exec 15 (/system/bin/bootstat --set_system_boot_reason)' (pid 369) process group...
[  368.193779] libprocessgroup: Successfully killed process cgroup uid 1000 pid 369 in 2ms
[  368.193779] libprocessgroup: Successfully killed process cgroup uid 1000 pid 369 in 2ms
[  368.513483] init: starting service 'mdnsd'...
[  368.513483] init: starting service 'mdnsd'...
[  368.883916] init: Created socket '/dev/socket/mdnsd', mode 660, user 1020, group 3003
[  368.883916] init: Created socket '/dev/socket/mdnsd', mode 660, user 1020, group 3003
[  370.170548] init: Control message: Processed ctl.start for 'mdnsd' from pid: 367 (/apex/com.android.adbd/bin/adbd --root_seclabel=u:r:su:s0)
[  370.170548] init: Control message: Processed ctl.start for 'mdnsd' from pid: 367 (/apex/com.android.adbd/bin/adbd --root_seclabel=u:r:su:s0)
[  370.493304] init: starting service 'gatekeeperd'...
[  370.493304] init: starting service 'gatekeeperd'...
[  371.174628] init: starting service 'usbd'...
[  371.174628] init: starting service 'usbd'...
[  372.160556] init: starting service 'vendor.face-hal-1-0-default'...
[  372.160556] init: starting service 'vendor.face-hal-1-0-default'...
[  372.777911] init: starting service 'vendor.fps_hal'...
[  372.777911] init: starting service 'vendor.fps_hal'...
[  373.324378] init: Command 'class_start late_start' action=nonencrypted (/system/etc/init/hw/init.rc:955) took 3143ms and succeeded
[  373.324378] init: Command 'class_start late_start' action=nonencrypted (/system/etc/init/hw/init.rc:955) took 3143ms and succeeded
[  373.348367] init: processing action (nonencrypted) from (/system/etc/init/hw/init.rc:953)
[  373.348367] init: processing action (nonencrypted) from (/system/etc/init/hw/init.rc:953)
[  373.555726] init: Command 'class_start late_start' action=nonencrypted (/system/etc/init/hw/init.rc:955) took 140ms and succeeded
[  373.555726] init: Command 'class_start late_start' action=nonencrypted (/system/etc/init/hw/init.rc:955) took 140ms and succeeded
[  373.559466] init: processing action (llk.enable=1) from (/system/etc/init/llkd.rc:9)
[  373.559466] init: processing action (llk.enable=1) from (/system/etc/init/llkd.rc:9)
[  373.745996] init: processing action (khungtask.enable=1) from (/system/etc/init/llkd.rc:18)
[  373.745996] init: processing action (khungtask.enable=1) from (/system/etc/init/llkd.rc:18)
[  373.868600] init: Command 'setprop khungtask.enable true' action=khungtask.enable=1 (/system/etc/init/llkd.rc:19) took 121ms and succeeded
[  373.868600] init: Command 'setprop khungtask.enable true' action=khungtask.enable=1 (/system/etc/init/llkd.rc:19) took 121ms and succeeded
[  373.870832] init: processing action (llk.enable=0) from (/system/etc/init/llkd.rc:12)
[  373.870832] init: processing action (llk.enable=0) from (/system/etc/init/llkd.rc:12)
[  374.006073] init: processing action (khungtask.enable=0) from (/system/etc/init/llkd.rc:21)
[  374.006073] init: processing action (khungtask.enable=0) from (/system/etc/init/llkd.rc:21)
[  374.200596] init: processing action (init.svc.media=*) from (/system/etc/init/mediaserver.rc:1)
[  374.200596] init: processing action (init.svc.media=*) from (/system/etc/init/mediaserver.rc:1)
[  374.312773] init: Command 'setprop init.svc.mediadrm ${init.svc.media}' action=init.svc.media=* (/system/etc/init/mediaserver.rc:2) took 110ms and succeeded
[  374.312773] init: Command 'setprop init.svc.mediadrm ${init.svc.media}' action=init.svc.media=* (/system/etc/init/mediaserver.rc:2) took 110ms and succeeded
[  374.474786] init: processing action (llk.enable=true) from (/system/etc/init/llkd.rc:34)
[  374.474786] init: processing action (llk.enable=true) from (/system/etc/init/llkd.rc:34)
[  374.688189] init: starting service 'llkd-1'...
[  374.688189] init: starting service 'llkd-1'...
[  374.689913] init: Opened file '/dev/kmsg', flags 1
[  374.689913] init: Opened file '/dev/kmsg', flags 1
[  374.772260] init: Opened file '/proc/sysrq-trigger', flags 1
[  374.772260] init: Opened file '/proc/sysrq-trigger', flags 1
[  375.276323] init: Command 'start llkd-${ro.debuggable:-0}' action=llk.enable=true (/system/etc/init/llkd.rc:35) took 719ms and succeeded
[  375.276323] init: Command 'start llkd-${ro.debuggable:-0}' action=llk.enable=true (/system/etc/init/llkd.rc:35) took 719ms and succeeded
[  375.352208] init: processing action (khungtask.enable=true) from (/system/etc/init/llkd.rc:25)
[  375.352208] init: processing action (khungtask.enable=true) from (/system/etc/init/llkd.rc:25)
[  375.482041] init: Command 'write /proc/sys/kernel/hung_task_timeout_secs ${ro.khungtask.timeout:-720}' action=khungtask.enable=true (/system/etc/init/llkd.rc:26) took 128ms and succeeded
[  375.482041] init: Command 'write /proc/sys/kernel/hung_task_timeout_secs ${ro.khungtask.timeout:-720}' action=khungtask.enable=true (/system/etc/init/llkd.rc:26) took 128ms and succeeded
[  375.736949] init: starting service 'dhcpclient_def'...
[  375.736949] init: starting service 'dhcpclient_def'...
[  376.271348] init: Control message: Processed ctl.start for 'dhcpclient_def' from pid: 421 (setprop ctl.start dhcpclient_def)
[  376.271348] init: Control message: Processed ctl.start for 'dhcpclient_def' from pid: 421 (setprop ctl.start dhcpclient_def)
[  376.381069] init: Command 'write /proc/sys/kernel/hung_task_warnings 65535' action=khungtask.enable=true (/system/etc/init/llkd.rc:27) took 104ms and succeeded
[  376.381069] init: Command 'write /proc/sys/kernel/hung_task_warnings 65535' action=khungtask.enable=true (/system/etc/init/llkd.rc:27) took 104ms and succeeded
[  376.604059] init: processing action (khungtask.enable=false) from (/system/etc/init/llkd.rc:31)
[  376.604059] init: processing action (khungtask.enable=false) from (/system/etc/init/llkd.rc:31)
[  376.606624] init: processing action (init.svc.mediadrm=running) from (/vendor/etc/init/android.hardware.drm@1.3-service.widevine.rc:1)
[  376.606624] init: processing action (init.svc.mediadrm=running) from (/vendor/etc/init/android.hardware.drm@1.3-service.widevine.rc:1)
[  377.190603] init: Command 'mkdir /data/vendor/mediadrm 0770 media mediadrm' action=init.svc.mediadrm=running (/vendor/etc/init/android.hardware.drm@1.3-service.widevine.rc:2) took 466ms and succeeded
[  377.190603] init: Command 'mkdir /data/vendor/mediadrm 0770 media mediadrm' action=init.svc.mediadrm=running (/vendor/etc/init/android.hardware.drm@1.3-service.widevine.rc:2) took 466ms and succeeded
[  378.645860] init: Untracked pid 337 received signal 14
[  378.645860] init: Untracked pid 337 received signal 14
[  378.660987] init: Service 'usbd' (pid 427) exited with status 0 oneshot service took 7.128000 seconds in background
[  378.660987] init: Service 'usbd' (pid 427) exited with status 0 oneshot service took 7.128000 seconds in background
[  378.662802] init: Sending signal 9 to service 'usbd' (pid 427) process group...
[  378.662802] init: Sending signal 9 to service 'usbd' (pid 427) process group...
[  378.670417] libprocessgroup: Successfully killed process cgroup uid 0 pid 427 in 1ms
[  378.670417] libprocessgroup: Successfully killed process cgroup uid 0 pid 427 in 1ms
[  378.869241] init: Service 'vendor.hwcomposer-2-3' (pid 297) received signal 6
[  378.869241] init: Service 'vendor.hwcomposer-2-3' (pid 297) received signal 6
[  378.870473] init: Sending signal 9 to service 'vendor.hwcomposer-2-3' (pid 297) process group...
[  378.870473] init: Sending signal 9 to service 'vendor.hwcomposer-2-3' (pid 297) process group...
[  378.962311] libprocessgroup: Successfully killed process cgroup uid 1000 pid 297 in 1ms
[  378.962311] libprocessgroup: Successfully killed process cgroup uid 1000 pid 297 in 1ms
[  379.117466] init: Sending signal 9 to service 'surfaceflinger' (pid 329) process group...
[  379.117466] init: Sending signal 9 to service 'surfaceflinger' (pid 329) process group...
[  379.389306] libprocessgroup: Successfully killed process cgroup uid 1000 pid 329 in 148ms
[  379.389306] libprocessgroup: Successfully killed process cgroup uid 1000 pid 329 in 148ms
[  379.489527] init: Command 'restart surfaceflinger' action=onrestart (<Service 'vendor.hwcomposer-2-3' onrestart>:1) took 376ms and succeeded
[  379.489527] init: Command 'restart surfaceflinger' action=onrestart (<Service 'vendor.hwcomposer-2-3' onrestart>:1) took 376ms and succeeded
[  379.569485] init: Service 'surfaceflinger' (pid 329) received signal 9
[  379.569485] init: Service 'surfaceflinger' (pid 329) received signal 9
[  379.624699] init: Sending signal 9 to service 'zygote' (pid 274) process group...
[  379.624699] init: Sending signal 9 to service 'zygote' (pid 274) process group...
[  379.805254] main (274) used greatest stack depth: 11760 bytes left
[  379.805254] main (274) used greatest stack depth: 11760 bytes left
[  381.542857] libprocessgroup: Failed to kill process cgroup uid 0 pid 274 in 1915ms, 1 processes remain
[  381.542857] libprocessgroup: Failed to kill process cgroup uid 0 pid 274 in 1915ms, 1 processes remain
[  381.877047] init: Command 'restart zygote' action=onrestart (<Service 'surfaceflinger' onrestart>:1) took 2252ms and succeeded
[  381.877047] init: Command 'restart zygote' action=onrestart (<Service 'surfaceflinger' onrestart>:1) took 2252ms and succeeded
[  381.976977] init: Service 'vendor.sensors-hal-2-1-multihal' (pid 305) received signal 6
[  381.976977] init: Service 'vendor.sensors-hal-2-1-multihal' (pid 305) received signal 6
[  381.980509] init: Sending signal 9 to service 'vendor.sensors-hal-2-1-multihal' (pid 305) process group...
[  381.980509] init: Sending signal 9 to service 'vendor.sensors-hal-2-1-multihal' (pid 305) process group...
[  382.053269] libprocessgroup: Successfully killed process cgroup uid 1000 pid 305 in 70ms
[  382.053269] libprocessgroup: Successfully killed process cgroup uid 1000 pid 305 in 70ms
[  382.221089] init: Untracked pid 342 exited with status 0
[  382.221089] init: Untracked pid 342 exited with status 0
[  382.223343] init: Untracked pid 352 received signal 14
[  382.223343] init: Untracked pid 352 received signal 14
[  382.249495] init: Untracked pid 359 exited with status 0
[  382.249495] init: Untracked pid 359 exited with status 0
[  382.341335] init: Service 'ranchu-net' (pid 368) exited with status 0 oneshot service took 26.799000 seconds in background
[  382.341335] init: Service 'ranchu-net' (pid 368) exited with status 0 oneshot service took 26.799000 seconds in background
[  382.343069] init: Sending signal 9 to service 'ranchu-net' (pid 368) process group...
[  382.343069] init: Sending signal 9 to service 'ranchu-net' (pid 368) process group...
[  382.492492] libprocessgroup: Successfully killed process cgroup uid 0 pid 368 in 1ms
[  382.492492] libprocessgroup: Successfully killed process cgroup uid 0 pid 368 in 1ms
[  382.764134] init: Untracked pid 411 received signal 9
[  382.764134] init: Untracked pid 411 received signal 9
[  382.765546] init: Untracked pid 413 received signal 9
[  382.765546] init: Untracked pid 413 received signal 9
[  382.877186] init: starting service 'surfaceflinger'...
[  382.877186] init: starting service 'surfaceflinger'...
[  382.978084] init: Could not create socket 'pdx/system/vr/display/client': Failed to bind socket 'pdx/system/vr/display/client': No such file or directory
[  382.978084] init: Could not create socket 'pdx/system/vr/display/client': Failed to bind socket 'pdx/system/vr/display/client': No such file or directory
[  383.114895] init: Could not create socket 'pdx/system/vr/display/manager': Failed to bind socket 'pdx/system/vr/display/manager': No such file or directory
[  383.114895] init: Could not create socket 'pdx/system/vr/display/manager': Failed to bind socket 'pdx/system/vr/display/manager': No such file or directory
[  383.264581] init: Could not create socket 'pdx/system/vr/display/vsync': Failed to bind socket 'pdx/system/vr/display/vsync': No such file or directory
[  383.264581] init: Could not create socket 'pdx/system/vr/display/vsync': Failed to bind socket 'pdx/system/vr/display/vsync': No such file or directory
[  383.646286] init: starting service 'vendor.hwcomposer-2-3'...
[  383.646286] init: starting service 'vendor.hwcomposer-2-3'...
[  384.149051] init: starting service 'vendor.sensors-hal-2-1-multihal'...
[  384.149051] init: starting service 'vendor.sensors-hal-2-1-multihal'...
[  388.806424] init: Service 'zygote' (pid 274) received signal 9
[  388.806424] init: Service 'zygote' (pid 274) received signal 9
[  388.808176] init: Sending signal 9 to service 'zygote' (pid 274) process group...
[  388.808176] init: Sending signal 9 to service 'zygote' (pid 274) process group...
[  388.813550] libprocessgroup: Successfully killed process cgroup uid 0 pid 274 in 3ms
[  388.813550] libprocessgroup: Successfully killed process cgroup uid 0 pid 274 in 3ms
[  388.929952] init: starting service 'exec 16 (/system/bin/vdc volume abort_fuse)'...
[  388.929952] init: starting service 'exec 16 (/system/bin/vdc volume abort_fuse)'...
[  389.205422] init: Command 'exec_background - system system -- /system/bin/vdc volume abort_fuse' action=onrestart (<Service 'zygote' onrestart>:1) took 133ms and succeeded
[  389.205422] init: Command 'exec_background - system system -- /system/bin/vdc volume abort_fuse' action=onrestart (<Service 'zygote' onrestart>:1) took 133ms and succeeded
[  389.396188] init: Command 'write /sys/power/state on' action=onrestart (<Service 'zygote' onrestart>:2) took 147ms and failed: Unable to write to file '/sys/power/state': Unable to write file contents: Invalid argument
[  389.396188] init: Command 'write /sys/power/state on' action=onrestart (<Service 'zygote' onrestart>:2) took 147ms and failed: Unable to write to file '/sys/power/state': Unable to write file contents: Invalid argument
[  389.462400] init: Sending signal 9 to service 'audioserver' (pid 322) process group...
[  389.462400] init: Sending signal 9 to service 'audioserver' (pid 322) process group...
[  389.683051] binder: undelivered TRANSACTION_COMPLETE
[  389.683051] binder: undelivered TRANSACTION_COMPLETE
[  389.683707] binder: undelivered transaction 1443, process died.
[  389.683707] binder: undelivered transaction 1443, process died.
[  389.725408] libprocessgroup: Successfully killed process cgroup uid 1041 pid 322 in 245ms
[  389.725408] libprocessgroup: Successfully killed process cgroup uid 1041 pid 322 in 245ms
[  389.836261] init: Command 'restart audioserver' action=onrestart (<Service 'zygote' onrestart>:3) took 373ms and succeeded
[  389.836261] init: Command 'restart audioserver' action=onrestart (<Service 'zygote' onrestart>:3) took 373ms and succeeded
[  389.837964] init: Sending signal 9 to service 'cameraserver' (pid 375) process group...
[  389.837964] init: Sending signal 9 to service 'cameraserver' (pid 375) process group...
[  390.111863] libprocessgroup: Successfully killed process cgroup uid 1047 pid 375 in 211ms
[  390.111863] libprocessgroup: Successfully killed process cgroup uid 1047 pid 375 in 211ms
[  390.197246] init: Command 'restart cameraserver' action=onrestart (<Service 'zygote' onrestart>:4) took 359ms and succeeded
[  390.197246] init: Command 'restart cameraserver' action=onrestart (<Service 'zygote' onrestart>:4) took 359ms and succeeded
[  390.239565] init: Sending signal 9 to service 'media' (pid 404) process group...
[  390.239565] init: Sending signal 9 to service 'media' (pid 404) process group...
[  391.033980] libprocessgroup: Successfully killed process cgroup uid 1013 pid 404 in 792ms
[  391.033980] libprocessgroup: Successfully killed process cgroup uid 1013 pid 404 in 792ms
[  391.149038] init: Command 'restart media' action=onrestart (<Service 'zygote' onrestart>:5) took 949ms and succeeded
[  391.149038] init: Command 'restart media' action=onrestart (<Service 'zygote' onrestart>:5) took 949ms and succeeded
[  391.183629] init: Sending signal 9 to service 'netd' (pid 273) process group...
[  391.183629] init: Sending signal 9 to service 'netd' (pid 273) process group...
[  391.228003] Binder:273_4 (273) used greatest stack depth: 11360 bytes left
[  391.228003] Binder:273_4 (273) used greatest stack depth: 11360 bytes left
[  391.438003] libprocessgroup: Successfully killed process cgroup uid 0 pid 273 in 252ms
[  391.438003] libprocessgroup: Successfully killed process cgroup uid 0 pid 273 in 252ms
[  391.569045] init: Command 'restart netd' action=onrestart (<Service 'zygote' onrestart>:6) took 418ms and succeeded
[  391.569045] init: Command 'restart netd' action=onrestart (<Service 'zygote' onrestart>:6) took 418ms and succeeded
[  391.620177] init: Sending signal 9 to service 'wificond' (pid 408) process group...
[  391.620177] init: Sending signal 9 to service 'wificond' (pid 408) process group...
[  391.828368] libprocessgroup: Successfully killed process cgroup uid 1010 pid 408 in 152ms
[  391.828368] libprocessgroup: Successfully killed process cgroup uid 1010 pid 408 in 152ms
[  391.900307] init: Command 'restart wificond' action=onrestart (<Service 'zygote' onrestart>:7) took 329ms and succeeded
[  391.900307] init: Command 'restart wificond' action=onrestart (<Service 'zygote' onrestart>:7) took 329ms and succeeded
[  392.015989] init: Service 'netd' (pid 273) received signal 9
[  392.015989] init: Service 'netd' (pid 273) received signal 9
[  392.071084] init: Command 'restart zygote_secondary' action=onrestart (<Service 'netd' onrestart>:2) took 0ms and failed: service zygote_secondary not found
[  392.071084] init: Command 'restart zygote_secondary' action=onrestart (<Service 'netd' onrestart>:2) took 0ms and failed: service zygote_secondary not found
[  392.097904] init: Service 'audioserver' (pid 322) received signal 9
[  392.097904] init: Service 'audioserver' (pid 322) received signal 9
[  392.158662] init: Command 'setprop sys.audio.restart.hal 1' action=onrestart (<Service 'audioserver' onrestart>:1) took 58ms and succeeded
[  392.158662] init: Command 'setprop sys.audio.restart.hal 1' action=onrestart (<Service 'audioserver' onrestart>:1) took 58ms and succeeded
[  392.242663] init: Service 'cameraserver' (pid 375) received signal 9
[  392.242663] init: Service 'cameraserver' (pid 375) received signal 9
[  392.324428] init: Service 'media' (pid 404) received signal 9
[  392.324428] init: Service 'media' (pid 404) received signal 9
[  392.420454] init: Service 'wificond' (pid 408) received signal 9
[  392.420454] init: Service 'wificond' (pid 408) received signal 9
[  392.478220] init: Untracked pid 376 received signal 9
[  392.478220] init: Untracked pid 376 received signal 9
[  392.529674] init: Untracked pid 378 received signal 9
[  392.529674] init: Untracked pid 378 received signal 9
[  392.585028] init: processing action (init.svc.media=*) from (/system/etc/init/mediaserver.rc:1)
[  392.585028] init: processing action (init.svc.media=*) from (/system/etc/init/mediaserver.rc:1)
[  392.660047] init: Command 'setprop init.svc.mediadrm ${init.svc.media}' action=init.svc.media=* (/system/etc/init/mediaserver.rc:2) took 73ms and succeeded
[  392.660047] init: Command 'setprop init.svc.mediadrm ${init.svc.media}' action=init.svc.media=* (/system/etc/init/mediaserver.rc:2) took 73ms and succeeded
[  392.765479] init: starting service 'zygote'...
[  392.765479] init: starting service 'zygote'...
[  392.874534] init: Created socket '/dev/socket/zygote', mode 660, user 0, group 1000
[  392.874534] init: Created socket '/dev/socket/zygote', mode 660, user 0, group 1000
[  392.957928] init: Created socket '/dev/socket/usap_pool_primary', mode 660, user 0, group 1000
[  392.957928] init: Created socket '/dev/socket/usap_pool_primary', mode 660, user 0, group 1000
[  393.758956] init: starting service 'audioserver'...
[  393.758956] init: starting service 'audioserver'...
[  395.543011] init: starting service 'cameraserver'...
[  395.543011] init: starting service 'cameraserver'...
[  398.255034] init: starting service 'media'...
[  398.255034] init: starting service 'media'...
[  400.586401] init: starting service 'netd'...
[  400.586401] init: starting service 'netd'...
[  401.568703] libprocessgroup: Failed to open /dev/cpuset/camera-daemon/tasks: No such file or directory: No such file or directory
[  401.568703] libprocessgroup: Failed to open /dev/cpuset/camera-daemon/tasks: No such file or directory: No such file or directory
[  401.788029] libprocessgroup: Failed to apply CameraServiceCapacity task profile: No such file or directory
[  401.788029] libprocessgroup: Failed to apply CameraServiceCapacity task profile: No such file or directory
[  401.909062] init: Created socket '/dev/socket/dnsproxyd', mode 660, user 0, group 3003
[  401.909062] init: Created socket '/dev/socket/dnsproxyd', mode 660, user 0, group 3003
[  402.825850] init: Created socket '/dev/socket/mdns', mode 660, user 0, group 1000
[  402.825850] init: Created socket '/dev/socket/mdns', mode 660, user 0, group 1000
[  404.269564] init: Created socket '/dev/socket/fwmarkd', mode 660, user 0, group 3003
[  404.269564] init: Created socket '/dev/socket/fwmarkd', mode 660, user 0, group 3003
[  406.257908] init: starting service 'wificond'...
[  406.257908] init: starting service 'wificond'...
[  408.736076] init: Service 'vendor.camera-provider-2-4' (pid 288) received signal 6
[  408.736076] init: Service 'vendor.camera-provider-2-4' (pid 288) received signal 6
[  408.737958] init: Sending signal 9 to service 'vendor.camera-provider-2-4' (pid 288) process group...
[  408.737958] init: Sending signal 9 to service 'vendor.camera-provider-2-4' (pid 288) process group...
[  409.321450] libprocessgroup: Successfully killed process cgroup uid 1047 pid 288 in 232ms
[  409.321450] libprocessgroup: Successfully killed process cgroup uid 1047 pid 288 in 232ms
[  410.332860] init: Untracked pid 396 received signal 14
[  410.332860] init: Untracked pid 396 received signal 14
[  410.334409] init: Untracked pid 401 exited with status 0
[  410.334409] init: Untracked pid 401 exited with status 0
[  410.608182] init: Service 'exec 16 (/system/bin/vdc volume abort_fuse)' (pid 463) exited with status 0 oneshot service took 21.618000 seconds in background
[  410.608182] init: Service 'exec 16 (/system/bin/vdc volume abort_fuse)' (pid 463) exited with status 0 oneshot service took 21.618000 seconds in background
[  410.610114] init: Sending signal 9 to service 'exec 16 (/system/bin/vdc volume abort_fuse)' (pid 463) process group...
[  410.610114] init: Sending signal 9 to service 'exec 16 (/system/bin/vdc volume abort_fuse)' (pid 463) process group...
[  411.266787] libprocessgroup: Successfully killed process cgroup uid 1000 pid 463 in 1ms
[  411.266787] libprocessgroup: Successfully killed process cgroup uid 1000 pid 463 in 1ms
[  411.909745] init: processing action (sys.audio.restart.hal=1) from (/system/etc/init/audioserver.rc:39)
[  411.909745] init: processing action (sys.audio.restart.hal=1) from (/system/etc/init/audioserver.rc:39)
[  411.985284] init: Sending signal 9 to service 'vendor.audio-hal' (pid 285) process group...
[  411.985284] init: Sending signal 9 to service 'vendor.audio-hal' (pid 285) process group...
[  412.868046] libprocessgroup: Successfully killed process cgroup uid 1041 pid 285 in 880ms
[  412.868046] libprocessgroup: Successfully killed process cgroup uid 1041 pid 285 in 880ms
[  413.564854] init: Command 'restart vendor.audio-hal' action=sys.audio.restart.hal=1 (/system/etc/init/audioserver.rc:40) took 1579ms and succeeded
[  413.564854] init: Command 'restart vendor.audio-hal' action=sys.audio.restart.hal=1 (/system/etc/init/audioserver.rc:40) took 1579ms and succeeded
[  414.461247] init: starting service 'vendor.camera-provider-2-4'...
[  414.461247] init: starting service 'vendor.camera-provider-2-4'...
[  416.948816] init: Service 'vendor.audio-hal' (pid 285) received signal 9
[  416.948816] init: Service 'vendor.audio-hal' (pid 285) received signal 9
[  417.035493] init: Sending signal 9 to service 'audioserver' (pid 476) process group...
[  417.035493] init: Sending signal 9 to service 'audioserver' (pid 476) process group...
[  417.143564] libprocessgroup: Successfully killed process cgroup uid 1041 pid 476 in 106ms
[  417.143564] libprocessgroup: Successfully killed process cgroup uid 1041 pid 476 in 106ms
[  417.184573] init: Command 'restart audioserver' action=onrestart (<Service 'vendor.audio-hal' onrestart>:1) took 234ms and succeeded
[  417.184573] init: Command 'restart audioserver' action=onrestart (<Service 'vendor.audio-hal' onrestart>:1) took 234ms and succeeded
[  417.241393] init: Service 'audioserver' (pid 476) received signal 9
[  417.241393] init: Service 'audioserver' (pid 476) received signal 9
[  418.023720] init: Command 'setprop sys.audio.restart.hal 1' action=onrestart (<Service 'audioserver' onrestart>:1) took 781ms and succeeded
[  418.023720] init: Command 'setprop sys.audio.restart.hal 1' action=onrestart (<Service 'audioserver' onrestart>:1) took 781ms and succeeded
[  418.298653] init: Command 'restart vendor.audio-hal-4-0-msd' action=sys.audio.restart.hal=1 (/system/etc/init/audioserver.rc:41) took 0ms and failed: service vendor.audio-hal-4-0-msd not found
[  418.298653] init: Command 'restart vendor.audio-hal-4-0-msd' action=sys.audio.restart.hal=1 (/system/etc/init/audioserver.rc:41) took 0ms and failed: service vendor.audio-hal-4-0-msd not found
[  418.326464] libprocessgroup: Failed to open /dev/cpuset/camera-daemon/tasks: No such file or directory: No such file or directory
[  418.326464] libprocessgroup: Failed to open /dev/cpuset/camera-daemon/tasks: No such file or directory: No such file or directory
[  418.405094] libprocessgroup: Failed to apply CameraServiceCapacity task profile: No such file or directory
[  418.405094] libprocessgroup: Failed to apply CameraServiceCapacity task profile: No such file or directory
[  418.431118] init: starting service 'audioserver'...
[  418.431118] init: starting service 'audioserver'...
[  418.696628] init: starting service 'vendor.audio-hal'...
[  418.696628] init: starting service 'vendor.audio-hal'...
[  419.109064] init: Command 'restart vendor.audio-hal-2-0' action=sys.audio.restart.hal=1 (/system/etc/init/audioserver.rc:43) took 0ms and failed: service vendor.audio-hal-2-0 not found
[  419.109064] init: Command 'restart vendor.audio-hal-2-0' action=sys.audio.restart.hal=1 (/system/etc/init/audioserver.rc:43) took 0ms and failed: service vendor.audio-hal-2-0 not found
[  419.185070] init: Command 'restart audio-hal-2-0' action=sys.audio.restart.hal=1 (/system/etc/init/audioserver.rc:44) took 0ms and failed: service audio-hal-2-0 not found
[  419.185070] init: Command 'restart audio-hal-2-0' action=sys.audio.restart.hal=1 (/system/etc/init/audioserver.rc:44) took 0ms and failed: service audio-hal-2-0 not found
[  419.305402] init: processing action (init.svc.media=*) from (/system/etc/init/mediaserver.rc:1)
[  419.305402] init: processing action (init.svc.media=*) from (/system/etc/init/mediaserver.rc:1)
[  419.369375] init: processing action (init.svc.audioserver=running) from (/system/etc/init/audioserver.rc:32)
[  419.369375] init: processing action (init.svc.audioserver=running) from (/system/etc/init/audioserver.rc:32)
[  419.424265] init: Command 'start vendor.audio-hal-4-0-msd' action=init.svc.audioserver=running (/system/etc/init/audioserver.rc:34) took 53ms and failed: service vendor.audio-hal-4-0-msd not found
[  419.424265] init: Command 'start vendor.audio-hal-4-0-msd' action=init.svc.audioserver=running (/system/etc/init/audioserver.rc:34) took 53ms and failed: service vendor.audio-hal-4-0-msd not found
[  419.484246] init: Command 'start vendor.audio-hal-2-0' action=init.svc.audioserver=running (/system/etc/init/audioserver.rc:36) took 57ms and failed: service vendor.audio-hal-2-0 not found
[  419.484246] init: Command 'start vendor.audio-hal-2-0' action=init.svc.audioserver=running (/system/etc/init/audioserver.rc:36) took 57ms and failed: service vendor.audio-hal-2-0 not found
[  419.486575] init: Command 'start audio-hal-2-0' action=init.svc.audioserver=running (/system/etc/init/audioserver.rc:37) took 0ms and failed: service audio-hal-2-0 not found
[  419.486575] init: Command 'start audio-hal-2-0' action=init.svc.audioserver=running (/system/etc/init/audioserver.rc:37) took 0ms and failed: service audio-hal-2-0 not found
[  419.564413] init: processing action (init.svc.media=*) from (/system/etc/init/mediaserver.rc:1)
[  419.564413] init: processing action (init.svc.media=*) from (/system/etc/init/mediaserver.rc:1)
[  419.614061] init: processing action (sys.audio.restart.hal=1) from (/system/etc/init/audioserver.rc:39)
[  419.614061] init: processing action (sys.audio.restart.hal=1) from (/system/etc/init/audioserver.rc:39)
[  419.672639] init: Sending signal 9 to service 'vendor.audio-hal' (pid 499) process group...
[  419.672639] init: Sending signal 9 to service 'vendor.audio-hal' (pid 499) process group...
[  419.781156] libprocessgroup: Successfully killed process cgroup uid 1041 pid 499 in 106ms
[  419.781156] libprocessgroup: Successfully killed process cgroup uid 1041 pid 499 in 106ms
[  419.852027] init: Command 'restart vendor.audio-hal' action=sys.audio.restart.hal=1 (/system/etc/init/audioserver.rc:40) took 179ms and succeeded
[  419.852027] init: Command 'restart vendor.audio-hal' action=sys.audio.restart.hal=1 (/system/etc/init/audioserver.rc:40) took 179ms and succeeded
[  419.871874] init: Service 'vendor.audio-hal' (pid 499) received signal 9
[  419.871874] init: Service 'vendor.audio-hal' (pid 499) received signal 9
[  419.907870] init: Sending signal 9 to service 'audioserver' (pid 498) process group...
[  419.907870] init: Sending signal 9 to service 'audioserver' (pid 498) process group...
[  419.984486] libprocessgroup: Successfully killed process cgroup uid 1041 pid 498 in 74ms
[  419.984486] libprocessgroup: Successfully killed process cgroup uid 1041 pid 498 in 74ms
[  420.045537] init: Command 'restart audioserver' action=onrestart (<Service 'vendor.audio-hal' onrestart>:1) took 137ms and succeeded
[  420.045537] init: Command 'restart audioserver' action=onrestart (<Service 'vendor.audio-hal' onrestart>:1) took 137ms and succeeded
[  420.145299] init: Service 'audioserver' (pid 498) received signal 9
[  420.145299] init: Service 'audioserver' (pid 498) received signal 9
[  420.276994] init: Command 'setprop sys.audio.restart.hal 1' action=onrestart (<Service 'audioserver' onrestart>:1) took 130ms and succeeded
[  420.276994] init: Command 'setprop sys.audio.restart.hal 1' action=onrestart (<Service 'audioserver' onrestart>:1) took 130ms and succeeded
[  420.989971] init: Command 'restart vendor.audio-hal-4-0-msd' action=sys.audio.restart.hal=1 (/system/etc/init/audioserver.rc:41) took 0ms and failed: service vendor.audio-hal-4-0-msd not found
[  420.989971] init: Command 'restart vendor.audio-hal-4-0-msd' action=sys.audio.restart.hal=1 (/system/etc/init/audioserver.rc:41) took 0ms and failed: service vendor.audio-hal-4-0-msd not found
[  421.028006] init: Command 'restart vendor.audio-hal-2-0' action=sys.audio.restart.hal=1 (/system/etc/init/audioserver.rc:43) took 0ms and failed: service vendor.audio-hal-2-0 not found
[  421.028006] init: Command 'restart vendor.audio-hal-2-0' action=sys.audio.restart.hal=1 (/system/etc/init/audioserver.rc:43) took 0ms and failed: service vendor.audio-hal-2-0 not found
[  421.089370] init: Command 'restart audio-hal-2-0' action=sys.audio.restart.hal=1 (/system/etc/init/audioserver.rc:44) took 0ms and failed: service audio-hal-2-0 not found
[  421.089370] init: Command 'restart audio-hal-2-0' action=sys.audio.restart.hal=1 (/system/etc/init/audioserver.rc:44) took 0ms and failed: service audio-hal-2-0 not found
[  421.176262] init: processing action (init.svc.audioserver=running) from (/system/etc/init/audioserver.rc:32)
[  421.176262] init: processing action (init.svc.audioserver=running) from (/system/etc/init/audioserver.rc:32)
[  421.256778] init: starting service 'vendor.audio-hal'...
[  421.256778] init: starting service 'vendor.audio-hal'...
[  421.614480] init: Command 'start vendor.audio-hal' action=init.svc.audioserver=running (/system/etc/init/audioserver.rc:33) took 428ms and succeeded
[  421.614480] init: Command 'start vendor.audio-hal' action=init.svc.audioserver=running (/system/etc/init/audioserver.rc:33) took 428ms and succeeded
[  421.652430] init: Command 'start vendor.audio-hal-4-0-msd' action=init.svc.audioserver=running (/system/etc/init/audioserver.rc:34) took 0ms and failed: service vendor.audio-hal-4-0-msd not found
[  421.652430] init: Command 'start vendor.audio-hal-4-0-msd' action=init.svc.audioserver=running (/system/etc/init/audioserver.rc:34) took 0ms and failed: service vendor.audio-hal-4-0-msd not found
[  421.750130] init: Command 'start vendor.audio-hal-2-0' action=init.svc.audioserver=running (/system/etc/init/audioserver.rc:36) took 0ms and failed: service vendor.audio-hal-2-0 not found
[  421.750130] init: Command 'start vendor.audio-hal-2-0' action=init.svc.audioserver=running (/system/etc/init/audioserver.rc:36) took 0ms and failed: service vendor.audio-hal-2-0 not found
[  421.825285] init: Command 'start audio-hal-2-0' action=init.svc.audioserver=running (/system/etc/init/audioserver.rc:37) took 0ms and failed: service audio-hal-2-0 not found
[  421.825285] init: Command 'start audio-hal-2-0' action=init.svc.audioserver=running (/system/etc/init/audioserver.rc:37) took 0ms and failed: service audio-hal-2-0 not found
[  421.897217] init: processing action (init.svc.mediadrm=running) from (/vendor/etc/init/android.hardware.drm@1.3-service.widevine.rc:1)
[  421.897217] init: processing action (init.svc.mediadrm=running) from (/vendor/etc/init/android.hardware.drm@1.3-service.widevine.rc:1)
[  421.963040] init: Command 'mkdir /data/vendor/mediadrm 0770 media mediadrm' action=init.svc.mediadrm=running (/vendor/etc/init/android.hardware.drm@1.3-service.widevine.rc:2) took 63ms and succeeded
[  421.963040] init: Command 'mkdir /data/vendor/mediadrm 0770 media mediadrm' action=init.svc.mediadrm=running (/vendor/etc/init/android.hardware.drm@1.3-service.widevine.rc:2) took 63ms and succeeded
[  422.017917] init: processing action (init.svc.mediadrm=running) from (/vendor/etc/init/android.hardware.drm@1.3-service.widevine.rc:1)
[  422.017917] init: processing action (init.svc.mediadrm=running) from (/vendor/etc/init/android.hardware.drm@1.3-service.widevine.rc:1)
[  422.068860] init: processing action (sys.audio.restart.hal=1) from (/system/etc/init/audioserver.rc:39)
[  422.068860] init: processing action (sys.audio.restart.hal=1) from (/system/etc/init/audioserver.rc:39)
[  422.070519] init: Sending signal 9 to service 'vendor.audio-hal' (pid 500) process group...
[  422.070519] init: Sending signal 9 to service 'vendor.audio-hal' (pid 500) process group...
[  422.236560] libprocessgroup: Successfully killed process cgroup uid 1041 pid 500 in 60ms
[  422.236560] libprocessgroup: Successfully killed process cgroup uid 1041 pid 500 in 60ms
[  422.308019] init: Command 'restart vendor.audio-hal' action=sys.audio.restart.hal=1 (/system/etc/init/audioserver.rc:40) took 237ms and succeeded
[  422.308019] init: Command 'restart vendor.audio-hal' action=sys.audio.restart.hal=1 (/system/etc/init/audioserver.rc:40) took 237ms and succeeded
[  422.310424] init: Service 'vendor.audio-hal' (pid 500) received signal 9
[  422.310424] init: Service 'vendor.audio-hal' (pid 500) received signal 9
[  422.441190] init: Command 'restart vendor.audio-hal-4-0-msd' action=sys.audio.restart.hal=1 (/system/etc/init/audioserver.rc:41) took 0ms and failed: service vendor.audio-hal-4-0-msd not found
[  422.441190] init: Command 'restart vendor.audio-hal-4-0-msd' action=sys.audio.restart.hal=1 (/system/etc/init/audioserver.rc:41) took 0ms and failed: service vendor.audio-hal-4-0-msd not found
[  422.516245] init: Command 'restart vendor.audio-hal-2-0' action=sys.audio.restart.hal=1 (/system/etc/init/audioserver.rc:43) took 0ms and failed: service vendor.audio-hal-2-0 not found
[  422.516245] init: Command 'restart vendor.audio-hal-2-0' action=sys.audio.restart.hal=1 (/system/etc/init/audioserver.rc:43) took 0ms and failed: service vendor.audio-hal-2-0 not found
[  422.518611] init: Command 'restart audio-hal-2-0' action=sys.audio.restart.hal=1 (/system/etc/init/audioserver.rc:44) took 0ms and failed: service audio-hal-2-0 not found
[  422.518611] init: Command 'restart audio-hal-2-0' action=sys.audio.restart.hal=1 (/system/etc/init/audioserver.rc:44) took 0ms and failed: service audio-hal-2-0 not found
[  422.647522] init: Command 'setprop sys.audio.restart.hal 0' action=sys.audio.restart.hal=1 (/system/etc/init/audioserver.rc:46) took 59ms and succeeded
[  422.647522] init: Command 'setprop sys.audio.restart.hal 0' action=sys.audio.restart.hal=1 (/system/etc/init/audioserver.rc:46) took 59ms and succeeded
[  423.495890] init: starting service 'audioserver'...
[  423.495890] init: starting service 'audioserver'...
[  423.843302] init: processing action (init.svc.audioserver=running) from (/system/etc/init/audioserver.rc:32)
[  423.843302] init: processing action (init.svc.audioserver=running) from (/system/etc/init/audioserver.rc:32)
[  423.917776] init: starting service 'vendor.audio-hal'...
[  423.917776] init: starting service 'vendor.audio-hal'...
[  424.270150] init: Command 'start vendor.audio-hal' action=init.svc.audioserver=running (/system/etc/init/audioserver.rc:33) took 423ms and succeeded
[  424.270150] init: Command 'start vendor.audio-hal' action=init.svc.audioserver=running (/system/etc/init/audioserver.rc:33) took 423ms and succeeded
[  424.364853] init: Command 'start vendor.audio-hal-4-0-msd' action=init.svc.audioserver=running (/system/etc/init/audioserver.rc:34) took 0ms and failed: service vendor.audio-hal-4-0-msd not found
[  424.364853] init: Command 'start vendor.audio-hal-4-0-msd' action=init.svc.audioserver=running (/system/etc/init/audioserver.rc:34) took 0ms and failed: service vendor.audio-hal-4-0-msd not found
[  424.425169] init: Command 'start vendor.audio-hal-2-0' action=init.svc.audioserver=running (/system/etc/init/audioserver.rc:36) took 57ms and failed: service vendor.audio-hal-2-0 not found
[  424.425169] init: Command 'start vendor.audio-hal-2-0' action=init.svc.audioserver=running (/system/etc/init/audioserver.rc:36) took 57ms and failed: service vendor.audio-hal-2-0 not found
[  424.492619] init: Command 'start audio-hal-2-0' action=init.svc.audioserver=running (/system/etc/init/audioserver.rc:37) took 0ms and failed: service audio-hal-2-0 not found
[  424.492619] init: Command 'start audio-hal-2-0' action=init.svc.audioserver=running (/system/etc/init/audioserver.rc:37) took 0ms and failed: service audio-hal-2-0 not found
[  439.204687] init: Service 'vendor.sensors-hal-2-1-multihal' (pid 460) received signal 6
[  439.204687] init: Service 'vendor.sensors-hal-2-1-multihal' (pid 460) received signal 6
[  439.207390] init: Sending signal 9 to service 'vendor.sensors-hal-2-1-multihal' (pid 460) process group...
[  439.207390] init: Sending signal 9 to service 'vendor.sensors-hal-2-1-multihal' (pid 460) process group...
[  439.265118] libprocessgroup: Successfully killed process cgroup uid 1000 pid 460 in 55ms
[  439.265118] libprocessgroup: Successfully killed process cgroup uid 1000 pid 460 in 55ms
[  439.321691] init: Untracked pid 488 received signal 14
[  439.321691] init: Untracked pid 488 received signal 14
[  439.347776] init: Untracked pid 491 exited with status 0
[  439.347776] init: Untracked pid 491 exited with status 0
[  439.386061] init: starting service 'vendor.sensors-hal-2-1-multihal'...
[  439.386061] init: starting service 'vendor.sensors-hal-2-1-multihal'...
[  441.112544] init: Service 'vendor.hwcomposer-2-3' (pid 455) received signal 6
[  441.112544] init: Service 'vendor.hwcomposer-2-3' (pid 455) received signal 6
[  441.113683] init: Sending signal 9 to service 'vendor.hwcomposer-2-3' (pid 455) process group...
[  441.113683] init: Sending signal 9 to service 'vendor.hwcomposer-2-3' (pid 455) process group...
[  441.170210] libprocessgroup: Successfully killed process cgroup uid 1000 pid 455 in 54ms
[  441.170210] libprocessgroup: Successfully killed process cgroup uid 1000 pid 455 in 54ms
[  441.208840] init: Sending signal 9 to service 'surfaceflinger' (pid 452) process group...
[  441.208840] init: Sending signal 9 to service 'surfaceflinger' (pid 452) process group...
[  441.302999] libprocessgroup: Successfully killed process cgroup uid 1000 pid 452 in 91ms
[  441.302999] libprocessgroup: Successfully killed process cgroup uid 1000 pid 452 in 91ms
[  441.444249] init: Command 'restart surfaceflinger' action=onrestart (<Service 'vendor.hwcomposer-2-3' onrestart>:1) took 261ms and succeeded
[  441.444249] init: Command 'restart surfaceflinger' action=onrestart (<Service 'vendor.hwcomposer-2-3' onrestart>:1) took 261ms and succeeded
[  441.509152] init: Service 'surfaceflinger' (pid 452) received signal 9
[  441.509152] init: Service 'surfaceflinger' (pid 452) received signal 9
[  441.553934] init: Sending signal 9 to service 'zygote' (pid 475) process group...
[  441.553934] init: Sending signal 9 to service 'zygote' (pid 475) process group...
[  442.041734] selinux: SELinux: Could not get canonical path for /sys/devices/virtual/net/ipsec_test/queues/tx-0 restorecon: No such file or directory.
[  442.041734] selinux: SELinux: Could not get canonical path for /sys/devices/virtual/net/ipsec_test/queues/tx-0 restorecon: No such file or directory.
[  442.065318] selinux: 
[  442.065318] selinux: 
[  442.066081] ueventd: selinux_android_restorecon(/sys/devices/virtual/net/ipsec_test/queues/tx-0) failed: No such file or directory
[  442.066081] ueventd: selinux_android_restorecon(/sys/devices/virtual/net/ipsec_test/queues/tx-0) failed: No such file or directory
[  442.381266] libprocessgroup: Failed to kill process cgroup uid 0 pid 475 in 792ms, 1 processes remain
[  442.381266] libprocessgroup: Failed to kill process cgroup uid 0 pid 475 in 792ms, 1 processes remain
[  442.436640] init: Command 'restart zygote' action=onrestart (<Service 'surfaceflinger' onrestart>:1) took 883ms and succeeded
[  442.436640] init: Command 'restart zygote' action=onrestart (<Service 'surfaceflinger' onrestart>:1) took 883ms and succeeded
[  442.493728] init: Untracked pid 489 received signal 14
[  442.493728] init: Untracked pid 489 received signal 14
[  442.536562] init: Untracked pid 495 received signal 9
[  442.536562] init: Untracked pid 495 received signal 9
[  442.538270] init: Untracked pid 509 received signal 9
[  442.538270] init: Untracked pid 509 received signal 9
[  442.577920] init: Untracked pid 511 received signal 9
[  442.577920] init: Untracked pid 511 received signal 9
[  442.626999] init: starting service 'surfaceflinger'...
[  442.626999] init: starting service 'surfaceflinger'...
[  442.700370] init: Could not create socket 'pdx/system/vr/display/client': Failed to bind socket 'pdx/system/vr/display/client': No such file or directory
[  442.700370] init: Could not create socket 'pdx/system/vr/display/client': Failed to bind socket 'pdx/system/vr/display/client': No such file or directory
[  442.778818] init: Could not create socket 'pdx/system/vr/display/manager': Failed to bind socket 'pdx/system/vr/display/manager': No such file or directory
[  442.778818] init: Could not create socket 'pdx/system/vr/display/manager': Failed to bind socket 'pdx/system/vr/display/manager': No such file or directory
[  442.877771] init: Could not create socket 'pdx/system/vr/display/vsync': Failed to bind socket 'pdx/system/vr/display/vsync': No such file or directory
[  442.877771] init: Could not create socket 'pdx/system/vr/display/vsync': Failed to bind socket 'pdx/system/vr/display/vsync': No such file or directory
[  443.024534] init: starting service 'vendor.hwcomposer-2-3'...
[  443.024534] init: starting service 'vendor.hwcomposer-2-3'...
[  443.230000] init: Control message: Processed ctl.interface_start for 'android.hardware.camera.provider@2.4::ICameraProvider/legacy/0' from pid: 154 (/system/bin/hwservicemanager)
[  443.230000] init: Control message: Processed ctl.interface_start for 'android.hardware.camera.provider@2.4::ICameraProvider/legacy/0' from pid: 154 (/system/bin/hwservicemanager)
[  448.344093] init: Service 'zygote' (pid 475) received signal 9
[  448.344093] init: Service 'zygote' (pid 475) received signal 9
[  448.349946] init: Sending signal 9 to service 'zygote' (pid 475) process group...
[  448.349946] init: Sending signal 9 to service 'zygote' (pid 475) process group...
[  448.354266] libprocessgroup: Successfully killed process cgroup uid 0 pid 475 in 1ms
[  448.354266] libprocessgroup: Successfully killed process cgroup uid 0 pid 475 in 1ms
[  448.431206] init: starting service 'exec 17 (/system/bin/vdc volume abort_fuse)'...
[  448.431206] init: starting service 'exec 17 (/system/bin/vdc volume abort_fuse)'...
[  448.545376] init: Command 'exec_background - system system -- /system/bin/vdc volume abort_fuse' action=onrestart (<Service 'zygote' onrestart>:1) took 145ms and succeeded
[  448.545376] init: Command 'exec_background - system system -- /system/bin/vdc volume abort_fuse' action=onrestart (<Service 'zygote' onrestart>:1) took 145ms and succeeded
[  448.635299] init: Command 'write /sys/power/state on' action=onrestart (<Service 'zygote' onrestart>:2) took 63ms and failed: Unable to write to file '/sys/power/state': Unable to write file contents: Invalid argument
[  448.635299] init: Command 'write /sys/power/state on' action=onrestart (<Service 'zygote' onrestart>:2) took 63ms and failed: Unable to write to file '/sys/power/state': Unable to write file contents: Invalid argument
[  448.637958] init: Sending signal 9 to service 'audioserver' (pid 504) process group...
[  448.637958] init: Sending signal 9 to service 'audioserver' (pid 504) process group...
[  448.829601] libprocessgroup: Successfully killed process cgroup uid 1041 pid 504 in 190ms
[  448.829601] libprocessgroup: Successfully killed process cgroup uid 1041 pid 504 in 190ms
[  448.866814] init: Command 'restart audioserver' action=onrestart (<Service 'zygote' onrestart>:3) took 226ms and succeeded
[  448.866814] init: Command 'restart audioserver' action=onrestart (<Service 'zygote' onrestart>:3) took 226ms and succeeded
[  448.884461] init: Sending signal 9 to service 'cameraserver' (pid 477) process group...
[  448.884461] init: Sending signal 9 to service 'cameraserver' (pid 477) process group...
[  449.042183] libprocessgroup: Successfully killed process cgroup uid 1047 pid 477 in 137ms
[  449.042183] libprocessgroup: Successfully killed process cgroup uid 1047 pid 477 in 137ms
[  449.096934] init: Command 'restart cameraserver' action=onrestart (<Service 'zygote' onrestart>:4) took 212ms and succeeded
[  449.096934] init: Command 'restart cameraserver' action=onrestart (<Service 'zygote' onrestart>:4) took 212ms and succeeded
[  449.136528] init: Sending signal 9 to service 'media' (pid 484) process group...
[  449.136528] init: Sending signal 9 to service 'media' (pid 484) process group...
[  449.284305] libprocessgroup: Successfully killed process cgroup uid 1013 pid 484 in 145ms
[  449.284305] libprocessgroup: Successfully killed process cgroup uid 1013 pid 484 in 145ms
[  449.323789] init: Command 'restart media' action=onrestart (<Service 'zygote' onrestart>:5) took 223ms and succeeded
[  449.323789] init: Command 'restart media' action=onrestart (<Service 'zygote' onrestart>:5) took 223ms and succeeded
[  449.325282] init: Sending signal 9 to service 'netd' (pid 486) process group...
[  449.325282] init: Sending signal 9 to service 'netd' (pid 486) process group...
[  449.397029] libprocessgroup: Successfully killed process cgroup uid 0 pid 486 in 69ms
[  449.397029] libprocessgroup: Successfully killed process cgroup uid 0 pid 486 in 69ms
[  449.437240] init: Command 'restart netd' action=onrestart (<Service 'zygote' onrestart>:6) took 111ms and succeeded
[  449.437240] init: Command 'restart netd' action=onrestart (<Service 'zygote' onrestart>:6) took 111ms and succeeded
[  449.463875] init: Sending signal 9 to service 'wificond' (pid 487) process group...
[  449.463875] init: Sending signal 9 to service 'wificond' (pid 487) process group...
[  449.512283] libprocessgroup: Successfully killed process cgroup uid 1010 pid 487 in 46ms
[  449.512283] libprocessgroup: Successfully killed process cgroup uid 1010 pid 487 in 46ms
[  449.548917] init: Command 'restart wificond' action=onrestart (<Service 'zygote' onrestart>:7) took 110ms and succeeded
[  449.548917] init: Command 'restart wificond' action=onrestart (<Service 'zygote' onrestart>:7) took 110ms and succeeded
[  449.625079] init: Service 'cameraserver' (pid 477) received signal 9
[  449.625079] init: Service 'cameraserver' (pid 477) received signal 9
[  449.684549] init: Service 'media' (pid 484) received signal 9
[  449.684549] init: Service 'media' (pid 484) received signal 9
[  449.730096] init: Service 'netd' (pid 486) received signal 9
[  449.730096] init: Service 'netd' (pid 486) received signal 9
[  449.755336] init: Command 'restart zygote_secondary' action=onrestart (<Service 'netd' onrestart>:2) took 0ms and failed: service zygote_secondary not found
[  449.755336] init: Command 'restart zygote_secondary' action=onrestart (<Service 'netd' onrestart>:2) took 0ms and failed: service zygote_secondary not found
[  449.774572] init: Service 'wificond' (pid 487) received signal 9
[  449.774572] init: Service 'wificond' (pid 487) received signal 9
[  449.812805] init: Service 'audioserver' (pid 504) received signal 9
[  449.812805] init: Service 'audioserver' (pid 504) received signal 9
[  449.889211] init: Untracked pid 513 received signal 9
[  449.889211] init: Untracked pid 513 received signal 9
[  449.890641] init: Untracked pid 514 received signal 9
[  449.890641] init: Untracked pid 514 received signal 9
[  449.913858] init: processing action (init.svc.media=*) from (/system/etc/init/mediaserver.rc:1)
[  449.913858] init: processing action (init.svc.media=*) from (/system/etc/init/mediaserver.rc:1)
[  449.961164] init: starting service 'zygote'...
[  449.961164] init: starting service 'zygote'...
[  449.996879] init: Created socket '/dev/socket/zygote', mode 660, user 0, group 1000
[  449.996879] init: Created socket '/dev/socket/zygote', mode 660, user 0, group 1000
[  450.041952] init: Created socket '/dev/socket/usap_pool_primary', mode 660, user 0, group 1000
[  450.041952] init: Created socket '/dev/socket/usap_pool_primary', mode 660, user 0, group 1000
[  450.448480] init: starting service 'audioserver'...
[  450.448480] init: starting service 'audioserver'...
[  452.838420] init: starting service 'cameraserver'...
[  452.838420] init: starting service 'cameraserver'...
[  455.419897] init: starting service 'media'...
[  455.419897] init: starting service 'media'...
[  456.074238] init: starting service 'netd'...
[  456.074238] init: starting service 'netd'...
[  456.109103] libprocessgroup: Failed to open /dev/cpuset/camera-daemon/tasks: No such file or directory: No such file or directory
[  456.109103] libprocessgroup: Failed to open /dev/cpuset/camera-daemon/tasks: No such file or directory: No such file or directory
[  456.110608] libprocessgroup: Failed to apply CameraServiceCapacity task profile: No such file or directory
[  456.110608] libprocessgroup: Failed to apply CameraServiceCapacity task profile: No such file or directory
[  456.147495] init: Created socket '/dev/socket/dnsproxyd', mode 660, user 0, group 3003
[  456.147495] init: Created socket '/dev/socket/dnsproxyd', mode 660, user 0, group 3003
[  457.470203] init: Created socket '/dev/socket/mdns', mode 660, user 0, group 1000
[  457.470203] init: Created socket '/dev/socket/mdns', mode 660, user 0, group 1000
[  458.133856] init: Created socket '/dev/socket/fwmarkd', mode 660, user 0, group 3003
[  458.133856] init: Created socket '/dev/socket/fwmarkd', mode 660, user 0, group 3003
[  460.706874] init: starting service 'wificond'...
[  460.706874] init: starting service 'wificond'...
[  462.600890] init: Service 'exec 17 (/system/bin/vdc volume abort_fuse)' (pid 577) exited with status 0 oneshot service took 14.099000 seconds in background
[  462.600890] init: Service 'exec 17 (/system/bin/vdc volume abort_fuse)' (pid 577) exited with status 0 oneshot service took 14.099000 seconds in background
[  463.048448] init: Sending signal 9 to service 'exec 17 (/system/bin/vdc volume abort_fuse)' (pid 577) process group...
[  463.048448] init: Sending signal 9 to service 'exec 17 (/system/bin/vdc volume abort_fuse)' (pid 577) process group...
[  463.618047] libprocessgroup: Successfully killed process cgroup uid 1000 pid 577 in 567ms
[  463.618047] libprocessgroup: Successfully killed process cgroup uid 1000 pid 577 in 567ms
[  463.781403] init: processing action (init.svc.media=*) from (/system/etc/init/mediaserver.rc:1)
[  463.781403] init: processing action (init.svc.media=*) from (/system/etc/init/mediaserver.rc:1)
[  464.519027] init: Command 'setprop init.svc.mediadrm ${init.svc.media}' action=init.svc.media=* (/system/etc/init/mediaserver.rc:2) took 736ms and succeeded
[  464.519027] init: Command 'setprop init.svc.mediadrm ${init.svc.media}' action=init.svc.media=* (/system/etc/init/mediaserver.rc:2) took 736ms and succeeded
[  464.640176] init: processing action (sys.audio.restart.hal=1) from (/system/etc/init/audioserver.rc:39)
[  464.640176] init: processing action (sys.audio.restart.hal=1) from (/system/etc/init/audioserver.rc:39)
[  464.641518] init: Sending signal 9 to service 'vendor.audio-hal' (pid 505) process group...
[  464.641518] init: Sending signal 9 to service 'vendor.audio-hal' (pid 505) process group...
[  465.553528] libprocessgroup: Successfully killed process cgroup uid 1041 pid 505 in 277ms
[  465.553528] libprocessgroup: Successfully killed process cgroup uid 1041 pid 505 in 277ms
[  467.114032] init: Command 'restart vendor.audio-hal' action=sys.audio.restart.hal=1 (/system/etc/init/audioserver.rc:40) took 2472ms and succeeded
[  467.114032] init: Command 'restart vendor.audio-hal' action=sys.audio.restart.hal=1 (/system/etc/init/audioserver.rc:40) took 2472ms and succeeded
[  467.132383] init: Service 'vendor.audio-hal' (pid 505) received signal 9
[  467.132383] init: Service 'vendor.audio-hal' (pid 505) received signal 9
[  467.509062] init: Sending signal 9 to service 'audioserver' (pid 583) process group...
[  467.509062] init: Sending signal 9 to service 'audioserver' (pid 583) process group...
[  468.448963] libprocessgroup: Successfully killed process cgroup uid 1041 pid 583 in 938ms
[  468.448963] libprocessgroup: Successfully killed process cgroup uid 1041 pid 583 in 938ms
[  469.553894] init: Command 'restart audioserver' action=onrestart (<Service 'vendor.audio-hal' onrestart>:1) took 2420ms and succeeded
[  469.553894] init: Command 'restart audioserver' action=onrestart (<Service 'vendor.audio-hal' onrestart>:1) took 2420ms and succeeded
[  469.652901] init: Service 'audioserver' (pid 583) received signal 9
[  469.652901] init: Service 'audioserver' (pid 583) received signal 9
[  470.047804] init: Command 'setprop sys.audio.restart.hal 1' action=onrestart (<Service 'audioserver' onrestart>:1) took 393ms and succeeded
[  470.047804] init: Command 'setprop sys.audio.restart.hal 1' action=onrestart (<Service 'audioserver' onrestart>:1) took 393ms and succeeded
[  470.566928] init: Command 'restart vendor.audio-hal-4-0-msd' action=sys.audio.restart.hal=1 (/system/etc/init/audioserver.rc:41) took 0ms and failed: service vendor.audio-hal-4-0-msd not found
[  470.566928] init: Command 'restart vendor.audio-hal-4-0-msd' action=sys.audio.restart.hal=1 (/system/etc/init/audioserver.rc:41) took 0ms and failed: service vendor.audio-hal-4-0-msd not found
[  471.444921] init: starting service 'audioserver'...
[  471.444921] init: starting service 'audioserver'...
[  473.103432] init: starting service 'vendor.audio-hal'...
[  473.103432] init: starting service 'vendor.audio-hal'...
[  474.108813] init: Command 'restart vendor.audio-hal-2-0' action=sys.audio.restart.hal=1 (/system/etc/init/audioserver.rc:43) took 0ms and failed: service vendor.audio-hal-2-0 not found
[  474.108813] init: Command 'restart vendor.audio-hal-2-0' action=sys.audio.restart.hal=1 (/system/etc/init/audioserver.rc:43) took 0ms and failed: service vendor.audio-hal-2-0 not found
[  474.409732] init: Command 'restart audio-hal-2-0' action=sys.audio.restart.hal=1 (/system/etc/init/audioserver.rc:44) took 0ms and failed: service audio-hal-2-0 not found
[  474.409732] init: Command 'restart audio-hal-2-0' action=sys.audio.restart.hal=1 (/system/etc/init/audioserver.rc:44) took 0ms and failed: service audio-hal-2-0 not found
[  474.840349] init: Untracked pid 558 received signal 14
[  474.840349] init: Untracked pid 558 received signal 14
[  474.841648] init: Untracked pid 560 exited with status 0
[  474.841648] init: Untracked pid 560 exited with status 0
[  475.696323] init: Command 'setprop sys.audio.restart.hal 0' action=sys.audio.restart.hal=1 (/system/etc/init/audioserver.rc:46) took 250ms and succeeded
[  475.696323] init: Command 'setprop sys.audio.restart.hal 0' action=sys.audio.restart.hal=1 (/system/etc/init/audioserver.rc:46) took 250ms and succeeded
[  475.698848] init: Service 'vendor.camera-provider-2-4' (pid 494) received signal 6
[  475.698848] init: Service 'vendor.camera-provider-2-4' (pid 494) received signal 6
[  475.892091] init: Sending signal 9 to service 'vendor.camera-provider-2-4' (pid 494) process group...
[  475.892091] init: Sending signal 9 to service 'vendor.camera-provider-2-4' (pid 494) process group...
[  475.933026] libprocessgroup: Successfully killed process cgroup uid 1047 pid 494 in 38ms
[  475.933026] libprocessgroup: Successfully killed process cgroup uid 1047 pid 494 in 38ms
[  476.155561] init: processing action (init.svc.audioserver=running) from (/system/etc/init/audioserver.rc:32)
[  476.155561] init: processing action (init.svc.audioserver=running) from (/system/etc/init/audioserver.rc:32)
[  476.249560] init: starting service 'vendor.camera-provider-2-4'...
[  476.249560] init: starting service 'vendor.camera-provider-2-4'...
[  476.562602] init: Service 'vendor.sensors-hal-2-1-multihal' (pid 525) received signal 6
[  476.562602] init: Service 'vendor.sensors-hal-2-1-multihal' (pid 525) received signal 6
[  476.635883] init: Sending signal 9 to service 'vendor.sensors-hal-2-1-multihal' (pid 525) process group...
[  476.635883] init: Sending signal 9 to service 'vendor.sensors-hal-2-1-multihal' (pid 525) process group...
[  476.712163] libprocessgroup: Successfully killed process cgroup uid 1000 pid 525 in 1ms
[  476.712163] libprocessgroup: Successfully killed process cgroup uid 1000 pid 525 in 1ms
[  476.790001] init: Untracked pid 566 received signal 14
[  476.790001] init: Untracked pid 566 received signal 14
[  476.903667] init: Untracked pid 568 exited with status 0
[  476.903667] init: Untracked pid 568 exited with status 0
[  476.906088] init: Command 'start vendor.audio-hal-4-0-msd' action=init.svc.audioserver=running (/system/etc/init/audioserver.rc:34) took 0ms and failed: service vendor.audio-hal-4-0-msd not found
[  476.906088] init: Command 'start vendor.audio-hal-4-0-msd' action=init.svc.audioserver=running (/system/etc/init/audioserver.rc:34) took 0ms and failed: service vendor.audio-hal-4-0-msd not found
[  477.149863] init: starting service 'vendor.sensors-hal-2-1-multihal'...
[  477.149863] init: starting service 'vendor.sensors-hal-2-1-multihal'...
[  477.348329] libprocessgroup: Failed to open /dev/cpuset/camera-daemon/tasks: No such file or directory: No such file or directory
[  477.348329] libprocessgroup: Failed to open /dev/cpuset/camera-daemon/tasks: No such file or directory: No such file or directory
[  477.455498] libprocessgroup: Failed to apply CameraServiceCapacity task profile: No such file or directory
[  477.455498] libprocessgroup: Failed to apply CameraServiceCapacity task profile: No such file or directory
[  477.481315] init: Command 'start vendor.audio-hal-2-0' action=init.svc.audioserver=running (/system/etc/init/audioserver.rc:36) took 0ms and failed: service vendor.audio-hal-2-0 not found
[  477.481315] init: Command 'start vendor.audio-hal-2-0' action=init.svc.audioserver=running (/system/etc/init/audioserver.rc:36) took 0ms and failed: service vendor.audio-hal-2-0 not found
[  478.296507] init: Command 'start audio-hal-2-0' action=init.svc.audioserver=running (/system/etc/init/audioserver.rc:37) took 0ms and failed: service audio-hal-2-0 not found
[  478.296507] init: Command 'start audio-hal-2-0' action=init.svc.audioserver=running (/system/etc/init/audioserver.rc:37) took 0ms and failed: service audio-hal-2-0 not found
[  478.392807] init: processing action (init.svc.media=*) from (/system/etc/init/mediaserver.rc:1)
[  478.392807] init: processing action (init.svc.media=*) from (/system/etc/init/mediaserver.rc:1)
[  478.464982] init: Command 'setprop init.svc.mediadrm ${init.svc.media}' action=init.svc.media=* (/system/etc/init/mediaserver.rc:2) took 70ms and succeeded
[  478.464982] init: Command 'setprop init.svc.mediadrm ${init.svc.media}' action=init.svc.media=* (/system/etc/init/mediaserver.rc:2) took 70ms and succeeded
[  478.515835] init: processing action (init.svc.mediadrm=running) from (/vendor/etc/init/android.hardware.drm@1.3-service.widevine.rc:1)
[  478.515835] init: processing action (init.svc.mediadrm=running) from (/vendor/etc/init/android.hardware.drm@1.3-service.widevine.rc:1)
[  478.530663] init: processing action (sys.audio.restart.hal=1) from (/system/etc/init/audioserver.rc:39)
[  478.530663] init: processing action (sys.audio.restart.hal=1) from (/system/etc/init/audioserver.rc:39)
[  478.638714] init: Sending signal 9 to service 'vendor.audio-hal' (pid 600) process group...
[  478.638714] init: Sending signal 9 to service 'vendor.audio-hal' (pid 600) process group...
[  478.749061] libprocessgroup: Successfully killed process cgroup uid 1041 pid 600 in 79ms
[  478.749061] libprocessgroup: Successfully killed process cgroup uid 1041 pid 600 in 79ms
[  478.836419] init: Command 'restart vendor.audio-hal' action=sys.audio.restart.hal=1 (/system/etc/init/audioserver.rc:40) took 197ms and succeeded
[  478.836419] init: Command 'restart vendor.audio-hal' action=sys.audio.restart.hal=1 (/system/etc/init/audioserver.rc:40) took 197ms and succeeded
[  478.838555] init: Service 'vendor.audio-hal' (pid 600) received signal 9
[  478.838555] init: Service 'vendor.audio-hal' (pid 600) received signal 9
[  478.915964] init: Sending signal 9 to service 'audioserver' (pid 599) process group...
[  478.915964] init: Sending signal 9 to service 'audioserver' (pid 599) process group...
[  479.119045] libprocessgroup: Successfully killed process cgroup uid 1041 pid 599 in 133ms
[  479.119045] libprocessgroup: Successfully killed process cgroup uid 1041 pid 599 in 133ms
[  479.212582] init: Command 'restart audioserver' action=onrestart (<Service 'vendor.audio-hal' onrestart>:1) took 304ms and succeeded
[  479.212582] init: Command 'restart audioserver' action=onrestart (<Service 'vendor.audio-hal' onrestart>:1) took 304ms and succeeded
[  479.281294] init: Service 'audioserver' (pid 599) received signal 9
[  479.281294] init: Service 'audioserver' (pid 599) received signal 9
[  479.365880] init: Command 'setprop sys.audio.restart.hal 1' action=onrestart (<Service 'audioserver' onrestart>:1) took 83ms and succeeded
[  479.365880] init: Command 'setprop sys.audio.restart.hal 1' action=onrestart (<Service 'audioserver' onrestart>:1) took 83ms and succeeded
[  479.461995] init: Command 'restart vendor.audio-hal-4-0-msd' action=sys.audio.restart.hal=1 (/system/etc/init/audioserver.rc:41) took 0ms and failed: service vendor.audio-hal-4-0-msd not found
[  479.461995] init: Command 'restart vendor.audio-hal-4-0-msd' action=sys.audio.restart.hal=1 (/system/etc/init/audioserver.rc:41) took 0ms and failed: service vendor.audio-hal-4-0-msd not found
[  479.580387] init: starting service 'audioserver'...
[  479.580387] init: starting service 'audioserver'...
[  479.926877] init: starting service 'vendor.audio-hal'...
[  479.926877] init: starting service 'vendor.audio-hal'...
[  480.248575] init: Service 'vendor.hwcomposer-2-3' (pid 551) received signal 6
[  480.248575] init: Service 'vendor.hwcomposer-2-3' (pid 551) received signal 6
[  480.249760] init: Sending signal 9 to service 'vendor.hwcomposer-2-3' (pid 551) process group...
[  480.249760] init: Sending signal 9 to service 'vendor.hwcomposer-2-3' (pid 551) process group...
[  480.318218] libprocessgroup: Successfully killed process cgroup uid 1000 pid 551 in 1ms
[  480.318218] libprocessgroup: Successfully killed process cgroup uid 1000 pid 551 in 1ms
[  480.397606] init: Sending signal 9 to service 'surfaceflinger' (pid 550) process group...
[  480.397606] init: Sending signal 9 to service 'surfaceflinger' (pid 550) process group...
[  480.529641] libprocessgroup: Successfully killed process cgroup uid 1000 pid 550 in 85ms
[  480.529641] libprocessgroup: Successfully killed process cgroup uid 1000 pid 550 in 85ms
[  480.577339] init: Command 'restart surfaceflinger' action=onrestart (<Service 'vendor.hwcomposer-2-3' onrestart>:1) took 180ms and succeeded
[  480.577339] init: Command 'restart surfaceflinger' action=onrestart (<Service 'vendor.hwcomposer-2-3' onrestart>:1) took 180ms and succeeded
[  480.625781] init: Service 'surfaceflinger' (pid 550) received signal 9
[  480.625781] init: Service 'surfaceflinger' (pid 550) received signal 9
[  480.660396] init: Sending signal 9 to service 'zygote' (pid 582) process group...
[  480.660396] init: Sending signal 9 to service 'zygote' (pid 582) process group...
[  481.558556] libprocessgroup: Failed to kill process cgroup uid 0 pid 582 in 896ms, 1 processes remain
[  481.558556] libprocessgroup: Failed to kill process cgroup uid 0 pid 582 in 896ms, 1 processes remain
[  481.629560] init: Command 'restart zygote' action=onrestart (<Service 'surfaceflinger' onrestart>:1) took 969ms and succeeded
[  481.629560] init: Command 'restart zygote' action=onrestart (<Service 'surfaceflinger' onrestart>:1) took 969ms and succeeded
[  481.772256] init: Untracked pid 579 received signal 14
[  481.772256] init: Untracked pid 579 received signal 14
[  481.774954] init: Untracked pid 581 exited with status 0
[  481.774954] init: Untracked pid 581 exited with status 0
[  481.826334] init: Untracked pid 605 received signal 9
[  481.826334] init: Untracked pid 605 received signal 9
[  481.872451] init: Untracked pid 607 received signal 9
[  481.872451] init: Untracked pid 607 received signal 9
[  481.916316] init: Command 'restart vendor.audio-hal-2-0' action=sys.audio.restart.hal=1 (/system/etc/init/audioserver.rc:43) took 0ms and failed: service vendor.audio-hal-2-0 not found
[  481.916316] init: Command 'restart vendor.audio-hal-2-0' action=sys.audio.restart.hal=1 (/system/etc/init/audioserver.rc:43) took 0ms and failed: service vendor.audio-hal-2-0 not found
[  481.981644] init: starting service 'surfaceflinger'...
[  481.981644] init: starting service 'surfaceflinger'...
[  482.077620] init: Could not create socket 'pdx/system/vr/display/client': Failed to bind socket 'pdx/system/vr/display/client': No such file or directory
[  482.077620] init: Could not create socket 'pdx/system/vr/display/client': Failed to bind socket 'pdx/system/vr/display/client': No such file or directory
[  482.170696] init: Could not create socket 'pdx/system/vr/display/manager': Failed to bind socket 'pdx/system/vr/display/manager': No such file or directory
[  482.170696] init: Could not create socket 'pdx/system/vr/display/manager': Failed to bind socket 'pdx/system/vr/display/manager': No such file or directory
[  482.213238] init: Could not create socket 'pdx/system/vr/display/vsync': Failed to bind socket 'pdx/system/vr/display/vsync': No such file or directory
[  482.213238] init: Could not create socket 'pdx/system/vr/display/vsync': Failed to bind socket 'pdx/system/vr/display/vsync': No such file or directory
[  482.452963] init: starting service 'vendor.hwcomposer-2-3'...
[  482.452963] init: starting service 'vendor.hwcomposer-2-3'...
[  482.644377] init: Command 'restart audio-hal-2-0' action=sys.audio.restart.hal=1 (/system/etc/init/audioserver.rc:44) took 0ms and failed: service audio-hal-2-0 not found
[  482.644377] init: Command 'restart audio-hal-2-0' action=sys.audio.restart.hal=1 (/system/etc/init/audioserver.rc:44) took 0ms and failed: service audio-hal-2-0 not found
[  482.693403] init: processing action (init.svc.audioserver=running) from (/system/etc/init/audioserver.rc:32)
[  482.693403] init: processing action (init.svc.audioserver=running) from (/system/etc/init/audioserver.rc:32)
[  482.732433] init: Command 'start vendor.audio-hal-4-0-msd' action=init.svc.audioserver=running (/system/etc/init/audioserver.rc:34) took 0ms and failed: service vendor.audio-hal-4-0-msd not found
[  482.732433] init: Command 'start vendor.audio-hal-4-0-msd' action=init.svc.audioserver=running (/system/etc/init/audioserver.rc:34) took 0ms and failed: service vendor.audio-hal-4-0-msd not found
[  482.788668] init: Command 'start vendor.audio-hal-2-0' action=init.svc.audioserver=running (/system/etc/init/audioserver.rc:36) took 0ms and failed: service vendor.audio-hal-2-0 not found
[  482.788668] init: Command 'start vendor.audio-hal-2-0' action=init.svc.audioserver=running (/system/etc/init/audioserver.rc:36) took 0ms and failed: service vendor.audio-hal-2-0 not found
[  482.790826] init: Command 'start audio-hal-2-0' action=init.svc.audioserver=running (/system/etc/init/audioserver.rc:37) took 0ms and failed: service audio-hal-2-0 not found
[  482.790826] init: Command 'start audio-hal-2-0' action=init.svc.audioserver=running (/system/etc/init/audioserver.rc:37) took 0ms and failed: service audio-hal-2-0 not found
[  482.849403] init: processing action (init.svc.mediadrm=running) from (/vendor/etc/init/android.hardware.drm@1.3-service.widevine.rc:1)
[  482.849403] init: processing action (init.svc.mediadrm=running) from (/vendor/etc/init/android.hardware.drm@1.3-service.widevine.rc:1)
[  482.898456] init: processing action (sys.audio.restart.hal=1) from (/system/etc/init/audioserver.rc:39)
[  482.898456] init: processing action (sys.audio.restart.hal=1) from (/system/etc/init/audioserver.rc:39)
[  482.971788] init: Sending signal 9 to service 'vendor.audio-hal' (pid 610) process group...
[  482.971788] init: Sending signal 9 to service 'vendor.audio-hal' (pid 610) process group...
[  483.020302] libprocessgroup: Successfully killed process cgroup uid 1041 pid 610 in 46ms
[  483.020302] libprocessgroup: Successfully killed process cgroup uid 1041 pid 610 in 46ms
[  483.074361] init: Command 'restart vendor.audio-hal' action=sys.audio.restart.hal=1 (/system/etc/init/audioserver.rc:40) took 102ms and succeeded
[  483.074361] init: Command 'restart vendor.audio-hal' action=sys.audio.restart.hal=1 (/system/etc/init/audioserver.rc:40) took 102ms and succeeded
[  483.105700] init: Service 'vendor.audio-hal' (pid 610) received signal 9
[  483.105700] init: Service 'vendor.audio-hal' (pid 610) received signal 9
[  483.134096] init: Sending signal 9 to service 'audioserver' (pid 609) process group...
[  483.134096] init: Sending signal 9 to service 'audioserver' (pid 609) process group...
[  483.247923] libprocessgroup: Successfully killed process cgroup uid 1041 pid 609 in 91ms
[  483.247923] libprocessgroup: Successfully killed process cgroup uid 1041 pid 609 in 91ms
[  483.296869] init: Command 'restart audioserver' action=onrestart (<Service 'vendor.audio-hal' onrestart>:1) took 164ms and succeeded
[  483.296869] init: Command 'restart audioserver' action=onrestart (<Service 'vendor.audio-hal' onrestart>:1) took 164ms and succeeded
[  483.363746] init: Service 'audioserver' (pid 609) received signal 9
[  483.363746] init: Service 'audioserver' (pid 609) received signal 9
[  483.453399] init: Command 'restart vendor.audio-hal-4-0-msd' action=sys.audio.restart.hal=1 (/system/etc/init/audioserver.rc:41) took 0ms and failed: service vendor.audio-hal-4-0-msd not found
[  483.453399] init: Command 'restart vendor.audio-hal-4-0-msd' action=sys.audio.restart.hal=1 (/system/etc/init/audioserver.rc:41) took 0ms and failed: service vendor.audio-hal-4-0-msd not found
[  483.492179] init: Command 'restart vendor.audio-hal-2-0' action=sys.audio.restart.hal=1 (/system/etc/init/audioserver.rc:43) took 0ms and failed: service vendor.audio-hal-2-0 not found
[  483.492179] init: Command 'restart vendor.audio-hal-2-0' action=sys.audio.restart.hal=1 (/system/etc/init/audioserver.rc:43) took 0ms and failed: service vendor.audio-hal-2-0 not found
[  483.494665] init: Command 'restart audio-hal-2-0' action=sys.audio.restart.hal=1 (/system/etc/init/audioserver.rc:44) took 0ms and failed: service audio-hal-2-0 not found
[  483.494665] init: Command 'restart audio-hal-2-0' action=sys.audio.restart.hal=1 (/system/etc/init/audioserver.rc:44) took 0ms and failed: service audio-hal-2-0 not found
[  483.580380] init: Command 'setprop sys.audio.restart.hal 0' action=sys.audio.restart.hal=1 (/system/etc/init/audioserver.rc:46) took 83ms and succeeded
[  483.580380] init: Command 'setprop sys.audio.restart.hal 0' action=sys.audio.restart.hal=1 (/system/etc/init/audioserver.rc:46) took 83ms and succeeded
[  483.582824] init: processing action (init.svc.audioserver=running) from (/system/etc/init/audioserver.rc:32)
[  483.582824] init: processing action (init.svc.audioserver=running) from (/system/etc/init/audioserver.rc:32)
[  483.688760] init: starting service 'vendor.audio-hal'...
[  483.688760] init: starting service 'vendor.audio-hal'...
[  483.893933] init: Command 'start vendor.audio-hal' action=init.svc.audioserver=running (/system/etc/init/audioserver.rc:33) took 251ms and succeeded
[  483.893933] init: Command 'start vendor.audio-hal' action=init.svc.audioserver=running (/system/etc/init/audioserver.rc:33) took 251ms and succeeded
[  483.944635] init: Command 'start vendor.audio-hal-4-0-msd' action=init.svc.audioserver=running (/system/etc/init/audioserver.rc:34) took 0ms and failed: service vendor.audio-hal-4-0-msd not found
[  483.944635] init: Command 'start vendor.audio-hal-4-0-msd' action=init.svc.audioserver=running (/system/etc/init/audioserver.rc:34) took 0ms and failed: service vendor.audio-hal-4-0-msd not found
[  483.947054] init: Command 'start vendor.audio-hal-2-0' action=init.svc.audioserver=running (/system/etc/init/audioserver.rc:36) took 0ms and failed: service vendor.audio-hal-2-0 not found
[  483.947054] init: Command 'start vendor.audio-hal-2-0' action=init.svc.audioserver=running (/system/etc/init/audioserver.rc:36) took 0ms and failed: service vendor.audio-hal-2-0 not found
[  484.024308] init: Command 'start audio-hal-2-0' action=init.svc.audioserver=running (/system/etc/init/audioserver.rc:37) took 0ms and failed: service audio-hal-2-0 not found
[  484.024308] init: Command 'start audio-hal-2-0' action=init.svc.audioserver=running (/system/etc/init/audioserver.rc:37) took 0ms and failed: service audio-hal-2-0 not found
[  484.089264] init: processing action (sys.audio.restart.hal=1) from (/system/etc/init/audioserver.rc:39)
[  484.089264] init: processing action (sys.audio.restart.hal=1) from (/system/etc/init/audioserver.rc:39)
[  484.090603] init: Sending signal 9 to service 'vendor.audio-hal' (pid 618) process group...
[  484.090603] init: Sending signal 9 to service 'vendor.audio-hal' (pid 618) process group...
[  484.184712] libprocessgroup: Successfully killed process cgroup uid 1041 pid 618 in 43ms
[  484.184712] libprocessgroup: Successfully killed process cgroup uid 1041 pid 618 in 43ms
[  484.249020] init: Command 'restart vendor.audio-hal' action=sys.audio.restart.hal=1 (/system/etc/init/audioserver.rc:40) took 158ms and succeeded
[  484.249020] init: Command 'restart vendor.audio-hal' action=sys.audio.restart.hal=1 (/system/etc/init/audioserver.rc:40) took 158ms and succeeded
[  484.291929] init: Service 'vendor.audio-hal' (pid 618) received signal 9
[  484.291929] init: Service 'vendor.audio-hal' (pid 618) received signal 9
[  484.344782] init: Command 'restart vendor.audio-hal-4-0-msd' action=sys.audio.restart.hal=1 (/system/etc/init/audioserver.rc:41) took 0ms and failed: service vendor.audio-hal-4-0-msd not found
[  484.344782] init: Command 'restart vendor.audio-hal-4-0-msd' action=sys.audio.restart.hal=1 (/system/etc/init/audioserver.rc:41) took 0ms and failed: service vendor.audio-hal-4-0-msd not found
[  484.400721] init: Command 'restart vendor.audio-hal-2-0' action=sys.audio.restart.hal=1 (/system/etc/init/audioserver.rc:43) took 0ms and failed: service vendor.audio-hal-2-0 not found
[  484.400721] init: Command 'restart vendor.audio-hal-2-0' action=sys.audio.restart.hal=1 (/system/etc/init/audioserver.rc:43) took 0ms and failed: service vendor.audio-hal-2-0 not found
[  484.402967] init: Command 'restart audio-hal-2-0' action=sys.audio.restart.hal=1 (/system/etc/init/audioserver.rc:44) took 0ms and failed: service audio-hal-2-0 not found
[  484.402967] init: Command 'restart audio-hal-2-0' action=sys.audio.restart.hal=1 (/system/etc/init/audioserver.rc:44) took 0ms and failed: service audio-hal-2-0 not found
[  484.661447] init: starting service 'audioserver'...
[  484.661447] init: starting service 'audioserver'...
[  484.876148] init: processing action (init.svc.audioserver=running) from (/system/etc/init/audioserver.rc:32)
[  484.876148] init: processing action (init.svc.audioserver=running) from (/system/etc/init/audioserver.rc:32)
[  484.926889] init: starting service 'vendor.audio-hal'...
[  484.926889] init: starting service 'vendor.audio-hal'...
[  485.166513] init: Command 'start vendor.audio-hal' action=init.svc.audioserver=running (/system/etc/init/audioserver.rc:33) took 287ms and succeeded
[  485.166513] init: Command 'start vendor.audio-hal' action=init.svc.audioserver=running (/system/etc/init/audioserver.rc:33) took 287ms and succeeded
[  485.185638] init: Command 'start vendor.audio-hal-4-0-msd' action=init.svc.audioserver=running (/system/etc/init/audioserver.rc:34) took 0ms and failed: service vendor.audio-hal-4-0-msd not found
[  485.185638] init: Command 'start vendor.audio-hal-4-0-msd' action=init.svc.audioserver=running (/system/etc/init/audioserver.rc:34) took 0ms and failed: service vendor.audio-hal-4-0-msd not found
[  485.231625] init: Command 'start vendor.audio-hal-2-0' action=init.svc.audioserver=running (/system/etc/init/audioserver.rc:36) took 0ms and failed: service vendor.audio-hal-2-0 not found
[  485.231625] init: Command 'start vendor.audio-hal-2-0' action=init.svc.audioserver=running (/system/etc/init/audioserver.rc:36) took 0ms and failed: service vendor.audio-hal-2-0 not found
[  485.240704] init: Command 'start audio-hal-2-0' action=init.svc.audioserver=running (/system/etc/init/audioserver.rc:37) took 0ms and failed: service audio-hal-2-0 not found
[  485.240704] init: Command 'start audio-hal-2-0' action=init.svc.audioserver=running (/system/etc/init/audioserver.rc:37) took 0ms and failed: service audio-hal-2-0 not found
[  487.143974] init: Service 'zygote' (pid 582) received signal 9
[  487.143974] init: Service 'zygote' (pid 582) received signal 9
[  487.145074] init: Sending signal 9 to service 'zygote' (pid 582) process group...
[  487.145074] init: Sending signal 9 to service 'zygote' (pid 582) process group...
[  487.149626] libprocessgroup: Successfully killed process cgroup uid 0 pid 582 in 2ms
[  487.149626] libprocessgroup: Successfully killed process cgroup uid 0 pid 582 in 2ms
[  487.230507] init: starting service 'exec 18 (/system/bin/vdc volume abort_fuse)'...
[  487.230507] init: starting service 'exec 18 (/system/bin/vdc volume abort_fuse)'...
[  488.005422] init: Command 'exec_background - system system -- /system/bin/vdc volume abort_fuse' action=onrestart (<Service 'zygote' onrestart>:1) took 826ms and succeeded
[  488.005422] init: Command 'exec_background - system system -- /system/bin/vdc volume abort_fuse' action=onrestart (<Service 'zygote' onrestart>:1) took 826ms and succeeded
[  488.141591] init: Command 'write /sys/power/state on' action=onrestart (<Service 'zygote' onrestart>:2) took 133ms and failed: Unable to write to file '/sys/power/state': Unable to write file contents: Invalid argument
[  488.141591] init: Command 'write /sys/power/state on' action=onrestart (<Service 'zygote' onrestart>:2) took 133ms and failed: Unable to write to file '/sys/power/state': Unable to write file contents: Invalid argument
[  488.195820] init: Sending signal 9 to service 'audioserver' (pid 620) process group...
[  488.195820] init: Sending signal 9 to service 'audioserver' (pid 620) process group...
[  488.256573] libprocessgroup: Successfully killed process cgroup uid 1041 pid 620 in 59ms
[  488.256573] libprocessgroup: Successfully killed process cgroup uid 1041 pid 620 in 59ms
[  488.315702] init: Command 'restart audioserver' action=onrestart (<Service 'zygote' onrestart>:3) took 119ms and succeeded
[  488.315702] init: Command 'restart audioserver' action=onrestart (<Service 'zygote' onrestart>:3) took 119ms and succeeded
[  488.340334] init: Sending signal 9 to service 'cameraserver' (pid 584) process group...
[  488.340334] init: Sending signal 9 to service 'cameraserver' (pid 584) process group...
[  488.562550] libprocessgroup: Successfully killed process cgroup uid 1047 pid 584 in 220ms
[  488.562550] libprocessgroup: Successfully killed process cgroup uid 1047 pid 584 in 220ms
[  488.705450] init: Command 'restart cameraserver' action=onrestart (<Service 'zygote' onrestart>:4) took 364ms and succeeded
[  488.705450] init: Command 'restart cameraserver' action=onrestart (<Service 'zygote' onrestart>:4) took 364ms and succeeded
[  488.758770] init: Sending signal 9 to service 'media' (pid 586) process group...
[  488.758770] init: Sending signal 9 to service 'media' (pid 586) process group...
[  489.206641] libprocessgroup: Successfully killed process cgroup uid 1013 pid 586 in 385ms
[  489.206641] libprocessgroup: Successfully killed process cgroup uid 1013 pid 586 in 385ms
[  489.343445] init: Command 'restart media' action=onrestart (<Service 'zygote' onrestart>:5) took 584ms and succeeded
[  489.343445] init: Command 'restart media' action=onrestart (<Service 'zygote' onrestart>:5) took 584ms and succeeded
[  489.345891] init: Sending signal 9 to service 'netd' (pid 592) process group...
[  489.345891] init: Sending signal 9 to service 'netd' (pid 592) process group...
[  489.626209] libprocessgroup: Successfully killed process cgroup uid 0 pid 592 in 236ms
[  489.626209] libprocessgroup: Successfully killed process cgroup uid 0 pid 592 in 236ms
[  489.746048] init: Command 'restart netd' action=onrestart (<Service 'zygote' onrestart>:6) took 400ms and succeeded
[  489.746048] init: Command 'restart netd' action=onrestart (<Service 'zygote' onrestart>:6) took 400ms and succeeded
[  489.757505] init: Sending signal 9 to service 'wificond' (pid 593) process group...
[  489.757505] init: Sending signal 9 to service 'wificond' (pid 593) process group...
[  489.909802] libprocessgroup: Successfully killed process cgroup uid 1010 pid 593 in 118ms
[  489.909802] libprocessgroup: Successfully killed process cgroup uid 1010 pid 593 in 118ms
[  490.025825] init: Command 'restart wificond' action=onrestart (<Service 'zygote' onrestart>:7) took 268ms and succeeded
[  490.025825] init: Command 'restart wificond' action=onrestart (<Service 'zygote' onrestart>:7) took 268ms and succeeded
[  490.178094] init: Service 'cameraserver' (pid 584) received signal 9
[  490.178094] init: Service 'cameraserver' (pid 584) received signal 9
[  490.313285] init: Service 'media' (pid 586) received signal 9
[  490.313285] init: Service 'media' (pid 586) received signal 9
[  490.444812] init: Service 'netd' (pid 592) received signal 9
[  490.444812] init: Service 'netd' (pid 592) received signal 9
[  490.486461] init: Command 'restart zygote_secondary' action=onrestart (<Service 'netd' onrestart>:2) took 0ms and failed: service zygote_secondary not found
[  490.486461] init: Command 'restart zygote_secondary' action=onrestart (<Service 'netd' onrestart>:2) took 0ms and failed: service zygote_secondary not found
[  490.589257] init: Service 'wificond' (pid 593) received signal 9
[  490.589257] init: Service 'wificond' (pid 593) received signal 9
[  490.703278] init: Service 'audioserver' (pid 620) received signal 9
[  490.703278] init: Service 'audioserver' (pid 620) received signal 9
[  490.773966] init: Command 'setprop sys.audio.restart.hal 1' action=onrestart (<Service 'audioserver' onrestart>:1) took 68ms and succeeded
[  490.773966] init: Command 'setprop sys.audio.restart.hal 1' action=onrestart (<Service 'audioserver' onrestart>:1) took 68ms and succeeded
[  490.846085] init: Untracked pid 614 received signal 9
[  490.846085] init: Untracked pid 614 received signal 9
[  490.848246] init: Untracked pid 615 received signal 9
[  490.848246] init: Untracked pid 615 received signal 9
[  490.859598] init: processing action (init.svc.media=*) from (/system/etc/init/mediaserver.rc:1)
[  490.859598] init: processing action (init.svc.media=*) from (/system/etc/init/mediaserver.rc:1)
[  490.897298] init: starting service 'zygote'...
[  490.897298] init: starting service 'zygote'...
[  490.977398] init: Created socket '/dev/socket/zygote', mode 660, user 0, group 1000
[  490.977398] init: Created socket '/dev/socket/zygote', mode 660, user 0, group 1000
[  491.033375] init: Created socket '/dev/socket/usap_pool_primary', mode 660, user 0, group 1000
[  491.033375] init: Created socket '/dev/socket/usap_pool_primary', mode 660, user 0, group 1000
[  492.379331] init: starting service 'audioserver'...
[  492.379331] init: starting service 'audioserver'...
[  494.166605] init: starting service 'cameraserver'...
[  494.166605] init: starting service 'cameraserver'...
[  496.476632] init: starting service 'media'...
[  496.476632] init: starting service 'media'...
[  497.506077] init: starting service 'netd'...
[  497.506077] init: starting service 'netd'...
[  498.413998] libprocessgroup: Failed to open /dev/cpuset/camera-daemon/tasks: No such file or directory: No such file or directory
[  498.413998] libprocessgroup: Failed to open /dev/cpuset/camera-daemon/tasks: No such file or directory: No such file or directory
[  498.683286] init: Created socket '/dev/socket/dnsproxyd', mode 660, user 0, group 3003
[  498.683286] init: Created socket '/dev/socket/dnsproxyd', mode 660, user 0, group 3003
[  498.688500] libprocessgroup: Failed to apply CameraServiceCapacity task profile: No such file or directory
[  498.688500] libprocessgroup: Failed to apply CameraServiceCapacity task profile: No such file or directory
[  499.285858] init: Created socket '/dev/socket/mdns', mode 660, user 0, group 1000
[  499.285858] init: Created socket '/dev/socket/mdns', mode 660, user 0, group 1000
[  499.930465] init: Created socket '/dev/socket/fwmarkd', mode 660, user 0, group 3003
[  499.930465] init: Created socket '/dev/socket/fwmarkd', mode 660, user 0, group 3003
[  502.497714] init: starting service 'wificond'...
[  502.497714] init: starting service 'wificond'...
[  504.824246] init: Service 'exec 18 (/system/bin/vdc volume abort_fuse)' (pid 626) exited with status 0 oneshot service took 17.187000 seconds in background
[  504.824246] init: Service 'exec 18 (/system/bin/vdc volume abort_fuse)' (pid 626) exited with status 0 oneshot service took 17.187000 seconds in background
[  504.826040] init: Sending signal 9 to service 'exec 18 (/system/bin/vdc volume abort_fuse)' (pid 626) process group...
[  504.826040] init: Sending signal 9 to service 'exec 18 (/system/bin/vdc volume abort_fuse)' (pid 626) process group...
[  505.331195] libprocessgroup: Successfully killed process cgroup uid 1000 pid 626 in 1ms
[  505.331195] libprocessgroup: Successfully killed process cgroup uid 1000 pid 626 in 1ms
[  505.637889] init: processing action (init.svc.media=*) from (/system/etc/init/mediaserver.rc:1)
[  505.637889] init: processing action (init.svc.media=*) from (/system/etc/init/mediaserver.rc:1)
[  506.147559] init: Command 'setprop init.svc.mediadrm ${init.svc.media}' action=init.svc.media=* (/system/etc/init/mediaserver.rc:2) took 508ms and succeeded
[  506.147559] init: Command 'setprop init.svc.mediadrm ${init.svc.media}' action=init.svc.media=* (/system/etc/init/mediaserver.rc:2) took 508ms and succeeded
[  506.191544] init: processing action (sys.audio.restart.hal=1) from (/system/etc/init/audioserver.rc:39)
[  506.191544] init: processing action (sys.audio.restart.hal=1) from (/system/etc/init/audioserver.rc:39)
[  506.193914] init: Sending signal 9 to service 'vendor.audio-hal' (pid 621) process group...
[  506.193914] init: Sending signal 9 to service 'vendor.audio-hal' (pid 621) process group...
[  507.912786] libprocessgroup: Successfully killed process cgroup uid 1041 pid 621 in 756ms
[  507.912786] libprocessgroup: Successfully killed process cgroup uid 1041 pid 621 in 756ms
[  508.560936] init: Command 'restart vendor.audio-hal' action=sys.audio.restart.hal=1 (/system/etc/init/audioserver.rc:40) took 2367ms and succeeded
[  508.560936] init: Command 'restart vendor.audio-hal' action=sys.audio.restart.hal=1 (/system/etc/init/audioserver.rc:40) took 2367ms and succeeded
[  508.562979] init: Service 'vendor.audio-hal' (pid 621) received signal 9
[  508.562979] init: Service 'vendor.audio-hal' (pid 621) received signal 9
[  508.934051] init: Sending signal 9 to service 'audioserver' (pid 632) process group...
[  508.934051] init: Sending signal 9 to service 'audioserver' (pid 632) process group...
[  509.470132] libprocessgroup: Successfully killed process cgroup uid 1041 pid 632 in 257ms
[  509.470132] libprocessgroup: Successfully killed process cgroup uid 1041 pid 632 in 257ms
[  510.435560] init: Command 'restart audioserver' action=onrestart (<Service 'vendor.audio-hal' onrestart>:1) took 1503ms and succeeded
[  510.435560] init: Command 'restart audioserver' action=onrestart (<Service 'vendor.audio-hal' onrestart>:1) took 1503ms and succeeded
[  510.977774] init: Service 'audioserver' (pid 632) received signal 9
[  510.977774] init: Service 'audioserver' (pid 632) received signal 9
[  511.311105] init: Command 'setprop sys.audio.restart.hal 1' action=onrestart (<Service 'audioserver' onrestart>:1) took 331ms and succeeded
[  511.311105] init: Command 'setprop sys.audio.restart.hal 1' action=onrestart (<Service 'audioserver' onrestart>:1) took 331ms and succeeded
[  512.130614] init: Command 'restart vendor.audio-hal-4-0-msd' action=sys.audio.restart.hal=1 (/system/etc/init/audioserver.rc:41) took 0ms and failed: service vendor.audio-hal-4-0-msd not found
[  512.130614] init: Command 'restart vendor.audio-hal-4-0-msd' action=sys.audio.restart.hal=1 (/system/etc/init/audioserver.rc:41) took 0ms and failed: service vendor.audio-hal-4-0-msd not found
[  512.330764] init: starting service 'audioserver'...
[  512.330764] init: starting service 'audioserver'...
[  512.584378] init: starting service 'vendor.audio-hal'...
[  512.584378] init: starting service 'vendor.audio-hal'...
[  514.508635] init: Command 'restart vendor.audio-hal-2-0' action=sys.audio.restart.hal=1 (/system/etc/init/audioserver.rc:43) took 0ms and failed: service vendor.audio-hal-2-0 not found
[  514.508635] init: Command 'restart vendor.audio-hal-2-0' action=sys.audio.restart.hal=1 (/system/etc/init/audioserver.rc:43) took 0ms and failed: service vendor.audio-hal-2-0 not found
[  514.654162] init: Command 'restart audio-hal-2-0' action=sys.audio.restart.hal=1 (/system/etc/init/audioserver.rc:44) took 0ms and failed: service audio-hal-2-0 not found
[  514.654162] init: Command 'restart audio-hal-2-0' action=sys.audio.restart.hal=1 (/system/etc/init/audioserver.rc:44) took 0ms and failed: service audio-hal-2-0 not found
[  514.705656] init: processing action (init.svc.audioserver=running) from (/system/etc/init/audioserver.rc:32)
[  514.705656] init: processing action (init.svc.audioserver=running) from (/system/etc/init/audioserver.rc:32)
[  514.707257] init: Command 'start vendor.audio-hal-4-0-msd' action=init.svc.audioserver=running (/system/etc/init/audioserver.rc:34) took 0ms and failed: service vendor.audio-hal-4-0-msd not found
[  514.707257] init: Command 'start vendor.audio-hal-4-0-msd' action=init.svc.audioserver=running (/system/etc/init/audioserver.rc:34) took 0ms and failed: service vendor.audio-hal-4-0-msd not found
[  514.762170] init: Command 'start vendor.audio-hal-2-0' action=init.svc.audioserver=running (/system/etc/init/audioserver.rc:36) took 0ms and failed: service vendor.audio-hal-2-0 not found
[  514.762170] init: Command 'start vendor.audio-hal-2-0' action=init.svc.audioserver=running (/system/etc/init/audioserver.rc:36) took 0ms and failed: service vendor.audio-hal-2-0 not found
[  514.816810] init: Command 'start audio-hal-2-0' action=init.svc.audioserver=running (/system/etc/init/audioserver.rc:37) took 0ms and failed: service audio-hal-2-0 not found
[  514.816810] init: Command 'start audio-hal-2-0' action=init.svc.audioserver=running (/system/etc/init/audioserver.rc:37) took 0ms and failed: service audio-hal-2-0 not found
[  514.856353] init: processing action (init.svc.media=*) from (/system/etc/init/mediaserver.rc:1)
[  514.856353] init: processing action (init.svc.media=*) from (/system/etc/init/mediaserver.rc:1)
[  514.894401] init: processing action (init.svc.mediadrm=running) from (/vendor/etc/init/android.hardware.drm@1.3-service.widevine.rc:1)
[  514.894401] init: processing action (init.svc.mediadrm=running) from (/vendor/etc/init/android.hardware.drm@1.3-service.widevine.rc:1)
[  514.979934] init: processing action (sys.audio.restart.hal=1) from (/system/etc/init/audioserver.rc:39)
[  514.979934] init: processing action (sys.audio.restart.hal=1) from (/system/etc/init/audioserver.rc:39)
[  514.981212] init: Sending signal 9 to service 'vendor.audio-hal' (pid 651) process group...
[  514.981212] init: Sending signal 9 to service 'vendor.audio-hal' (pid 651) process group...
[  515.270311] libprocessgroup: Successfully killed process cgroup uid 1041 pid 651 in 287ms
[  515.270311] libprocessgroup: Successfully killed process cgroup uid 1041 pid 651 in 287ms
[  515.352667] init: Command 'restart vendor.audio-hal' action=sys.audio.restart.hal=1 (/system/etc/init/audioserver.rc:40) took 371ms and succeeded
[  515.352667] init: Command 'restart vendor.audio-hal' action=sys.audio.restart.hal=1 (/system/etc/init/audioserver.rc:40) took 371ms and succeeded
[  515.381022] init: Service 'vendor.audio-hal' (pid 651) received signal 9
[  515.381022] init: Service 'vendor.audio-hal' (pid 651) received signal 9
[  515.383671] init: Sending signal 9 to service 'audioserver' (pid 650) process group...
[  515.383671] init: Sending signal 9 to service 'audioserver' (pid 650) process group...
[  515.466375] libprocessgroup: Successfully killed process cgroup uid 1041 pid 650 in 34ms
[  515.466375] libprocessgroup: Successfully killed process cgroup uid 1041 pid 650 in 34ms
[  515.513239] init: Command 'restart audioserver' action=onrestart (<Service 'vendor.audio-hal' onrestart>:1) took 131ms and succeeded
[  515.513239] init: Command 'restart audioserver' action=onrestart (<Service 'vendor.audio-hal' onrestart>:1) took 131ms and succeeded
[  515.556616] init: Service 'audioserver' (pid 650) received signal 9
[  515.556616] init: Service 'audioserver' (pid 650) received signal 9
[  515.636809] init: Command 'setprop sys.audio.restart.hal 1' action=onrestart (<Service 'audioserver' onrestart>:1) took 79ms and succeeded
[  515.636809] init: Command 'setprop sys.audio.restart.hal 1' action=onrestart (<Service 'audioserver' onrestart>:1) took 79ms and succeeded
[  515.724311] init: Command 'restart vendor.audio-hal-4-0-msd' action=sys.audio.restart.hal=1 (/system/etc/init/audioserver.rc:41) took 0ms and failed: service vendor.audio-hal-4-0-msd not found
[  515.724311] init: Command 'restart vendor.audio-hal-4-0-msd' action=sys.audio.restart.hal=1 (/system/etc/init/audioserver.rc:41) took 0ms and failed: service vendor.audio-hal-4-0-msd not found
[  515.812244] init: Command 'restart vendor.audio-hal-2-0' action=sys.audio.restart.hal=1 (/system/etc/init/audioserver.rc:43) took 84ms and failed: service vendor.audio-hal-2-0 not found
[  515.812244] init: Command 'restart vendor.audio-hal-2-0' action=sys.audio.restart.hal=1 (/system/etc/init/audioserver.rc:43) took 84ms and failed: service vendor.audio-hal-2-0 not found
[  515.919868] init: Command 'restart audio-hal-2-0' action=sys.audio.restart.hal=1 (/system/etc/init/audioserver.rc:44) took 0ms and failed: service audio-hal-2-0 not found
[  515.919868] init: Command 'restart audio-hal-2-0' action=sys.audio.restart.hal=1 (/system/etc/init/audioserver.rc:44) took 0ms and failed: service audio-hal-2-0 not found
[  515.975167] init: Command 'setprop sys.audio.restart.hal 0' action=sys.audio.restart.hal=1 (/system/etc/init/audioserver.rc:46) took 53ms and succeeded
[  515.975167] init: Command 'setprop sys.audio.restart.hal 0' action=sys.audio.restart.hal=1 (/system/etc/init/audioserver.rc:46) took 53ms and succeeded
[  516.000741] init: processing action (init.svc.audioserver=running) from (/system/etc/init/audioserver.rc:32)
[  516.000741] init: processing action (init.svc.audioserver=running) from (/system/etc/init/audioserver.rc:32)
[  516.065277] init: starting service 'vendor.audio-hal'...
[  516.065277] init: starting service 'vendor.audio-hal'...
[  516.269925] init: Command 'start vendor.audio-hal' action=init.svc.audioserver=running (/system/etc/init/audioserver.rc:33) took 242ms and succeeded
[  516.269925] init: Command 'start vendor.audio-hal' action=init.svc.audioserver=running (/system/etc/init/audioserver.rc:33) took 242ms and succeeded
[  516.948840] init: Command 'start vendor.audio-hal-4-0-msd' action=init.svc.audioserver=running (/system/etc/init/audioserver.rc:34) took 0ms and failed: service vendor.audio-hal-4-0-msd not found
[  516.948840] init: Command 'start vendor.audio-hal-4-0-msd' action=init.svc.audioserver=running (/system/etc/init/audioserver.rc:34) took 0ms and failed: service vendor.audio-hal-4-0-msd not found
[  517.016552] init: Command 'start vendor.audio-hal-2-0' action=init.svc.audioserver=running (/system/etc/init/audioserver.rc:36) took 0ms and failed: service vendor.audio-hal-2-0 not found
[  517.016552] init: Command 'start vendor.audio-hal-2-0' action=init.svc.audioserver=running (/system/etc/init/audioserver.rc:36) took 0ms and failed: service vendor.audio-hal-2-0 not found
[  517.081583] init: Service 'vendor.sensors-hal-2-1-multihal' (pid 608) received signal 6
[  517.081583] init: Service 'vendor.sensors-hal-2-1-multihal' (pid 608) received signal 6
[  517.112040] init: Sending signal 9 to service 'vendor.sensors-hal-2-1-multihal' (pid 608) process group...
[  517.112040] init: Sending signal 9 to service 'vendor.sensors-hal-2-1-multihal' (pid 608) process group...
[  517.185971] libprocessgroup: Successfully killed process cgroup uid 1000 pid 608 in 71ms
[  517.185971] libprocessgroup: Successfully killed process cgroup uid 1000 pid 608 in 71ms
[  517.285726] init: Untracked pid 622 received signal 14
[  517.285726] init: Untracked pid 622 received signal 14
[  517.287019] init: Untracked pid 624 exited with status 0
[  517.287019] init: Untracked pid 624 exited with status 0
[  517.348836] init: Command 'start audio-hal-2-0' action=init.svc.audioserver=running (/system/etc/init/audioserver.rc:37) took 0ms and failed: service audio-hal-2-0 not found
[  517.348836] init: Command 'start audio-hal-2-0' action=init.svc.audioserver=running (/system/etc/init/audioserver.rc:37) took 0ms and failed: service audio-hal-2-0 not found
[  517.437954] init: starting service 'vendor.sensors-hal-2-1-multihal'...
[  517.437954] init: starting service 'vendor.sensors-hal-2-1-multihal'...
[  517.811986] init: processing action (init.svc.mediadrm=running) from (/vendor/etc/init/android.hardware.drm@1.3-service.widevine.rc:1)
[  517.811986] init: processing action (init.svc.mediadrm=running) from (/vendor/etc/init/android.hardware.drm@1.3-service.widevine.rc:1)
[  517.881498] init: starting service 'audioserver'...
[  517.881498] init: starting service 'audioserver'...
[  518.357970] init: processing action (sys.audio.restart.hal=1) from (/system/etc/init/audioserver.rc:39)
[  518.357970] init: processing action (sys.audio.restart.hal=1) from (/system/etc/init/audioserver.rc:39)
[  518.427772] init: Sending signal 9 to service 'vendor.audio-hal' (pid 654) process group...
[  518.427772] init: Sending signal 9 to service 'vendor.audio-hal' (pid 654) process group...
[  518.504510] libprocessgroup: Successfully killed process cgroup uid 1041 pid 654 in 74ms
[  518.504510] libprocessgroup: Successfully killed process cgroup uid 1041 pid 654 in 74ms
[  518.593125] init: Command 'restart vendor.audio-hal' action=sys.audio.restart.hal=1 (/system/etc/init/audioserver.rc:40) took 165ms and succeeded
[  518.593125] init: Command 'restart vendor.audio-hal' action=sys.audio.restart.hal=1 (/system/etc/init/audioserver.rc:40) took 165ms and succeeded
[  518.660275] init: Service 'vendor.audio-hal' (pid 654) received signal 9
[  518.660275] init: Service 'vendor.audio-hal' (pid 654) received signal 9
[  518.662897] init: Sending signal 9 to service 'audioserver' (pid 657) process group...
[  518.662897] init: Sending signal 9 to service 'audioserver' (pid 657) process group...
[  518.865855] libprocessgroup: Successfully killed process cgroup uid 1041 pid 657 in 153ms
[  518.865855] libprocessgroup: Successfully killed process cgroup uid 1041 pid 657 in 153ms
[  518.969307] init: Command 'restart audioserver' action=onrestart (<Service 'vendor.audio-hal' onrestart>:1) took 307ms and succeeded
[  518.969307] init: Command 'restart audioserver' action=onrestart (<Service 'vendor.audio-hal' onrestart>:1) took 307ms and succeeded
[  519.085351] init: Service 'audioserver' (pid 657) received signal 9
[  519.085351] init: Service 'audioserver' (pid 657) received signal 9
[  519.245285] init: Command 'setprop sys.audio.restart.hal 1' action=onrestart (<Service 'audioserver' onrestart>:1) took 158ms and succeeded
[  519.245285] init: Command 'setprop sys.audio.restart.hal 1' action=onrestart (<Service 'audioserver' onrestart>:1) took 158ms and succeeded
[  519.338519] init: Command 'restart vendor.audio-hal-4-0-msd' action=sys.audio.restart.hal=1 (/system/etc/init/audioserver.rc:41) took 0ms and failed: service vendor.audio-hal-4-0-msd not found
[  519.338519] init: Command 'restart vendor.audio-hal-4-0-msd' action=sys.audio.restart.hal=1 (/system/etc/init/audioserver.rc:41) took 0ms and failed: service vendor.audio-hal-4-0-msd not found
[  519.340929] init: Command 'restart vendor.audio-hal-2-0' action=sys.audio.restart.hal=1 (/system/etc/init/audioserver.rc:43) took 0ms and failed: service vendor.audio-hal-2-0 not found
[  519.340929] init: Command 'restart vendor.audio-hal-2-0' action=sys.audio.restart.hal=1 (/system/etc/init/audioserver.rc:43) took 0ms and failed: service vendor.audio-hal-2-0 not found
[  519.385018] init: Command 'restart audio-hal-2-0' action=sys.audio.restart.hal=1 (/system/etc/init/audioserver.rc:44) took 0ms and failed: service audio-hal-2-0 not found
[  519.385018] init: Command 'restart audio-hal-2-0' action=sys.audio.restart.hal=1 (/system/etc/init/audioserver.rc:44) took 0ms and failed: service audio-hal-2-0 not found
[  519.481277] init: Command 'setprop sys.audio.restart.hal 0' action=sys.audio.restart.hal=1 (/system/etc/init/audioserver.rc:46) took 93ms and succeeded
[  519.481277] init: Command 'setprop sys.audio.restart.hal 0' action=sys.audio.restart.hal=1 (/system/etc/init/audioserver.rc:46) took 93ms and succeeded
[  519.533436] init: processing action (init.svc.audioserver=running) from (/system/etc/init/audioserver.rc:32)
[  519.533436] init: processing action (init.svc.audioserver=running) from (/system/etc/init/audioserver.rc:32)
[  519.643895] init: starting service 'vendor.audio-hal'...
[  519.643895] init: starting service 'vendor.audio-hal'...
[  520.056346] init: Command 'start vendor.audio-hal' action=init.svc.audioserver=running (/system/etc/init/audioserver.rc:33) took 388ms and succeeded
[  520.056346] init: Command 'start vendor.audio-hal' action=init.svc.audioserver=running (/system/etc/init/audioserver.rc:33) took 388ms and succeeded
[  520.133803] init: Command 'start vendor.audio-hal-4-0-msd' action=init.svc.audioserver=running (/system/etc/init/audioserver.rc:34) took 0ms and failed: service vendor.audio-hal-4-0-msd not found
[  520.133803] init: Command 'start vendor.audio-hal-4-0-msd' action=init.svc.audioserver=running (/system/etc/init/audioserver.rc:34) took 0ms and failed: service vendor.audio-hal-4-0-msd not found
[  520.232075] init: Command 'start vendor.audio-hal-2-0' action=init.svc.audioserver=running (/system/etc/init/audioserver.rc:36) took 0ms and failed: service vendor.audio-hal-2-0 not found
[  520.232075] init: Command 'start vendor.audio-hal-2-0' action=init.svc.audioserver=running (/system/etc/init/audioserver.rc:36) took 0ms and failed: service vendor.audio-hal-2-0 not found
[  520.292890] init: Command 'start audio-hal-2-0' action=init.svc.audioserver=running (/system/etc/init/audioserver.rc:37) took 0ms and failed: service audio-hal-2-0 not found
[  520.292890] init: Command 'start audio-hal-2-0' action=init.svc.audioserver=running (/system/etc/init/audioserver.rc:37) took 0ms and failed: service audio-hal-2-0 not found
[  520.352126] init: processing action (sys.audio.restart.hal=1) from (/system/etc/init/audioserver.rc:39)
[  520.352126] init: processing action (sys.audio.restart.hal=1) from (/system/etc/init/audioserver.rc:39)
[  520.353487] init: Sending signal 9 to service 'vendor.audio-hal' (pid 661) process group...
[  520.353487] init: Sending signal 9 to service 'vendor.audio-hal' (pid 661) process group...
[  520.465167] libprocessgroup: Successfully killed process cgroup uid 1041 pid 661 in 110ms
[  520.465167] libprocessgroup: Successfully killed process cgroup uid 1041 pid 661 in 110ms
[  520.586045] init: Command 'restart vendor.audio-hal' action=sys.audio.restart.hal=1 (/system/etc/init/audioserver.rc:40) took 232ms and succeeded
[  520.586045] init: Command 'restart vendor.audio-hal' action=sys.audio.restart.hal=1 (/system/etc/init/audioserver.rc:40) took 232ms and succeeded
[  520.643943] init: Service 'vendor.audio-hal' (pid 661) received signal 9
[  520.643943] init: Service 'vendor.audio-hal' (pid 661) received signal 9
[  520.726825] init: Command 'restart vendor.audio-hal-4-0-msd' action=sys.audio.restart.hal=1 (/system/etc/init/audioserver.rc:41) took 0ms and failed: service vendor.audio-hal-4-0-msd not found
[  520.726825] init: Command 'restart vendor.audio-hal-4-0-msd' action=sys.audio.restart.hal=1 (/system/etc/init/audioserver.rc:41) took 0ms and failed: service vendor.audio-hal-4-0-msd not found
[  520.812966] init: Command 'restart vendor.audio-hal-2-0' action=sys.audio.restart.hal=1 (/system/etc/init/audioserver.rc:43) took 0ms and failed: service vendor.audio-hal-2-0 not found
[  520.812966] init: Command 'restart vendor.audio-hal-2-0' action=sys.audio.restart.hal=1 (/system/etc/init/audioserver.rc:43) took 0ms and failed: service vendor.audio-hal-2-0 not found
[  520.876918] init: Command 'restart audio-hal-2-0' action=sys.audio.restart.hal=1 (/system/etc/init/audioserver.rc:44) took 0ms and failed: service audio-hal-2-0 not found
[  520.876918] init: Command 'restart audio-hal-2-0' action=sys.audio.restart.hal=1 (/system/etc/init/audioserver.rc:44) took 0ms and failed: service audio-hal-2-0 not found
[  523.054264] init: starting service 'audioserver'...
[  523.054264] init: starting service 'audioserver'...
[  523.352195] init: processing action (init.svc.audioserver=running) from (/system/etc/init/audioserver.rc:32)
[  523.352195] init: processing action (init.svc.audioserver=running) from (/system/etc/init/audioserver.rc:32)
[  523.410152] init: starting service 'vendor.audio-hal'...
[  523.410152] init: starting service 'vendor.audio-hal'...
[  523.768830] init: Command 'start vendor.audio-hal' action=init.svc.audioserver=running (/system/etc/init/audioserver.rc:33) took 396ms and succeeded
[  523.768830] init: Command 'start vendor.audio-hal' action=init.svc.audioserver=running (/system/etc/init/audioserver.rc:33) took 396ms and succeeded
[  523.817123] init: Command 'start vendor.audio-hal-4-0-msd' action=init.svc.audioserver=running (/system/etc/init/audioserver.rc:34) took 0ms and failed: service vendor.audio-hal-4-0-msd not found
[  523.817123] init: Command 'start vendor.audio-hal-4-0-msd' action=init.svc.audioserver=running (/system/etc/init/audioserver.rc:34) took 0ms and failed: service vendor.audio-hal-4-0-msd not found
[  523.885237] init: Command 'start vendor.audio-hal-2-0' action=init.svc.audioserver=running (/system/etc/init/audioserver.rc:36) took 0ms and failed: service vendor.audio-hal-2-0 not found
[  523.885237] init: Command 'start vendor.audio-hal-2-0' action=init.svc.audioserver=running (/system/etc/init/audioserver.rc:36) took 0ms and failed: service vendor.audio-hal-2-0 not found
[  523.945073] init: Command 'start audio-hal-2-0' action=init.svc.audioserver=running (/system/etc/init/audioserver.rc:37) took 0ms and failed: service audio-hal-2-0 not found
[  523.945073] init: Command 'start audio-hal-2-0' action=init.svc.audioserver=running (/system/etc/init/audioserver.rc:37) took 0ms and failed: service audio-hal-2-0 not found
[  530.964387] init: Untracked pid 662 exited with status 0
[  530.964387] init: Untracked pid 662 exited with status 0
[  530.971596] init: Untracked pid 664 exited with status 0
[  530.971596] init: Untracked pid 664 exited with status 0
[  531.016894] init: Service 'surfaceflinger' (pid 612) received signal 6
[  531.016894] init: Service 'surfaceflinger' (pid 612) received signal 6
[  531.018727] init: Sending signal 9 to service 'surfaceflinger' (pid 612) process group...
[  531.018727] init: Sending signal 9 to service 'surfaceflinger' (pid 612) process group...
[  531.022425] libprocessgroup: Successfully killed process cgroup uid 1000 pid 612 in 1ms
[  531.022425] libprocessgroup: Successfully killed process cgroup uid 1000 pid 612 in 1ms
[  531.062095] init: Sending signal 9 to service 'zygote' (pid 631) process group...
[  531.062095] init: Sending signal 9 to service 'zygote' (pid 631) process group...
[  532.264370] libprocessgroup: Failed to kill process cgroup uid 0 pid 631 in 1141ms, 1 processes remain
[  532.264370] libprocessgroup: Failed to kill process cgroup uid 0 pid 631 in 1141ms, 1 processes remain
[  532.296956] init: Command 'restart zygote' action=onrestart (<Service 'surfaceflinger' onrestart>:1) took 1234ms and succeeded
[  532.296956] init: Command 'restart zygote' action=onrestart (<Service 'surfaceflinger' onrestart>:1) took 1234ms and succeeded
[  532.335091] init: Service 'vendor.hwcomposer-2-3' (pid 613) received signal 6
[  532.335091] init: Service 'vendor.hwcomposer-2-3' (pid 613) received signal 6
[  532.367546] init: Sending signal 9 to service 'vendor.hwcomposer-2-3' (pid 613) process group...
[  532.367546] init: Sending signal 9 to service 'vendor.hwcomposer-2-3' (pid 613) process group...
[  532.370376] libprocessgroup: Successfully killed process cgroup uid 1000 pid 613 in 1ms
[  532.370376] libprocessgroup: Successfully killed process cgroup uid 1000 pid 613 in 1ms
[  532.441250] init: Untracked pid 645 received signal 14
[  532.441250] init: Untracked pid 645 received signal 14
[  532.442676] init: Untracked pid 648 exited with status 0
[  532.442676] init: Untracked pid 648 exited with status 0
[  532.531916] init: starting service 'surfaceflinger'...
[  532.531916] init: starting service 'surfaceflinger'...
[  532.588883] init: Could not create socket 'pdx/system/vr/display/client': Failed to bind socket 'pdx/system/vr/display/client': No such file or directory
[  532.588883] init: Could not create socket 'pdx/system/vr/display/client': Failed to bind socket 'pdx/system/vr/display/client': No such file or directory
[  532.646157] init: Could not create socket 'pdx/system/vr/display/manager': Failed to bind socket 'pdx/system/vr/display/manager': No such file or directory
[  532.646157] init: Could not create socket 'pdx/system/vr/display/manager': Failed to bind socket 'pdx/system/vr/display/manager': No such file or directory
[  532.744892] init: Could not create socket 'pdx/system/vr/display/vsync': Failed to bind socket 'pdx/system/vr/display/vsync': No such file or directory
[  532.744892] init: Could not create socket 'pdx/system/vr/display/vsync': Failed to bind socket 'pdx/system/vr/display/vsync': No such file or directory
[  532.986838] init: starting service 'vendor.hwcomposer-2-3'...
[  532.986838] init: starting service 'vendor.hwcomposer-2-3'...
[  535.332356] init: Control message: Processed ctl.interface_start for 'android.hardware.camera.provider@2.4::ICameraProvider/legacy/0' from pid: 154 (/system/bin/hwservicemanager)
[  535.332356] init: Control message: Processed ctl.interface_start for 'android.hardware.camera.provider@2.4::ICameraProvider/legacy/0' from pid: 154 (/system/bin/hwservicemanager)
[  536.455123] init: Service 'zygote' (pid 631) received signal 9
[  536.455123] init: Service 'zygote' (pid 631) received signal 9
[  536.456054] init: Sending signal 9 to service 'zygote' (pid 631) process group...
[  536.456054] init: Sending signal 9 to service 'zygote' (pid 631) process group...
[  536.460520] libprocessgroup: Successfully killed process cgroup uid 0 pid 631 in 2ms
[  536.460520] libprocessgroup: Successfully killed process cgroup uid 0 pid 631 in 2ms
[  536.505309] init: starting service 'exec 19 (/system/bin/vdc volume abort_fuse)'...
[  536.505309] init: starting service 'exec 19 (/system/bin/vdc volume abort_fuse)'...
[  536.598756] init: Command 'exec_background - system system -- /system/bin/vdc volume abort_fuse' action=onrestart (<Service 'zygote' onrestart>:1) took 109ms and succeeded
[  536.598756] init: Command 'exec_background - system system -- /system/bin/vdc volume abort_fuse' action=onrestart (<Service 'zygote' onrestart>:1) took 109ms and succeeded
[  537.271081] init: Command 'write /sys/power/state on' action=onrestart (<Service 'zygote' onrestart>:2) took 50ms and failed: Unable to write to file '/sys/power/state': Unable to write file contents: Invalid argument
[  537.271081] init: Command 'write /sys/power/state on' action=onrestart (<Service 'zygote' onrestart>:2) took 50ms and failed: Unable to write to file '/sys/power/state': Unable to write file contents: Invalid argument
[  537.300770] init: Sending signal 9 to service 'audioserver' (pid 667) process group...
[  537.300770] init: Sending signal 9 to service 'audioserver' (pid 667) process group...
[  537.397986] libprocessgroup: Successfully killed process cgroup uid 1041 pid 667 in 95ms
[  537.397986] libprocessgroup: Successfully killed process cgroup uid 1041 pid 667 in 95ms
[  537.444214] init: Command 'restart audioserver' action=onrestart (<Service 'zygote' onrestart>:3) took 143ms and succeeded
[  537.444214] init: Command 'restart audioserver' action=onrestart (<Service 'zygote' onrestart>:3) took 143ms and succeeded
[  537.445736] init: Sending signal 9 to service 'cameraserver' (pid 633) process group...
[  537.445736] init: Sending signal 9 to service 'cameraserver' (pid 633) process group...
[  537.543914] libprocessgroup: Successfully killed process cgroup uid 1047 pid 633 in 60ms
[  537.543914] libprocessgroup: Successfully killed process cgroup uid 1047 pid 633 in 60ms
[  537.571949] init: Command 'restart cameraserver' action=onrestart (<Service 'zygote' onrestart>:4) took 126ms and succeeded
[  537.571949] init: Command 'restart cameraserver' action=onrestart (<Service 'zygote' onrestart>:4) took 126ms and succeeded
[  537.573667] init: Sending signal 9 to service 'media' (pid 636) process group...
[  537.573667] init: Sending signal 9 to service 'media' (pid 636) process group...
[  537.660732] libprocessgroup: Successfully killed process cgroup uid 1013 pid 636 in 85ms
[  537.660732] libprocessgroup: Successfully killed process cgroup uid 1013 pid 636 in 85ms
[  537.712892] init: Command 'restart media' action=onrestart (<Service 'zygote' onrestart>:5) took 139ms and succeeded
[  537.712892] init: Command 'restart media' action=onrestart (<Service 'zygote' onrestart>:5) took 139ms and succeeded
[  537.720087] init: Sending signal 9 to service 'netd' (pid 644) process group...
[  537.720087] init: Sending signal 9 to service 'netd' (pid 644) process group...
[  537.812890] libprocessgroup: Successfully killed process cgroup uid 0 pid 644 in 91ms
[  537.812890] libprocessgroup: Successfully killed process cgroup uid 0 pid 644 in 91ms
[  537.838820] init: Command 'restart netd' action=onrestart (<Service 'zygote' onrestart>:6) took 123ms and succeeded
[  537.838820] init: Command 'restart netd' action=onrestart (<Service 'zygote' onrestart>:6) took 123ms and succeeded
[  537.852186] init: Sending signal 9 to service 'wificond' (pid 646) process group...
[  537.852186] init: Sending signal 9 to service 'wificond' (pid 646) process group...
[  537.890435] libprocessgroup: Successfully killed process cgroup uid 1010 pid 646 in 36ms
[  537.890435] libprocessgroup: Successfully killed process cgroup uid 1010 pid 646 in 36ms
[  537.924106] init: Command 'restart wificond' action=onrestart (<Service 'zygote' onrestart>:7) took 71ms and succeeded
[  537.924106] init: Command 'restart wificond' action=onrestart (<Service 'zygote' onrestart>:7) took 71ms and succeeded
[  537.966580] init: Service 'cameraserver' (pid 633) received signal 9
[  537.966580] init: Service 'cameraserver' (pid 633) received signal 9
[  538.009298] init: Service 'media' (pid 636) received signal 9
[  538.009298] init: Service 'media' (pid 636) received signal 9
[  538.046907] init: Service 'netd' (pid 644) received signal 9
[  538.046907] init: Service 'netd' (pid 644) received signal 9
[  538.074421] init: Command 'restart zygote_secondary' action=onrestart (<Service 'netd' onrestart>:2) took 0ms and failed: service zygote_secondary not found
[  538.074421] init: Command 'restart zygote_secondary' action=onrestart (<Service 'netd' onrestart>:2) took 0ms and failed: service zygote_secondary not found
[  538.114095] init: Service 'wificond' (pid 646) received signal 9
[  538.114095] init: Service 'wificond' (pid 646) received signal 9
[  538.148618] init: Service 'audioserver' (pid 667) received signal 9
[  538.148618] init: Service 'audioserver' (pid 667) received signal 9
[  538.193879] init: Untracked pid 668 received signal 9
[  538.193879] init: Untracked pid 668 received signal 9
[  538.220524] init: Untracked pid 669 received signal 9
[  538.220524] init: Untracked pid 669 received signal 9
[  538.222868] init: processing action (init.svc.media=*) from (/system/etc/init/mediaserver.rc:1)
[  538.222868] init: processing action (init.svc.media=*) from (/system/etc/init/mediaserver.rc:1)
[  538.290787] init: starting service 'zygote'...
[  538.290787] init: starting service 'zygote'...
[  538.329078] init: Created socket '/dev/socket/zygote', mode 660, user 0, group 1000
[  538.329078] init: Created socket '/dev/socket/zygote', mode 660, user 0, group 1000
[  538.368971] init: Created socket '/dev/socket/usap_pool_primary', mode 660, user 0, group 1000
[  538.368971] init: Created socket '/dev/socket/usap_pool_primary', mode 660, user 0, group 1000
[  538.493906] init: starting service 'audioserver'...
[  538.493906] init: starting service 'audioserver'...
[  541.318977] init: starting service 'cameraserver'...
[  541.318977] init: starting service 'cameraserver'...
[  544.089772] init: starting service 'media'...
[  544.089772] init: starting service 'media'...
[  546.058016] init: starting service 'netd'...
[  546.058016] init: starting service 'netd'...
[  546.716368] libprocessgroup: Failed to open /dev/cpuset/camera-daemon/tasks: No such file or directory: No such file or directory
[  546.716368] libprocessgroup: Failed to open /dev/cpuset/camera-daemon/tasks: No such file or directory: No such file or directory
[  546.718055] libprocessgroup: Failed to apply CameraServiceCapacity task profile: No such file or directory
[  546.718055] libprocessgroup: Failed to apply CameraServiceCapacity task profile: No such file or directory
[  547.285059] init: Created socket '/dev/socket/dnsproxyd', mode 660, user 0, group 3003
[  547.285059] init: Created socket '/dev/socket/dnsproxyd', mode 660, user 0, group 3003
[  548.172106] init: Created socket '/dev/socket/mdns', mode 660, user 0, group 1000
[  548.172106] init: Created socket '/dev/socket/mdns', mode 660, user 0, group 1000
[  549.345946] init: Created socket '/dev/socket/fwmarkd', mode 660, user 0, group 3003
[  549.345946] init: Created socket '/dev/socket/fwmarkd', mode 660, user 0, group 3003
[  552.688814] init: starting service 'wificond'...
[  552.688814] init: starting service 'wificond'...
[  554.896862] init: Service 'exec 19 (/system/bin/vdc volume abort_fuse)' (pid 709) exited with status 0 oneshot service took 18.077000 seconds in background
[  554.896862] init: Service 'exec 19 (/system/bin/vdc volume abort_fuse)' (pid 709) exited with status 0 oneshot service took 18.077000 seconds in background
[  554.898831] init: Sending signal 9 to service 'exec 19 (/system/bin/vdc volume abort_fuse)' (pid 709) process group...
[  554.898831] init: Sending signal 9 to service 'exec 19 (/system/bin/vdc volume abort_fuse)' (pid 709) process group...
[  555.685192] libprocessgroup: Successfully killed process cgroup uid 1000 pid 709 in 1ms
[  555.685192] libprocessgroup: Successfully killed process cgroup uid 1000 pid 709 in 1ms
[  555.996117] init: Untracked pid 672 received signal 14
[  555.996117] init: Untracked pid 672 received signal 14
[  555.997456] init: Untracked pid 674 exited with status 0
[  555.997456] init: Untracked pid 674 exited with status 0
[  556.500870] init: processing action (init.svc.media=*) from (/system/etc/init/mediaserver.rc:1)
[  556.500870] init: processing action (init.svc.media=*) from (/system/etc/init/mediaserver.rc:1)
[  556.884748] init: Command 'setprop init.svc.mediadrm ${init.svc.media}' action=init.svc.media=* (/system/etc/init/mediaserver.rc:2) took 382ms and succeeded
[  556.884748] init: Command 'setprop init.svc.mediadrm ${init.svc.media}' action=init.svc.media=* (/system/etc/init/mediaserver.rc:2) took 382ms and succeeded
[  556.886817] init: Service 'vendor.camera-provider-2-4' (pid 604) received signal 6
[  556.886817] init: Service 'vendor.camera-provider-2-4' (pid 604) received signal 6
[  557.284057] init: Sending signal 9 to service 'vendor.camera-provider-2-4' (pid 604) process group...
[  557.284057] init: Sending signal 9 to service 'vendor.camera-provider-2-4' (pid 604) process group...
[  557.664383] libprocessgroup: Successfully killed process cgroup uid 1047 pid 604 in 378ms
[  557.664383] libprocessgroup: Successfully killed process cgroup uid 1047 pid 604 in 378ms
[  558.094694] init: processing action (sys.audio.restart.hal=1) from (/system/etc/init/audioserver.rc:39)
[  558.094694] init: processing action (sys.audio.restart.hal=1) from (/system/etc/init/audioserver.rc:39)
[  558.496324] init: Sending signal 9 to service 'vendor.audio-hal' (pid 671) process group...
[  558.496324] init: Sending signal 9 to service 'vendor.audio-hal' (pid 671) process group...
[  558.924422] libprocessgroup: Successfully killed process cgroup uid 1041 pid 671 in 426ms
[  558.924422] libprocessgroup: Successfully killed process cgroup uid 1041 pid 671 in 426ms
[  559.508950] init: Command 'restart vendor.audio-hal' action=sys.audio.restart.hal=1 (/system/etc/init/audioserver.rc:40) took 1012ms and succeeded
[  559.508950] init: Command 'restart vendor.audio-hal' action=sys.audio.restart.hal=1 (/system/etc/init/audioserver.rc:40) took 1012ms and succeeded
[  560.133868] init: starting service 'vendor.camera-provider-2-4'...
[  560.133868] init: starting service 'vendor.camera-provider-2-4'...
[  562.668189] init: Service 'vendor.sensors-hal-2-1-multihal' (pid 656) received signal 6
[  562.668189] init: Service 'vendor.sensors-hal-2-1-multihal' (pid 656) received signal 6
[  562.669371] init: Sending signal 9 to service 'vendor.sensors-hal-2-1-multihal' (pid 656) process group...
[  562.669371] init: Sending signal 9 to service 'vendor.sensors-hal-2-1-multihal' (pid 656) process group...
[  562.708913] libprocessgroup: Successfully killed process cgroup uid 1000 pid 656 in 37ms
[  562.708913] libprocessgroup: Successfully killed process cgroup uid 1000 pid 656 in 37ms
[  562.755680] init: updatable process 'vendor.sensors-hal-2-1-multihal' exited 4 times before boot completed
[  562.755680] init: updatable process 'vendor.sensors-hal-2-1-multihal' exited 4 times before boot completed
[  562.851158] apexd: Native process 'vendor.sensors-hal-2-1-multihal' is crashing. Attempting a revert
[  562.851158] apexd: Native process 'vendor.sensors-hal-2-1-multihal' is crashing. Attempting a revert
[  562.856573] apexd: Revert failed : Revert requested, when there are no active sessions.
[  562.856573] apexd: Revert failed : Revert requested, when there are no active sessions.
[  562.904429] init: Service 'vendor.audio-hal' (pid 671) received signal 9
[  562.904429] init: Service 'vendor.audio-hal' (pid 671) received signal 9
[  562.907545] init: Sending signal 9 to service 'audioserver' (pid 716) process group...
[  562.907545] init: Sending signal 9 to service 'audioserver' (pid 716) process group...
[  562.937476] libprocessgroup: Successfully killed process cgroup uid 1041 pid 716 in 28ms
[  562.937476] libprocessgroup: Successfully killed process cgroup uid 1041 pid 716 in 28ms
[  562.954539] libprocessgroup: Failed to open /dev/cpuset/camera-daemon/tasks: No such file or directory: No such file or directory
[  562.954539] libprocessgroup: Failed to open /dev/cpuset/camera-daemon/tasks: No such file or directory: No such file or directory
[  562.996651] init: Command 'restart audioserver' action=onrestart (<Service 'vendor.audio-hal' onrestart>:1) took 90ms and succeeded
[  562.996651] init: Command 'restart audioserver' action=onrestart (<Service 'vendor.audio-hal' onrestart>:1) took 90ms and succeeded
[  563.011682] libprocessgroup: Failed to apply CameraServiceCapacity task profile: No such file or directory
[  563.011682] libprocessgroup: Failed to apply CameraServiceCapacity task profile: No such file or directory
[  563.057008] init: Untracked pid 679 received signal 14
[  563.057008] init: Untracked pid 679 received signal 14
[  563.058273] init: Untracked pid 681 exited with status 0
[  563.058273] init: Untracked pid 681 exited with status 0
[  563.084101] init: Service 'audioserver' (pid 716) received signal 9
[  563.084101] init: Service 'audioserver' (pid 716) received signal 9
[  563.175480] init: Command 'restart vendor.audio-hal-4-0-msd' action=sys.audio.restart.hal=1 (/system/etc/init/audioserver.rc:41) took 0ms and failed: service vendor.audio-hal-4-0-msd not found
[  563.175480] init: Command 'restart vendor.audio-hal-4-0-msd' action=sys.audio.restart.hal=1 (/system/etc/init/audioserver.rc:41) took 0ms and failed: service vendor.audio-hal-4-0-msd not found
[  563.260300] init: starting service 'audioserver'...
[  563.260300] init: starting service 'audioserver'...
[  563.480648] init: starting service 'vendor.audio-hal'...
[  563.480648] init: starting service 'vendor.audio-hal'...
[  563.753672] init: starting service 'vendor.sensors-hal-2-1-multihal'...
[  563.753672] init: starting service 'vendor.sensors-hal-2-1-multihal'...
[  564.018389] init: Command 'restart vendor.audio-hal-2-0' action=sys.audio.restart.hal=1 (/system/etc/init/audioserver.rc:43) took 0ms and failed: service vendor.audio-hal-2-0 not found
[  564.018389] init: Command 'restart vendor.audio-hal-2-0' action=sys.audio.restart.hal=1 (/system/etc/init/audioserver.rc:43) took 0ms and failed: service vendor.audio-hal-2-0 not found
[  564.072968] init: Command 'restart audio-hal-2-0' action=sys.audio.restart.hal=1 (/system/etc/init/audioserver.rc:44) took 0ms and failed: service audio-hal-2-0 not found
[  564.072968] init: Command 'restart audio-hal-2-0' action=sys.audio.restart.hal=1 (/system/etc/init/audioserver.rc:44) took 0ms and failed: service audio-hal-2-0 not found
[  564.133504] init: Command 'setprop sys.audio.restart.hal 0' action=sys.audio.restart.hal=1 (/system/etc/init/audioserver.rc:46) took 57ms and succeeded
[  564.133504] init: Command 'setprop sys.audio.restart.hal 0' action=sys.audio.restart.hal=1 (/system/etc/init/audioserver.rc:46) took 57ms and succeeded
[  564.168704] init: processing action (init.svc.audioserver=running) from (/system/etc/init/audioserver.rc:32)
[  564.168704] init: processing action (init.svc.audioserver=running) from (/system/etc/init/audioserver.rc:32)
[  564.170609] init: Command 'start vendor.audio-hal-4-0-msd' action=init.svc.audioserver=running (/system/etc/init/audioserver.rc:34) took 0ms and failed: service vendor.audio-hal-4-0-msd not found
[  564.170609] init: Command 'start vendor.audio-hal-4-0-msd' action=init.svc.audioserver=running (/system/etc/init/audioserver.rc:34) took 0ms and failed: service vendor.audio-hal-4-0-msd not found
[  564.256563] init: Command 'start vendor.audio-hal-2-0' action=init.svc.audioserver=running (/system/etc/init/audioserver.rc:36) took 0ms and failed: service vendor.audio-hal-2-0 not found
[  564.256563] init: Command 'start vendor.audio-hal-2-0' action=init.svc.audioserver=running (/system/etc/init/audioserver.rc:36) took 0ms and failed: service vendor.audio-hal-2-0 not found
[  564.258947] init: Command 'start audio-hal-2-0' action=init.svc.audioserver=running (/system/etc/init/audioserver.rc:37) took 0ms and failed: service audio-hal-2-0 not found
[  564.258947] init: Command 'start audio-hal-2-0' action=init.svc.audioserver=running (/system/etc/init/audioserver.rc:37) took 0ms and failed: service audio-hal-2-0 not found
[  564.320385] init: processing action (init.svc.media=*) from (/system/etc/init/mediaserver.rc:1)
[  564.320385] init: processing action (init.svc.media=*) from (/system/etc/init/mediaserver.rc:1)
[  564.366220] init: processing action (init.svc.mediadrm=running) from (/vendor/etc/init/android.hardware.drm@1.3-service.widevine.rc:1)
[  564.366220] init: processing action (init.svc.mediadrm=running) from (/vendor/etc/init/android.hardware.drm@1.3-service.widevine.rc:1)
[  564.430732] init: processing action (sys.init.updatable_crashing=1) from (/system/etc/init/flags_health_check.rc:10)
[  564.430732] init: processing action (sys.init.updatable_crashing=1) from (/system/etc/init/flags_health_check.rc:10)
[  564.549729] init: starting service 'exec 20 (/system/bin/flags_health_check UPDATABLE_CRASHING)'...
[  564.549729] init: starting service 'exec 20 (/system/bin/flags_health_check UPDATABLE_CRASHING)'...
[  564.795995] init: SVC_EXEC service 'exec 20 (/system/bin/flags_health_check UPDATABLE_CRASHING)' pid 735 (uid 1000 gid 1000+0 context default) started; waiting...
[  564.795995] init: SVC_EXEC service 'exec 20 (/system/bin/flags_health_check UPDATABLE_CRASHING)' pid 735 (uid 1000 gid 1000+0 context default) started; waiting...
[  564.798932] init: Command 'exec - system system -- /system/bin/flags_health_check UPDATABLE_CRASHING' action=sys.init.updatable_crashing=1 (/system/etc/init/flags_health_check.rc:11) took 302ms and succeeded
[  564.798932] init: Command 'exec - system system -- /system/bin/flags_health_check UPDATABLE_CRASHING' action=sys.init.updatable_crashing=1 (/system/etc/init/flags_health_check.rc:11) took 302ms and succeeded
[  572.372650] init: Service 'exec 20 (/system/bin/flags_health_check UPDATABLE_CRASHING)' (pid 735) exited with status 0 waiting took 7.768000 seconds
[  572.372650] init: Service 'exec 20 (/system/bin/flags_health_check UPDATABLE_CRASHING)' (pid 735) exited with status 0 waiting took 7.768000 seconds
[  572.375321] init: Sending signal 9 to service 'exec 20 (/system/bin/flags_health_check UPDATABLE_CRASHING)' (pid 735) process group...
[  572.375321] init: Sending signal 9 to service 'exec 20 (/system/bin/flags_health_check UPDATABLE_CRASHING)' (pid 735) process group...
[  572.418925] libprocessgroup: Successfully killed process cgroup uid 1000 pid 735 in 1ms
[  572.418925] libprocessgroup: Successfully killed process cgroup uid 1000 pid 735 in 1ms
[  572.496556] init: processing action (sys.audio.restart.hal=1) from (/system/etc/init/audioserver.rc:39)
[  572.496556] init: processing action (sys.audio.restart.hal=1) from (/system/etc/init/audioserver.rc:39)
[  572.498277] init: Sending signal 9 to service 'vendor.audio-hal' (pid 733) process group...
[  572.498277] init: Sending signal 9 to service 'vendor.audio-hal' (pid 733) process group...
[  572.688287] libprocessgroup: Successfully killed process cgroup uid 1041 pid 733 in 188ms
[  572.688287] libprocessgroup: Successfully killed process cgroup uid 1041 pid 733 in 188ms
[  572.784546] init: Command 'restart vendor.audio-hal' action=sys.audio.restart.hal=1 (/system/etc/init/audioserver.rc:40) took 286ms and succeeded
[  572.784546] init: Command 'restart vendor.audio-hal' action=sys.audio.restart.hal=1 (/system/etc/init/audioserver.rc:40) took 286ms and succeeded
[  572.786595] init: Service 'vendor.audio-hal' (pid 733) received signal 9
[  572.786595] init: Service 'vendor.audio-hal' (pid 733) received signal 9
[  572.856386] init: Sending signal 9 to service 'audioserver' (pid 732) process group...
[  572.856386] init: Sending signal 9 to service 'audioserver' (pid 732) process group...
[  573.005193] libprocessgroup: Successfully killed process cgroup uid 1041 pid 732 in 147ms
[  573.005193] libprocessgroup: Successfully killed process cgroup uid 1041 pid 732 in 147ms
[  573.084134] init: Command 'restart audioserver' action=onrestart (<Service 'vendor.audio-hal' onrestart>:1) took 296ms and succeeded
[  573.084134] init: Command 'restart audioserver' action=onrestart (<Service 'vendor.audio-hal' onrestart>:1) took 296ms and succeeded
[  573.153636] init: Service 'audioserver' (pid 732) received signal 9
[  573.153636] init: Service 'audioserver' (pid 732) received signal 9
[  573.224470] init: Command 'setprop sys.audio.restart.hal 1' action=onrestart (<Service 'audioserver' onrestart>:1) took 69ms and succeeded
[  573.224470] init: Command 'setprop sys.audio.restart.hal 1' action=onrestart (<Service 'audioserver' onrestart>:1) took 69ms and succeeded
[  573.384243] init: Command 'restart vendor.audio-hal-4-0-msd' action=sys.audio.restart.hal=1 (/system/etc/init/audioserver.rc:41) took 0ms and failed: service vendor.audio-hal-4-0-msd not found
[  573.384243] init: Command 'restart vendor.audio-hal-4-0-msd' action=sys.audio.restart.hal=1 (/system/etc/init/audioserver.rc:41) took 0ms and failed: service vendor.audio-hal-4-0-msd not found
[  573.447142] init: starting service 'audioserver'...
[  573.447142] init: starting service 'audioserver'...
[  573.809817] init: starting service 'vendor.audio-hal'...
[  573.809817] init: starting service 'vendor.audio-hal'...
[  574.094361] init: Command 'restart vendor.audio-hal-2-0' action=sys.audio.restart.hal=1 (/system/etc/init/audioserver.rc:43) took 0ms and failed: service vendor.audio-hal-2-0 not found
[  574.094361] init: Command 'restart vendor.audio-hal-2-0' action=sys.audio.restart.hal=1 (/system/etc/init/audioserver.rc:43) took 0ms and failed: service vendor.audio-hal-2-0 not found
[  574.173199] init: Command 'restart audio-hal-2-0' action=sys.audio.restart.hal=1 (/system/etc/init/audioserver.rc:44) took 0ms and failed: service audio-hal-2-0 not found
[  574.173199] init: Command 'restart audio-hal-2-0' action=sys.audio.restart.hal=1 (/system/etc/init/audioserver.rc:44) took 0ms and failed: service audio-hal-2-0 not found
[  574.268768] init: Command 'setprop sys.audio.restart.hal 0' action=sys.audio.restart.hal=1 (/system/etc/init/audioserver.rc:46) took 93ms and succeeded
[  574.268768] init: Command 'setprop sys.audio.restart.hal 0' action=sys.audio.restart.hal=1 (/system/etc/init/audioserver.rc:46) took 93ms and succeeded
[  574.334289] init: processing action (init.svc.audioserver=running) from (/system/etc/init/audioserver.rc:32)
[  574.334289] init: processing action (init.svc.audioserver=running) from (/system/etc/init/audioserver.rc:32)
[  574.368359] init: Command 'start vendor.audio-hal-4-0-msd' action=init.svc.audioserver=running (/system/etc/init/audioserver.rc:34) took 0ms and failed: service vendor.audio-hal-4-0-msd not found
[  574.368359] init: Command 'start vendor.audio-hal-4-0-msd' action=init.svc.audioserver=running (/system/etc/init/audioserver.rc:34) took 0ms and failed: service vendor.audio-hal-4-0-msd not found
[  574.370461] init: Command 'start vendor.audio-hal-2-0' action=init.svc.audioserver=running (/system/etc/init/audioserver.rc:36) took 0ms and failed: service vendor.audio-hal-2-0 not found
[  574.370461] init: Command 'start vendor.audio-hal-2-0' action=init.svc.audioserver=running (/system/etc/init/audioserver.rc:36) took 0ms and failed: service vendor.audio-hal-2-0 not found
[  574.460389] init: Command 'start audio-hal-2-0' action=init.svc.audioserver=running (/system/etc/init/audioserver.rc:37) took 0ms and failed: service audio-hal-2-0 not found
[  574.460389] init: Command 'start audio-hal-2-0' action=init.svc.audioserver=running (/system/etc/init/audioserver.rc:37) took 0ms and failed: service audio-hal-2-0 not found
[  574.520520] init: processing action (init.svc.mediadrm=running) from (/vendor/etc/init/android.hardware.drm@1.3-service.widevine.rc:1)
[  574.520520] init: processing action (init.svc.mediadrm=running) from (/vendor/etc/init/android.hardware.drm@1.3-service.widevine.rc:1)
[  574.592464] init: Command 'start vendor.move_data_sh' action=init.svc.mediadrm=running (/vendor/etc/init/android.hardware.drm@1.3-service.widevine.rc:3) took 60ms and succeeded
[  574.592464] init: Command 'start vendor.move_data_sh' action=init.svc.mediadrm=running (/vendor/etc/init/android.hardware.drm@1.3-service.widevine.rc:3) took 60ms and succeeded
[  574.594702] init: processing action (sys.audio.restart.hal=1) from (/system/etc/init/audioserver.rc:39)
[  574.594702] init: processing action (sys.audio.restart.hal=1) from (/system/etc/init/audioserver.rc:39)
[  574.679599] init: Sending signal 9 to service 'vendor.audio-hal' (pid 751) process group...
[  574.679599] init: Sending signal 9 to service 'vendor.audio-hal' (pid 751) process group...
[  574.925481] libprocessgroup: Successfully killed process cgroup uid 1041 pid 751 in 244ms
[  574.925481] libprocessgroup: Successfully killed process cgroup uid 1041 pid 751 in 244ms
[  575.045234] init: Command 'restart vendor.audio-hal' action=sys.audio.restart.hal=1 (/system/etc/init/audioserver.rc:40) took 365ms and succeeded
[  575.045234] init: Command 'restart vendor.audio-hal' action=sys.audio.restart.hal=1 (/system/etc/init/audioserver.rc:40) took 365ms and succeeded
[  575.137473] init: Service 'vendor.audio-hal' (pid 751) received signal 9
[  575.137473] init: Service 'vendor.audio-hal' (pid 751) received signal 9
[  575.186719] init: Sending signal 9 to service 'audioserver' (pid 750) process group...
[  575.186719] init: Sending signal 9 to service 'audioserver' (pid 750) process group...
[  575.293666] libprocessgroup: Successfully killed process cgroup uid 1041 pid 750 in 64ms
[  575.293666] libprocessgroup: Successfully killed process cgroup uid 1041 pid 750 in 64ms
[  575.384896] init: Command 'restart audioserver' action=onrestart (<Service 'vendor.audio-hal' onrestart>:1) took 199ms and succeeded
[  575.384896] init: Command 'restart audioserver' action=onrestart (<Service 'vendor.audio-hal' onrestart>:1) took 199ms and succeeded
[  575.477045] init: Service 'audioserver' (pid 750) received signal 9
[  575.477045] init: Service 'audioserver' (pid 750) received signal 9
[  575.531648] init: Command 'setprop sys.audio.restart.hal 1' action=onrestart (<Service 'audioserver' onrestart>:1) took 53ms and succeeded
[  575.531648] init: Command 'setprop sys.audio.restart.hal 1' action=onrestart (<Service 'audioserver' onrestart>:1) took 53ms and succeeded
[  575.614328] init: Command 'restart vendor.audio-hal-4-0-msd' action=sys.audio.restart.hal=1 (/system/etc/init/audioserver.rc:41) took 0ms and failed: service vendor.audio-hal-4-0-msd not found
[  575.614328] init: Command 'restart vendor.audio-hal-4-0-msd' action=sys.audio.restart.hal=1 (/system/etc/init/audioserver.rc:41) took 0ms and failed: service vendor.audio-hal-4-0-msd not found
[  575.660268] init: Command 'restart vendor.audio-hal-2-0' action=sys.audio.restart.hal=1 (/system/etc/init/audioserver.rc:43) took 0ms and failed: service vendor.audio-hal-2-0 not found
[  575.660268] init: Command 'restart vendor.audio-hal-2-0' action=sys.audio.restart.hal=1 (/system/etc/init/audioserver.rc:43) took 0ms and failed: service vendor.audio-hal-2-0 not found
[  575.662346] init: Command 'restart audio-hal-2-0' action=sys.audio.restart.hal=1 (/system/etc/init/audioserver.rc:44) took 0ms and failed: service audio-hal-2-0 not found
[  575.662346] init: Command 'restart audio-hal-2-0' action=sys.audio.restart.hal=1 (/system/etc/init/audioserver.rc:44) took 0ms and failed: service audio-hal-2-0 not found
[  575.792390] init: processing action (init.svc.audioserver=running) from (/system/etc/init/audioserver.rc:32)
[  575.792390] init: processing action (init.svc.audioserver=running) from (/system/etc/init/audioserver.rc:32)
[  575.841478] init: starting service 'vendor.audio-hal'...
[  575.841478] init: starting service 'vendor.audio-hal'...
[  576.153655] init: Command 'start vendor.audio-hal' action=init.svc.audioserver=running (/system/etc/init/audioserver.rc:33) took 358ms and succeeded
[  576.153655] init: Command 'start vendor.audio-hal' action=init.svc.audioserver=running (/system/etc/init/audioserver.rc:33) took 358ms and succeeded
[  576.167971] init: Command 'start vendor.audio-hal-4-0-msd' action=init.svc.audioserver=running (/system/etc/init/audioserver.rc:34) took 0ms and failed: service vendor.audio-hal-4-0-msd not found
[  576.167971] init: Command 'start vendor.audio-hal-4-0-msd' action=init.svc.audioserver=running (/system/etc/init/audioserver.rc:34) took 0ms and failed: service vendor.audio-hal-4-0-msd not found
[  576.170255] init: Command 'start vendor.audio-hal-2-0' action=init.svc.audioserver=running (/system/etc/init/audioserver.rc:36) took 0ms and failed: service vendor.audio-hal-2-0 not found
[  576.170255] init: Command 'start vendor.audio-hal-2-0' action=init.svc.audioserver=running (/system/etc/init/audioserver.rc:36) took 0ms and failed: service vendor.audio-hal-2-0 not found
[  576.260192] init: Command 'start audio-hal-2-0' action=init.svc.audioserver=running (/system/etc/init/audioserver.rc:37) took 0ms and failed: service audio-hal-2-0 not found
[  576.260192] init: Command 'start audio-hal-2-0' action=init.svc.audioserver=running (/system/etc/init/audioserver.rc:37) took 0ms and failed: service audio-hal-2-0 not found
[  576.311920] init: processing action (sys.audio.restart.hal=1) from (/system/etc/init/audioserver.rc:39)
[  576.311920] init: processing action (sys.audio.restart.hal=1) from (/system/etc/init/audioserver.rc:39)
[  576.313265] init: Sending signal 9 to service 'vendor.audio-hal' (pid 752) process group...
[  576.313265] init: Sending signal 9 to service 'vendor.audio-hal' (pid 752) process group...
[  576.412542] libprocessgroup: Successfully killed process cgroup uid 1041 pid 752 in 47ms
[  576.412542] libprocessgroup: Successfully killed process cgroup uid 1041 pid 752 in 47ms
[  576.501303] init: Command 'restart vendor.audio-hal' action=sys.audio.restart.hal=1 (/system/etc/init/audioserver.rc:40) took 187ms and succeeded
[  576.501303] init: Command 'restart vendor.audio-hal' action=sys.audio.restart.hal=1 (/system/etc/init/audioserver.rc:40) took 187ms and succeeded
[  576.536045] init: Service 'vendor.audio-hal' (pid 752) received signal 9
[  576.536045] init: Service 'vendor.audio-hal' (pid 752) received signal 9
[  576.602102] init: Command 'restart vendor.audio-hal-4-0-msd' action=sys.audio.restart.hal=1 (/system/etc/init/audioserver.rc:41) took 0ms and failed: service vendor.audio-hal-4-0-msd not found
[  576.602102] init: Command 'restart vendor.audio-hal-4-0-msd' action=sys.audio.restart.hal=1 (/system/etc/init/audioserver.rc:41) took 0ms and failed: service vendor.audio-hal-4-0-msd not found
[  576.648648] init: Command 'restart vendor.audio-hal-2-0' action=sys.audio.restart.hal=1 (/system/etc/init/audioserver.rc:43) took 0ms and failed: service vendor.audio-hal-2-0 not found
[  576.648648] init: Command 'restart vendor.audio-hal-2-0' action=sys.audio.restart.hal=1 (/system/etc/init/audioserver.rc:43) took 0ms and failed: service vendor.audio-hal-2-0 not found
[  576.696042] init: Command 'restart audio-hal-2-0' action=sys.audio.restart.hal=1 (/system/etc/init/audioserver.rc:44) took 0ms and failed: service audio-hal-2-0 not found
[  576.696042] init: Command 'restart audio-hal-2-0' action=sys.audio.restart.hal=1 (/system/etc/init/audioserver.rc:44) took 0ms and failed: service audio-hal-2-0 not found
[  576.763213] init: Command 'setprop sys.audio.restart.hal 0' action=sys.audio.restart.hal=1 (/system/etc/init/audioserver.rc:46) took 51ms and succeeded
[  576.763213] init: Command 'setprop sys.audio.restart.hal 0' action=sys.audio.restart.hal=1 (/system/etc/init/audioserver.rc:46) took 51ms and succeeded
[  578.619561] init: starting service 'audioserver'...
[  578.619561] init: starting service 'audioserver'...
[  578.694746] init: processing action (init.svc.audioserver=running) from (/system/etc/init/audioserver.rc:32)
[  578.694746] init: processing action (init.svc.audioserver=running) from (/system/etc/init/audioserver.rc:32)
[  578.743983] init: starting service 'vendor.audio-hal'...
[  578.743983] init: starting service 'vendor.audio-hal'...
[  578.931433] init: Command 'start vendor.audio-hal' action=init.svc.audioserver=running (/system/etc/init/audioserver.rc:33) took 232ms and succeeded
[  578.931433] init: Command 'start vendor.audio-hal' action=init.svc.audioserver=running (/system/etc/init/audioserver.rc:33) took 232ms and succeeded
[  578.965446] init: Command 'start vendor.audio-hal-4-0-msd' action=init.svc.audioserver=running (/system/etc/init/audioserver.rc:34) took 0ms and failed: service vendor.audio-hal-4-0-msd not found
[  578.965446] init: Command 'start vendor.audio-hal-4-0-msd' action=init.svc.audioserver=running (/system/etc/init/audioserver.rc:34) took 0ms and failed: service vendor.audio-hal-4-0-msd not found
[  579.010112] init: Command 'start vendor.audio-hal-2-0' action=init.svc.audioserver=running (/system/etc/init/audioserver.rc:36) took 0ms and failed: service vendor.audio-hal-2-0 not found
[  579.010112] init: Command 'start vendor.audio-hal-2-0' action=init.svc.audioserver=running (/system/etc/init/audioserver.rc:36) took 0ms and failed: service vendor.audio-hal-2-0 not found
[  579.028601] init: Command 'start audio-hal-2-0' action=init.svc.audioserver=running (/system/etc/init/audioserver.rc:37) took 0ms and failed: service audio-hal-2-0 not found
[  579.028601] init: Command 'start audio-hal-2-0' action=init.svc.audioserver=running (/system/etc/init/audioserver.rc:37) took 0ms and failed: service audio-hal-2-0 not found
[  580.167712] init: Untracked pid 741 exited with status 0
[  580.167712] init: Untracked pid 741 exited with status 0
[  580.177162] init: Untracked pid 743 exited with status 0
[  580.177162] init: Untracked pid 743 exited with status 0
[  580.244540] init: Service 'surfaceflinger' (pid 689) received signal 6
[  580.244540] init: Service 'surfaceflinger' (pid 689) received signal 6
[  580.245804] init: Sending signal 9 to service 'surfaceflinger' (pid 689) process group...
[  580.245804] init: Sending signal 9 to service 'surfaceflinger' (pid 689) process group...
[  580.250293] libprocessgroup: Successfully killed process cgroup uid 1000 pid 689 in 2ms
[  580.250293] libprocessgroup: Successfully killed process cgroup uid 1000 pid 689 in 2ms
[  580.277664] init: Sending signal 9 to service 'zygote' (pid 715) process group...
[  580.277664] init: Sending signal 9 to service 'zygote' (pid 715) process group...
[  581.007554] libprocessgroup: Failed to kill process cgroup uid 0 pid 715 in 663ms, 1 processes remain
[  581.007554] libprocessgroup: Failed to kill process cgroup uid 0 pid 715 in 663ms, 1 processes remain
[  581.043836] init: Command 'restart zygote' action=onrestart (<Service 'surfaceflinger' onrestart>:1) took 766ms and succeeded
[  581.043836] init: Command 'restart zygote' action=onrestart (<Service 'surfaceflinger' onrestart>:1) took 766ms and succeeded
[  581.095013] init: Service 'vendor.hwcomposer-2-3' (pid 690) received signal 6
[  581.095013] init: Service 'vendor.hwcomposer-2-3' (pid 690) received signal 6
[  581.107950] init: Sending signal 9 to service 'vendor.hwcomposer-2-3' (pid 690) process group...
[  581.107950] init: Sending signal 9 to service 'vendor.hwcomposer-2-3' (pid 690) process group...
[  581.143716] libprocessgroup: Successfully killed process cgroup uid 1000 pid 690 in 33ms
[  581.143716] libprocessgroup: Successfully killed process cgroup uid 1000 pid 690 in 33ms
[  581.145816] init: updatable process 'vendor.hwcomposer-2-3' exited 4 times before boot completed
[  581.145816] init: updatable process 'vendor.hwcomposer-2-3' exited 4 times before boot completed
[  581.373723] init: Untracked pid 724 received signal 14
[  581.373723] init: Untracked pid 724 received signal 14
[  581.382238] init: Untracked pid 728 exited with status 0
[  581.382238] init: Untracked pid 728 exited with status 0
[  581.426931] init: processing action (sys.init.updatable_crashing=1) from (/system/etc/init/flags_health_check.rc:10)
[  581.426931] init: processing action (sys.init.updatable_crashing=1) from (/system/etc/init/flags_health_check.rc:10)
[  581.575699] init: starting service 'exec 21 (/system/bin/flags_health_check UPDATABLE_CRASHING)'...
[  581.575699] init: starting service 'exec 21 (/system/bin/flags_health_check UPDATABLE_CRASHING)'...
[  581.820445] init: SVC_EXEC service 'exec 21 (/system/bin/flags_health_check UPDATABLE_CRASHING)' pid 763 (uid 1000 gid 1000+0 context default) started; waiting...
[  581.820445] init: SVC_EXEC service 'exec 21 (/system/bin/flags_health_check UPDATABLE_CRASHING)' pid 763 (uid 1000 gid 1000+0 context default) started; waiting...
[  581.873491] init: Command 'exec - system system -- /system/bin/flags_health_check UPDATABLE_CRASHING' action=sys.init.updatable_crashing=1 (/system/etc/init/flags_health_check.rc:11) took 396ms and succeeded
[  581.873491] init: Command 'exec - system system -- /system/bin/flags_health_check UPDATABLE_CRASHING' action=sys.init.updatable_crashing=1 (/system/etc/init/flags_health_check.rc:11) took 396ms and succeeded
[  581.945556] init: starting service 'surfaceflinger'...
[  581.945556] init: starting service 'surfaceflinger'...
[  582.040708] init: Could not create socket 'pdx/system/vr/display/client': Failed to bind socket 'pdx/system/vr/display/client': No such file or directory
[  582.040708] init: Could not create socket 'pdx/system/vr/display/client': Failed to bind socket 'pdx/system/vr/display/client': No such file or directory
[  582.103612] init: Could not create socket 'pdx/system/vr/display/manager': Failed to bind socket 'pdx/system/vr/display/manager': No such file or directory
[  582.103612] init: Could not create socket 'pdx/system/vr/display/manager': Failed to bind socket 'pdx/system/vr/display/manager': No such file or directory
[  582.196591] init: Could not create socket 'pdx/system/vr/display/vsync': Failed to bind socket 'pdx/system/vr/display/vsync': No such file or directory
[  582.196591] init: Could not create socket 'pdx/system/vr/display/vsync': Failed to bind socket 'pdx/system/vr/display/vsync': No such file or directory
[  582.453111] init: starting service 'vendor.hwcomposer-2-3'...
[  582.453111] init: starting service 'vendor.hwcomposer-2-3'...
[  584.072677] selinux: SELinux: Could not get canonical path for /sys/devices/virtual/net/ipsec_test/queues/tx-0 restorecon: No such file or directory.
[  584.072677] selinux: SELinux: Could not get canonical path for /sys/devices/virtual/net/ipsec_test/queues/tx-0 restorecon: No such file or directory.
[  584.074128] selinux: 
[  584.074128] selinux: 
[  584.074654] ueventd: selinux_android_restorecon(/sys/devices/virtual/net/ipsec_test/queues/tx-0) failed: No such file or directory
[  584.074654] ueventd: selinux_android_restorecon(/sys/devices/virtual/net/ipsec_test/queues/tx-0) failed: No such file or directory
[  584.137678] init: Control message: Processed ctl.interface_start for 'android.hardware.camera.provider@2.4::ICameraProvider/legacy/0' from pid: 154 (/system/bin/hwservicemanager)
[  584.137678] init: Control message: Processed ctl.interface_start for 'android.hardware.camera.provider@2.4::ICameraProvider/legacy/0' from pid: 154 (/system/bin/hwservicemanager)
[  585.522733] init: Service 'exec 21 (/system/bin/flags_health_check UPDATABLE_CRASHING)' (pid 763) exited with status 0 waiting took 3.826000 seconds
[  585.522733] init: Service 'exec 21 (/system/bin/flags_health_check UPDATABLE_CRASHING)' (pid 763) exited with status 0 waiting took 3.826000 seconds
[  585.528844] init: Sending signal 9 to service 'exec 21 (/system/bin/flags_health_check UPDATABLE_CRASHING)' (pid 763) process group...
[  585.528844] init: Sending signal 9 to service 'exec 21 (/system/bin/flags_health_check UPDATABLE_CRASHING)' (pid 763) process group...
[  585.541445] libprocessgroup: Successfully killed process cgroup uid 1000 pid 763 in 10ms
[  585.541445] libprocessgroup: Successfully killed process cgroup uid 1000 pid 763 in 10ms
[  586.710172] init: Service 'zygote' (pid 715) received signal 9
[  586.710172] init: Service 'zygote' (pid 715) received signal 9
[  586.713136] init: Sending signal 9 to service 'zygote' (pid 715) process group...
[  586.713136] init: Sending signal 9 to service 'zygote' (pid 715) process group...
[  586.717486] libprocessgroup: Successfully killed process cgroup uid 0 pid 715 in 1ms
[  586.717486] libprocessgroup: Successfully killed process cgroup uid 0 pid 715 in 1ms
[  586.793710] init: starting service 'exec 22 (/system/bin/vdc volume abort_fuse)'...
[  586.793710] init: starting service 'exec 22 (/system/bin/vdc volume abort_fuse)'...
[  586.877347] init: Command 'exec_background - system system -- /system/bin/vdc volume abort_fuse' action=onrestart (<Service 'zygote' onrestart>:1) took 122ms and succeeded
[  586.877347] init: Command 'exec_background - system system -- /system/bin/vdc volume abort_fuse' action=onrestart (<Service 'zygote' onrestart>:1) took 122ms and succeeded
[  586.946311] init: Command 'write /sys/power/state on' action=onrestart (<Service 'zygote' onrestart>:2) took 34ms and failed: Unable to write to file '/sys/power/state': Unable to write file contents: Invalid argument
[  586.946311] init: Command 'write /sys/power/state on' action=onrestart (<Service 'zygote' onrestart>:2) took 34ms and failed: Unable to write to file '/sys/power/state': Unable to write file contents: Invalid argument
[  587.676811] init: Sending signal 9 to service 'audioserver' (pid 758) process group...
[  587.676811] init: Sending signal 9 to service 'audioserver' (pid 758) process group...
[  587.865843] libprocessgroup: Successfully killed process cgroup uid 1041 pid 758 in 172ms
[  587.865843] libprocessgroup: Successfully killed process cgroup uid 1041 pid 758 in 172ms
[  587.925872] init: Command 'restart audioserver' action=onrestart (<Service 'zygote' onrestart>:3) took 249ms and succeeded
[  587.925872] init: Command 'restart audioserver' action=onrestart (<Service 'zygote' onrestart>:3) took 249ms and succeeded
[  587.948303] init: Sending signal 9 to service 'cameraserver' (pid 717) process group...
[  587.948303] init: Sending signal 9 to service 'cameraserver' (pid 717) process group...
[  588.110412] libprocessgroup: Successfully killed process cgroup uid 1047 pid 717 in 159ms
[  588.110412] libprocessgroup: Successfully killed process cgroup uid 1047 pid 717 in 159ms
[  588.171172] init: Command 'restart cameraserver' action=onrestart (<Service 'zygote' onrestart>:4) took 223ms and succeeded
[  588.171172] init: Command 'restart cameraserver' action=onrestart (<Service 'zygote' onrestart>:4) took 223ms and succeeded
[  588.173601] init: Sending signal 9 to service 'media' (pid 723) process group...
[  588.173601] init: Sending signal 9 to service 'media' (pid 723) process group...
[  588.280923] libprocessgroup: Successfully killed process cgroup uid 1013 pid 723 in 84ms
[  588.280923] libprocessgroup: Successfully killed process cgroup uid 1013 pid 723 in 84ms
[  588.315983] init: Command 'restart media' action=onrestart (<Service 'zygote' onrestart>:5) took 142ms and succeeded
[  588.315983] init: Command 'restart media' action=onrestart (<Service 'zygote' onrestart>:5) took 142ms and succeeded
[  588.317771] init: Sending signal 9 to service 'netd' (pid 725) process group...
[  588.317771] init: Sending signal 9 to service 'netd' (pid 725) process group...
[  588.409748] libprocessgroup: Successfully killed process cgroup uid 0 pid 725 in 90ms
[  588.409748] libprocessgroup: Successfully killed process cgroup uid 0 pid 725 in 90ms
[  588.448347] init: Command 'restart netd' action=onrestart (<Service 'zygote' onrestart>:6) took 130ms and succeeded
[  588.448347] init: Command 'restart netd' action=onrestart (<Service 'zygote' onrestart>:6) took 130ms and succeeded
[  588.449950] init: Sending signal 9 to service 'wificond' (pid 727) process group...
[  588.449950] init: Sending signal 9 to service 'wificond' (pid 727) process group...
[  588.506206] libprocessgroup: Successfully killed process cgroup uid 1010 pid 727 in 35ms
[  588.506206] libprocessgroup: Successfully killed process cgroup uid 1010 pid 727 in 35ms
[  588.532770] init: Command 'restart wificond' action=onrestart (<Service 'zygote' onrestart>:7) took 82ms and succeeded
[  588.532770] init: Command 'restart wificond' action=onrestart (<Service 'zygote' onrestart>:7) took 82ms and succeeded
[  588.558980] init: Service 'cameraserver' (pid 717) received signal 9
[  588.558980] init: Service 'cameraserver' (pid 717) received signal 9
[  588.598237] init: Service 'media' (pid 723) received signal 9
[  588.598237] init: Service 'media' (pid 723) received signal 9
[  588.644471] init: Service 'netd' (pid 725) received signal 9
[  588.644471] init: Service 'netd' (pid 725) received signal 9
[  588.646677] init: Command 'restart zygote_secondary' action=onrestart (<Service 'netd' onrestart>:2) took 0ms and failed: service zygote_secondary not found
[  588.646677] init: Command 'restart zygote_secondary' action=onrestart (<Service 'netd' onrestart>:2) took 0ms and failed: service zygote_secondary not found
[  588.697676] init: Service 'wificond' (pid 727) received signal 9
[  588.697676] init: Service 'wificond' (pid 727) received signal 9
[  588.728371] init: Service 'audioserver' (pid 758) received signal 9
[  588.728371] init: Service 'audioserver' (pid 758) received signal 9
[  588.783145] init: Untracked pid 746 received signal 9
[  588.783145] init: Untracked pid 746 received signal 9
[  588.784833] init: Untracked pid 747 received signal 9
[  588.784833] init: Untracked pid 747 received signal 9
[  588.786940] init: processing action (init.svc.media=*) from (/system/etc/init/mediaserver.rc:1)
[  588.786940] init: processing action (init.svc.media=*) from (/system/etc/init/mediaserver.rc:1)
[  588.826610] init: starting service 'zygote'...
[  588.826610] init: starting service 'zygote'...
[  588.905195] init: Created socket '/dev/socket/zygote', mode 660, user 0, group 1000
[  588.905195] init: Created socket '/dev/socket/zygote', mode 660, user 0, group 1000
[  588.947694] init: Created socket '/dev/socket/usap_pool_primary', mode 660, user 0, group 1000
[  588.947694] init: Created socket '/dev/socket/usap_pool_primary', mode 660, user 0, group 1000
[  589.452678] init: starting service 'audioserver'...
[  589.452678] init: starting service 'audioserver'...
[  590.950511] init: starting service 'cameraserver'...
[  590.950511] init: starting service 'cameraserver'...
[  593.334482] init: starting service 'media'...
[  593.334482] init: starting service 'media'...
[  595.333404] init: starting service 'netd'...
[  595.333404] init: starting service 'netd'...
[  596.433265] libprocessgroup: Failed to open /dev/cpuset/camera-daemon/tasks: No such file or directory: No such file or directory
[  596.433265] libprocessgroup: Failed to open /dev/cpuset/camera-daemon/tasks: No such file or directory: No such file or directory
[  596.434723] libprocessgroup: Failed to apply CameraServiceCapacity task profile: No such file or directory
[  596.434723] libprocessgroup: Failed to apply CameraServiceCapacity task profile: No such file or directory
[  596.439375] init: Created socket '/dev/socket/dnsproxyd', mode 660, user 0, group 3003
[  596.439375] init: Created socket '/dev/socket/dnsproxyd', mode 660, user 0, group 3003
[  597.134146] init: Created socket '/dev/socket/mdns', mode 660, user 0, group 1000
[  597.134146] init: Created socket '/dev/socket/mdns', mode 660, user 0, group 1000
[  598.147153] init: Created socket '/dev/socket/fwmarkd', mode 660, user 0, group 3003
[  598.147153] init: Created socket '/dev/socket/fwmarkd', mode 660, user 0, group 3003
