[    0.000000] Booting Linux on physical CPU 0x0000000000 [0x411fd070]
[    0.000000] Linux version 5.4.249-android11-2-00004-g212a7aaded26-ab10688362 (build-user@build-host) (Android (7284624, based on r416183b) clang version 12.0.5 (https://android.googlesource.com/toolchain/llvm-project c935d99d7cf2016289302412d708641d52d2f7ee), LLD 12.0.5 (/buildbot/src/android/llvm-toolchain/out/llvm-project/lld c935d99d7cf2016289302412d708641d52d2f7ee)) #1 SMP PREEMPT Mon Aug 21 12:17:45 UTC 2023
[    0.000000] random: crng init done
[    0.000000] Machine model: linux,dummy-virt
[    0.000000] printk: debug: skip boot console de-registration.
[    0.000000] earlycon: pl11 at MMIO 0x0000000009000000 (options '')
[    0.000000] printk: bootconsole [pl11] enabled
[    0.000000] efi: Getting EFI parameters from FDT:
[    0.000000] efi: UEFI not found.
[    0.000000] cma: Reserved 16 MiB at 0x00000000ff000000
[    0.000000] psci: probing for conduit method from DT.
[    0.000000] psci: PSCIv1.1 detected in firmware.
[    0.000000] psci: Using standard PSCI v0.2 function IDs
[    0.000000] psci: Trusted OS migration not required
[    0.000000] psci: SMC Calling Convention v1.0
[    0.000000] percpu: Embedded 32 pages/cpu s90264 r8192 d32616 u131072
[    0.000000] Detected PIPT I-cache on CPU0
[    0.000000] CPU features: detected: ARM erratum 832075
[    0.000000] CPU features: detected: EL2 vector hardening
[    0.000000] CPU features: kernel page table isolation forced ON by KASLR
[    0.000000] CPU features: detected: Kernel page table isolation (KPTI)
[    0.000000] ARM_SMCCC_ARCH_WORKAROUND_1 missing from firmware
[    0.000000] CPU features: detected: Spectre-BHB
[    0.000000] CPU features: detected: ARM erratum 1742098
[    0.000000] Built 1 zonelists, mobility grouping on.  Total pages: 1032192
[    0.000000] Kernel command line: console=ttyAMA0,38400 keep_bootcon earlycon=pl011,0x09000000 loop.max_part=7 printk.devkmsg=on androidboot.boot_devices=a003600.virtio_mmio androidboot.logical_partitions=1 androidboot.hardware=ranchu androidboot.serialno=WARBOTARM64 qemu=1 androidboot.qemu=1 qemu.encrypt=1 qemu.media.ccodec=0 qemu.gles=0 qemu.virtiowifi=0
[    0.000000] Dentry cache hash table entries: 524288 (order: 10, 4194304 bytes, linear)
[    0.000000] Inode-cache hash table entries: 262144 (order: 9, 2097152 bytes, linear)
[    0.000000] mem auto-init: stack:all(zero), heap alloc:on, heap free:off
[    0.000000] software IO TLB: mapped [mem 0xfb000000-0xff000000] (64MB)
[    0.000000] Memory: 4002204K/4194304K available (14164K kernel code, 1192K rwdata, 9688K rodata, 1216K init, 552K bss, 175716K reserved, 16384K cma-reserved)
[    0.000000] SLUB: HWalign=64, Order=0-3, MinObjects=0, CPUs=1, Nodes=1
[    0.000000] rcu: Preemptible hierarchical RCU implementation.
[    0.000000] rcu: 	RCU dyntick-idle grace-period acceleration is enabled.
[    0.000000] rcu: 	RCU restricting CPUs from NR_CPUS=32 to nr_cpu_ids=1.
[    0.000000] 	Tasks RCU enabled.
[    0.000000] rcu: RCU calculated value of scheduler-enlistment delay is 25 jiffies.
[    0.000000] rcu: Adjusting geometry for rcu_fanout_leaf=16, nr_cpu_ids=1
[    0.000000] NR_IRQS: 64, nr_irqs: 64, preallocated irqs: 0
[    0.000000] GICv2m: range[mem 0x08020000-0x08020fff], SPI[80:143]
[    0.000000] rcu: 	Offload RCU callbacks from CPUs: (none).
[    0.000000] arch_timer: cp15 timer(s) running at 62.50MHz (virt).
[    0.000000] clocksource: arch_sys_counter: mask: 0xffffffffffffff max_cycles: 0x1cd42e208c, max_idle_ns: 881590405314 ns
[    0.000104] sched_clock: 56 bits at 62MHz, resolution 16ns, wraps every 4398046511096ns
[    0.013141] Calibrating delay loop (skipped), value calculated using timer frequency.. 125.00 BogoMIPS (lpj=250000)
[    0.015250] pid_max: default: 32768 minimum: 301
[    0.018841] LSM: Security Framework initializing
[    0.022097] SELinux:  Initializing.
[    0.024227] Mount-cache hash table entries: 8192 (order: 4, 65536 bytes, linear)
[    0.024882] Mountpoint-cache hash table entries: 8192 (order: 4, 65536 bytes, linear)
[    0.088050] /cpus/cpu-map: empty cluster
[    0.107533] ASID allocator initialised with 32768 entries
[    0.109478] rcu: Hierarchical SRCU implementation.
[    0.115906] dynamic_debug:dynamic_debug_init: Ignore empty _ddebug table in a CONFIG_DYNAMIC_DEBUG_CORE build
[    0.118226] EFI services will not be available.
[    0.126359] smp: Bringing up secondary CPUs ...
[    0.126901] smp: Brought up 1 node, 1 CPU
[    0.127228] SMP: Total of 1 processors activated.
[    0.127729] CPU features: detected: 32-bit EL0 Support
[    0.128387] CPU features: detected: CRC32 instructions
[    0.266122] CPU features: emulated: Privileged Access Never (PAN) using TTBR0_EL1 switching
[    0.267066] CPU: All CPU(s) started at EL1
[    0.267843] alternatives: patching kernel code
[    0.275154] CPU0: update max cpu_capacity 1024
[    0.311278] Registered cp15_barrier emulation handler
[    0.311812] Registered setend emulation handler
[    0.315290] clocksource: jiffies: mask: 0xffffffff max_cycles: 0xffffffff, max_idle_ns: 7645041785100000 ns
[    0.316087] futex hash table entries: 256 (order: 2, 16384 bytes, linear)
[    0.324787] pinctrl core: initialized pinctrl subsystem
[    0.328536] regulator: Failed to create debugfs directory
[    0.339436] regulator-dummy: Failed to create debugfs directory
[    0.350044] NET: Registered protocol family 16
[    0.366413] DMA: preallocated 256 KiB pool for atomic allocations
[    0.367305] audit: initializing netlink subsys (disabled)
[    0.375742] audit: type=2000 audit(0.292:1): state=initialized audit_enabled=0 res=1
[    0.381010] cpuidle: using governor menu
[    0.384180] hw-breakpoint: found 6 breakpoint and 4 watchpoint registers.
[    0.386523] Serial: AMBA PL011 UART driver
[    0.438242] 9000000.pl011: ttyAMA0 at MMIO 0x9000000 (irq = 39, base_baud = 0) is a PL011 rev1
[    0.442253] printk: console [ttyAMA0] enabled
[    0.442253] printk: console [ttyAMA0] enabled
[    0.496100] cryptomgr_test (20) used greatest stack depth: 15120 bytes left
[    0.496100] cryptomgr_test (20) used greatest stack depth: 15120 bytes left
[    0.509740] cryptd: max_cpu_qlen set to 1000
[    0.509740] cryptd: max_cpu_qlen set to 1000
[    0.513040] cryptomgr_test (21): highest shadow stack usage: 112 bytes
[    0.513040] cryptomgr_test (21): highest shadow stack usage: 112 bytes
[    0.549405] iommu: Default domain type: Translated 
[    0.549405] iommu: Default domain type: Translated 
[    0.557348] SCSI subsystem initialized
[    0.557348] SCSI subsystem initialized
[    0.561486] usbcore: registered new interface driver usbfs
[    0.561486] usbcore: registered new interface driver usbfs
[    0.562960] usbcore: registered new interface driver hub
[    0.562960] usbcore: registered new interface driver hub
[    0.564000] usbcore: registered new device driver usb
[    0.564000] usbcore: registered new device driver usb
[    0.566350] mc: Linux media interface: v0.10
[    0.566350] mc: Linux media interface: v0.10
[    0.567484] videodev: Linux video capture interface: v2.00
[    0.567484] videodev: Linux video capture interface: v2.00
[    0.568617] EDAC MC: Ver: 3.0.0
[    0.568617] EDAC MC: Ver: 3.0.0
[    0.579114] Advanced Linux Sound Architecture Driver Initialized.
[    0.579114] Advanced Linux Sound Architecture Driver Initialized.
[    0.595278] Bluetooth: Core ver 2.22
[    0.595278] Bluetooth: Core ver 2.22
[    0.595960] NET: Registered protocol family 31
[    0.595960] NET: Registered protocol family 31
[    0.596474] Bluetooth: HCI device and connection manager initialized
[    0.596474] Bluetooth: HCI device and connection manager initialized
[    0.597594] Bluetooth: HCI socket layer initialized
[    0.597594] Bluetooth: HCI socket layer initialized
[    0.598634] Bluetooth: L2CAP socket layer initialized
[    0.598634] Bluetooth: L2CAP socket layer initialized
[    0.600062] Bluetooth: SCO socket layer initialized
[    0.600062] Bluetooth: SCO socket layer initialized
[    0.612941] clocksource: Switched to clocksource arch_sys_counter
[    0.612941] clocksource: Switched to clocksource arch_sys_counter
[    1.079199] VFS: Disk quotas dquot_6.6.0
[    1.079199] VFS: Disk quotas dquot_6.6.0
[    1.080562] VFS: Dquot-cache hash table entries: 512 (order 0, 4096 bytes)
[    1.080562] VFS: Dquot-cache hash table entries: 512 (order 0, 4096 bytes)
[    1.087494] thermal_sys: Registered thermal governor 'step_wise'
[    1.087494] thermal_sys: Registered thermal governor 'step_wise'
[    1.087733] thermal_sys: Registered thermal governor 'user_space'
[    1.087733] thermal_sys: Registered thermal governor 'user_space'
[    1.089139] thermal_sys: Registered thermal governor 'power_allocator'
[    1.089139] thermal_sys: Registered thermal governor 'power_allocator'
[    1.096376] NET: Registered protocol family 2
[    1.096376] NET: Registered protocol family 2
[    1.103022] IP idents hash table entries: 65536 (order: 7, 524288 bytes, linear)
[    1.103022] IP idents hash table entries: 65536 (order: 7, 524288 bytes, linear)
[    1.127867] tcp_listen_portaddr_hash hash table entries: 2048 (order: 3, 32768 bytes, linear)
[    1.127867] tcp_listen_portaddr_hash hash table entries: 2048 (order: 3, 32768 bytes, linear)
[    1.134733] TCP established hash table entries: 32768 (order: 6, 262144 bytes, linear)
[    1.134733] TCP established hash table entries: 32768 (order: 6, 262144 bytes, linear)
[    1.139649] TCP bind hash table entries: 32768 (order: 7, 524288 bytes, linear)
[    1.139649] TCP bind hash table entries: 32768 (order: 7, 524288 bytes, linear)
[    1.142992] TCP: Hash tables configured (established 32768 bind 32768)
[    1.142992] TCP: Hash tables configured (established 32768 bind 32768)
[    1.149698] UDP hash table entries: 2048 (order: 4, 65536 bytes, linear)
[    1.149698] UDP hash table entries: 2048 (order: 4, 65536 bytes, linear)
[    1.152376] UDP-Lite hash table entries: 2048 (order: 4, 65536 bytes, linear)
[    1.152376] UDP-Lite hash table entries: 2048 (order: 4, 65536 bytes, linear)
[    1.158690] NET: Registered protocol family 1
[    1.158690] NET: Registered protocol family 1
[    1.164345] NET: Registered protocol family 44
[    1.164345] NET: Registered protocol family 44
[    1.166226] PCI: CLS 0 bytes, default 64
[    1.166226] PCI: CLS 0 bytes, default 64
[    1.193211] Trying to unpack rootfs image as initramfs...
[    1.193211] Trying to unpack rootfs image as initramfs...
[    1.387770] Freeing initrd memory: 1620K
[    1.387770] Freeing initrd memory: 1620K
[    1.393515] hw perfevents: enabled with armv8_pmuv3 PMU driver, 7 counters available
[    1.393515] hw perfevents: enabled with armv8_pmuv3 PMU driver, 7 counters available
[    1.413034] Initialise system trusted keyrings
[    1.413034] Initialise system trusted keyrings
[    1.417656] workingset: timestamp_bits=46 max_order=20 bucket_order=0
[    1.417656] workingset: timestamp_bits=46 max_order=20 bucket_order=0
[    1.449657] fuse: init (API version 7.31)
[    1.449657] fuse: init (API version 7.31)
[    1.472071] Key type asymmetric registered
[    1.472071] Key type asymmetric registered
[    1.472690] Asymmetric key parser 'x509' registered
[    1.472690] Asymmetric key parser 'x509' registered
[    1.473512] Block layer SCSI generic (bsg) driver version 0.4 loaded (major 244)
[    1.473512] Block layer SCSI generic (bsg) driver version 0.4 loaded (major 244)
[    1.474695] io scheduler mq-deadline registered
[    1.474695] io scheduler mq-deadline registered
[    1.475313] io scheduler kyber registered
[    1.475313] io scheduler kyber registered
[    1.484484] pl061_gpio 9030000.pl061: PL061 GPIO chip registered
[    1.484484] pl061_gpio 9030000.pl061: PL061 GPIO chip registered
[    1.487857] pci-host-generic 4010000000.pcie: host bridge /pcie@10000000 ranges:
[    1.487857] pci-host-generic 4010000000.pcie: host bridge /pcie@10000000 ranges:
[    1.490184] pci-host-generic 4010000000.pcie:    IO 0x3eff0000..0x3effffff -> 0x00000000
[    1.490184] pci-host-generic 4010000000.pcie:    IO 0x3eff0000..0x3effffff -> 0x00000000
[    1.492007] pci-host-generic 4010000000.pcie:   MEM 0x10000000..0x3efeffff -> 0x10000000
[    1.492007] pci-host-generic 4010000000.pcie:   MEM 0x10000000..0x3efeffff -> 0x10000000
[    1.493246] pci-host-generic 4010000000.pcie:   MEM 0x8000000000..0xffffffffff -> 0x8000000000
[    1.493246] pci-host-generic 4010000000.pcie:   MEM 0x8000000000..0xffffffffff -> 0x8000000000
[    1.495528] pci-host-generic 4010000000.pcie: ECAM at [mem 0x4010000000-0x401fffffff] for [bus 00-ff]
[    1.495528] pci-host-generic 4010000000.pcie: ECAM at [mem 0x4010000000-0x401fffffff] for [bus 00-ff]
[    1.498425] pci-host-generic 4010000000.pcie: PCI host bridge to bus 0000:00
[    1.498425] pci-host-generic 4010000000.pcie: PCI host bridge to bus 0000:00
[    1.499534] pci_bus 0000:00: root bus resource [bus 00-ff]
[    1.499534] pci_bus 0000:00: root bus resource [bus 00-ff]
[    1.500282] pci_bus 0000:00: root bus resource [io  0x0000-0xffff]
[    1.500282] pci_bus 0000:00: root bus resource [io  0x0000-0xffff]
[    1.500929] pci_bus 0000:00: root bus resource [mem 0x10000000-0x3efeffff]
[    1.500929] pci_bus 0000:00: root bus resource [mem 0x10000000-0x3efeffff]
[    1.501901] pci_bus 0000:00: root bus resource [mem 0x8000000000-0xffffffffff]
[    1.501901] pci_bus 0000:00: root bus resource [mem 0x8000000000-0xffffffffff]
[    1.504368] pci 0000:00:00.0: [1b36:0008] type 00 class 0x060000
[    1.504368] pci 0000:00:00.0: [1b36:0008] type 00 class 0x060000
[    1.523370] cacheinfo: Unable to detect cache hierarchy for CPU 0
[    1.523370] cacheinfo: Unable to detect cache hierarchy for CPU 0
[    1.566498] brd: module loaded
[    1.566498] brd: module loaded
[    1.595321] loop: module loaded
[    1.595321] loop: module loaded
[    1.597248] zram: Added device: zram0
[    1.597248] zram: Added device: zram0
[    1.605123] tun: Universal TUN/TAP device driver, 1.6
[    1.605123] tun: Universal TUN/TAP device driver, 1.6
[    1.606484] PPP generic driver version 2.4.2
[    1.606484] PPP generic driver version 2.4.2
[    1.607493] PPP BSD Compression module registered
[    1.607493] PPP BSD Compression module registered
[    1.608042] PPP Deflate Compression module registered
[    1.608042] PPP Deflate Compression module registered
[    1.609031] PPP MPPE Compression module registered
[    1.609031] PPP MPPE Compression module registered
[    1.609566] NET: Registered protocol family 24
[    1.609566] NET: Registered protocol family 24
[    1.610041] PPTP driver version 0.8.5
[    1.610041] PPTP driver version 0.8.5
[    1.612068] usbcore: registered new interface driver r8152
[    1.612068] usbcore: registered new interface driver r8152
[    1.613091] usbcore: registered new interface driver asix
[    1.613091] usbcore: registered new interface driver asix
[    1.614442] usbcore: registered new interface driver ax88179_178a
[    1.614442] usbcore: registered new interface driver ax88179_178a
[    1.615307] usbcore: registered new interface driver cdc_ether
[    1.615307] usbcore: registered new interface driver cdc_ether
[    1.616197] ehci_hcd: USB 2.0 'Enhanced' Host Controller (EHCI) Driver
[    1.616197] ehci_hcd: USB 2.0 'Enhanced' Host Controller (EHCI) Driver
[    1.616963] ehci-pci: EHCI PCI platform driver
[    1.616963] ehci-pci: EHCI PCI platform driver
[    1.617892] ehci-platform: EHCI generic platform driver
[    1.617892] ehci-platform: EHCI generic platform driver
[    1.619754] usbcore: registered new interface driver uas
[    1.619754] usbcore: registered new interface driver uas
[    1.620526] usbcore: registered new interface driver usb-storage
[    1.620526] usbcore: registered new interface driver usb-storage
[    1.625884] dummy_hcd dummy_hcd.0: USB Host+Gadget Emulator, driver 02 May 2005
[    1.625884] dummy_hcd dummy_hcd.0: USB Host+Gadget Emulator, driver 02 May 2005
[    1.627422] dummy_hcd dummy_hcd.0: Dummy host controller
[    1.627422] dummy_hcd dummy_hcd.0: Dummy host controller
[    1.628368] dummy_hcd dummy_hcd.0: new USB bus registered, assigned bus number 1
[    1.628368] dummy_hcd dummy_hcd.0: new USB bus registered, assigned bus number 1
[    1.642864] hub 1-0:1.0: USB hub found
[    1.642864] hub 1-0:1.0: USB hub found
[    1.644048] hub 1-0:1.0: 1 port detected
[    1.644048] hub 1-0:1.0: 1 port detected
[    1.666282] usbcore: registered new interface driver xpad
[    1.666282] usbcore: registered new interface driver xpad
[    1.673453] rtc-pl031 9010000.pl031: registered as rtc0
[    1.673453] rtc-pl031 9010000.pl031: registered as rtc0
[    1.676139] rtc-pl031 9010000.pl031: setting system clock to 2026-09-27T21:43:08 UTC (1790545388)
[    1.676139] rtc-pl031 9010000.pl031: setting system clock to 2026-09-27T21:43:08 UTC (1790545388)
[    1.678749] uvcvideo: Unable to create debugfs directory
[    1.678749] uvcvideo: Unable to create debugfs directory
[    1.679518] usbcore: registered new interface driver uvcvideo
[    1.679518] usbcore: registered new interface driver uvcvideo
[    1.680295] USB Video Class driver (1.1.1)
[    1.680295] USB Video Class driver (1.1.1)
[    1.681333] gspca_main: v2.14.0 registered
[    1.681333] gspca_main: v2.14.0 registered
[    1.682672] device-mapper: uevent: version 1.0.3
[    1.682672] device-mapper: uevent: version 1.0.3
[    1.684197] device-mapper: ioctl: 4.41.0-ioctl (2019-09-16) initialised: dm-devel@redhat.com
[    1.684197] device-mapper: ioctl: 4.41.0-ioctl (2019-09-16) initialised: dm-devel@redhat.com
[    1.687118] Bluetooth: HCI UART driver ver 2.3
[    1.687118] Bluetooth: HCI UART driver ver 2.3
[    1.687754] Bluetooth: HCI UART protocol H4 registered
[    1.687754] Bluetooth: HCI UART protocol H4 registered
[    1.688369] Bluetooth: HCI UART protocol LL registered
[    1.688369] Bluetooth: HCI UART protocol LL registered
[    1.689675] Bluetooth: HCI UART protocol Broadcom registered
[    1.689675] Bluetooth: HCI UART protocol Broadcom registered
[    1.690384] Bluetooth: HCI UART protocol QCA registered
[    1.690384] Bluetooth: HCI UART protocol QCA registered
[    1.692473] sdhci: Secure Digital Host Controller Interface driver
[    1.692473] sdhci: Secure Digital Host Controller Interface driver
[    1.693155] sdhci: Copyright(c) Pierre Ossman
[    1.693155] sdhci: Copyright(c) Pierre Ossman
[    1.694079] sdhci-pltfm: SDHCI platform and OF driver helper
[    1.694079] sdhci-pltfm: SDHCI platform and OF driver helper
[    1.696026] hidraw: raw HID events driver (C) Jiri Kosina
[    1.696026] hidraw: raw HID events driver (C) Jiri Kosina
[    1.702530] usbcore: registered new interface driver usbhid
[    1.702530] usbcore: registered new interface driver usbhid
[    1.703193] usbhid: USB HID core driver
[    1.703193] usbhid: USB HID core driver
[    1.704347] ashmem: initialized
[    1.704347] ashmem: initialized
[    1.707393] gnss: GNSS driver registered with major 237
[    1.707393] gnss: GNSS driver registered with major 237
[    1.710413] usbcore: registered new interface driver snd-usb-audio
[    1.710413] usbcore: registered new interface driver snd-usb-audio
[    1.713988] u32 classifier
[    1.713988] u32 classifier
[    1.714364]     input device check on
[    1.714364]     input device check on
[    1.714783]     Actions configured
[    1.714783]     Actions configured
[    1.727037] xt_time: kernel timezone is -0000
[    1.727037] xt_time: kernel timezone is -0000
[    1.728087] ipip: IPv4 and MPLS over IPv4 tunneling driver
[    1.728087] ipip: IPv4 and MPLS over IPv4 tunneling driver
[    1.731911] gre: GRE over IPv4 demultiplexor driver
[    1.731911] gre: GRE over IPv4 demultiplexor driver
[    1.732502] ip_gre: GRE over IPv4 tunneling driver
[    1.732502] ip_gre: GRE over IPv4 tunneling driver
[    1.737043] IPv4 over IPsec tunneling driver
[    1.737043] IPv4 over IPsec tunneling driver
[    1.751620] Initializing XFRM netlink socket
[    1.751620] Initializing XFRM netlink socket
[    1.752733] IPsec XFRM device driver
[    1.752733] IPsec XFRM device driver
[    1.756516] NET: Registered protocol family 10
[    1.756516] NET: Registered protocol family 10
[    1.776255] Segment Routing with IPv6
[    1.776255] Segment Routing with IPv6
[    1.778693] mip6: Mobile IPv6
[    1.778693] mip6: Mobile IPv6
[    1.787000] sit: IPv6, IPv4 and MPLS over IPv4 tunneling driver
[    1.787000] sit: IPv6, IPv4 and MPLS over IPv4 tunneling driver
[    1.793834] ip6_gre: GRE over IPv6 tunneling driver
[    1.793834] ip6_gre: GRE over IPv6 tunneling driver
[    1.796918] NET: Registered protocol family 17
[    1.796918] NET: Registered protocol family 17
[    1.798975] NET: Registered protocol family 15
[    1.798975] NET: Registered protocol family 15
[    1.801045] Bluetooth: RFCOMM TTY layer initialized
[    1.801045] Bluetooth: RFCOMM TTY layer initialized
[    1.801957] Bluetooth: RFCOMM socket layer initialized
[    1.801957] Bluetooth: RFCOMM socket layer initialized
[    1.802471] Bluetooth: RFCOMM ver 1.11
[    1.802471] Bluetooth: RFCOMM ver 1.11
[    1.802926] Bluetooth: HIDP (Human Interface Emulation) ver 1.2
[    1.802926] Bluetooth: HIDP (Human Interface Emulation) ver 1.2
[    1.803546] Bluetooth: HIDP socket layer initialized
[    1.803546] Bluetooth: HIDP socket layer initialized
[    1.804259] l2tp_core: L2TP core driver, V2.0
[    1.804259] l2tp_core: L2TP core driver, V2.0
[    1.804951] l2tp_ppp: PPPoL2TP kernel driver, V2.0
[    1.804951] l2tp_ppp: PPPoL2TP kernel driver, V2.0
[    1.808769] tipc: Activated (version 2.0.0)
[    1.808769] tipc: Activated (version 2.0.0)
[    1.811656] NET: Registered protocol family 30
[    1.811656] NET: Registered protocol family 30
[    1.816157] tipc: Started in single node mode
[    1.816157] tipc: Started in single node mode
[    1.818683] registered taskstats version 1
[    1.818683] registered taskstats version 1
[    1.819146] Loading compiled-in X.509 certificates
[    1.819146] Loading compiled-in X.509 certificates
[    1.820108] Key type ._fscrypt registered
[    1.820108] Key type ._fscrypt registered
[    1.820502] Key type .fscrypt registered
[    1.820502] Key type .fscrypt registered
[    1.820879] Key type fscrypt-provisioning registered
[    1.820879] Key type fscrypt-provisioning registered
[    1.827314] Failed to find error inject entry at 0000000089d3f83a
[    1.827314] Failed to find error inject entry at 0000000089d3f83a
[    1.827922] Failed to find error inject entry at 00000000a53185bc
[    1.827922] Failed to find error inject entry at 00000000a53185bc
[    1.828505] Failed to find error inject entry at 00000000d79de4d8
[    1.828505] Failed to find error inject entry at 00000000d79de4d8
[    1.829052] Failed to find error inject entry at 000000006af9474c
[    1.829052] Failed to find error inject entry at 000000006af9474c
[    1.830135] Failed to find error inject entry at 00000000405a82c8
[    1.830135] Failed to find error inject entry at 00000000405a82c8
[    1.830854] Failed to find error inject entry at 000000001c85e736
[    1.830854] Failed to find error inject entry at 000000001c85e736
[    1.831587] Failed to find error inject entry at 00000000ee1d352e
[    1.831587] Failed to find error inject entry at 00000000ee1d352e
[    1.832193] Failed to find error inject entry at 00000000b5da41e4
[    1.832193] Failed to find error inject entry at 00000000b5da41e4
[    1.832760] Failed to find error inject entry at 0000000017e6d61e
[    1.832760] Failed to find error inject entry at 0000000017e6d61e
[    1.833627] Failed to find error inject entry at 000000002e289314
[    1.833627] Failed to find error inject entry at 000000002e289314
[    1.834229] Failed to find error inject entry at 0000000024ea9921
[    1.834229] Failed to find error inject entry at 0000000024ea9921
[    1.834809] Failed to find error inject entry at 0000000056f8e2d4
[    1.834809] Failed to find error inject entry at 0000000056f8e2d4
[    1.835374] Failed to find error inject entry at 000000006d6c0345
[    1.835374] Failed to find error inject entry at 000000006d6c0345
[    1.835946] Failed to find error inject entry at 00000000e173d510
[    1.835946] Failed to find error inject entry at 00000000e173d510
[    1.836495] Failed to find error inject entry at 00000000b89a7381
[    1.836495] Failed to find error inject entry at 00000000b89a7381
[    1.837491] Failed to find error inject entry at 000000009665d462
[    1.837491] Failed to find error inject entry at 000000009665d462
[    1.838112] Failed to find error inject entry at 00000000f327ae3f
[    1.838112] Failed to find error inject entry at 00000000f327ae3f
[    1.838741] Failed to find error inject entry at 000000009f56990c
[    1.838741] Failed to find error inject entry at 000000009f56990c
[    1.839545] Failed to find error inject entry at 00000000208733f3
[    1.839545] Failed to find error inject entry at 00000000208733f3
[    1.840221] Failed to find error inject entry at 000000007b6202c0
[    1.840221] Failed to find error inject entry at 000000007b6202c0
[    1.840883] Failed to find error inject entry at 00000000c3eddf15
[    1.840883] Failed to find error inject entry at 00000000c3eddf15
[    1.841520] Failed to find error inject entry at 0000000088845d01
[    1.841520] Failed to find error inject entry at 0000000088845d01
[    1.842424] Failed to find error inject entry at 0000000041c784cd
[    1.842424] Failed to find error inject entry at 0000000041c784cd
[    1.843086] Failed to find error inject entry at 0000000017de9a41
[    1.843086] Failed to find error inject entry at 0000000017de9a41
[    1.843760] Failed to find error inject entry at 0000000017384db8
[    1.843760] Failed to find error inject entry at 0000000017384db8
[    1.844399] Failed to find error inject entry at 00000000f0230bf9
[    1.844399] Failed to find error inject entry at 00000000f0230bf9
[    1.845068] Failed to find error inject entry at 000000009c742a2b
[    1.845068] Failed to find error inject entry at 000000009c742a2b
[    1.845893] Failed to find error inject entry at 00000000d1d3ac7c
[    1.845893] Failed to find error inject entry at 00000000d1d3ac7c
[    1.846547] Failed to find error inject entry at 00000000690a52bf
[    1.846547] Failed to find error inject entry at 00000000690a52bf
[    1.847273] Failed to find error inject entry at 00000000716e2a1b
[    1.847273] Failed to find error inject entry at 00000000716e2a1b
[    1.847959] Failed to find error inject entry at 00000000020256b0
[    1.847959] Failed to find error inject entry at 00000000020256b0
[    1.848609] Failed to find error inject entry at 0000000046fddb3d
[    1.848609] Failed to find error inject entry at 0000000046fddb3d
[    1.849277] Failed to find error inject entry at 000000007008c265
[    1.849277] Failed to find error inject entry at 000000007008c265
[    1.850104] Failed to find error inject entry at 00000000e924eca5
[    1.850104] Failed to find error inject entry at 00000000e924eca5
[    1.850762] Failed to find error inject entry at 00000000116bced1
[    1.850762] Failed to find error inject entry at 00000000116bced1
[    1.851429] Failed to find error inject entry at 0000000054a3240a
[    1.851429] Failed to find error inject entry at 0000000054a3240a
[    1.852080] Failed to find error inject entry at 00000000dc9520e8
[    1.852080] Failed to find error inject entry at 00000000dc9520e8
[    1.852730] Failed to find error inject entry at 00000000b50b4d6b
[    1.852730] Failed to find error inject entry at 00000000b50b4d6b
[    1.853399] Failed to find error inject entry at 000000000f284f99
[    1.853399] Failed to find error inject entry at 000000000f284f99
[    1.854164] Failed to find error inject entry at 00000000b2f8bb73
[    1.854164] Failed to find error inject entry at 00000000b2f8bb73
[    1.854831] Failed to find error inject entry at 000000003c70eeba
[    1.854831] Failed to find error inject entry at 000000003c70eeba
[    1.855556] Failed to find error inject entry at 0000000031fae264
[    1.855556] Failed to find error inject entry at 0000000031fae264
[    1.856248] Failed to find error inject entry at 00000000a0eccb32
[    1.856248] Failed to find error inject entry at 00000000a0eccb32
[    1.856909] Failed to find error inject entry at 000000007b8c431f
[    1.856909] Failed to find error inject entry at 000000007b8c431f
[    1.857727] Failed to find error inject entry at 00000000e1824a51
[    1.857727] Failed to find error inject entry at 00000000e1824a51
[    1.858379] Failed to find error inject entry at 0000000039f3fddf
[    1.858379] Failed to find error inject entry at 0000000039f3fddf
[    1.859032] Failed to find error inject entry at 000000008af96e60
[    1.859032] Failed to find error inject entry at 000000008af96e60
[    1.859708] Failed to find error inject entry at 000000001ce202e7
[    1.859708] Failed to find error inject entry at 000000001ce202e7
[    1.860338] Failed to find error inject entry at 00000000a92eee2a
[    1.860338] Failed to find error inject entry at 00000000a92eee2a
[    1.860978] Failed to find error inject entry at 00000000d26c7b97
[    1.860978] Failed to find error inject entry at 00000000d26c7b97
[    1.861732] Failed to find error inject entry at 000000001d804070
[    1.861732] Failed to find error inject entry at 000000001d804070
[    1.862377] Failed to find error inject entry at 0000000033697a97
[    1.862377] Failed to find error inject entry at 0000000033697a97
[    1.863010] Failed to find error inject entry at 00000000da2204c1
[    1.863010] Failed to find error inject entry at 00000000da2204c1
[    1.863646] Failed to find error inject entry at 00000000de826c04
[    1.863646] Failed to find error inject entry at 00000000de826c04
[    1.864281] Failed to find error inject entry at 000000009248e695
[    1.864281] Failed to find error inject entry at 000000009248e695
[    1.865221] Failed to find error inject entry at 0000000078f5a6aa
[    1.865221] Failed to find error inject entry at 0000000078f5a6aa
[    1.865846] Failed to find error inject entry at 000000006835e0eb
[    1.865846] Failed to find error inject entry at 000000006835e0eb
[    1.866412] Failed to find error inject entry at 0000000060c52b61
[    1.866412] Failed to find error inject entry at 0000000060c52b61
[    1.867001] Failed to find error inject entry at 00000000c861d748
[    1.867001] Failed to find error inject entry at 00000000c861d748
[    1.867539] Failed to find error inject entry at 00000000ed6514c2
[    1.867539] Failed to find error inject entry at 00000000ed6514c2
[    1.868112] Failed to find error inject entry at 000000001bf724a4
[    1.868112] Failed to find error inject entry at 000000001bf724a4
[    1.868654] Failed to find error inject entry at 00000000616fadbf
[    1.868654] Failed to find error inject entry at 00000000616fadbf
[    1.869234] Failed to find error inject entry at 00000000f8022f30
[    1.869234] Failed to find error inject entry at 00000000f8022f30
[    1.870042] Failed to find error inject entry at 0000000097571dad
[    1.870042] Failed to find error inject entry at 0000000097571dad
[    1.870635] Failed to find error inject entry at 000000005b30e3f6
[    1.870635] Failed to find error inject entry at 000000005b30e3f6
[    1.871198] Failed to find error inject entry at 000000007df089df
[    1.871198] Failed to find error inject entry at 000000007df089df
[    1.871772] Failed to find error inject entry at 00000000c44aed3a
[    1.871772] Failed to find error inject entry at 00000000c44aed3a
[    1.872443] Failed to find error inject entry at 000000003bf078b4
[    1.872443] Failed to find error inject entry at 000000003bf078b4
[    1.873055] Failed to find error inject entry at 0000000019d01b92
[    1.873055] Failed to find error inject entry at 0000000019d01b92
[    1.873617] Failed to find error inject entry at 00000000481b0a1d
[    1.873617] Failed to find error inject entry at 00000000481b0a1d
[    1.874440] Failed to find error inject entry at 0000000015a02075
[    1.874440] Failed to find error inject entry at 0000000015a02075
[    1.875034] Failed to find error inject entry at 00000000584f54c2
[    1.875034] Failed to find error inject entry at 00000000584f54c2
[    1.875682] Failed to find error inject entry at 00000000f15e5193
[    1.875682] Failed to find error inject entry at 00000000f15e5193
[    1.876228] Failed to find error inject entry at 000000005c5a952b
[    1.876228] Failed to find error inject entry at 000000005c5a952b
[    1.876792] Failed to find error inject entry at 00000000ce5c0bbd
[    1.876792] Failed to find error inject entry at 00000000ce5c0bbd
[    1.877333] Failed to find error inject entry at 00000000378ae703
[    1.877333] Failed to find error inject entry at 00000000378ae703
[    1.878068] Failed to find error inject entry at 00000000c5e9e71d
[    1.878068] Failed to find error inject entry at 00000000c5e9e71d
[    1.878616] Failed to find error inject entry at 000000001a5d8fb5
[    1.878616] Failed to find error inject entry at 000000001a5d8fb5
[    1.879154] Failed to find error inject entry at 00000000e7db567f
[    1.879154] Failed to find error inject entry at 00000000e7db567f
[    1.879712] Failed to find error inject entry at 00000000182937df
[    1.879712] Failed to find error inject entry at 00000000182937df
[    1.880277] Failed to find error inject entry at 000000000a9cbc7f
[    1.880277] Failed to find error inject entry at 000000000a9cbc7f
[    1.881350] Failed to find error inject entry at 00000000d9484e05
[    1.881350] Failed to find error inject entry at 00000000d9484e05
[    1.882457] Failed to find error inject entry at 000000009a802352
[    1.882457] Failed to find error inject entry at 000000009a802352
[    1.883100] Failed to find error inject entry at 00000000c9f75683
[    1.883100] Failed to find error inject entry at 00000000c9f75683
[    1.883782] Failed to find error inject entry at 000000008ec65621
[    1.883782] Failed to find error inject entry at 000000008ec65621
[    1.884435] Failed to find error inject entry at 000000008d413f52
[    1.884435] Failed to find error inject entry at 000000008d413f52
[    1.885069] Failed to find error inject entry at 00000000ad4956fb
[    1.885069] Failed to find error inject entry at 00000000ad4956fb
[    1.885858] Failed to find error inject entry at 00000000417d765f
[    1.885858] Failed to find error inject entry at 00000000417d765f
[    1.886533] Failed to find error inject entry at 000000009e935bdf
[    1.886533] Failed to find error inject entry at 000000009e935bdf
[    1.887162] Failed to find error inject entry at 000000008f375ec9
[    1.887162] Failed to find error inject entry at 000000008f375ec9
[    1.887992] Failed to find error inject entry at 00000000307b035b
[    1.887992] Failed to find error inject entry at 00000000307b035b
[    1.888642] Failed to find error inject entry at 000000009a804758
[    1.888642] Failed to find error inject entry at 000000009a804758
[    1.889326] Failed to find error inject entry at 00000000b939a79f
[    1.889326] Failed to find error inject entry at 00000000b939a79f
[    1.890023] Failed to find error inject entry at 0000000074544007
[    1.890023] Failed to find error inject entry at 0000000074544007
[    1.890571] Failed to find error inject entry at 00000000c2875623
[    1.890571] Failed to find error inject entry at 00000000c2875623
[    1.891110] Failed to find error inject entry at 000000004b64db2d
[    1.891110] Failed to find error inject entry at 000000004b64db2d
[    1.891677] Failed to find error inject entry at 0000000096b4d800
[    1.891677] Failed to find error inject entry at 0000000096b4d800
[    1.892220] Failed to find error inject entry at 00000000867dca5e
[    1.892220] Failed to find error inject entry at 00000000867dca5e
[    1.892760] Failed to find error inject entry at 0000000021449f70
[    1.892760] Failed to find error inject entry at 0000000021449f70
[    1.893313] Failed to find error inject entry at 00000000cdca0c6c
[    1.893313] Failed to find error inject entry at 00000000cdca0c6c
[    1.893962] Failed to find error inject entry at 0000000031ef0c85
[    1.893962] Failed to find error inject entry at 0000000031ef0c85
[    1.894527] Failed to find error inject entry at 00000000b8dfbf58
[    1.894527] Failed to find error inject entry at 00000000b8dfbf58
[    1.895080] Failed to find error inject entry at 00000000d4080136
[    1.895080] Failed to find error inject entry at 00000000d4080136
[    1.895622] Failed to find error inject entry at 000000003ffbd7a6
[    1.895622] Failed to find error inject entry at 000000003ffbd7a6
[    1.896166] Failed to find error inject entry at 0000000001ddd3f2
[    1.896166] Failed to find error inject entry at 0000000001ddd3f2
[    1.896706] Failed to find error inject entry at 000000004f812cf2
[    1.896706] Failed to find error inject entry at 000000004f812cf2
[    1.897594] Failed to find error inject entry at 0000000027bead8e
[    1.897594] Failed to find error inject entry at 0000000027bead8e
[    1.898304] Failed to find error inject entry at 00000000699aa2d1
[    1.898304] Failed to find error inject entry at 00000000699aa2d1
[    1.898940] Failed to find error inject entry at 00000000c4ee633c
[    1.898940] Failed to find error inject entry at 00000000c4ee633c
[    1.899575] Failed to find error inject entry at 00000000a42c18a5
[    1.899575] Failed to find error inject entry at 00000000a42c18a5
[    1.900271] Failed to find error inject entry at 0000000019dad380
[    1.900271] Failed to find error inject entry at 0000000019dad380
[    1.900906] Failed to find error inject entry at 00000000c4c28088
[    1.900906] Failed to find error inject entry at 00000000c4c28088
[    1.901552] Failed to find error inject entry at 00000000315b7937
[    1.901552] Failed to find error inject entry at 00000000315b7937
[    1.902361] Failed to find error inject entry at 0000000089eaf9c0
[    1.902361] Failed to find error inject entry at 0000000089eaf9c0
[    1.902907] Failed to find error inject entry at 00000000121efe05
[    1.902907] Failed to find error inject entry at 00000000121efe05
[    1.903449] Failed to find error inject entry at 0000000026ff5936
[    1.903449] Failed to find error inject entry at 0000000026ff5936
[    1.903988] Failed to find error inject entry at 000000006cef1490
[    1.903988] Failed to find error inject entry at 000000006cef1490
[    1.904527] Failed to find error inject entry at 00000000e36f4e98
[    1.904527] Failed to find error inject entry at 00000000e36f4e98
[    1.905075] Failed to find error inject entry at 00000000a3e168bd
[    1.905075] Failed to find error inject entry at 00000000a3e168bd
[    1.905619] Failed to find error inject entry at 000000007d636145
[    1.905619] Failed to find error inject entry at 000000007d636145
[    1.906496] Failed to find error inject entry at 00000000f6068541
[    1.906496] Failed to find error inject entry at 00000000f6068541
[    1.907179] Failed to find error inject entry at 00000000f53a6c39
[    1.907179] Failed to find error inject entry at 00000000f53a6c39
[    1.907836] Failed to find error inject entry at 0000000077b916b5
[    1.907836] Failed to find error inject entry at 0000000077b916b5
[    1.908422] Failed to find error inject entry at 000000007f0991b0
[    1.908422] Failed to find error inject entry at 000000007f0991b0
[    1.909185] Failed to find error inject entry at 00000000c49db078
[    1.909185] Failed to find error inject entry at 00000000c49db078
[    1.909730] Failed to find error inject entry at 000000006710e928
[    1.909730] Failed to find error inject entry at 000000006710e928
[    1.910288] Failed to find error inject entry at 00000000b4f983c8
[    1.910288] Failed to find error inject entry at 00000000b4f983c8
[    1.910824] Failed to find error inject entry at 000000000913f814
[    1.910824] Failed to find error inject entry at 000000000913f814
[    1.911366] Failed to find error inject entry at 000000000644ead5
[    1.911366] Failed to find error inject entry at 000000000644ead5
[    1.911926] Failed to find error inject entry at 00000000ae9fbe4a
[    1.911926] Failed to find error inject entry at 00000000ae9fbe4a
[    1.912475] Failed to find error inject entry at 00000000c023ae18
[    1.912475] Failed to find error inject entry at 00000000c023ae18
[    1.913040] Failed to find error inject entry at 00000000234a4539
[    1.913040] Failed to find error inject entry at 00000000234a4539
[    1.913617] Failed to find error inject entry at 00000000f1564231
[    1.913617] Failed to find error inject entry at 00000000f1564231
[    1.914542] Failed to find error inject entry at 0000000061969efc
[    1.914542] Failed to find error inject entry at 0000000061969efc
[    1.915110] Failed to find error inject entry at 000000003e828e13
[    1.915110] Failed to find error inject entry at 000000003e828e13
[    1.915654] Failed to find error inject entry at 00000000a0f6f9d5
[    1.915654] Failed to find error inject entry at 00000000a0f6f9d5
[    1.916210] Failed to find error inject entry at 00000000d3b8835b
[    1.916210] Failed to find error inject entry at 00000000d3b8835b
[    1.916986] Failed to find error inject entry at 000000004084a6c5
[    1.916986] Failed to find error inject entry at 000000004084a6c5
[    1.917527] Failed to find error inject entry at 00000000f391a824
[    1.917527] Failed to find error inject entry at 00000000f391a824
[    1.918104] Failed to find error inject entry at 00000000711fa71d
[    1.918104] Failed to find error inject entry at 00000000711fa71d
[    1.918636] Failed to find error inject entry at 00000000d5440039
[    1.918636] Failed to find error inject entry at 00000000d5440039
[    1.919249] Failed to find error inject entry at 00000000358bff38
[    1.919249] Failed to find error inject entry at 00000000358bff38
[    1.919807] Failed to find error inject entry at 000000007fff9b5c
[    1.919807] Failed to find error inject entry at 000000007fff9b5c
[    1.920343] Failed to find error inject entry at 00000000eb1c29d4
[    1.920343] Failed to find error inject entry at 00000000eb1c29d4
[    1.920900] Failed to find error inject entry at 000000002370b92f
[    1.920900] Failed to find error inject entry at 000000002370b92f
[    1.921437] Failed to find error inject entry at 000000003455074e
[    1.921437] Failed to find error inject entry at 000000003455074e
[    1.922367] Failed to find error inject entry at 0000000037231d77
[    1.922367] Failed to find error inject entry at 0000000037231d77
[    1.922926] Failed to find error inject entry at 000000005460a138
[    1.922926] Failed to find error inject entry at 000000005460a138
[    1.923698] Failed to find error inject entry at 0000000065dafe03
[    1.923698] Failed to find error inject entry at 0000000065dafe03
[    1.924233] Failed to find error inject entry at 000000008bfee5d7
[    1.924233] Failed to find error inject entry at 000000008bfee5d7
[    1.924790] Failed to find error inject entry at 000000008d7e1397
[    1.924790] Failed to find error inject entry at 000000008d7e1397
[    1.925326] Failed to find error inject entry at 0000000072ce2e63
[    1.925326] Failed to find error inject entry at 0000000072ce2e63
[    1.926018] Failed to find error inject entry at 00000000be06bfbd
[    1.926018] Failed to find error inject entry at 00000000be06bfbd
[    1.926597] Failed to find error inject entry at 00000000f631f00e
[    1.926597] Failed to find error inject entry at 00000000f631f00e
[    1.927135] Failed to find error inject entry at 00000000ffa02214
[    1.927135] Failed to find error inject entry at 00000000ffa02214
[    1.927681] Failed to find error inject entry at 00000000492dfe8c
[    1.927681] Failed to find error inject entry at 00000000492dfe8c
[    1.928222] Failed to find error inject entry at 0000000010f5ec53
[    1.928222] Failed to find error inject entry at 0000000010f5ec53
[    1.928783] Failed to find error inject entry at 00000000a10e18b8
[    1.928783] Failed to find error inject entry at 00000000a10e18b8
[    1.929321] Failed to find error inject entry at 0000000014366356
[    1.929321] Failed to find error inject entry at 0000000014366356
[    1.929984] Failed to find error inject entry at 000000009138ab2a
[    1.929984] Failed to find error inject entry at 000000009138ab2a
[    1.930644] Failed to find error inject entry at 000000007cf4bf45
[    1.930644] Failed to find error inject entry at 000000007cf4bf45
[    1.931179] Failed to find error inject entry at 000000007252f530
[    1.931179] Failed to find error inject entry at 000000007252f530
[    1.931749] Failed to find error inject entry at 00000000a486a6f1
[    1.931749] Failed to find error inject entry at 00000000a486a6f1
[    1.932280] Failed to find error inject entry at 00000000d5e0b318
[    1.932280] Failed to find error inject entry at 00000000d5e0b318
[    1.932830] Failed to find error inject entry at 000000007eeb016f
[    1.932830] Failed to find error inject entry at 000000007eeb016f
[    1.933519] Failed to find error inject entry at 00000000a43140c9
[    1.933519] Failed to find error inject entry at 00000000a43140c9
[    1.934066] Failed to find error inject entry at 000000001efcc7ec
[    1.934066] Failed to find error inject entry at 000000001efcc7ec
[    1.934620] Failed to find error inject entry at 00000000ed700130
[    1.934620] Failed to find error inject entry at 00000000ed700130
[    1.935157] Failed to find error inject entry at 00000000d077294a
[    1.935157] Failed to find error inject entry at 00000000d077294a
[    1.935697] Failed to find error inject entry at 00000000f6080a80
[    1.935697] Failed to find error inject entry at 00000000f6080a80
[    1.936238] Failed to find error inject entry at 00000000d7083de7
[    1.936238] Failed to find error inject entry at 00000000d7083de7
[    1.936787] Failed to find error inject entry at 0000000063526fd1
[    1.936787] Failed to find error inject entry at 0000000063526fd1
[    1.937458] Failed to find error inject entry at 00000000e6877239
[    1.937458] Failed to find error inject entry at 00000000e6877239
[    1.938005] Failed to find error inject entry at 000000002103b7ce
[    1.938005] Failed to find error inject entry at 000000002103b7ce
[    1.938570] Failed to find error inject entry at 0000000084823314
[    1.938570] Failed to find error inject entry at 0000000084823314
[    1.939106] Failed to find error inject entry at 000000006e2243b4
[    1.939106] Failed to find error inject entry at 000000006e2243b4
[    1.939673] Failed to find error inject entry at 00000000f0afda08
[    1.939673] Failed to find error inject entry at 00000000f0afda08
[    1.940246] Failed to find error inject entry at 000000004a63d533
[    1.940246] Failed to find error inject entry at 000000004a63d533
[    1.940788] Failed to find error inject entry at 000000006de9f15b
[    1.940788] Failed to find error inject entry at 000000006de9f15b
[    1.941547] Failed to find error inject entry at 0000000060ecc0d9
[    1.941547] Failed to find error inject entry at 0000000060ecc0d9
[    1.942090] Failed to find error inject entry at 000000004e4222d7
[    1.942090] Failed to find error inject entry at 000000004e4222d7
[    1.942945] Failed to find error inject entry at 00000000757268ce
[    1.942945] Failed to find error inject entry at 00000000757268ce
[    1.943506] Failed to find error inject entry at 00000000fb82b940
[    1.943506] Failed to find error inject entry at 00000000fb82b940
[    1.944044] Failed to find error inject entry at 00000000ecdc49ae
[    1.944044] Failed to find error inject entry at 00000000ecdc49ae
[    1.944592] Failed to find error inject entry at 000000000762279b
[    1.944592] Failed to find error inject entry at 000000000762279b
[    1.945266] Failed to find error inject entry at 00000000ec24728a
[    1.945266] Failed to find error inject entry at 00000000ec24728a
[    1.945805] Failed to find error inject entry at 000000000eb3dfc5
[    1.945805] Failed to find error inject entry at 000000000eb3dfc5
[    1.946368] Failed to find error inject entry at 00000000bf9737eb
[    1.946368] Failed to find error inject entry at 00000000bf9737eb
[    1.946926] Failed to find error inject entry at 0000000029bc0538
[    1.946926] Failed to find error inject entry at 0000000029bc0538
[    1.947686] Failed to find error inject entry at 00000000ad43daf4
[    1.947686] Failed to find error inject entry at 00000000ad43daf4
[    1.948389] Failed to find error inject entry at 00000000f408d072
[    1.948389] Failed to find error inject entry at 00000000f408d072
[    1.948933] Failed to find error inject entry at 000000007dd4c8ae
[    1.948933] Failed to find error inject entry at 000000007dd4c8ae
[    1.949480] Failed to find error inject entry at 00000000ac6f0495
[    1.949480] Failed to find error inject entry at 00000000ac6f0495
[    1.950030] Failed to find error inject entry at 00000000bf9f571c
[    1.950030] Failed to find error inject entry at 00000000bf9f571c
[    1.951961] Failed to find error inject entry at 00000000e712d138
[    1.951961] Failed to find error inject entry at 00000000e712d138
[    1.952539] Failed to find error inject entry at 00000000f3bdb535
[    1.952539] Failed to find error inject entry at 00000000f3bdb535
[    1.953296] Failed to find error inject entry at 00000000a6a310b7
[    1.953296] Failed to find error inject entry at 00000000a6a310b7
[    1.953851] Failed to find error inject entry at 0000000085451d2d
[    1.953851] Failed to find error inject entry at 0000000085451d2d
[    1.954397] Failed to find error inject entry at 00000000b9a0c0ec
[    1.954397] Failed to find error inject entry at 00000000b9a0c0ec
[    1.954957] Failed to find error inject entry at 000000007d895a3d
[    1.954957] Failed to find error inject entry at 000000007d895a3d
[    1.955562] Failed to find error inject entry at 00000000a6402ba7
[    1.955562] Failed to find error inject entry at 00000000a6402ba7
[    1.956315] Failed to find error inject entry at 00000000680d61b1
[    1.956315] Failed to find error inject entry at 00000000680d61b1
[    1.956918] Failed to find error inject entry at 000000007aff4d62
[    1.956918] Failed to find error inject entry at 000000007aff4d62
[    1.957468] Failed to find error inject entry at 00000000caa90534
[    1.957468] Failed to find error inject entry at 00000000caa90534
[    1.958209] Failed to find error inject entry at 000000009ae885eb
[    1.958209] Failed to find error inject entry at 000000009ae885eb
[    1.958792] Failed to find error inject entry at 0000000066c40914
[    1.958792] Failed to find error inject entry at 0000000066c40914
[    1.959328] Failed to find error inject entry at 0000000056ad1be7
[    1.959328] Failed to find error inject entry at 0000000056ad1be7
[    1.959882] Failed to find error inject entry at 00000000683b533c
[    1.959882] Failed to find error inject entry at 00000000683b533c
[    1.960419] Failed to find error inject entry at 000000002fe55d5e
[    1.960419] Failed to find error inject entry at 000000002fe55d5e
[    1.960986] Failed to find error inject entry at 00000000901a84e0
[    1.960986] Failed to find error inject entry at 00000000901a84e0
[    1.961524] Failed to find error inject entry at 0000000085568051
[    1.961524] Failed to find error inject entry at 0000000085568051
[    1.962197] Failed to find error inject entry at 00000000dd8d1c33
[    1.962197] Failed to find error inject entry at 00000000dd8d1c33
[    1.962778] Failed to find error inject entry at 0000000092fdae87
[    1.962778] Failed to find error inject entry at 0000000092fdae87
[    1.963315] Failed to find error inject entry at 00000000a1bcae53
[    1.963315] Failed to find error inject entry at 00000000a1bcae53
[    1.963908] Failed to find error inject entry at 00000000f76734b3
[    1.963908] Failed to find error inject entry at 00000000f76734b3
[    1.964454] Failed to find error inject entry at 000000009de9785e
[    1.964454] Failed to find error inject entry at 000000009de9785e
[    1.965042] Failed to find error inject entry at 00000000817dd23e
[    1.965042] Failed to find error inject entry at 00000000817dd23e
[    1.965872] Failed to find error inject entry at 00000000db5f67c7
[    1.965872] Failed to find error inject entry at 00000000db5f67c7
[    1.966434] Failed to find error inject entry at 00000000a295b4c2
[    1.966434] Failed to find error inject entry at 00000000a295b4c2
[    1.966998] Failed to find error inject entry at 00000000330330d5
[    1.966998] Failed to find error inject entry at 00000000330330d5
[    1.967541] Failed to find error inject entry at 000000009334cfc7
[    1.967541] Failed to find error inject entry at 000000009334cfc7
[    1.968082] Failed to find error inject entry at 00000000741587f3
[    1.968082] Failed to find error inject entry at 00000000741587f3
[    1.968641] Failed to find error inject entry at 0000000000a4bc55
[    1.968641] Failed to find error inject entry at 0000000000a4bc55
[    1.969185] Failed to find error inject entry at 0000000030ea75ff
[    1.969185] Failed to find error inject entry at 0000000030ea75ff
[    1.969827] Failed to find error inject entry at 00000000ebab71f4
[    1.969827] Failed to find error inject entry at 00000000ebab71f4
[    1.970375] Failed to find error inject entry at 00000000c8359cd7
[    1.970375] Failed to find error inject entry at 00000000c8359cd7
[    1.970933] Failed to find error inject entry at 000000000ba01a69
[    1.970933] Failed to find error inject entry at 000000000ba01a69
[    1.971474] Failed to find error inject entry at 000000009d5b9ccc
[    1.971474] Failed to find error inject entry at 000000009d5b9ccc
[    1.972039] Failed to find error inject entry at 00000000e6021aa6
[    1.972039] Failed to find error inject entry at 00000000e6021aa6
[    1.972654] Failed to find error inject entry at 000000002e8a2302
[    1.972654] Failed to find error inject entry at 000000002e8a2302
[    1.973203] Failed to find error inject entry at 00000000f86ce630
[    1.973203] Failed to find error inject entry at 00000000f86ce630
[    1.973923] Failed to find error inject entry at 0000000071410a85
[    1.973923] Failed to find error inject entry at 0000000071410a85
[    1.974496] Failed to find error inject entry at 000000001d1cbfa4
[    1.974496] Failed to find error inject entry at 000000001d1cbfa4
[    1.975068] Failed to find error inject entry at 000000001e1682c4
[    1.975068] Failed to find error inject entry at 000000001e1682c4
[    1.975611] Failed to find error inject entry at 00000000ff093a15
[    1.975611] Failed to find error inject entry at 00000000ff093a15
[    1.976172] Failed to find error inject entry at 0000000082b7bd6f
[    1.976172] Failed to find error inject entry at 0000000082b7bd6f
[    1.976708] Failed to find error inject entry at 00000000dedef4c4
[    1.976708] Failed to find error inject entry at 00000000dedef4c4
[    1.977300] Failed to find error inject entry at 00000000dd2c924f
[    1.977300] Failed to find error inject entry at 00000000dd2c924f
[    1.978080] Failed to find error inject entry at 000000001b2ed07d
[    1.978080] Failed to find error inject entry at 000000001b2ed07d
[    1.978664] Failed to find error inject entry at 00000000c069a42c
[    1.978664] Failed to find error inject entry at 00000000c069a42c
[    1.979207] Failed to find error inject entry at 00000000bec7f28f
[    1.979207] Failed to find error inject entry at 00000000bec7f28f
[    1.979743] Failed to find error inject entry at 00000000ea2442fa
[    1.979743] Failed to find error inject entry at 00000000ea2442fa
[    1.980374] Failed to find error inject entry at 00000000a9be2877
[    1.980374] Failed to find error inject entry at 00000000a9be2877
[    1.981059] Failed to find error inject entry at 000000003d7a090d
[    1.981059] Failed to find error inject entry at 000000003d7a090d
[    1.981686] Failed to find error inject entry at 00000000404a2de6
[    1.981686] Failed to find error inject entry at 00000000404a2de6
[    1.982499] Failed to find error inject entry at 00000000f439daf0
[    1.982499] Failed to find error inject entry at 00000000f439daf0
[    1.983105] Failed to find error inject entry at 000000007fe2f7a7
[    1.983105] Failed to find error inject entry at 000000007fe2f7a7
[    1.983654] Failed to find error inject entry at 00000000fd1b0cef
[    1.983654] Failed to find error inject entry at 00000000fd1b0cef
[    1.984270] Failed to find error inject entry at 00000000b95cc3f4
[    1.984270] Failed to find error inject entry at 00000000b95cc3f4
[    1.984812] Failed to find error inject entry at 00000000ea06ff95
[    1.984812] Failed to find error inject entry at 00000000ea06ff95
[    1.985361] Failed to find error inject entry at 00000000068be1d0
[    1.985361] Failed to find error inject entry at 00000000068be1d0
[    1.985903] Failed to find error inject entry at 000000009fc6d387
[    1.985903] Failed to find error inject entry at 000000009fc6d387
[    1.986565] Failed to find error inject entry at 00000000f6276522
[    1.986565] Failed to find error inject entry at 00000000f6276522
[    1.987106] Failed to find error inject entry at 0000000004240187
[    1.987106] Failed to find error inject entry at 0000000004240187
[    1.987672] Failed to find error inject entry at 0000000053e47ac4
[    1.987672] Failed to find error inject entry at 0000000053e47ac4
[    1.988217] Failed to find error inject entry at 00000000cbfeb73a
[    1.988217] Failed to find error inject entry at 00000000cbfeb73a
[    1.988778] Failed to find error inject entry at 00000000b01c94ea
[    1.988778] Failed to find error inject entry at 00000000b01c94ea
[    1.989760] Failed to find error inject entry at 000000008ec89852
[    1.989760] Failed to find error inject entry at 000000008ec89852
[    1.990358] Failed to find error inject entry at 000000006f7606ea
[    1.990358] Failed to find error inject entry at 000000006f7606ea
[    1.990905] Failed to find error inject entry at 00000000f72b9dad
[    1.990905] Failed to find error inject entry at 00000000f72b9dad
[    1.991463] Failed to find error inject entry at 0000000048d14f46
[    1.991463] Failed to find error inject entry at 0000000048d14f46
[    1.992019] Failed to find error inject entry at 00000000ff7c5ad7
[    1.992019] Failed to find error inject entry at 00000000ff7c5ad7
[    1.992581] Failed to find error inject entry at 00000000290f788c
[    1.992581] Failed to find error inject entry at 00000000290f788c
[    1.993387] Failed to find error inject entry at 00000000bf96e0c0
[    1.993387] Failed to find error inject entry at 00000000bf96e0c0
[    1.993960] Failed to find error inject entry at 00000000676c80c1
[    1.993960] Failed to find error inject entry at 00000000676c80c1
[    1.994506] Failed to find error inject entry at 0000000004010611
[    1.994506] Failed to find error inject entry at 0000000004010611
[    1.995053] Failed to find error inject entry at 00000000d1e1a42d
[    1.995053] Failed to find error inject entry at 00000000d1e1a42d
[    1.995599] Failed to find error inject entry at 00000000d3dea25c
[    1.995599] Failed to find error inject entry at 00000000d3dea25c
[    1.996200] Failed to find error inject entry at 000000007b5be758
[    1.996200] Failed to find error inject entry at 000000007b5be758
[    1.996743] Failed to find error inject entry at 000000003fbbfe1c
[    1.996743] Failed to find error inject entry at 000000003fbbfe1c
[    1.997537] Failed to find error inject entry at 00000000e5803258
[    1.997537] Failed to find error inject entry at 00000000e5803258
[    1.998695] Failed to find error inject entry at 00000000e27fa1e9
[    1.998695] Failed to find error inject entry at 00000000e27fa1e9
[    1.999263] Failed to find error inject entry at 000000008248285a
[    1.999263] Failed to find error inject entry at 000000008248285a
[    1.999807] Failed to find error inject entry at 00000000b14d8251
[    1.999807] Failed to find error inject entry at 00000000b14d8251
[    2.000351] Failed to find error inject entry at 000000007bcc8602
[    2.000351] Failed to find error inject entry at 000000007bcc8602
[    2.000910] Failed to find error inject entry at 00000000c5c54e9e
[    2.000910] Failed to find error inject entry at 00000000c5c54e9e
[    2.001459] Failed to find error inject entry at 000000008aabd9e8
[    2.001459] Failed to find error inject entry at 000000008aabd9e8
[    2.002103] Failed to find error inject entry at 00000000cff8e8e4
[    2.002103] Failed to find error inject entry at 00000000cff8e8e4
[    2.002650] Failed to find error inject entry at 0000000050573d52
[    2.002650] Failed to find error inject entry at 0000000050573d52
[    2.003204] Failed to find error inject entry at 00000000ed006c5b
[    2.003204] Failed to find error inject entry at 00000000ed006c5b
[    2.003753] Failed to find error inject entry at 000000009852a6ab
[    2.003753] Failed to find error inject entry at 000000009852a6ab
[    2.004310] Failed to find error inject entry at 00000000fd68cf8c
[    2.004310] Failed to find error inject entry at 00000000fd68cf8c
[    2.004883] Failed to find error inject entry at 0000000048d76ddc
[    2.004883] Failed to find error inject entry at 0000000048d76ddc
[    2.005489] Failed to find error inject entry at 0000000092f4a7d9
[    2.005489] Failed to find error inject entry at 0000000092f4a7d9
[    2.006223] Failed to find error inject entry at 00000000cd27aebd
[    2.006223] Failed to find error inject entry at 00000000cd27aebd
[    2.006781] Failed to find error inject entry at 00000000d20722ae
[    2.006781] Failed to find error inject entry at 00000000d20722ae
[    2.007332] Failed to find error inject entry at 000000007d9159bb
[    2.007332] Failed to find error inject entry at 000000007d9159bb
[    2.007893] Failed to find error inject entry at 00000000c9044d68
[    2.007893] Failed to find error inject entry at 00000000c9044d68
[    2.008498] Failed to find error inject entry at 0000000087dc6261
[    2.008498] Failed to find error inject entry at 0000000087dc6261
[    2.009482] Failed to find error inject entry at 00000000d8248c24
[    2.009482] Failed to find error inject entry at 00000000d8248c24
[    2.010300] Failed to find error inject entry at 000000004a0c6541
[    2.010300] Failed to find error inject entry at 000000004a0c6541
[    2.010888] Failed to find error inject entry at 00000000fd5ab6e9
[    2.010888] Failed to find error inject entry at 00000000fd5ab6e9
[    2.011440] Failed to find error inject entry at 000000002c0fdfca
[    2.011440] Failed to find error inject entry at 000000002c0fdfca
[    2.012031] Failed to find error inject entry at 000000000983738c
[    2.012031] Failed to find error inject entry at 000000000983738c
[    2.012613] Failed to find error inject entry at 00000000526c6b79
[    2.012613] Failed to find error inject entry at 00000000526c6b79
[    2.013155] Failed to find error inject entry at 0000000071b30045
[    2.013155] Failed to find error inject entry at 0000000071b30045
[    2.014386] Failed to find error inject entry at 0000000053ef37b9
[    2.014386] Failed to find error inject entry at 0000000053ef37b9
[    2.015276] Failed to find error inject entry at 00000000ee2b672a
[    2.015276] Failed to find error inject entry at 00000000ee2b672a
[    2.016150] Failed to find error inject entry at 0000000046b9a94d
[    2.016150] Failed to find error inject entry at 0000000046b9a94d
[    2.017041] Failed to find error inject entry at 0000000020ef6957
[    2.017041] Failed to find error inject entry at 0000000020ef6957
[    2.017926] Failed to find error inject entry at 00000000a90d3142
[    2.017926] Failed to find error inject entry at 00000000a90d3142
[    2.018508] Failed to find error inject entry at 00000000ffec7ca1
[    2.018508] Failed to find error inject entry at 00000000ffec7ca1
[    2.019040] Failed to find error inject entry at 00000000b26557ab
[    2.019040] Failed to find error inject entry at 00000000b26557ab
[    2.019624] Failed to find error inject entry at 000000004248b990
[    2.019624] Failed to find error inject entry at 000000004248b990
[    2.020161] Failed to find error inject entry at 00000000a40d21b4
[    2.020161] Failed to find error inject entry at 00000000a40d21b4
[    2.020739] Failed to find error inject entry at 000000007303ddcd
[    2.020739] Failed to find error inject entry at 000000007303ddcd
[    2.021514] Failed to find error inject entry at 00000000e08f0d50
[    2.021514] Failed to find error inject entry at 00000000e08f0d50
[    2.022124] Failed to find error inject entry at 00000000937fd5b9
[    2.022124] Failed to find error inject entry at 00000000937fd5b9
[    2.022690] Failed to find error inject entry at 000000006370ca83
[    2.022690] Failed to find error inject entry at 000000006370ca83
[    2.023228] Failed to find error inject entry at 0000000000b976b6
[    2.023228] Failed to find error inject entry at 0000000000b976b6
[    2.023786] Failed to find error inject entry at 00000000a9d83e06
[    2.023786] Failed to find error inject entry at 00000000a9d83e06
[    2.024372] Failed to find error inject entry at 00000000c7da4e43
[    2.024372] Failed to find error inject entry at 00000000c7da4e43
[    2.024916] Failed to find error inject entry at 00000000c607e8e5
[    2.024916] Failed to find error inject entry at 00000000c607e8e5
[    2.025592] Failed to find error inject entry at 00000000b26e5a74
[    2.025592] Failed to find error inject entry at 00000000b26e5a74
[    2.026133] Failed to find error inject entry at 000000005efbcff6
[    2.026133] Failed to find error inject entry at 000000005efbcff6
[    2.026716] Failed to find error inject entry at 00000000112d6aa0
[    2.026716] Failed to find error inject entry at 00000000112d6aa0
[    2.027261] Failed to find error inject entry at 00000000c3ada283
[    2.027261] Failed to find error inject entry at 00000000c3ada283
[    2.027821] Failed to find error inject entry at 000000008531d56d
[    2.027821] Failed to find error inject entry at 000000008531d56d
[    2.028369] Failed to find error inject entry at 00000000eeccab50
[    2.028369] Failed to find error inject entry at 00000000eeccab50
[    2.029023] Failed to find error inject entry at 000000008686b53e
[    2.029023] Failed to find error inject entry at 000000008686b53e
[    2.029628] Failed to find error inject entry at 0000000072b861c0
[    2.029628] Failed to find error inject entry at 0000000072b861c0
[    2.030170] Failed to find error inject entry at 00000000500b423b
[    2.030170] Failed to find error inject entry at 00000000500b423b
[    2.030734] Failed to find error inject entry at 00000000206227b2
[    2.030734] Failed to find error inject entry at 00000000206227b2
[    2.031324] Failed to find error inject entry at 0000000022e2a2e1
[    2.031324] Failed to find error inject entry at 0000000022e2a2e1
[    2.031887] Failed to find error inject entry at 000000004fba3643
[    2.031887] Failed to find error inject entry at 000000004fba3643
[    2.032462] Failed to find error inject entry at 0000000096982376
[    2.032462] Failed to find error inject entry at 0000000096982376
[    2.033021] Failed to find error inject entry at 00000000bbb05aa6
[    2.033021] Failed to find error inject entry at 00000000bbb05aa6
[    2.033722] Failed to find error inject entry at 00000000882edd30
[    2.033722] Failed to find error inject entry at 00000000882edd30
[    2.034287] Failed to find error inject entry at 000000009e0e69ff
[    2.034287] Failed to find error inject entry at 000000009e0e69ff
[    2.034833] Failed to find error inject entry at 000000001dae98ac
[    2.034833] Failed to find error inject entry at 000000001dae98ac
[    2.035396] Failed to find error inject entry at 000000003e0aea5d
[    2.035396] Failed to find error inject entry at 000000003e0aea5d
[    2.035977] Failed to find error inject entry at 00000000e16c72e0
[    2.035977] Failed to find error inject entry at 00000000e16c72e0
[    2.036530] Failed to find error inject entry at 000000006a9bbae8
[    2.036530] Failed to find error inject entry at 000000006a9bbae8
[    2.037207] Failed to find error inject entry at 0000000076ec2a0b
[    2.037207] Failed to find error inject entry at 0000000076ec2a0b
[    2.037779] Failed to find error inject entry at 000000006e8e76ee
[    2.037779] Failed to find error inject entry at 000000006e8e76ee
[    2.038332] Failed to find error inject entry at 000000006929aca0
[    2.038332] Failed to find error inject entry at 000000006929aca0
[    2.038946] Failed to find error inject entry at 00000000b29fa67a
[    2.038946] Failed to find error inject entry at 00000000b29fa67a
[    2.039524] Failed to find error inject entry at 000000000e887631
[    2.039524] Failed to find error inject entry at 000000000e887631
[    2.040055] Failed to find error inject entry at 000000003e4ece89
[    2.040055] Failed to find error inject entry at 000000003e4ece89
[    2.040628] Failed to find error inject entry at 00000000135bf503
[    2.040628] Failed to find error inject entry at 00000000135bf503
[    2.041452] Failed to find error inject entry at 00000000f88ddb1a
[    2.041452] Failed to find error inject entry at 00000000f88ddb1a
[    2.041998] Failed to find error inject entry at 000000007211ce94
[    2.041998] Failed to find error inject entry at 000000007211ce94
[    2.042555] Failed to find error inject entry at 000000002387aa39
[    2.042555] Failed to find error inject entry at 000000002387aa39
[    2.043097] Failed to find error inject entry at 000000008057103f
[    2.043097] Failed to find error inject entry at 000000008057103f
[    2.043632] Failed to find error inject entry at 00000000ac75c7f8
[    2.043632] Failed to find error inject entry at 00000000ac75c7f8
[    2.044183] Failed to find error inject entry at 00000000822c0288
[    2.044183] Failed to find error inject entry at 00000000822c0288
[    2.044720] Failed to find error inject entry at 000000005abca701
[    2.044720] Failed to find error inject entry at 000000005abca701
[    2.045412] Failed to find error inject entry at 000000004cfd5ce0
[    2.045412] Failed to find error inject entry at 000000004cfd5ce0
[    2.046030] Failed to find error inject entry at 00000000c1c69cf6
[    2.046030] Failed to find error inject entry at 00000000c1c69cf6
[    2.046565] Failed to find error inject entry at 00000000100e8968
[    2.046565] Failed to find error inject entry at 00000000100e8968
[    2.047126] Failed to find error inject entry at 0000000072e000f1
[    2.047126] Failed to find error inject entry at 0000000072e000f1
[    2.047662] Failed to find error inject entry at 00000000e81cdc5c
[    2.047662] Failed to find error inject entry at 00000000e81cdc5c
[    2.048221] Failed to find error inject entry at 000000000d074e64
[    2.048221] Failed to find error inject entry at 000000000d074e64
[    2.048756] Failed to find error inject entry at 00000000e02ebd6c
[    2.048756] Failed to find error inject entry at 00000000e02ebd6c
[    2.049299] Failed to find error inject entry at 0000000051cf7b3a
[    2.049299] Failed to find error inject entry at 0000000051cf7b3a
[    2.049973] Failed to find error inject entry at 000000003513c9da
[    2.049973] Failed to find error inject entry at 000000003513c9da
[    2.050516] Failed to find error inject entry at 00000000230496a1
[    2.050516] Failed to find error inject entry at 00000000230496a1
[    2.051102] Failed to find error inject entry at 0000000060996f23
[    2.051102] Failed to find error inject entry at 0000000060996f23
[    2.051646] Failed to find error inject entry at 00000000c1ccbfed
[    2.051646] Failed to find error inject entry at 00000000c1ccbfed
[    2.052207] Failed to find error inject entry at 000000008cb27f80
[    2.052207] Failed to find error inject entry at 000000008cb27f80
[    2.052770] Failed to find error inject entry at 00000000aff7e0f0
[    2.052770] Failed to find error inject entry at 00000000aff7e0f0
[    2.053314] Failed to find error inject entry at 000000007db4a60f
[    2.053314] Failed to find error inject entry at 000000007db4a60f
[    2.053994] Failed to find error inject entry at 000000009d8b1bf1
[    2.053994] Failed to find error inject entry at 000000009d8b1bf1
[    2.054537] Failed to find error inject entry at 00000000c97544a9
[    2.054537] Failed to find error inject entry at 00000000c97544a9
[    2.055175] Failed to find error inject entry at 00000000754dc836
[    2.055175] Failed to find error inject entry at 00000000754dc836
[    2.055789] Failed to find error inject entry at 0000000099eef1a5
[    2.055789] Failed to find error inject entry at 0000000099eef1a5
[    2.056322] Failed to find error inject entry at 0000000005b10f1f
[    2.056322] Failed to find error inject entry at 0000000005b10f1f
[    2.056921] Failed to find error inject entry at 00000000523cc127
[    2.056921] Failed to find error inject entry at 00000000523cc127
[    2.057454] Failed to find error inject entry at 0000000081b3b92b
[    2.057454] Failed to find error inject entry at 0000000081b3b92b
[    2.058143] Failed to find error inject entry at 00000000038a7e63
[    2.058143] Failed to find error inject entry at 00000000038a7e63
[    2.058704] Failed to find error inject entry at 000000002e65ca67
[    2.058704] Failed to find error inject entry at 000000002e65ca67
[    2.059240] Failed to find error inject entry at 00000000249751c2
[    2.059240] Failed to find error inject entry at 00000000249751c2
[    2.059809] Failed to find error inject entry at 00000000f7c56f68
[    2.059809] Failed to find error inject entry at 00000000f7c56f68
[    2.060375] Failed to find error inject entry at 00000000263b4926
[    2.060375] Failed to find error inject entry at 00000000263b4926
[    2.061133] Failed to find error inject entry at 0000000026d4774a
[    2.061133] Failed to find error inject entry at 0000000026d4774a
[    2.061733] Failed to find error inject entry at 000000007e7b8da7
[    2.061733] Failed to find error inject entry at 000000007e7b8da7
[    2.062280] Failed to find error inject entry at 00000000170eb443
[    2.062280] Failed to find error inject entry at 00000000170eb443
[    2.062830] Failed to find error inject entry at 000000007d5c53a4
[    2.062830] Failed to find error inject entry at 000000007d5c53a4
[    2.063376] Failed to find error inject entry at 000000009b877691
[    2.063376] Failed to find error inject entry at 000000009b877691
[    2.063990] Failed to find error inject entry at 000000004a0d432b
[    2.063990] Failed to find error inject entry at 000000004a0d432b
[    2.064673] Failed to find error inject entry at 00000000eb3a34d2
[    2.064673] Failed to find error inject entry at 00000000eb3a34d2
[    2.065306] Failed to find error inject entry at 000000002b130cfc
[    2.065306] Failed to find error inject entry at 000000002b130cfc
[    2.066000] Failed to find error inject entry at 000000001dfdb9da
[    2.066000] Failed to find error inject entry at 000000001dfdb9da
[    2.066566] Failed to find error inject entry at 0000000017cd41dd
[    2.066566] Failed to find error inject entry at 0000000017cd41dd
[    2.067137] Failed to find error inject entry at 000000000a2ba21d
[    2.067137] Failed to find error inject entry at 000000000a2ba21d
[    2.067700] Failed to find error inject entry at 00000000cd7df277
[    2.067700] Failed to find error inject entry at 00000000cd7df277
[    2.068265] Failed to find error inject entry at 00000000ac49fb9b
[    2.068265] Failed to find error inject entry at 00000000ac49fb9b
[    2.068827] Failed to find error inject entry at 00000000732a5671
[    2.068827] Failed to find error inject entry at 00000000732a5671
[    2.069370] Failed to find error inject entry at 00000000e8e2563e
[    2.069370] Failed to find error inject entry at 00000000e8e2563e
[    2.070046] Failed to find error inject entry at 0000000099d387ed
[    2.070046] Failed to find error inject entry at 0000000099d387ed
[    2.070604] Failed to find error inject entry at 00000000d0605c79
[    2.070604] Failed to find error inject entry at 00000000d0605c79
[    2.071188] Failed to find error inject entry at 000000002a28e561
[    2.071188] Failed to find error inject entry at 000000002a28e561
[    2.071730] Failed to find error inject entry at 00000000920033d9
[    2.071730] Failed to find error inject entry at 00000000920033d9
[    2.072312] Failed to find error inject entry at 0000000046bb07ef
[    2.072312] Failed to find error inject entry at 0000000046bb07ef
[    2.073246] Failed to find error inject entry at 0000000097dd5355
[    2.073246] Failed to find error inject entry at 0000000097dd5355
[    2.074037] Failed to find error inject entry at 00000000a6eb4c71
[    2.074037] Failed to find error inject entry at 00000000a6eb4c71
[    2.074604] Failed to find error inject entry at 000000004fcf7aea
[    2.074604] Failed to find error inject entry at 000000004fcf7aea
[    2.075161] Failed to find error inject entry at 00000000b712ede3
[    2.075161] Failed to find error inject entry at 00000000b712ede3
[    2.075703] Failed to find error inject entry at 000000007b991e67
[    2.075703] Failed to find error inject entry at 000000007b991e67
[    2.076269] Failed to find error inject entry at 00000000aa94e0f7
[    2.076269] Failed to find error inject entry at 00000000aa94e0f7
[    2.076803] Failed to find error inject entry at 0000000043b2f46a
[    2.076803] Failed to find error inject entry at 0000000043b2f46a
[    2.077702] Failed to find error inject entry at 000000009d4ff957
[    2.077702] Failed to find error inject entry at 000000009d4ff957
[    2.078427] Failed to find error inject entry at 000000009d129957
[    2.078427] Failed to find error inject entry at 000000009d129957
[    2.079178] Failed to find error inject entry at 000000005b174ef5
[    2.079178] Failed to find error inject entry at 000000005b174ef5
[    2.079837] Failed to find error inject entry at 00000000b98b5138
[    2.079837] Failed to find error inject entry at 00000000b98b5138
[    2.080590] Failed to find error inject entry at 00000000700ebb6c
[    2.080590] Failed to find error inject entry at 00000000700ebb6c
[    2.081594] Failed to find error inject entry at 000000006253f5e6
[    2.081594] Failed to find error inject entry at 000000006253f5e6
[    2.082314] Failed to find error inject entry at 0000000011972b72
[    2.082314] Failed to find error inject entry at 0000000011972b72
[    2.083047] Failed to find error inject entry at 0000000002b67b12
[    2.083047] Failed to find error inject entry at 0000000002b67b12
[    2.083605] Failed to find error inject entry at 00000000bc4a6c7e
[    2.083605] Failed to find error inject entry at 00000000bc4a6c7e
[    2.084237] Failed to find error inject entry at 0000000064ccde7b
[    2.084237] Failed to find error inject entry at 0000000064ccde7b
[    2.085011] Failed to find error inject entry at 00000000b3be188b
[    2.085011] Failed to find error inject entry at 00000000b3be188b
[    2.085574] Failed to find error inject entry at 000000006350747b
[    2.085574] Failed to find error inject entry at 000000006350747b
[    2.086152] Failed to find error inject entry at 000000003156d6e0
[    2.086152] Failed to find error inject entry at 000000003156d6e0
[    2.086713] Failed to find error inject entry at 0000000082b2102a
[    2.086713] Failed to find error inject entry at 0000000082b2102a
[    2.087315] Failed to find error inject entry at 00000000c24b0709
[    2.087315] Failed to find error inject entry at 00000000c24b0709
[    2.087926] Failed to find error inject entry at 00000000c8370d92
[    2.087926] Failed to find error inject entry at 00000000c8370d92
[    2.088930] Failed to find error inject entry at 000000005755de38
[    2.088930] Failed to find error inject entry at 000000005755de38
[    2.090408] Failed to find error inject entry at 000000007e2a3a77
[    2.090408] Failed to find error inject entry at 000000007e2a3a77
[    2.090984] Failed to find error inject entry at 0000000029988923
[    2.090984] Failed to find error inject entry at 0000000029988923
[    2.091572] Failed to find error inject entry at 0000000074c6f5eb
[    2.091572] Failed to find error inject entry at 0000000074c6f5eb
[    2.092162] Failed to find error inject entry at 00000000a276a1ea
[    2.092162] Failed to find error inject entry at 00000000a276a1ea
[    2.092742] Failed to find error inject entry at 000000009e69e179
[    2.092742] Failed to find error inject entry at 000000009e69e179
[    2.093384] Failed to find error inject entry at 00000000a15a938c
[    2.093384] Failed to find error inject entry at 00000000a15a938c
[    2.094084] Failed to find error inject entry at 00000000eced4b17
[    2.094084] Failed to find error inject entry at 00000000eced4b17
[    2.094678] Failed to find error inject entry at 000000000b86a334
[    2.094678] Failed to find error inject entry at 000000000b86a334
[    2.095250] Failed to find error inject entry at 0000000029a9e83b
[    2.095250] Failed to find error inject entry at 0000000029a9e83b
[    2.095807] Failed to find error inject entry at 00000000f02b3efb
[    2.095807] Failed to find error inject entry at 00000000f02b3efb
[    2.096347] Failed to find error inject entry at 000000002aff2efa
[    2.096347] Failed to find error inject entry at 000000002aff2efa
[    2.096918] Failed to find error inject entry at 000000007c692d48
[    2.096918] Failed to find error inject entry at 000000007c692d48
[    2.097449] Failed to find error inject entry at 00000000fdd08c23
[    2.097449] Failed to find error inject entry at 00000000fdd08c23
[    2.098125] Failed to find error inject entry at 0000000049bb4491
[    2.098125] Failed to find error inject entry at 0000000049bb4491
[    2.098679] Failed to find error inject entry at 00000000a4bd2325
[    2.098679] Failed to find error inject entry at 00000000a4bd2325
[    2.099215] Failed to find error inject entry at 0000000069847ae0
[    2.099215] Failed to find error inject entry at 0000000069847ae0
[    2.099762] Failed to find error inject entry at 00000000462ad010
[    2.099762] Failed to find error inject entry at 00000000462ad010
[    2.100314] Failed to find error inject entry at 0000000083896ef9
[    2.100314] Failed to find error inject entry at 0000000083896ef9
[    2.100852] Failed to find error inject entry at 00000000aa626607
[    2.100852] Failed to find error inject entry at 00000000aa626607
[    2.101479] Failed to find error inject entry at 00000000f1ae25b8
[    2.101479] Failed to find error inject entry at 00000000f1ae25b8
[    2.102022] Failed to find error inject entry at 00000000797e0400
[    2.102022] Failed to find error inject entry at 00000000797e0400
[    2.102582] Failed to find error inject entry at 000000006ffb0641
[    2.102582] Failed to find error inject entry at 000000006ffb0641
[    2.103114] Failed to find error inject entry at 0000000055904dec
[    2.103114] Failed to find error inject entry at 0000000055904dec
[    2.103656] Failed to find error inject entry at 0000000022b5e288
[    2.103656] Failed to find error inject entry at 0000000022b5e288
[    2.104200] Failed to find error inject entry at 00000000ea44e861
[    2.104200] Failed to find error inject entry at 00000000ea44e861
[    2.104730] Failed to find error inject entry at 000000006e74aacd
[    2.104730] Failed to find error inject entry at 000000006e74aacd
[    2.105457] Failed to find error inject entry at 00000000180306a4
[    2.105457] Failed to find error inject entry at 00000000180306a4
[    2.106045] Failed to find error inject entry at 0000000075af1946
[    2.106045] Failed to find error inject entry at 0000000075af1946
[    2.106587] Failed to find error inject entry at 000000001dc05202
[    2.106587] Failed to find error inject entry at 000000001dc05202
[    2.107128] Failed to find error inject entry at 0000000024990cfa
[    2.107128] Failed to find error inject entry at 0000000024990cfa
[    2.107666] Failed to find error inject entry at 000000009def0d01
[    2.107666] Failed to find error inject entry at 000000009def0d01
[    2.108226] Failed to find error inject entry at 0000000034580739
[    2.108226] Failed to find error inject entry at 0000000034580739
[    2.108781] Failed to find error inject entry at 00000000b997337f
[    2.108781] Failed to find error inject entry at 00000000b997337f
[    2.121065] input: gpio-keys as /devices/platform/gpio-keys/input/input0
[    2.121065] input: gpio-keys as /devices/platform/gpio-keys/input/input0
[    2.128320] cfg80211: Loading compiled-in X.509 certificates for regulatory database
[    2.128320] cfg80211: Loading compiled-in X.509 certificates for regulatory database
[    2.141673] cryptomgr_probe (107) used greatest stack depth: 14544 bytes left
[    2.141673] cryptomgr_probe (107) used greatest stack depth: 14544 bytes left
[    2.152016] cfg80211: Loaded X.509 cert 'sforshee: 00b28ddf47aef9cea7'
[    2.152016] cfg80211: Loaded X.509 cert 'sforshee: 00b28ddf47aef9cea7'
[    2.153749] cryptomgr_probe (107): highest shadow stack usage: 168 bytes
[    2.153749] cryptomgr_probe (107): highest shadow stack usage: 168 bytes
[    2.156624] platform regulatory.0: Direct firmware load for regulatory.db failed with error -2
[    2.156624] platform regulatory.0: Direct firmware load for regulatory.db failed with error -2
[    2.158604] ALSA device list:
[    2.158604] ALSA device list:
[    2.159041]   No soundcards found.
[    2.159041]   No soundcards found.
[    2.161444] platform regulatory.0: Falling back to sysfs fallback for: regulatory.db
[    2.161444] platform regulatory.0: Falling back to sysfs fallback for: regulatory.db
[    2.167501] uart-pl011 9000000.pl011: no DMA platform data
[    2.167501] uart-pl011 9000000.pl011: no DMA platform data
[    2.217650] Freeing unused kernel memory: 1216K
[    2.217650] Freeing unused kernel memory: 1216K
[    2.219471] Run /init as init process
[    2.219471] Run /init as init process
[    2.718645] init: init first stage started!
[    2.718645] init: init first stage started!
[    2.794296] init: Loading module /lib/modules/btintel.ko with args ""
[    2.794296] init: Loading module /lib/modules/btintel.ko with args ""
[    2.837086] init: Loaded kernel module /lib/modules/btintel.ko
[    2.837086] init: Loaded kernel module /lib/modules/btintel.ko
[    2.840316] init: Loading module /lib/modules/btrtl.ko with args ""
[    2.840316] init: Loading module /lib/modules/btrtl.ko with args ""
[    2.858763] init: Loaded kernel module /lib/modules/btrtl.ko
[    2.858763] init: Loaded kernel module /lib/modules/btrtl.ko
[    2.860732] init: Loading module /lib/modules/btusb.ko with args ""
[    2.860732] init: Loading module /lib/modules/btusb.ko with args ""
[    2.887680] usbcore: registered new interface driver btusb
[    2.887680] usbcore: registered new interface driver btusb
[    2.889967] init: Loaded kernel module /lib/modules/btusb.ko
[    2.889967] init: Loaded kernel module /lib/modules/btusb.ko
[    2.892506] init: Loading module /lib/modules/dummy-cpufreq.ko with args ""
[    2.892506] init: Loading module /lib/modules/dummy-cpufreq.ko with args ""
[    2.932728] init: Loaded kernel module /lib/modules/dummy-cpufreq.ko
[    2.932728] init: Loaded kernel module /lib/modules/dummy-cpufreq.ko
[    2.935670] init: Loading module /lib/modules/failover.ko with args ""
[    2.935670] init: Loading module /lib/modules/failover.ko with args ""
[    2.951047] init: Loaded kernel module /lib/modules/failover.ko
[    2.951047] init: Loaded kernel module /lib/modules/failover.ko
[    2.954292] init: Loading module /lib/modules/goldfish_address_space.ko with args ""
[    2.954292] init: Loading module /lib/modules/goldfish_address_space.ko with args ""
[    2.955893] goldfish_address_space: loading out-of-tree module taints kernel.
[    2.955893] goldfish_address_space: loading out-of-tree module taints kernel.
[    2.976461] init: Loaded kernel module /lib/modules/goldfish_address_space.ko
[    2.976461] init: Loaded kernel module /lib/modules/goldfish_address_space.ko
[    2.978939] init: Loading module /lib/modules/goldfish_battery.ko with args ""
[    2.978939] init: Loading module /lib/modules/goldfish_battery.ko with args ""
[    3.000357] init: Loaded kernel module /lib/modules/goldfish_battery.ko
[    3.000357] init: Loaded kernel module /lib/modules/goldfish_battery.ko
[    3.003618] init: Loading module /lib/modules/goldfish_pipe.ko with args ""
[    3.003618] init: Loading module /lib/modules/goldfish_pipe.ko with args ""
[    3.029309] init: Loaded kernel module /lib/modules/goldfish_pipe.ko
[    3.029309] init: Loaded kernel module /lib/modules/goldfish_pipe.ko
[    3.032582] init: Loading module /lib/modules/goldfish_sync.ko with args ""
[    3.032582] init: Loading module /lib/modules/goldfish_sync.ko with args ""
[    3.051731] init: Loaded kernel module /lib/modules/goldfish_sync.ko
[    3.051731] init: Loaded kernel module /lib/modules/goldfish_sync.ko
[    3.053429] init: Loading module /lib/modules/hci_vhci.ko with args ""
[    3.053429] init: Loading module /lib/modules/hci_vhci.ko with args ""
[    3.079944] init: Loaded kernel module /lib/modules/hci_vhci.ko
[    3.079944] init: Loaded kernel module /lib/modules/hci_vhci.ko
[    3.083616] init: Loading module /lib/modules/incrementalfs.ko with args ""
[    3.083616] init: Loading module /lib/modules/incrementalfs.ko with args ""
[    3.109163] init: Loaded kernel module /lib/modules/incrementalfs.ko
[    3.109163] init: Loaded kernel module /lib/modules/incrementalfs.ko
[    3.111536] init: Loading module /lib/modules/mac80211_hwsim.ko with args ""
[    3.111536] init: Loading module /lib/modules/mac80211_hwsim.ko with args ""
[    3.141734] mac80211_hwsim: initializing netlink
[    3.141734] mac80211_hwsim: initializing netlink
[    3.171897] init: Loaded kernel module /lib/modules/mac80211_hwsim.ko
[    3.171897] init: Loaded kernel module /lib/modules/mac80211_hwsim.ko
[    3.174266] init: Loading module /lib/modules/md-mod.ko with args ""
[    3.174266] init: Loading module /lib/modules/md-mod.ko with args ""
[    3.258455] init: Loaded kernel module /lib/modules/md-mod.ko
[    3.258455] init: Loaded kernel module /lib/modules/md-mod.ko
[    3.260037] init: Loading module /lib/modules/nd_virtio.ko with args ""
[    3.260037] init: Loading module /lib/modules/nd_virtio.ko with args ""
[    3.279380] init: Loaded kernel module /lib/modules/nd_virtio.ko
[    3.279380] init: Loaded kernel module /lib/modules/nd_virtio.ko
[    3.282071] init: Loading module /lib/modules/net_failover.ko with args ""
[    3.282071] init: Loading module /lib/modules/net_failover.ko with args ""
[    3.308505] init: Loaded kernel module /lib/modules/net_failover.ko
[    3.308505] init: Loaded kernel module /lib/modules/net_failover.ko
[    3.310963] init: Loading module /lib/modules/rtc-test.ko with args ""
[    3.310963] init: Loading module /lib/modules/rtc-test.ko with args ""
[    3.335630] rtc-test rtc-test.0: registered as rtc1
[    3.335630] rtc-test rtc-test.0: registered as rtc1
[    3.354415] rtc rtc2: invalid alarm value: 18446744073704833238-04-05T11:20:24
[    3.354415] rtc rtc2: invalid alarm value: 18446744073704833238-04-05T11:20:24
[    3.355470] rtc-test rtc-test.1: registered as rtc2
[    3.355470] rtc-test rtc-test.1: registered as rtc2
[    3.374008] rtc rtc3: invalid alarm value: 18446744073704833238-04-05T11:20:24
[    3.374008] rtc rtc3: invalid alarm value: 18446744073704833238-04-05T11:20:24
[    3.375581] rtc-test rtc-test.2: registered as rtc3
[    3.375581] rtc-test rtc-test.2: registered as rtc3
[    3.376911] init: Loaded kernel module /lib/modules/rtc-test.ko
[    3.376911] init: Loaded kernel module /lib/modules/rtc-test.ko
[    3.380268] init: Loading module /lib/modules/snd-hda-core.ko with args ""
[    3.380268] init: Loading module /lib/modules/snd-hda-core.ko with args ""
[    3.407790] init: Loaded kernel module /lib/modules/snd-hda-core.ko
[    3.407790] init: Loaded kernel module /lib/modules/snd-hda-core.ko
[    3.410102] init: Loading module /lib/modules/snd-hda-codec.ko with args ""
[    3.410102] init: Loading module /lib/modules/snd-hda-codec.ko with args ""
[    3.439147] init: Loaded kernel module /lib/modules/snd-hda-codec.ko
[    3.439147] init: Loaded kernel module /lib/modules/snd-hda-codec.ko
[    3.440651] init: Loading module /lib/modules/snd-hda-codec-generic.ko with args ""
[    3.440651] init: Loading module /lib/modules/snd-hda-codec-generic.ko with args ""
[    3.463925] init: Loaded kernel module /lib/modules/snd-hda-codec-generic.ko
[    3.463925] init: Loaded kernel module /lib/modules/snd-hda-codec-generic.ko
[    3.466232] init: Loading module /lib/modules/snd-hda-intel.ko with args ""
[    3.466232] init: Loading module /lib/modules/snd-hda-intel.ko with args ""
[    3.488771] init: Loaded kernel module /lib/modules/snd-hda-intel.ko
[    3.488771] init: Loaded kernel module /lib/modules/snd-hda-intel.ko
[    3.491353] init: Loading module /lib/modules/test_meminit.ko with args ""
[    3.491353] init: Loading module /lib/modules/test_meminit.ko with args ""
[    3.560882] test_meminit: all 10 tests in test_pages passed
[    3.560882] test_meminit: all 10 tests in test_pages passed
[    3.583694] test_meminit: all 40 tests in test_kvmalloc passed
[    3.583694] test_meminit: all 40 tests in test_kvmalloc passed
[    6.128686] test_meminit: all 70 tests in test_kmemcache passed
[    6.128686] test_meminit: all 70 tests in test_kmemcache passed
[    6.446045] test_meminit: all 10 tests in test_rcu_persistent passed
[    6.446045] test_meminit: all 10 tests in test_rcu_persistent passed
[    6.446766] test_meminit: all 130 tests passed!
[    6.446766] test_meminit: all 130 tests passed!
[    6.448262] init: Loaded kernel module /lib/modules/test_meminit.ko
[    6.448262] init: Loaded kernel module /lib/modules/test_meminit.ko
[    6.450394] init: Loading module /lib/modules/test_stackinit.ko with args ""
[    6.450394] init: Loading module /lib/modules/test_stackinit.ko with args ""
[    6.470386] test_stackinit: u8_zero ok
[    6.470386] test_stackinit: u8_zero ok
[    6.471160] test_stackinit: u16_zero ok
[    6.471160] test_stackinit: u16_zero ok
[    6.471858] test_stackinit: u32_zero ok
[    6.471858] test_stackinit: u32_zero ok
[    6.472588] test_stackinit: u64_zero ok
[    6.472588] test_stackinit: u64_zero ok
[    6.473523] test_stackinit: char_array_zero ok
[    6.473523] test_stackinit: char_array_zero ok
[    6.474326] test_stackinit: small_hole_zero ok
[    6.474326] test_stackinit: small_hole_zero ok
[    6.475071] test_stackinit: big_hole_zero ok
[    6.475071] test_stackinit: big_hole_zero ok
[    6.475808] test_stackinit: trailing_hole_zero ok
[    6.475808] test_stackinit: trailing_hole_zero ok
[    6.476629] test_stackinit: packed_zero ok
[    6.476629] test_stackinit: packed_zero ok
[    6.477371] test_stackinit: small_hole_dynamic_partial ok
[    6.477371] test_stackinit: small_hole_dynamic_partial ok
[    6.478466] test_stackinit: big_hole_dynamic_partial ok
[    6.478466] test_stackinit: big_hole_dynamic_partial ok
[    6.479310] test_stackinit: trailing_hole_dynamic_partial ok
[    6.479310] test_stackinit: trailing_hole_dynamic_partial ok
[    6.480182] test_stackinit: packed_dynamic_partial ok
[    6.480182] test_stackinit: packed_dynamic_partial ok
[    6.481066] test_stackinit: small_hole_static_partial ok
[    6.481066] test_stackinit: small_hole_static_partial ok
[    6.482252] test_stackinit: big_hole_static_partial ok
[    6.482252] test_stackinit: big_hole_static_partial ok
[    6.483081] test_stackinit: trailing_hole_static_partial ok
[    6.483081] test_stackinit: trailing_hole_static_partial ok
[    6.483942] test_stackinit: packed_static_partial ok
[    6.483942] test_stackinit: packed_static_partial ok
[    6.484794] test_stackinit: small_hole_static_all ok
[    6.484794] test_stackinit: small_hole_static_all ok
[    6.485800] test_stackinit: big_hole_static_all ok
[    6.485800] test_stackinit: big_hole_static_all ok
[    6.486582] test_stackinit: trailing_hole_static_all ok
[    6.486582] test_stackinit: trailing_hole_static_all ok
[    6.487420] test_stackinit: packed_static_all ok
[    6.487420] test_stackinit: packed_static_all ok
[    6.488211] test_stackinit: small_hole_dynamic_all ok
[    6.488211] test_stackinit: small_hole_dynamic_all ok
[    6.489104] test_stackinit: big_hole_dynamic_all ok
[    6.489104] test_stackinit: big_hole_dynamic_all ok
[    6.490579] test_stackinit: trailing_hole_dynamic_all ok
[    6.490579] test_stackinit: trailing_hole_dynamic_all ok
[    6.491557] test_stackinit: packed_dynamic_all ok
[    6.491557] test_stackinit: packed_dynamic_all ok
[    6.492349] test_stackinit: small_hole_runtime_partial ok
[    6.492349] test_stackinit: small_hole_runtime_partial ok
[    6.493250] test_stackinit: big_hole_runtime_partial ok
[    6.493250] test_stackinit: big_hole_runtime_partial ok
[    6.494270] test_stackinit: trailing_hole_runtime_partial ok
[    6.494270] test_stackinit: trailing_hole_runtime_partial ok
[    6.495128] test_stackinit: packed_runtime_partial ok
[    6.495128] test_stackinit: packed_runtime_partial ok
[    6.496016] test_stackinit: small_hole_runtime_all ok
[    6.496016] test_stackinit: small_hole_runtime_all ok
[    6.497070] test_stackinit: big_hole_runtime_all ok
[    6.497070] test_stackinit: big_hole_runtime_all ok
[    6.498064] test_stackinit: trailing_hole_runtime_all ok
[    6.498064] test_stackinit: trailing_hole_runtime_all ok
[    6.498903] test_stackinit: packed_runtime_all ok
[    6.498903] test_stackinit: packed_runtime_all ok
[    6.499651] test_stackinit: u8_none ok
[    6.499651] test_stackinit: u8_none ok
[    6.500341] test_stackinit: u16_none ok
[    6.500341] test_stackinit: u16_none ok
[    6.501094] test_stackinit: u32_none ok
[    6.501094] test_stackinit: u32_none ok
[    6.502130] test_stackinit: u64_none ok
[    6.502130] test_stackinit: u64_none ok
[    6.502852] test_stackinit: char_array_none ok
[    6.502852] test_stackinit: char_array_none ok
[    6.503629] test_stackinit: switch_1_none XFAIL (uninit bytes: 3)
[    6.503629] test_stackinit: switch_1_none XFAIL (uninit bytes: 3)
[    6.504478] test_stackinit: switch_2_none XFAIL (uninit bytes: 3)
[    6.504478] test_stackinit: switch_2_none XFAIL (uninit bytes: 3)
[    6.505777] test_stackinit: small_hole_none ok
[    6.505777] test_stackinit: small_hole_none ok
[    6.506943] test_stackinit: big_hole_none ok
[    6.506943] test_stackinit: big_hole_none ok
[    6.507946] test_stackinit: trailing_hole_none ok
[    6.507946] test_stackinit: trailing_hole_none ok
[    6.508948] test_stackinit: packed_none ok
[    6.508948] test_stackinit: packed_none ok
[    6.509699] test_stackinit: user ok
[    6.509699] test_stackinit: user ok
[    6.510077] test_stackinit: all tests passed!
[    6.510077] test_stackinit: all tests passed!
[    6.511186] init: Loaded kernel module /lib/modules/test_stackinit.ko
[    6.511186] init: Loaded kernel module /lib/modules/test_stackinit.ko
[    6.512905] init: Loading module /lib/modules/usbip-core.ko with args ""
[    6.512905] init: Loading module /lib/modules/usbip-core.ko with args ""
[    6.539300] init: Loaded kernel module /lib/modules/usbip-core.ko
[    6.539300] init: Loaded kernel module /lib/modules/usbip-core.ko
[    6.541051] init: Loading module /lib/modules/vhci-hcd.ko with args ""
[    6.541051] init: Loading module /lib/modules/vhci-hcd.ko with args ""
[    6.564416] vhci_hcd vhci_hcd.0: USB/IP Virtual Host Controller
[    6.564416] vhci_hcd vhci_hcd.0: USB/IP Virtual Host Controller
[    6.565499] vhci_hcd vhci_hcd.0: new USB bus registered, assigned bus number 2
[    6.565499] vhci_hcd vhci_hcd.0: new USB bus registered, assigned bus number 2
[    6.567440] vhci_hcd: created sysfs vhci_hcd.0
[    6.567440] vhci_hcd: created sysfs vhci_hcd.0
[    6.569588] hub 2-0:1.0: USB hub found
[    6.569588] hub 2-0:1.0: USB hub found
[    6.570438] hub 2-0:1.0: 8 ports detected
[    6.570438] hub 2-0:1.0: 8 ports detected
[    6.574715] vhci_hcd vhci_hcd.0: USB/IP Virtual Host Controller
[    6.574715] vhci_hcd vhci_hcd.0: USB/IP Virtual Host Controller
[    6.575409] vhci_hcd vhci_hcd.0: new USB bus registered, assigned bus number 3
[    6.575409] vhci_hcd vhci_hcd.0: new USB bus registered, assigned bus number 3
[    6.577047] usb usb3: We don't know the algorithms for LPM for this host, disabling LPM.
[    6.577047] usb usb3: We don't know the algorithms for LPM for this host, disabling LPM.
[    6.579253] hub 3-0:1.0: USB hub found
[    6.579253] hub 3-0:1.0: USB hub found
[    6.579866] hub 3-0:1.0: 8 ports detected
[    6.579866] hub 3-0:1.0: 8 ports detected
[    6.586941] init: Loaded kernel module /lib/modules/vhci-hcd.ko
[    6.586941] init: Loaded kernel module /lib/modules/vhci-hcd.ko
[    6.588677] init: Loading module /lib/modules/virtio-gpu.ko with args ""
[    6.588677] init: Loading module /lib/modules/virtio-gpu.ko with args ""
[    6.613789] init: Loaded kernel module /lib/modules/virtio-gpu.ko
[    6.613789] init: Loaded kernel module /lib/modules/virtio-gpu.ko
[    6.616077] init: Loading module /lib/modules/virtio-rng.ko with args ""
[    6.616077] init: Loading module /lib/modules/virtio-rng.ko with args ""
[    6.635698] init: Loaded kernel module /lib/modules/virtio-rng.ko
[    6.635698] init: Loaded kernel module /lib/modules/virtio-rng.ko
[    6.637364] init: Loading module /lib/modules/virtio_blk.ko with args ""
[    6.637364] init: Loading module /lib/modules/virtio_blk.ko with args ""
[    6.664664] init: Loaded kernel module /lib/modules/virtio_blk.ko
[    6.664664] init: Loaded kernel module /lib/modules/virtio_blk.ko
[    6.667413] init: Loading module /lib/modules/virtio_console.ko with args ""
[    6.667413] init: Loading module /lib/modules/virtio_console.ko with args ""
[    6.688335] init: Loaded kernel module /lib/modules/virtio_console.ko
[    6.688335] init: Loaded kernel module /lib/modules/virtio_console.ko
[    6.692461] init: Loading module /lib/modules/virtio_input.ko with args ""
[    6.692461] init: Loading module /lib/modules/virtio_input.ko with args ""
[    6.710821] init: Loaded kernel module /lib/modules/virtio_input.ko
[    6.710821] init: Loaded kernel module /lib/modules/virtio_input.ko
[    6.712436] init: Loading module /lib/modules/virtio_mmio.ko with args ""
[    6.712436] init: Loading module /lib/modules/virtio_mmio.ko with args ""
[    6.761880] virtio_blk virtio2: [vda] 6313984 512-byte logical blocks (3.23 GB/3.01 GiB)
[    6.761880] virtio_blk virtio2: [vda] 6313984 512-byte logical blocks (3.23 GB/3.01 GiB)
[    6.812704]  vda: vda1 vda2
[    6.812704]  vda: vda1 vda2
[    6.824273] virtio_blk virtio3: [vdb] 524288 512-byte logical blocks (268 MB/256 MiB)
[    6.824273] virtio_blk virtio3: [vdb] 524288 512-byte logical blocks (268 MB/256 MiB)
[    6.863573] virtio_blk virtio4: [vdc] 16777216 512-byte logical blocks (8.59 GB/8.00 GiB)
[    6.863573] virtio_blk virtio4: [vdc] 16777216 512-byte logical blocks (8.59 GB/8.00 GiB)
[    6.902115] virtio_blk virtio5: [vdd] 36864 512-byte logical blocks (18.9 MB/18.0 MiB)
[    6.902115] virtio_blk virtio5: [vdd] 36864 512-byte logical blocks (18.9 MB/18.0 MiB)
[    6.926495]  vdd: vdd1
[    6.926495]  vdd: vdd1
[    6.934653] virtio_blk virtio6: [vde] 174080 512-byte logical blocks (89.1 MB/85.0 MiB)
[    6.934653] virtio_blk virtio6: [vde] 174080 512-byte logical blocks (89.1 MB/85.0 MiB)
[    6.958064]  vde: vde1
[    6.958064]  vde: vde1
[    6.960607] init: Loaded kernel module /lib/modules/virtio_mmio.ko
[    6.960607] init: Loaded kernel module /lib/modules/virtio_mmio.ko
[    6.962637] init: Loading module /lib/modules/virtio_net.ko with args ""
[    6.962637] init: Loading module /lib/modules/virtio_net.ko with args ""
[    6.995807] init: Loaded kernel module /lib/modules/virtio_net.ko
[    6.995807] init: Loaded kernel module /lib/modules/virtio_net.ko
[    6.998430] init: Loading module /lib/modules/virtio_pci.ko with args ""
[    6.998430] init: Loading module /lib/modules/virtio_pci.ko with args ""
[    7.024463] init: Loaded kernel module /lib/modules/virtio_pci.ko
[    7.024463] init: Loaded kernel module /lib/modules/virtio_pci.ko
[    7.026424] init: Loading module /lib/modules/virtio_pmem.ko with args ""
[    7.026424] init: Loading module /lib/modules/virtio_pmem.ko with args ""
[    7.051203] init: Loaded kernel module /lib/modules/virtio_pmem.ko
[    7.051203] init: Loaded kernel module /lib/modules/virtio_pmem.ko
[    7.052844] init: Loading module /lib/modules/virtio_wifi.ko with args ""
[    7.052844] init: Loading module /lib/modules/virtio_wifi.ko with args ""
[    7.080619] init: Loaded kernel module /lib/modules/virtio_wifi.ko
[    7.080619] init: Loaded kernel module /lib/modules/virtio_wifi.ko
[    7.083409] init: Loading module /lib/modules/xhci-hcd.ko with args ""
[    7.083409] init: Loading module /lib/modules/xhci-hcd.ko with args ""
[    7.157142] init: Loaded kernel module /lib/modules/xhci-hcd.ko
[    7.157142] init: Loaded kernel module /lib/modules/xhci-hcd.ko
[    7.159131] init: Loading module /lib/modules/xhci-pci.ko with args ""
[    7.159131] init: Loading module /lib/modules/xhci-pci.ko with args ""
[    7.181161] init: Loaded kernel module /lib/modules/xhci-pci.ko
[    7.181161] init: Loaded kernel module /lib/modules/xhci-pci.ko
[    7.192782] init: [libfs_mgr]ReadFstabFromDt(): failed to read fstab from dt
[    7.192782] init: [libfs_mgr]ReadFstabFromDt(): failed to read fstab from dt
[    7.215638] init: Using Android DT directory /proc/device-tree/firmware/android/
[    7.215638] init: Using Android DT directory /proc/device-tree/firmware/android/
[    7.900862] init: [libfs_mgr]superblock s_max_mnt_count:65535,/dev/block/platform/a003c00.virtio_mmio/by-name/metadata
[    7.900862] init: [libfs_mgr]superblock s_max_mnt_count:65535,/dev/block/platform/a003c00.virtio_mmio/by-name/metadata
[    8.005957] EXT4-fs (vdd1): mounted filesystem with ordered data mode. Opts: 
[    8.005957] EXT4-fs (vdd1): mounted filesystem with ordered data mode. Opts: 
[    8.008242] init: [libfs_mgr]__mount(source=/dev/block/platform/a003c00.virtio_mmio/by-name/metadata,target=/metadata,type=ext4)=0: Success
[    8.008242] init: [libfs_mgr]__mount(source=/dev/block/platform/a003c00.virtio_mmio/by-name/metadata,target=/metadata,type=ext4)=0: Success
[    8.023915] init: Failed to copy /avb into /metadata/gsi/dsu/avb/: No such file or directory
[    8.023915] init: Failed to copy /avb into /metadata/gsi/dsu/avb/: No such file or directory
[    8.067789] init: [libfs_mgr]Created logical partition system on device /dev/block/dm-0
[    8.067789] init: [libfs_mgr]Created logical partition system on device /dev/block/dm-0
[    8.075270] init: [libfs_mgr]Created logical partition system_ext on device /dev/block/dm-1
[    8.075270] init: [libfs_mgr]Created logical partition system_ext on device /dev/block/dm-1
[    8.081903] init: [libfs_mgr]Created logical partition product on device /dev/block/dm-2
[    8.081903] init: [libfs_mgr]Created logical partition product on device /dev/block/dm-2
[    8.088689] init: [libfs_mgr]Created logical partition vendor on device /dev/block/dm-3
[    8.088689] init: [libfs_mgr]Created logical partition vendor on device /dev/block/dm-3
[    8.091539] init: DSU not detected, proceeding with normal boot
[    8.091539] init: DSU not detected, proceeding with normal boot
[    8.109705] init: [libfs_mgr]superblock s_max_mnt_count:65535,/dev/block/dm-0
[    8.109705] init: [libfs_mgr]superblock s_max_mnt_count:65535,/dev/block/dm-0
[    8.190715] EXT4-fs (dm-0): mounted filesystem without journal. Opts: barrier=1
[    8.190715] EXT4-fs (dm-0): mounted filesystem without journal. Opts: barrier=1
[    8.191906] init: [libfs_mgr]__mount(source=/dev/block/dm-0,target=/system,type=ext4)=0: Success
[    8.191906] init: [libfs_mgr]__mount(source=/dev/block/dm-0,target=/system,type=ext4)=0: Success
[    8.204833] init: Switching root to '/system'
[    8.204833] init: Switching root to '/system'
[    8.238228] init: [libfs_mgr]superblock s_max_mnt_count:65535,/dev/block/dm-3
[    8.238228] init: [libfs_mgr]superblock s_max_mnt_count:65535,/dev/block/dm-3
[    8.340324] EXT4-fs (dm-3): mounted filesystem without journal. Opts: barrier=1
[    8.340324] EXT4-fs (dm-3): mounted filesystem without journal. Opts: barrier=1
[    8.342842] init: [libfs_mgr]__mount(source=/dev/block/dm-3,target=/vendor,type=ext4)=0: Success
[    8.342842] init: [libfs_mgr]__mount(source=/dev/block/dm-3,target=/vendor,type=ext4)=0: Success
[    8.376770] init: [libfs_mgr]superblock s_max_mnt_count:65535,/dev/block/dm-2
[    8.376770] init: [libfs_mgr]superblock s_max_mnt_count:65535,/dev/block/dm-2
[    8.500987] EXT4-fs (dm-2): mounted filesystem without journal. Opts: barrier=1
[    8.500987] EXT4-fs (dm-2): mounted filesystem without journal. Opts: barrier=1
[    8.502904] init: [libfs_mgr]__mount(source=/dev/block/dm-2,target=/product,type=ext4)=0: Success
[    8.502904] init: [libfs_mgr]__mount(source=/dev/block/dm-2,target=/product,type=ext4)=0: Success
[    8.521048] init: [libfs_mgr]superblock s_max_mnt_count:65535,/dev/block/dm-1
[    8.521048] init: [libfs_mgr]superblock s_max_mnt_count:65535,/dev/block/dm-1
[    8.619768] EXT4-fs (dm-1): mounted filesystem without journal. Opts: barrier=1
[    8.619768] EXT4-fs (dm-1): mounted filesystem without journal. Opts: barrier=1
[    8.620999] init: [libfs_mgr]__mount(source=/dev/block/dm-1,target=/system_ext,type=ext4)=0: Success
[    8.620999] init: [libfs_mgr]__mount(source=/dev/block/dm-1,target=/system_ext,type=ext4)=0: Success
[    8.728309] init: Skipped setting INIT_AVB_VERSION (not in recovery mode)
[    8.728309] init: Skipped setting INIT_AVB_VERSION (not in recovery mode)
[    8.930854] ext4lazyinit (118) used greatest stack depth: 14064 bytes left
[    8.930854] ext4lazyinit (118) used greatest stack depth: 14064 bytes left
[    8.934920] ext4lazyinit (118): highest shadow stack usage: 192 bytes
[    8.934920] ext4lazyinit (118): highest shadow stack usage: 192 bytes
[    9.589725] init: Loading SELinux policy
[    9.589725] init: Loading SELinux policy
[    9.693132] SELinux:  Permission nlmsg_getneigh in class netlink_route_socket not defined in policy.
[    9.693132] SELinux:  Permission nlmsg_getneigh in class netlink_route_socket not defined in policy.
[    9.695473] SELinux: the above unknown classes and permissions will be denied
[    9.695473] SELinux: the above unknown classes and permissions will be denied
[    9.698365] SELinux:  policy capability network_peer_controls=1
[    9.698365] SELinux:  policy capability network_peer_controls=1
[    9.699099] SELinux:  policy capability open_perms=1
[    9.699099] SELinux:  policy capability open_perms=1
[    9.699654] SELinux:  policy capability extended_socket_class=1
[    9.699654] SELinux:  policy capability extended_socket_class=1
[    9.700295] SELinux:  policy capability always_check_network=0
[    9.700295] SELinux:  policy capability always_check_network=0
[    9.700948] SELinux:  policy capability cgroup_seclabel=0
[    9.700948] SELinux:  policy capability cgroup_seclabel=0
[    9.701745] SELinux:  policy capability nnp_nosuid_transition=1
[    9.701745] SELinux:  policy capability nnp_nosuid_transition=1
[    9.969176] audit: type=1403 audit(1790545396.788:2): auid=4294967295 ses=4294967295 lsm=selinux res=1
[    9.969176] audit: type=1403 audit(1790545396.788:2): auid=4294967295 ses=4294967295 lsm=selinux res=1
[    9.974336] selinux: SELinux: Loaded policy from /vendor/etc/selinux/precompiled_sepolicy
[    9.974336] selinux: SELinux: Loaded policy from /vendor/etc/selinux/precompiled_sepolicy
[    9.975378] selinux: 
[    9.975378] selinux: 
[    9.983536] audit: type=1404 audit(1790545396.804:3): enforcing=1 old_enforcing=0 auid=4294967295 ses=4294967295 enabled=1 old-enabled=1 lsm=selinux res=1
[    9.983536] audit: type=1404 audit(1790545396.804:3): enforcing=1 old_enforcing=0 auid=4294967295 ses=4294967295 enabled=1 old-enabled=1 lsm=selinux res=1
[   10.042075] selinux: SELinux: Loaded file_contexts
[   10.042075] selinux: SELinux: Loaded file_contexts
[   10.042823] selinux: 
[   10.042823] selinux: 
[   10.368413] init: init second stage started!
[   10.368413] init: init second stage started!
[   11.024110] init: Using Android DT directory /proc/device-tree/firmware/android/
[   11.024110] init: Using Android DT directory /proc/device-tree/firmware/android/
[   11.258848] init: Overriding previous 'ro.' property 'ro.control_privapp_permissions':'disable' with new value 'enforce'
[   11.258848] init: Overriding previous 'ro.' property 'ro.control_privapp_permissions':'disable' with new value 'enforce'
[   11.288547] init: Overriding previous 'ro.' property 'ro.config.notification_sound':'OnTheHunt.ogg' with new value 'pixiedust.ogg'
[   11.288547] init: Overriding previous 'ro.' property 'ro.config.notification_sound':'OnTheHunt.ogg' with new value 'pixiedust.ogg'
[   11.294664] init: Couldn't load property file '/factory/factory.prop': open() failed: No such file or directory: No such file or directory
[   11.294664] init: Couldn't load property file '/factory/factory.prop': open() failed: No such file or directory: No such file or directory
[   11.325609] init: Setting product property ro.product.brand to 'google' (from ro.product.product.brand)
[   11.325609] init: Setting product property ro.product.brand to 'google' (from ro.product.product.brand)
[   11.327136] init: Setting product property ro.product.device to 'emulator_arm64' (from ro.product.product.device)
[   11.327136] init: Setting product property ro.product.device to 'emulator_arm64' (from ro.product.product.device)
[   11.328481] init: Setting product property ro.product.manufacturer to 'Google' (from ro.product.product.manufacturer)
[   11.328481] init: Setting product property ro.product.manufacturer to 'Google' (from ro.product.product.manufacturer)
[   11.330129] init: Setting product property ro.product.model to 'sdk_gphone_arm64' (from ro.product.product.model)
[   11.330129] init: Setting product property ro.product.model to 'sdk_gphone_arm64' (from ro.product.product.model)
[   11.331572] init: Setting product property ro.product.name to 'sdk_gphone_arm64' (from ro.product.product.name)
[   11.331572] init: Setting product property ro.product.name to 'sdk_gphone_arm64' (from ro.product.product.name)
[   11.334196] init: Setting property 'ro.build.fingerprint' to 'google/sdk_gphone_arm64/emulator_arm64:11/RSR1.240422.006/12134477:userdebug/dev-keys'
[   11.334196] init: Setting property 'ro.build.fingerprint' to 'google/sdk_gphone_arm64/emulator_arm64:11/RSR1.240422.006/12134477:userdebug/dev-keys'
[   11.503192] selinux: SELinux: Loaded file_contexts
[   11.503192] selinux: SELinux: Loaded file_contexts
[   11.503904] selinux: 
[   11.503904] selinux: 
[   11.504637] init: Running restorecon...
[   11.504637] init: Running restorecon...
[   11.652283] selinux: SELinux: Could not get canonical path for /metadata/ota/rollback-indicator restorecon: No such file or directory.
[   11.652283] selinux: SELinux: Could not get canonical path for /metadata/ota/rollback-indicator restorecon: No such file or directory.
[   11.654524] selinux: 
[   11.654524] selinux: 
[   11.657917] selinux: SELinux:  Could not stat /metadata/gsi: No such file or directory.
[   11.657917] selinux: SELinux:  Could not stat /metadata/gsi: No such file or directory.
[   11.659094] selinux: 
[   11.659094] selinux: 
[   11.684054] init: Created socket '/dev/socket/property_service', mode 666, user 0, group 0
[   11.684054] init: Created socket '/dev/socket/property_service', mode 666, user 0, group 0
[   11.784500] init: SetupMountNamespaces done
[   11.784500] init: SetupMountNamespaces done
[   11.802883] init: Forked subcontext for 'u:r:vendor_init:s0' with pid 128
[   11.802883] init: Forked subcontext for 'u:r:vendor_init:s0' with pid 128
[   11.817719] init: Parsing file /system/etc/init/hw/init.rc...
[   11.817719] init: Parsing file /system/etc/init/hw/init.rc...
[   11.848940] init: Added '/init.environ.rc' to import list
[   11.848940] init: Added '/init.environ.rc' to import list
[   11.859178] init: Added '/system/etc/init/hw/init.usb.rc' to import list
[   11.859178] init: Added '/system/etc/init/hw/init.usb.rc' to import list
[   11.860965] init: Added '/init.ranchu.rc' to import list
[   11.860965] init: Added '/init.ranchu.rc' to import list
[   11.866622] init: Added '/vendor/etc/init/hw/init.ranchu.rc' to import list
[   11.866622] init: Added '/vendor/etc/init/hw/init.ranchu.rc' to import list
[   11.867693] init: Added '/system/etc/init/hw/init.usb.configfs.rc' to import list
[   11.867693] init: Added '/system/etc/init/hw/init.usb.configfs.rc' to import list
[   11.868803] init: Added '/system/etc/init/hw/init.zygote64.rc' to import list
[   11.868803] init: Added '/system/etc/init/hw/init.zygote64.rc' to import list
[   11.949364] init: Parsing file /init.environ.rc...
[   11.949364] init: Parsing file /init.environ.rc...
[   11.960091] init: Parsing file /system/etc/init/hw/init.usb.rc...
[   11.960091] init: Parsing file /system/etc/init/hw/init.usb.rc...
[   11.976481] init: Parsing file /init.ranchu.rc...
[   11.976481] init: Parsing file /init.ranchu.rc...
[   11.983170] init: Unable to read config file '/init.ranchu.rc': open() failed: No such file or directory
[   11.983170] init: Unable to read config file '/init.ranchu.rc': open() failed: No such file or directory
[   11.988576] init: Parsing file /vendor/etc/init/hw/init.ranchu.rc...
[   11.988576] init: Parsing file /vendor/etc/init/hw/init.ranchu.rc...
[   12.090163] init: Parsing file /system/etc/init/hw/init.usb.configfs.rc...
[   12.090163] init: Parsing file /system/etc/init/hw/init.usb.configfs.rc...
[   12.103335] init: Parsing file /system/etc/init/hw/init.zygote64.rc...
[   12.103335] init: Parsing file /system/etc/init/hw/init.zygote64.rc...
[   12.120436] init: Parsing directory /system/etc/init...
[   12.120436] init: Parsing directory /system/etc/init...
[   12.160183] init: Parsing file /system/etc/init/android.hidl.allocator@1.0-service.rc...
[   12.160183] init: Parsing file /system/etc/init/android.hidl.allocator@1.0-service.rc...
[   12.167766] init: Parsing file /system/etc/init/android.system.suspend@1.0-service.rc...
[   12.167766] init: Parsing file /system/etc/init/android.system.suspend@1.0-service.rc...
[   12.175804] init: Parsing file /system/etc/init/apexd.rc...
[   12.175804] init: Parsing file /system/etc/init/apexd.rc...
[   12.188478] init: Parsing file /system/etc/init/atrace.rc...
[   12.188478] init: Parsing file /system/etc/init/atrace.rc...
[   12.218529] init: Parsing file /system/etc/init/atrace_userdebug.rc...
[   12.218529] init: Parsing file /system/etc/init/atrace_userdebug.rc...
[   12.227142] init: Parsing file /system/etc/init/audioserver.rc...
[   12.227142] init: Parsing file /system/etc/init/audioserver.rc...
[   12.236834] init: Parsing file /system/etc/init/blank_screen.rc...
[   12.236834] init: Parsing file /system/etc/init/blank_screen.rc...
[   12.246571] init: Parsing file /system/etc/init/bootanim.rc...
[   12.246571] init: Parsing file /system/etc/init/bootanim.rc...
[   12.256023] init: Parsing file /system/etc/init/bootstat-debug.rc...
[   12.256023] init: Parsing file /system/etc/init/bootstat-debug.rc...
[   12.262413] init: Parsing file /system/etc/init/bootstat.rc...
[   12.262413] init: Parsing file /system/etc/init/bootstat.rc...
[   12.274033] init: Parsing file /system/etc/init/bpfloader.rc...
[   12.274033] init: Parsing file /system/etc/init/bpfloader.rc...
[   12.287047] init: Parsing file /system/etc/init/cameraserver.rc...
[   12.287047] init: Parsing file /system/etc/init/cameraserver.rc...
[   12.296057] init: Parsing file /system/etc/init/clean_scratch_files.rc...
[   12.296057] init: Parsing file /system/etc/init/clean_scratch_files.rc...
[   12.307930] init: Parsing file /system/etc/init/cppreopts.rc...
[   12.307930] init: Parsing file /system/etc/init/cppreopts.rc...
[   12.315849] init: Parsing file /system/etc/init/credstore.rc...
[   12.315849] init: Parsing file /system/etc/init/credstore.rc...
[   12.322777] init: Parsing file /system/etc/init/drmserver.rc...
[   12.322777] init: Parsing file /system/etc/init/drmserver.rc...
[   12.331675] init: Parsing file /system/etc/init/dumpstate.rc...
[   12.331675] init: Parsing file /system/etc/init/dumpstate.rc...
[   12.338800] init: Parsing file /system/etc/init/flags_health_check.rc...
[   12.338800] init: Parsing file /system/etc/init/flags_health_check.rc...
[   12.346012] init: Parsing file /system/etc/init/gatekeeperd.rc...
[   12.346012] init: Parsing file /system/etc/init/gatekeeperd.rc...
[   12.354158] init: Parsing file /system/etc/init/gpuservice.rc...
[   12.354158] init: Parsing file /system/etc/init/gpuservice.rc...
[   12.359355] init: Parsing file /system/etc/init/gsid.rc...
[   12.359355] init: Parsing file /system/etc/init/gsid.rc...
[   12.366692] init: Parsing file /system/etc/init/heapprofd.rc...
[   12.366692] init: Parsing file /system/etc/init/heapprofd.rc...
[   12.375631] init: Parsing file /system/etc/init/hwservicemanager.rc...
[   12.375631] init: Parsing file /system/etc/init/hwservicemanager.rc...
[   12.383214] init: Parsing file /system/etc/init/idmap2d.rc...
[   12.383214] init: Parsing file /system/etc/init/idmap2d.rc...
[   12.391006] init: Parsing file /system/etc/init/incidentd.rc...
[   12.391006] init: Parsing file /system/etc/init/incidentd.rc...
[   12.399466] init: Parsing file /system/etc/init/init-debug.rc...
[   12.399466] init: Parsing file /system/etc/init/init-debug.rc...
[   12.402973] init: Parsing file /system/etc/init/installd.rc...
[   12.402973] init: Parsing file /system/etc/init/installd.rc...
[   12.417617] init: Parsing file /system/etc/init/iorapd.rc...
[   12.417617] init: Parsing file /system/etc/init/iorapd.rc...
[   12.421035] init: Parsing file /system/etc/init/keystore.rc...
[   12.421035] init: Parsing file /system/etc/init/keystore.rc...
[   12.430745] init: Parsing file /system/etc/init/llkd-debuggable.rc...
[   12.430745] init: Parsing file /system/etc/init/llkd-debuggable.rc...
[   12.436027] init: Parsing file /system/etc/init/llkd.rc...
[   12.436027] init: Parsing file /system/etc/init/llkd.rc...
[   12.447032] init: Parsing file /system/etc/init/lmkd.rc...
[   12.447032] init: Parsing file /system/etc/init/lmkd.rc...
[   12.458877] init: Parsing file /system/etc/init/logcatd.rc...
[   12.458877] init: Parsing file /system/etc/init/logcatd.rc...
[   12.468685] init: Parsing file /system/etc/init/logd.rc...
[   12.468685] init: Parsing file /system/etc/init/logd.rc...
[   12.476203] init: Parsing file /system/etc/init/logtagd.rc...
[   12.476203] init: Parsing file /system/etc/init/logtagd.rc...
[   12.487198] init: Parsing file /system/etc/init/lpdumpd.rc...
[   12.487198] init: Parsing file /system/etc/init/lpdumpd.rc...
[   12.518245] init: Parsing file /system/etc/init/mdnsd.rc...
[   12.518245] init: Parsing file /system/etc/init/mdnsd.rc...
[   12.536460] init: Parsing file /system/etc/init/mediaextractor.rc...
[   12.536460] init: Parsing file /system/etc/init/mediaextractor.rc...
[   12.556772] init: Parsing file /system/etc/init/mediametrics.rc...
[   12.556772] init: Parsing file /system/etc/init/mediametrics.rc...
[   12.567019] init: Parsing file /system/etc/init/mediaserver.rc...
[   12.567019] init: Parsing file /system/etc/init/mediaserver.rc...
[   12.580048] init: Parsing file /system/etc/init/mtpd.rc...
[   12.580048] init: Parsing file /system/etc/init/mtpd.rc...
[   12.586895] init: Parsing file /system/etc/init/netd.rc...
[   12.586895] init: Parsing file /system/etc/init/netd.rc...
[   12.599433] init: Parsing file /system/etc/init/otapreopt.rc...
[   12.599433] init: Parsing file /system/etc/init/otapreopt.rc...
[   12.608360] init: Parsing file /system/etc/init/perfetto.rc...
[   12.608360] init: Parsing file /system/etc/init/perfetto.rc...
[   12.616880] init: Parsing file /system/etc/init/racoon.rc...
[   12.616880] init: Parsing file /system/etc/init/racoon.rc...
[   12.627142] init: Parsing file /system/etc/init/recovery-persist.rc...
[   12.627142] init: Parsing file /system/etc/init/recovery-persist.rc...
[   12.634756] init: Parsing file /system/etc/init/recovery-refresh.rc...
[   12.634756] init: Parsing file /system/etc/init/recovery-refresh.rc...
[   12.642631] init: Parsing file /system/etc/init/rss_hwm_reset.rc...
[   12.642631] init: Parsing file /system/etc/init/rss_hwm_reset.rc...
[   12.651598] init: Parsing file /system/etc/init/servicemanager.rc...
[   12.651598] init: Parsing file /system/etc/init/servicemanager.rc...
[   12.659875] init: Parsing file /system/etc/init/storaged.rc...
[   12.659875] init: Parsing file /system/etc/init/storaged.rc...
[   12.666679] init: Parsing file /system/etc/init/surfaceflinger.rc...
[   12.666679] init: Parsing file /system/etc/init/surfaceflinger.rc...
[   12.674389] init: Parsing file /system/etc/init/tombstoned.rc...
[   12.674389] init: Parsing file /system/etc/init/tombstoned.rc...
[   12.683635] init: Parsing file /system/etc/init/traced_perf.rc...
[   12.683635] init: Parsing file /system/etc/init/traced_perf.rc...
[   12.692306] init: Parsing file /system/etc/init/traceur.rc...
[   12.692306] init: Parsing file /system/etc/init/traceur.rc...
[   12.698190] init: Parsing file /system/etc/init/uncrypt.rc...
[   12.698190] init: Parsing file /system/etc/init/uncrypt.rc...
[   12.704317] init: Parsing file /system/etc/init/update_engine.rc...
[   12.704317] init: Parsing file /system/etc/init/update_engine.rc...
[   12.712632] init: Parsing file /system/etc/init/update_verifier.rc...
[   12.712632] init: Parsing file /system/etc/init/update_verifier.rc...
[   12.717322] init: Parsing file /system/etc/init/usbd.rc...
[   12.717322] init: Parsing file /system/etc/init/usbd.rc...
[   12.720310] init: Parsing file /system/etc/init/vdc.rc...
[   12.720310] init: Parsing file /system/etc/init/vdc.rc...
[   12.724379] init: Parsing file /system/etc/init/vold.rc...
[   12.724379] init: Parsing file /system/etc/init/vold.rc...
[   12.728229] init: Parsing file /system/etc/init/wait_for_keymaster.rc...
[   12.728229] init: Parsing file /system/etc/init/wait_for_keymaster.rc...
[   12.732432] init: Parsing file /system/etc/init/wifi.rc...
[   12.732432] init: Parsing file /system/etc/init/wifi.rc...
[   12.738731] init: Parsing file /system/etc/init/wificond.rc...
[   12.738731] init: Parsing file /system/etc/init/wificond.rc...
[   12.744089] init: Parsing file /system_ext/etc/init...
[   12.744089] init: Parsing file /system_ext/etc/init...
[   12.745940] init: Unable to read config file '/system_ext/etc/init': open() failed: No such file or directory
[   12.745940] init: Unable to read config file '/system_ext/etc/init': open() failed: No such file or directory
[   12.748233] init: Parsing file /product/etc/init...
[   12.748233] init: Parsing file /product/etc/init...
[   12.749635] init: Unable to read config file '/product/etc/init': open() failed: No such file or directory
[   12.749635] init: Unable to read config file '/product/etc/init': open() failed: No such file or directory
[   12.752081] init: Parsing file /odm/etc/init...
[   12.752081] init: Parsing file /odm/etc/init...
[   12.753056] init: Unable to read config file '/odm/etc/init': open() failed: No such file or directory
[   12.753056] init: Unable to read config file '/odm/etc/init': open() failed: No such file or directory
[   12.755440] init: Parsing directory /vendor/etc/init...
[   12.755440] init: Parsing directory /vendor/etc/init...
[   12.763734] init: Parsing file /vendor/etc/init/android.hardware.atrace@1.0-service.rc...
[   12.763734] init: Parsing file /vendor/etc/init/android.hardware.atrace@1.0-service.rc...
[   12.768887] init: Parsing file /vendor/etc/init/android.hardware.audio.service.ranchu.rc...
[   12.768887] init: Parsing file /vendor/etc/init/android.hardware.audio.service.ranchu.rc...
[   12.774628] init: Parsing file /vendor/etc/init/android.hardware.authsecret@1.0-service.rc...
[   12.774628] init: Parsing file /vendor/etc/init/android.hardware.authsecret@1.0-service.rc...
[   12.778699] init: Parsing file /vendor/etc/init/android.hardware.biometrics.face@1.0-service.rc...
[   12.778699] init: Parsing file /vendor/etc/init/android.hardware.biometrics.face@1.0-service.rc...
[   12.782954] init: Parsing file /vendor/etc/init/android.hardware.biometrics.fingerprint@2.1-service.rc...
[   12.782954] init: Parsing file /vendor/etc/init/android.hardware.biometrics.fingerprint@2.1-service.rc...
[   12.786982] init: Parsing file /vendor/etc/init/android.hardware.bluetooth@1.1-service.sim.rc...
[   12.786982] init: Parsing file /vendor/etc/init/android.hardware.bluetooth@1.1-service.sim.rc...
[   12.791813] init: Parsing file /vendor/etc/init/android.hardware.camera.provider@2.4-service_64.rc...
[   12.791813] init: Parsing file /vendor/etc/init/android.hardware.camera.provider@2.4-service_64.rc...
[   12.796064] init: Parsing file /vendor/etc/init/android.hardware.camera.provider@2.6-service-google.rc...
[   12.796064] init: Parsing file /vendor/etc/init/android.hardware.camera.provider@2.6-service-google.rc...
[   12.801771] init: Parsing file /vendor/etc/init/android.hardware.contexthub@1.1-service.rc...
[   12.801771] init: Parsing file /vendor/etc/init/android.hardware.contexthub@1.1-service.rc...
[   12.806341] init: Parsing file /vendor/etc/init/android.hardware.drm@1.0-service.rc...
[   12.806341] init: Parsing file /vendor/etc/init/android.hardware.drm@1.0-service.rc...
[   12.810676] init: Parsing file /vendor/etc/init/android.hardware.drm@1.3-service.clearkey.rc...
[   12.810676] init: Parsing file /vendor/etc/init/android.hardware.drm@1.3-service.clearkey.rc...
[   12.815808] init: Parsing file /vendor/etc/init/android.hardware.drm@1.3-service.widevine.rc...
[   12.815808] init: Parsing file /vendor/etc/init/android.hardware.drm@1.3-service.widevine.rc...
[   12.823026] init: Parsing file /vendor/etc/init/android.hardware.dumpstate@1.1-service.example.rc...
[   12.823026] init: Parsing file /vendor/etc/init/android.hardware.dumpstate@1.1-service.example.rc...
[   12.827432] init: Parsing file /vendor/etc/init/android.hardware.gatekeeper@1.0-service.software.rc...
[   12.827432] init: Parsing file /vendor/etc/init/android.hardware.gatekeeper@1.0-service.software.rc...
[   12.831512] init: Parsing file /vendor/etc/init/android.hardware.gnss@2.0-service.ranchu.rc...
[   12.831512] init: Parsing file /vendor/etc/init/android.hardware.gnss@2.0-service.ranchu.rc...
[   12.835594] init: Parsing file /vendor/etc/init/android.hardware.graphics.allocator@3.0-service.rc...
[   12.835594] init: Parsing file /vendor/etc/init/android.hardware.graphics.allocator@3.0-service.rc...
[   12.839788] init: Parsing file /vendor/etc/init/android.hardware.graphics.composer@2.3-service.rc...
[   12.839788] init: Parsing file /vendor/etc/init/android.hardware.graphics.composer@2.3-service.rc...
[   12.843910] init: Parsing file /vendor/etc/init/android.hardware.health.storage@1.0-service.rc...
[   12.843910] init: Parsing file /vendor/etc/init/android.hardware.health.storage@1.0-service.rc...
[   12.848573] init: Parsing file /vendor/etc/init/android.hardware.health@2.1-service.rc...
[   12.848573] init: Parsing file /vendor/etc/init/android.hardware.health@2.1-service.rc...
[   12.852432] init: Parsing file /vendor/etc/init/android.hardware.input.classifier@1.0-service.default.rc...
[   12.852432] init: Parsing file /vendor/etc/init/android.hardware.input.classifier@1.0-service.default.rc...
[   12.856864] init: Parsing file /vendor/etc/init/android.hardware.keymaster@4.1-service.rc...
[   12.856864] init: Parsing file /vendor/etc/init/android.hardware.keymaster@4.1-service.rc...
[   12.860832] init: Parsing file /vendor/etc/init/android.hardware.media.omx@1.0-service.rc...
[   12.860832] init: Parsing file /vendor/etc/init/android.hardware.media.omx@1.0-service.rc...
[   12.864389] init: Parsing file /vendor/etc/init/android.hardware.neuralnetworks@1.3-service-sample-all.rc...
[   12.864389] init: Parsing file /vendor/etc/init/android.hardware.neuralnetworks@1.3-service-sample-all.rc...
[   12.868388] init: Parsing file /vendor/etc/init/android.hardware.neuralnetworks@1.3-service-sample-float-fast.rc...
[   12.868388] init: Parsing file /vendor/etc/init/android.hardware.neuralnetworks@1.3-service-sample-float-fast.rc...
[   12.872358] init: Parsing file /vendor/etc/init/android.hardware.neuralnetworks@1.3-service-sample-float-slow.rc...
[   12.872358] init: Parsing file /vendor/etc/init/android.hardware.neuralnetworks@1.3-service-sample-float-slow.rc...
[   12.876318] init: Parsing file /vendor/etc/init/android.hardware.neuralnetworks@1.3-service-sample-minimal.rc...
[   12.876318] init: Parsing file /vendor/etc/init/android.hardware.neuralnetworks@1.3-service-sample-minimal.rc...
[   12.880104] init: Parsing file /vendor/etc/init/android.hardware.neuralnetworks@1.3-service-sample-quant.rc...
[   12.880104] init: Parsing file /vendor/etc/init/android.hardware.neuralnetworks@1.3-service-sample-quant.rc...
[   12.884265] init: Parsing file /vendor/etc/init/android.hardware.power.stats@1.0-service.rc...
[   12.884265] init: Parsing file /vendor/etc/init/android.hardware.power.stats@1.0-service.rc...
[   12.888425] init: Parsing file /vendor/etc/init/android.hardware.sensors@2.1-service-multihal.rc...
[   12.888425] init: Parsing file /vendor/etc/init/android.hardware.sensors@2.1-service-multihal.rc...
[   12.892971] init: Parsing file /vendor/etc/init/android.hardware.thermal@2.0-service.rc...
[   12.892971] init: Parsing file /vendor/etc/init/android.hardware.thermal@2.0-service.rc...
[   12.897025] init: Parsing file /vendor/etc/init/android.hardware.usb@1.0-service.rc...
[   12.897025] init: Parsing file /vendor/etc/init/android.hardware.usb@1.0-service.rc...
[   12.900988] init: Parsing file /vendor/etc/init/android.hardware.wifi@1.0-service.rc...
[   12.900988] init: Parsing file /vendor/etc/init/android.hardware.wifi@1.0-service.rc...
[   12.905303] init: Parsing file /vendor/etc/init/boringssl_self_test.rc...
[   12.905303] init: Parsing file /vendor/etc/init/boringssl_self_test.rc...
[   12.911061] init: Parsing file /vendor/etc/init/hostapd.android.rc...
[   12.911061] init: Parsing file /vendor/etc/init/hostapd.android.rc...
[   12.915234] init: Parsing file /vendor/etc/init/identity-default.rc...
[   12.915234] init: Parsing file /vendor/etc/init/identity-default.rc...
[   12.918665] init: Parsing file /vendor/etc/init/lights-default.rc...
[   12.918665] init: Parsing file /vendor/etc/init/lights-default.rc...
[   12.922108] init: Parsing file /vendor/etc/init/power-default.rc...
[   12.922108] init: Parsing file /vendor/etc/init/power-default.rc...
[   12.925836] init: Parsing file /vendor/etc/init/rebootescrow-default.rc...
[   12.925836] init: Parsing file /vendor/etc/init/rebootescrow-default.rc...
[   12.930083] init: Parsing file /vendor/etc/init/rild_goldfish.rc...
[   12.930083] init: Parsing file /vendor/etc/init/rild_goldfish.rc...
[   12.933949] init: Parsing file /vendor/etc/init/vendor_flash_recovery.rc...
[   12.933949] init: Parsing file /vendor/etc/init/vendor_flash_recovery.rc...
[   12.937355] init: Parsing file /vendor/etc/init/vibrator-default.rc...
[   12.937355] init: Parsing file /vendor/etc/init/vibrator-default.rc...
[   12.960684] init: processing action (SetupCgroups) from (<Builtin Action>:0)
[   12.960684] init: processing action (SetupCgroups) from (<Builtin Action>:0)
[   13.482791] cgroup1: Unknown subsys name 'schedtune'
[   13.482791] cgroup1: Unknown subsys name 'schedtune'
[   13.484192] libprocessgroup: Failed to mount schedtune cgroup: Invalid argument
[   13.484192] libprocessgroup: Failed to mount schedtune cgroup: Invalid argument
[   13.485293] libprocessgroup: Failed to setup schedtune cgroup
[   13.485293] libprocessgroup: Failed to setup schedtune cgroup
[   13.494620] init: Command 'SetupCgroups' action=SetupCgroups (<Builtin Action>:0) took 530ms and succeeded
[   13.494620] init: Command 'SetupCgroups' action=SetupCgroups (<Builtin Action>:0) took 530ms and succeeded
[   13.538103] init: processing action (SetKptrRestrict) from (<Builtin Action>:0)
[   13.538103] init: processing action (SetKptrRestrict) from (<Builtin Action>:0)
[   13.554424] init: processing action (TestPerfEventSelinux) from (<Builtin Action>:0)
[   13.554424] init: processing action (TestPerfEventSelinux) from (<Builtin Action>:0)
[   13.579656] init: processing action (early-init) from (/system/etc/init/hw/init.rc:15)
[   13.579656] init: processing action (early-init) from (/system/etc/init/hw/init.rc:15)
[   13.688312] init: starting service 'exec 1 (/system/bin/linkerconfig --target /linkerconfig/bootstrap)'...
[   13.688312] init: starting service 'exec 1 (/system/bin/linkerconfig --target /linkerconfig/bootstrap)'...
[   13.730722] init: SVC_EXEC service 'exec 1 (/system/bin/linkerconfig --target /linkerconfig/bootstrap)' pid 130 (uid 0 gid 0+0 context default) started; waiting...
[   13.730722] init: SVC_EXEC service 'exec 1 (/system/bin/linkerconfig --target /linkerconfig/bootstrap)' pid 130 (uid 0 gid 0+0 context default) started; waiting...
[   13.738905] init: Command 'exec -- /system/bin/linkerconfig --target /linkerconfig/bootstrap' action=early-init (/system/etc/init/hw/init.rc:59) took 94ms and succeeded
[   13.738905] init: Command 'exec -- /system/bin/linkerconfig --target /linkerconfig/bootstrap' action=early-init (/system/etc/init/hw/init.rc:59) took 94ms and succeeded
[   13.896677] init: Service 'exec 1 (/system/bin/linkerconfig --target /linkerconfig/bootstrap)' (pid 130) exited with status 0 waiting took 0.197000 seconds
[   13.896677] init: Service 'exec 1 (/system/bin/linkerconfig --target /linkerconfig/bootstrap)' (pid 130) exited with status 0 waiting took 0.197000 seconds
[   13.898742] linkerconfig (130) used greatest stack depth: 11952 bytes left
[   13.898742] linkerconfig (130) used greatest stack depth: 11952 bytes left
[   13.900440] init: Sending signal 9 to service 'exec 1 (/system/bin/linkerconfig --target /linkerconfig/bootstrap)' (pid 130) process group...
[   13.900440] init: Sending signal 9 to service 'exec 1 (/system/bin/linkerconfig --target /linkerconfig/bootstrap)' (pid 130) process group...
[   13.909669] libprocessgroup: Successfully killed process cgroup uid 0 pid 130 in 5ms
[   13.909669] libprocessgroup: Successfully killed process cgroup uid 0 pid 130 in 5ms
[   13.924090] linkerconfig (130): highest shadow stack usage: 296 bytes
[   13.924090] linkerconfig (130): highest shadow stack usage: 296 bytes
[   13.942769] init: starting service 'ueventd'...
[   13.942769] init: starting service 'ueventd'...
[   13.996054] init: starting service 'apexd-bootstrap'...
[   13.996054] init: starting service 'apexd-bootstrap'...
[   14.063884] init: SVC_EXEC service 'apexd-bootstrap' pid 132 (uid 0 gid 1000+0 context default) started; waiting...
[   14.063884] init: SVC_EXEC service 'apexd-bootstrap' pid 132 (uid 0 gid 1000+0 context default) started; waiting...
[   14.065558] init: Command 'exec_start apexd-bootstrap' action=early-init (/system/etc/init/hw/init.rc:72) took 74ms and succeeded
[   14.065558] init: Command 'exec_start apexd-bootstrap' action=early-init (/system/etc/init/hw/init.rc:72) took 74ms and succeeded
[   14.745051] ueventd: ueventd started!
[   14.745051] ueventd: ueventd started!
[   14.813319] selinux: SELinux: Loaded file_contexts
[   14.813319] selinux: SELinux: Loaded file_contexts
[   14.818783] selinux: 
[   14.818783] selinux: 
[   14.827019] ueventd: Parsing file /system/etc/ueventd.rc...
[   14.827019] ueventd: Parsing file /system/etc/ueventd.rc...
[   14.849883] ueventd: Parsing file /vendor/ueventd.rc...
[   14.849883] ueventd: Parsing file /vendor/ueventd.rc...
[   14.859769] ueventd: Parsing file /odm/ueventd.rc...
[   14.859769] ueventd: Parsing file /odm/ueventd.rc...
[   14.860987] ueventd: Unable to read config file '/odm/ueventd.rc': open() failed: No such file or directory
[   14.860987] ueventd: Unable to read config file '/odm/ueventd.rc': open() failed: No such file or directory
[   14.863072] ueventd: Parsing file /ueventd.ranchu.rc...
[   14.863072] ueventd: Parsing file /ueventd.ranchu.rc...
[   14.864477] ueventd: Unable to read config file '/ueventd.ranchu.rc': open() failed: No such file or directory
[   14.864477] ueventd: Unable to read config file '/ueventd.ranchu.rc': open() failed: No such file or directory
[   14.869806] apexd: Bootstrap subcommand detected
[   14.869806] apexd: Bootstrap subcommand detected
[   18.851058] ueventd: firmware: loading 'regulatory.db' for '/devices/platform/regulatory.0/firmware/regulatory.db'
[   18.851058] ueventd: firmware: loading 'regulatory.db' for '/devices/platform/regulatory.0/firmware/regulatory.db'
[   19.029543] apexd: wait for '/dev/loop-control' took 3707ms
[   19.029543] apexd: wait for '/dev/loop-control' took 3707ms
[   19.183523] apexd: Pre-allocated 28 loopback devices
[   19.183523] apexd: Pre-allocated 28 loopback devices
[   19.185035] apexd: Scanning /system/apex for preinstalled data
[   19.185035] apexd: Scanning /system/apex for preinstalled data
[   19.450683] apexd: Scanning /system_ext/apex for preinstalled data
[   19.450683] apexd: Scanning /system_ext/apex for preinstalled data
[   19.451884] apexd: ... does not exist. Skipping
[   19.451884] apexd: ... does not exist. Skipping
[   19.452622] apexd: Scanning /vendor/apex for preinstalled data
[   19.452622] apexd: Scanning /vendor/apex for preinstalled data
[   19.458374] apexd: ... does not exist. Skipping
[   19.458374] apexd: ... does not exist. Skipping
[   19.459430] apexd: Scanning /system/apex looking for APEX packages.
[   19.459430] apexd: Scanning /system/apex looking for APEX packages.
[   19.469225] apexd: Found /system/apex/com.google.android.cellbroadcast.apex
[   19.469225] apexd: Found /system/apex/com.google.android.cellbroadcast.apex
[   19.491993] apexd: Found /system/apex/com.google.android.extservices.apex
[   19.491993] apexd: Found /system/apex/com.google.android.extservices.apex
[   19.511880] apexd: Found /system/apex/com.google.android.ipsec.apex
[   19.511880] apexd: Found /system/apex/com.google.android.ipsec.apex
[   19.527536] apexd: Found /system/apex/com.google.android.tethering.apex
[   19.527536] apexd: Found /system/apex/com.google.android.tethering.apex
[   19.542108] apexd: Found /system/apex/com.google.android.mediaprovider.apex
[   19.542108] apexd: Found /system/apex/com.google.android.mediaprovider.apex
[   19.547780] apexd: Found /system/apex/com.google.android.telephony.apex
[   19.547780] apexd: Found /system/apex/com.google.android.telephony.apex
[   19.557786] apexd: Found /system/apex/com.android.vndk.current.apex
[   19.557786] apexd: Found /system/apex/com.android.vndk.current.apex
[   19.575023] apexd: Found /system/apex/com.android.i18n.apex
[   19.575023] apexd: Found /system/apex/com.android.i18n.apex
[   19.584681] apexd: Found /system/apex/com.google.android.permission.apex
[   19.584681] apexd: Found /system/apex/com.google.android.permission.apex
[   19.602034] apexd: Found /system/apex/com.google.android.tzdata2.apex
[   19.602034] apexd: Found /system/apex/com.google.android.tzdata2.apex
[   19.611493] apexd: Found /system/apex/com.google.android.neuralnetworks.apex
[   19.611493] apexd: Found /system/apex/com.google.android.neuralnetworks.apex
[   19.625648] apexd: Found /system/apex/com.google.android.resolv.apex
[   19.625648] apexd: Found /system/apex/com.google.android.resolv.apex
[   19.635995] apexd: Found /system/apex/com.google.android.sdkext.apex
[   19.635995] apexd: Found /system/apex/com.google.android.sdkext.apex
[   19.651263] apexd: Found /system/apex/com.google.android.os.statsd.apex
[   19.651263] apexd: Found /system/apex/com.google.android.os.statsd.apex
[   19.663241] apexd: Found /system/apex/com.google.android.adbd.apex
[   19.663241] apexd: Found /system/apex/com.google.android.adbd.apex
[   19.681506] apexd: Found /system/apex/com.android.apex.cts.shim.apex
[   19.681506] apexd: Found /system/apex/com.android.apex.cts.shim.apex
[   19.692935] apexd: Found /system/apex/com.google.android.wifi.apex
[   19.692935] apexd: Found /system/apex/com.google.android.wifi.apex
[   19.703688] apexd: Found /system/apex/com.android.runtime.apex
[   19.703688] apexd: Found /system/apex/com.android.runtime.apex
[   19.717292] apexd: Found /system/apex/com.google.android.media.swcodec.apex
[   19.717292] apexd: Found /system/apex/com.google.android.media.swcodec.apex
[   19.733246] apexd: Found /system/apex/com.android.art.debug.apex
[   19.733246] apexd: Found /system/apex/com.android.art.debug.apex
[   19.746785] apexd: Found /system/apex/com.google.android.media.apex
[   19.746785] apexd: Found /system/apex/com.google.android.media.apex
[   19.761546] apexd: Found /system/apex/com.google.android.conscrypt.apex
[   19.761546] apexd: Found /system/apex/com.google.android.conscrypt.apex
[   19.790727] ueventd: Coldboot took 4.892 seconds
[   19.790727] ueventd: Coldboot took 4.892 seconds
[   19.927823] EXT4-fs (loop0): mounted filesystem without journal. Opts: (null)
[   19.927823] EXT4-fs (loop0): mounted filesystem without journal. Opts: (null)
[   19.934058] apexd: Successfully mounted package /system/apex/com.android.vndk.current.apex on /apex/com.android.vndk.v30@1
[   19.934058] apexd: Successfully mounted package /system/apex/com.android.vndk.current.apex on /apex/com.android.vndk.v30@1
[   20.123244] EXT4-fs (loop1): mounted filesystem without journal. Opts: (null)
[   20.123244] EXT4-fs (loop1): mounted filesystem without journal. Opts: (null)
[   20.136268] apexd: Successfully mounted package /system/apex/com.android.i18n.apex on /apex/com.android.i18n@1
[   20.136268] apexd: Successfully mounted package /system/apex/com.android.i18n.apex on /apex/com.android.i18n@1
[   20.220375] EXT4-fs (loop2): mounted filesystem without journal. Opts: (null)
[   20.220375] EXT4-fs (loop2): mounted filesystem without journal. Opts: (null)
[   20.223686] apexd: Successfully mounted package /system/apex/com.google.android.tzdata2.apex on /apex/com.android.tzdata@300900700
[   20.223686] apexd: Successfully mounted package /system/apex/com.google.android.tzdata2.apex on /apex/com.android.tzdata@300900700
[   20.328897] EXT4-fs (loop3): mounted filesystem without journal. Opts: (null)
[   20.328897] EXT4-fs (loop3): mounted filesystem without journal. Opts: (null)
[   20.333669] apexd: Successfully mounted package /system/apex/com.google.android.os.statsd.apex on /apex/com.android.os.statsd@300900700
[   20.333669] apexd: Successfully mounted package /system/apex/com.google.android.os.statsd.apex on /apex/com.android.os.statsd@300900700
[   20.434356] EXT4-fs (loop4): mounted filesystem without journal. Opts: (null)
[   20.434356] EXT4-fs (loop4): mounted filesystem without journal. Opts: (null)
[   20.442444] apexd: Successfully mounted package /system/apex/com.android.runtime.apex on /apex/com.android.runtime@1
[   20.442444] apexd: Successfully mounted package /system/apex/com.android.runtime.apex on /apex/com.android.runtime@1
[   20.562336] EXT4-fs (loop5): mounted filesystem without journal. Opts: (null)
[   20.562336] EXT4-fs (loop5): mounted filesystem without journal. Opts: (null)
[   20.575127] apexd: Successfully mounted package /system/apex/com.android.art.debug.apex on /apex/com.android.art@1
[   20.575127] apexd: Successfully mounted package /system/apex/com.android.art.debug.apex on /apex/com.android.art@1
[   20.604238] apexd: Activated 22 packages. Skipped: 0
[   20.604238] apexd: Activated 22 packages. Skipped: 0
[   20.611306] apexd: Scanning /system_ext/apex looking for APEX packages.
[   20.611306] apexd: Scanning /system_ext/apex looking for APEX packages.
[   20.622665] apexd: ... does not exist. Skipping
[   20.622665] apexd: ... does not exist. Skipping
[   20.797219] apexd: Activated 0 packages. Skipped: 0
[   20.797219] apexd: Activated 0 packages. Skipped: 0
[   20.799968] apexd: Scanning /vendor/apex looking for APEX packages.
[   20.799968] apexd: Scanning /vendor/apex looking for APEX packages.
[   20.803237] apexd: ... does not exist. Skipping
[   20.803237] apexd: ... does not exist. Skipping
[   20.874161] apexd: Activated 0 packages. Skipped: 0
[   20.874161] apexd: Activated 0 packages. Skipped: 0
[   20.878321] apexd: Bootstrapping done
[   20.878321] apexd: Bootstrapping done
[   20.949505] init: Service 'apexd-bootstrap' (pid 132) exited with status 0 waiting took 6.943000 seconds
[   20.949505] init: Service 'apexd-bootstrap' (pid 132) exited with status 0 waiting took 6.943000 seconds
[   20.952226] apexd (132) used greatest stack depth: 11792 bytes left
[   20.952226] apexd (132) used greatest stack depth: 11792 bytes left
[   20.958047] init: Sending signal 9 to service 'apexd-bootstrap' (pid 132) process group...
[   20.958047] init: Sending signal 9 to service 'apexd-bootstrap' (pid 132) process group...
[   20.964168] libprocessgroup: Successfully killed process cgroup uid 0 pid 132 in 3ms
[   20.964168] libprocessgroup: Successfully killed process cgroup uid 0 pid 132 in 3ms
[   21.002260] apexd (132): highest shadow stack usage: 328 bytes
[   21.002260] apexd (132): highest shadow stack usage: 328 bytes
[   21.432232] init: linkerconfig generated /linkerconfig with mounted APEX modules info
[   21.432232] init: linkerconfig generated /linkerconfig with mounted APEX modules info
[   21.437638] init: Command 'update_linker_config' action=early-init (/system/etc/init/hw/init.rc:75) took 443ms and succeeded
[   21.437638] init: Command 'update_linker_config' action=early-init (/system/etc/init/hw/init.rc:75) took 443ms and succeeded
[   21.475962] init: processing action (ro.product.cpu.abilist64=* && early-init) from (/system/etc/init/hw/init.rc:87)
[   21.475962] init: processing action (ro.product.cpu.abilist64=* && early-init) from (/system/etc/init/hw/init.rc:87)
[   21.483250] init: starting service 'boringssl_self_test64'...
[   21.483250] init: starting service 'boringssl_self_test64'...
[   21.546094] init: SVC_EXEC service 'boringssl_self_test64' pid 149 (uid 0 gid 0+0 context default) started; waiting...
[   21.546094] init: SVC_EXEC service 'boringssl_self_test64' pid 149 (uid 0 gid 0+0 context default) started; waiting...
[   21.548854] init: Command 'exec_start boringssl_self_test64' action=ro.product.cpu.abilist64=* && early-init (/system/etc/init/hw/init.rc:88) took 70ms and succeeded
[   21.548854] init: Command 'exec_start boringssl_self_test64' action=ro.product.cpu.abilist64=* && early-init (/system/etc/init/hw/init.rc:88) took 70ms and succeeded
[   21.914304] init: Service 'boringssl_self_test64' (pid 149) exited with status 0 waiting took 0.422000 seconds
[   21.914304] init: Service 'boringssl_self_test64' (pid 149) exited with status 0 waiting took 0.422000 seconds
[   21.916132] init: Sending signal 9 to service 'boringssl_self_test64' (pid 149) process group...
[   21.916132] init: Sending signal 9 to service 'boringssl_self_test64' (pid 149) process group...
[   21.919823] libprocessgroup: Successfully killed process cgroup uid 0 pid 149 in 1ms
[   21.919823] libprocessgroup: Successfully killed process cgroup uid 0 pid 149 in 1ms
[   21.935743] init: processing action (early-init) from (/init.environ.rc:2)
[   21.935743] init: processing action (early-init) from (/init.environ.rc:2)
[   21.940896] init: processing action (early-init) from (/vendor/etc/init/hw/init.ranchu.rc:12)
[   21.940896] init: processing action (early-init) from (/vendor/etc/init/hw/init.ranchu.rc:12)
[   21.946036] boringssl_self_ (149): highest shadow stack usage: 336 bytes
[   21.946036] boringssl_self_ (149): highest shadow stack usage: 336 bytes
[   22.050161] init: Command 'mount proc proc /proc remount hidepid=2,gid=3009' action=early-init (/vendor/etc/init/hw/init.ranchu.rc:13) took 106ms and succeeded
[   22.050161] init: Command 'mount proc proc /proc remount hidepid=2,gid=3009' action=early-init (/vendor/etc/init/hw/init.ranchu.rc:13) took 106ms and succeeded
[   22.084472] init: processing action (ro.product.cpu.abilist64=* && early-init) from (/vendor/etc/init/boringssl_self_test.rc:4)
[   22.084472] init: processing action (ro.product.cpu.abilist64=* && early-init) from (/vendor/etc/init/boringssl_self_test.rc:4)
[   22.100471] init: starting service 'boringssl_self_test64_vendor'...
[   22.100471] init: starting service 'boringssl_self_test64_vendor'...
[   22.174798] init: SVC_EXEC service 'boringssl_self_test64_vendor' pid 150 (uid 0 gid 0+0 context default) started; waiting...
[   22.174798] init: SVC_EXEC service 'boringssl_self_test64_vendor' pid 150 (uid 0 gid 0+0 context default) started; waiting...
[   22.176806] init: Command 'exec_start boringssl_self_test64_vendor' action=ro.product.cpu.abilist64=* && early-init (/vendor/etc/init/boringssl_self_test.rc:5) took 89ms and succeeded
[   22.176806] init: Command 'exec_start boringssl_self_test64_vendor' action=ro.product.cpu.abilist64=* && early-init (/vendor/etc/init/boringssl_self_test.rc:5) took 89ms and succeeded
[   22.530279] init: Service 'boringssl_self_test64_vendor' (pid 150) exited with status 0 waiting took 0.422000 seconds
[   22.530279] init: Service 'boringssl_self_test64_vendor' (pid 150) exited with status 0 waiting took 0.422000 seconds
[   22.532916] init: Sending signal 9 to service 'boringssl_self_test64_vendor' (pid 150) process group...
[   22.532916] init: Sending signal 9 to service 'boringssl_self_test64_vendor' (pid 150) process group...
[   22.538488] libprocessgroup: Successfully killed process cgroup uid 0 pid 150 in 2ms
[   22.538488] libprocessgroup: Successfully killed process cgroup uid 0 pid 150 in 2ms
[   22.562105] init: processing action (wait_for_coldboot_done) from (<Builtin Action>:0)
[   22.562105] init: processing action (wait_for_coldboot_done) from (<Builtin Action>:0)
[   22.565340] init: start_waiting_for_property("ro.cold_boot_done", "true"): already set
[   22.565340] init: start_waiting_for_property("ro.cold_boot_done", "true"): already set
[   22.571689] init: processing action (MixHwrngIntoLinuxRng) from (<Builtin Action>:0)
[   22.571689] init: processing action (MixHwrngIntoLinuxRng) from (<Builtin Action>:0)
[   22.586828] init: Mixed 512 bytes from /dev/hw_random into /dev/urandom
[   22.586828] init: Mixed 512 bytes from /dev/hw_random into /dev/urandom
[   22.591474] init: processing action (SetMmapRndBits) from (<Builtin Action>:0)
[   22.591474] init: processing action (SetMmapRndBits) from (<Builtin Action>:0)
[   22.633385] init: processing action (KeychordInit) from (<Builtin Action>:0)
[   22.633385] init: processing action (KeychordInit) from (<Builtin Action>:0)
[   22.646120] init: EVIOCSMASK not supported: Invalid argument
[   22.646120] init: EVIOCSMASK not supported: Invalid argument
[   22.652556] init: processing action (init) from (/system/etc/init/hw/init.rc:114)
[   22.652556] init: processing action (init) from (/system/etc/init/hw/init.rc:114)
[   22.738997] init: Command 'write /dev/blkio/blkio.weight 1000' action=init (/system/etc/init/hw/init.rc:164) took 3ms and failed: Unable to write to file '/dev/blkio/blkio.weight': open() failed: Permission denied
[   22.738997] init: Command 'write /dev/blkio/blkio.weight 1000' action=init (/system/etc/init/hw/init.rc:164) took 3ms and failed: Unable to write to file '/dev/blkio/blkio.weight': open() failed: Permission denied
[   22.744322] init: Command 'write /dev/blkio/background/blkio.weight 200' action=init (/system/etc/init/hw/init.rc:165) took 2ms and failed: Unable to write to file '/dev/blkio/background/blkio.weight': open() failed: Permission denied
[   22.744322] init: Command 'write /dev/blkio/background/blkio.weight 200' action=init (/system/etc/init/hw/init.rc:165) took 2ms and failed: Unable to write to file '/dev/blkio/background/blkio.weight': open() failed: Permission denied
[   22.751044] init: Command 'write /dev/blkio/blkio.group_idle 0' action=init (/system/etc/init/hw/init.rc:166) took 3ms and failed: Unable to write to file '/dev/blkio/blkio.group_idle': open() failed: Permission denied
[   22.751044] init: Command 'write /dev/blkio/blkio.group_idle 0' action=init (/system/etc/init/hw/init.rc:166) took 3ms and failed: Unable to write to file '/dev/blkio/blkio.group_idle': open() failed: Permission denied
[   22.759309] init: Command 'write /dev/blkio/background/blkio.group_idle 0' action=init (/system/etc/init/hw/init.rc:167) took 4ms and failed: Unable to write to file '/dev/blkio/background/blkio.group_idle': open() failed: Permission denied
[   22.759309] init: Command 'write /dev/blkio/background/blkio.group_idle 0' action=init (/system/etc/init/hw/init.rc:167) took 4ms and failed: Unable to write to file '/dev/blkio/background/blkio.group_idle': open() failed: Permission denied
[   22.881168] init: Command 'mount binder binder /dev/binderfs stats=global' action=init (/system/etc/init/hw/init.rc:177) took 80ms and succeeded
[   22.881168] init: Command 'mount binder binder /dev/binderfs stats=global' action=init (/system/etc/init/hw/init.rc:177) took 80ms and succeeded
[   23.099958] init: Command 'write /dev/cpuctl/cpu.rt_period_us 1000000' action=init (/system/etc/init/hw/init.rc:271) took 3ms and failed: Unable to write to file '/dev/cpuctl/cpu.rt_period_us': open() failed: Permission denied
[   23.099958] init: Command 'write /dev/cpuctl/cpu.rt_period_us 1000000' action=init (/system/etc/init/hw/init.rc:271) took 3ms and failed: Unable to write to file '/dev/cpuctl/cpu.rt_period_us': open() failed: Permission denied
[   23.106705] init: Command 'write /dev/cpuctl/cpu.rt_runtime_us 950000' action=init (/system/etc/init/hw/init.rc:272) took 3ms and failed: Unable to write to file '/dev/cpuctl/cpu.rt_runtime_us': open() failed: Permission denied
[   23.106705] init: Command 'write /dev/cpuctl/cpu.rt_runtime_us 950000' action=init (/system/etc/init/hw/init.rc:272) took 3ms and failed: Unable to write to file '/dev/cpuctl/cpu.rt_runtime_us': open() failed: Permission denied
[   23.361275] Registered swp emulation handler
[   23.361275] Registered swp emulation handler
[   23.378227] init: Command 'write /dev/cpu_variant:${ro.bionic.2nd_arch} ${ro.bionic.2nd_cpu_variant}' action=init (/system/etc/init/hw/init.rc:384) took 0ms and failed: property 'ro.bionic.2nd_arch' doesn't exist while expanding '/dev/cpu_variant:${ro.bionic.2nd_arch}'
[   23.378227] init: Command 'write /dev/cpu_variant:${ro.bionic.2nd_arch} ${ro.bionic.2nd_cpu_variant}' action=init (/system/etc/init/hw/init.rc:384) took 0ms and failed: property 'ro.bionic.2nd_arch' doesn't exist while expanding '/dev/cpu_variant:${ro.bionic.2nd_arch}'
[   23.383479] init: Command 'chmod 0444 /dev/cpu_variant:${ro.bionic.2nd_arch}' action=init (/system/etc/init/hw/init.rc:385) took 0ms and failed: property 'ro.bionic.2nd_arch' doesn't exist while expanding '/dev/cpu_variant:${ro.bionic.2nd_arch}'
[   23.383479] init: Command 'chmod 0444 /dev/cpu_variant:${ro.bionic.2nd_arch}' action=init (/system/etc/init/hw/init.rc:385) took 0ms and failed: property 'ro.bionic.2nd_arch' doesn't exist while expanding '/dev/cpu_variant:${ro.bionic.2nd_arch}'
[   23.399762] init: starting service 'logd'...
[   23.399762] init: starting service 'logd'...
[   23.409727] init: Created socket '/dev/socket/logd', mode 666, user 1036, group 1036
[   23.409727] init: Created socket '/dev/socket/logd', mode 666, user 1036, group 1036
[   23.420577] init: Created socket '/dev/socket/logdr', mode 666, user 1036, group 1036
[   23.420577] init: Created socket '/dev/socket/logdr', mode 666, user 1036, group 1036
[   23.433766] init: Created socket '/dev/socket/logdw', mode 222, user 1036, group 1036
[   23.433766] init: Created socket '/dev/socket/logdw', mode 222, user 1036, group 1036
[   23.436700] init: Opened file '/proc/kmsg', flags 0
[   23.436700] init: Opened file '/proc/kmsg', flags 0
[   23.442109] init: Opened file '/dev/kmsg', flags 1
[   23.442109] init: Opened file '/dev/kmsg', flags 1
[   23.506702] init: Command 'start logd' action=init (/system/etc/init/hw/init.rc:398) took 100ms and succeeded
[   23.506702] init: Command 'start logd' action=init (/system/etc/init/hw/init.rc:398) took 100ms and succeeded
[   23.515741] init: starting service 'lmkd'...
[   23.515741] init: starting service 'lmkd'...
[   23.529704] init: Created socket '/dev/socket/lmkd', mode 660, user 1000, group 1000
[   23.529704] init: Created socket '/dev/socket/lmkd', mode 660, user 1000, group 1000
[   23.588488] init: Command 'start lmkd' action=init (/system/etc/init/hw/init.rc:404) took 76ms and succeeded
[   23.588488] init: Command 'start lmkd' action=init (/system/etc/init/hw/init.rc:404) took 76ms and succeeded
[   23.596340] init: starting service 'servicemanager'...
[   23.596340] init: starting service 'servicemanager'...
[   23.671229] init: Command 'start servicemanager' action=init (/system/etc/init/hw/init.rc:407) took 78ms and succeeded
[   23.671229] init: Command 'start servicemanager' action=init (/system/etc/init/hw/init.rc:407) took 78ms and succeeded
[   23.694930] init: starting service 'hwservicemanager'...
[   23.694930] init: starting service 'hwservicemanager'...
[   23.781052] init: Command 'start hwservicemanager' action=init (/system/etc/init/hw/init.rc:408) took 106ms and succeeded
[   23.781052] init: Command 'start hwservicemanager' action=init (/system/etc/init/hw/init.rc:408) took 106ms and succeeded
[   23.783920] init: Command 'start vndservicemanager' action=init (/system/etc/init/hw/init.rc:409) took 0ms and failed: service vndservicemanager not found
[   23.783920] init: Command 'start vndservicemanager' action=init (/system/etc/init/hw/init.rc:409) took 0ms and failed: service vndservicemanager not found
[   23.793649] init: processing action (ro.debuggable=1 && init) from (/system/etc/init/hw/init.rc:1065)
[   23.793649] init: processing action (ro.debuggable=1 && init) from (/system/etc/init/hw/init.rc:1065)
[   23.811036] init: starting service 'console'...
[   23.811036] init: starting service 'console'...
[   23.916975] init: Command 'start console' action=ro.debuggable=1 && init (/system/etc/init/hw/init.rc:1066) took 121ms and succeeded
[   23.916975] init: Command 'start console' action=ro.debuggable=1 && init (/system/etc/init/hw/init.rc:1066) took 121ms and succeeded
[   23.922877] init: processing action (init) from (/system/etc/init/hw/init.usb.rc:24)
[   23.922877] init: processing action (init) from (/system/etc/init/hw/init.usb.rc:24)
[   23.955776] init: processing action (init) from (/vendor/etc/init/hw/init.ranchu.rc:17)
[   23.955776] init: processing action (init) from (/vendor/etc/init/hw/init.ranchu.rc:17)
[   24.064888] init: Command 'symlink /dev/goldfish_pipe /dev/android_pipe' action=init (/vendor/etc/init/hw/init.ranchu.rc:21) took 105ms and succeeded
[   24.064888] init: Command 'symlink /dev/goldfish_pipe /dev/android_pipe' action=init (/vendor/etc/init/hw/init.ranchu.rc:21) took 105ms and succeeded
[   24.151406] init: Command 'write /sys/block/zram0/comp_algorithm lz4' action=init (/vendor/etc/init/hw/init.ranchu.rc:24) took 69ms and succeeded
[   24.151406] init: Command 'write /sys/block/zram0/comp_algorithm lz4' action=init (/vendor/etc/init/hw/init.ranchu.rc:24) took 69ms and succeeded
[   24.441788] init: starting service 'qemu-props'...
[   24.441788] init: starting service 'qemu-props'...
[   24.543440] init: Command 'start qemu-props' action=init (/vendor/etc/init/hw/init.ranchu.rc:50) took 118ms and succeeded
[   24.543440] init: Command 'start qemu-props' action=init (/vendor/etc/init/hw/init.ranchu.rc:50) took 118ms and succeeded
[   24.562107] init: processing action (init) from (/system/etc/init/audioserver.rc:48)
[   24.562107] init: processing action (init) from (/system/etc/init/audioserver.rc:48)
[   24.616952] init: Command 'mkdir /dev/socket/audioserver 0775 audioserver audioserver' action=init (/system/etc/init/audioserver.rc:49) took 53ms and succeeded
[   24.616952] init: Command 'mkdir /dev/socket/audioserver 0775 audioserver audioserver' action=init (/system/etc/init/audioserver.rc:49) took 53ms and succeeded
[   24.638364] init: processing action (MixHwrngIntoLinuxRng) from (<Builtin Action>:0)
[   24.638364] init: processing action (MixHwrngIntoLinuxRng) from (<Builtin Action>:0)
[   24.662206] init: Mixed 512 bytes from /dev/hw_random into /dev/urandom
[   24.662206] init: Mixed 512 bytes from /dev/hw_random into /dev/urandom
[   24.663814] init: processing action (late-init) from (/system/etc/init/hw/init.rc:427)
[   24.663814] init: processing action (late-init) from (/system/etc/init/hw/init.rc:427)
[   24.683021] init: processing action (late-init) from (/system/etc/init/atrace.rc:3)
[   24.683021] init: processing action (late-init) from (/system/etc/init/atrace.rc:3)
console:/ $ [   25.679859] init: processing action (late-init) from (/vendor/etc/init/android.hardware.atrace@1.0-service.rc:1)
[   25.679859] init: processing action (late-init) from (/vendor/etc/init/android.hardware.atrace@1.0-service.rc:1)
[   25.715200] init: processing action (queue_property_triggers) from (<Builtin Action>:0)
[   25.715200] init: processing action (queue_property_triggers) from (<Builtin Action>:0)
[   25.717281] init: processing action (early-fs) from (/system/etc/init/hw/init.rc:463)
[   25.717281] init: processing action (early-fs) from (/system/etc/init/hw/init.rc:463)
[   25.736908] init: starting service 'vold'...
[   25.736908] init: starting service 'vold'...
[   25.825701] init: Command 'start vold' action=early-fs (/system/etc/init/hw/init.rc:465) took 97ms and succeeded
[   25.825701] init: Command 'start vold' action=early-fs (/system/etc/init/hw/init.rc:465) took 97ms and succeeded
[   25.827747] init: processing action (early-fs) from (/vendor/etc/init/hw/init.ranchu.rc:1)
[   25.827747] init: processing action (early-fs) from (/vendor/etc/init/hw/init.ranchu.rc:1)
[   25.839376] init: processing action (fs) from (/vendor/etc/init/hw/init.ranchu.rc:4)
[   25.839376] init: processing action (fs) from (/vendor/etc/init/hw/init.ranchu.rc:4)
[   25.859150] init: starting service 'wait_for_keymaster'...
[   25.859150] init: starting service 'wait_for_keymaster'...
[   25.979786] init: SVC_EXEC service 'wait_for_keymaster' pid 159 (uid 0 gid 0+1 context default) started; waiting...
[   25.979786] init: SVC_EXEC service 'wait_for_keymaster' pid 159 (uid 0 gid 0+1 context default) started; waiting...
[   25.982252] init: Command 'exec_start wait_for_keymaster' action=fs (/vendor/etc/init/hw/init.ranchu.rc:5) took 141ms and succeeded
[   25.982252] init: Command 'exec_start wait_for_keymaster' action=fs (/vendor/etc/init/hw/init.ranchu.rc:5) took 141ms and succeeded
[   26.394475] wait_for_keymaster: Waiting for Keymaster device
[   26.394475] wait_for_keymaster: Waiting for Keymaster device
[   26.859740] HidlServiceManagement: getService: Trying again for android.hardware.keymaster@4.0::IKeymasterDevice/default...
[   26.859740] HidlServiceManagement: getService: Trying again for android.hardware.keymaster@4.0::IKeymasterDevice/default...
[   26.896730] init: starting service 'vendor.keymaster-4-1'...
[   26.896730] init: starting service 'vendor.keymaster-4-1'...
[   26.977290] init: Control message: Processed ctl.interface_start for 'android.hardware.keymaster@4.0::IKeymasterDevice/default' from pid: 154 (/system/bin/hwservicemanager)
[   26.977290] init: Control message: Processed ctl.interface_start for 'android.hardware.keymaster@4.0::IKeymasterDevice/default' from pid: 154 (/system/bin/hwservicemanager)
[   26.984544] init: Control message: Processed ctl.interface_start for 'android.hardware.keymaster@4.0::IKeymasterDevice/default' from pid: 154 (/system/bin/hwservicemanager)
[   26.984544] init: Control message: Processed ctl.interface_start for 'android.hardware.keymaster@4.0::IKeymasterDevice/default' from pid: 154 (/system/bin/hwservicemanager)
[   27.862890] HidlServiceManagement: Waited one second for android.hardware.keymaster@4.0::IKeymasterDevice/default
[   27.862890] HidlServiceManagement: Waited one second for android.hardware.keymaster@4.0::IKeymasterDevice/default
[   27.870342] HidlServiceManagement: getService: Trying again for android.hardware.keymaster@4.0::IKeymasterDevice/default...
[   27.870342] HidlServiceManagement: getService: Trying again for android.hardware.keymaster@4.0::IKeymasterDevice/default...
[   27.888306] init: Control message: Processed ctl.interface_start for 'android.hardware.keymaster@4.0::IKeymasterDevice/default' from pid: 154 (/system/bin/hwservicemanager)
[   27.888306] init: Control message: Processed ctl.interface_start for 'android.hardware.keymaster@4.0::IKeymasterDevice/default' from pid: 154 (/system/bin/hwservicemanager)
[   28.131093] wait_for_keymaster: List of Keymaster HALs found:
[   28.131093] wait_for_keymaster: List of Keymaster HALs found:
[   28.138569] wait_for_keymaster: Keymaster HAL #1: SoftwareKeymasterDevice from Google SecurityLevel: SOFTWARE HAL: android.hardware.keymaster@4.1::IKeymasterDevice/default
[   28.138569] wait_for_keymaster: Keymaster HAL #1: SoftwareKeymasterDevice from Google SecurityLevel: SOFTWARE HAL: android.hardware.keymaster@4.1::IKeymasterDevice/default
[   28.176251] wait_for_keymaster: Using SoftwareKeymasterDevice from Google for encryption.  Security level: SOFTWARE, HAL: android.hardware.keymaster@4.1::IKeymasterDevice/default
[   28.176251] wait_for_keymaster: Using SoftwareKeymasterDevice from Google for encryption.  Security level: SOFTWARE, HAL: android.hardware.keymaster@4.1::IKeymasterDevice/default
[   28.178370] wait_for_keymaster: Keymaster device ready
[   28.178370] wait_for_keymaster: Keymaster device ready
[   28.207352] init: Service 'wait_for_keymaster' (pid 159) exited with status 0 waiting took 2.304000 seconds
[   28.207352] init: Service 'wait_for_keymaster' (pid 159) exited with status 0 waiting took 2.304000 seconds
[   28.208719] init: Sending signal 9 to service 'wait_for_keymaster' (pid 159) process group...
[   28.208719] init: Sending signal 9 to service 'wait_for_keymaster' (pid 159) process group...
[   28.213290] libprocessgroup: Successfully killed process cgroup uid 0 pid 159 in 1ms
[   28.213290] libprocessgroup: Successfully killed process cgroup uid 0 pid 159 in 1ms
[   28.265866] init: [libfs_mgr]superblock s_max_mnt_count:65535,/dev/block/vdc
[   28.265866] init: [libfs_mgr]superblock s_max_mnt_count:65535,/dev/block/vdc
[   28.268353] init: [libfs_mgr]Enabling quotas on /dev/block/vdc
[   28.268353] init: [libfs_mgr]Enabling quotas on /dev/block/vdc
[   29.163212] tune2fs: tune2fs 1.45.4 (23-Sep-2019)
[   29.163212] tune2fs: tune2fs 1.45.4 (23-Sep-2019)
[   29.846420] EXT4-fs (vdc): Ignoring removed nomblk_io_submit option
[   29.846420] EXT4-fs (vdc): Ignoring removed nomblk_io_submit option
[   29.877608] EXT4-fs (vdc): mounted filesystem with ordered data mode. Opts: errors=remount-ro,nomblk_io_submit
[   29.877608] EXT4-fs (vdc): mounted filesystem with ordered data mode. Opts: errors=remount-ro,nomblk_io_submit
[   29.880146] init: [libfs_mgr]check_fs(): mount(/dev/block/vdc,/data,ext4)=0: Success
[   29.880146] init: [libfs_mgr]check_fs(): mount(/dev/block/vdc,/data,ext4)=0: Success
[   29.943752] init: [libfs_mgr]check_fs(): unmount(/data) succeeded
[   29.943752] init: [libfs_mgr]check_fs(): unmount(/data) succeeded
[   29.951441] init: [libfs_mgr]Running /system/bin/e2fsck on /dev/block/vdc
[   29.951441] init: [libfs_mgr]Running /system/bin/e2fsck on /dev/block/vdc
[   30.712419] e2fsck: e2fsck 1.45.4 (23-Sep-2019)
[   30.712419] e2fsck: e2fsck 1.45.4 (23-Sep-2019)
[   31.333707] e2fsck: Pass 1: Checking inodes, blocks, and sizes
[   31.333707] e2fsck: Pass 1: Checking inodes, blocks, and sizes
[   32.143843] e2fsck: Pass 2: Checking directory structure
[   32.143843] e2fsck: Pass 2: Checking directory structure
[   32.179790] e2fsck: Pass 3: Checking directory connectivity
[   32.179790] e2fsck: Pass 3: Checking directory connectivity
[   32.203863] e2fsck: Pass 4: Checking reference counts
[   32.203863] e2fsck: Pass 4: Checking reference counts
[   32.603402] e2fsck: Pass 5: Checking group summary information
[   32.603402] e2fsck: Pass 5: Checking group summary information
[   32.665733] e2fsck: data: 12/524288 files (0.0% non-contiguous), 58517/2097152 blocks
[   32.665733] e2fsck: data: 12/524288 files (0.0% non-contiguous), 58517/2097152 blocks
[   32.690947] init: [libfs_mgr]superblock s_max_mnt_count:65535,/dev/block/vdc
[   32.690947] init: [libfs_mgr]superblock s_max_mnt_count:65535,/dev/block/vdc
[   32.694164] init: [libfs_mgr]Setting reserved block count on /dev/block/vdc to 32768
[   32.694164] init: [libfs_mgr]Setting reserved block count on /dev/block/vdc to 32768
[   32.941142] tune2fs: tune2fs 1.45.4 (23-Sep-2019)
[   32.941142] tune2fs: tune2fs 1.45.4 (23-Sep-2019)
[   32.971724] tune2fs: Setting reserved blocks gid to 1065
[   32.971724] tune2fs: Setting reserved blocks gid to 1065
[   32.973908] tune2fs: Setting reserved blocks count to 32768
[   32.973908] tune2fs: Setting reserved blocks count to 32768
[   32.995025] init: [libfs_mgr]Enabling ext4 flags encrypt on /dev/block/vdc
[   32.995025] init: [libfs_mgr]Enabling ext4 flags encrypt on /dev/block/vdc
[   33.216421] tune2fs: tune2fs 1.45.4 (23-Sep-2019)
[   33.216421] tune2fs: tune2fs 1.45.4 (23-Sep-2019)
[   33.268279] init: [libfs_mgr]Enabling ext4 verity on /dev/block/vdc
[   33.268279] init: [libfs_mgr]Enabling ext4 verity on /dev/block/vdc
[   33.496036] logd.auditd: start
[   33.496036] logd.auditd: start
[   33.506017] tune2fs: tune2fs 1.45.4 (23-Sep-2019)
[   33.506017] tune2fs: tune2fs 1.45.4 (23-Sep-2019)
[   33.538211] logd.klogd: 33372172800
[   33.538211] logd.klogd: 33372172800
[   33.567368] init: [libfs_mgr]Enabling ext4 casefold on /dev/block/vdc
[   33.567368] init: [libfs_mgr]Enabling ext4 casefold on /dev/block/vdc
[   33.811882] tune2fs: tune2fs 1.45.4 (23-Sep-2019)
[   33.811882] tune2fs: tune2fs 1.45.4 (23-Sep-2019)
[   33.846926] tune2fs: Setting encoding to 'utf8'
[   33.846926] tune2fs: Setting encoding to 'utf8'
[   33.956719] EXT4-fs (vdc): Ignoring removed nomblk_io_submit option
[   33.956719] EXT4-fs (vdc): Ignoring removed nomblk_io_submit option
[   33.957949] EXT4-fs (vdc): Using encoding defined by superblock: utf8-12.1.0 with flags 0x0
[   33.957949] EXT4-fs (vdc): Using encoding defined by superblock: utf8-12.1.0 with flags 0x0
[   33.983797] EXT4-fs (vdc): mounted filesystem with ordered data mode. Opts: nomblk_io_submit,errors=panic
[   33.983797] EXT4-fs (vdc): mounted filesystem with ordered data mode. Opts: nomblk_io_submit,errors=panic
[   33.986414] init: [libfs_mgr]__mount(source=/dev/block/vdc,target=/data,type=ext4)=0: Success
[   33.986414] init: [libfs_mgr]__mount(source=/dev/block/vdc,target=/data,type=ext4)=0: Success
[   34.020391] init: Calling: /system/bin/vdc cryptfs encryptFstab /dev/block/vdc /data
[   34.020391] init: Calling: /system/bin/vdc cryptfs encryptFstab /dev/block/vdc /data
[   62.560196] cfg80211: failed to load regulatory.db
[   62.560196] cfg80211: failed to load regulatory.db
[   97.100583] EXT4-fs (dm-4): Ignoring removed nomblk_io_submit option
[   97.100583] EXT4-fs (dm-4): Ignoring removed nomblk_io_submit option
[   97.101272] EXT4-fs (dm-4): Using encoding defined by superblock: utf8-12.1.0 with flags 0x0
[   97.101272] EXT4-fs (dm-4): Using encoding defined by superblock: utf8-12.1.0 with flags 0x0
[   97.105836] JBD2: no valid journal superblock found
[   97.105836] JBD2: no valid journal superblock found
[   97.106502] EXT4-fs (dm-4): error loading journal
[   97.106502] EXT4-fs (dm-4): error loading journal
[   97.365848] e2fsck: e2fsck 1.45.4 (23-Sep-2019)
[   97.365848] e2fsck: e2fsck 1.45.4 (23-Sep-2019)
[   98.200584] e2fsck: Superblock has an invalid journal (inode 8).
[   98.200584] e2fsck: Superblock has an invalid journal (inode 8).
[   98.202648] e2fsck: Clear? yes
[   98.202648] e2fsck: Clear? yes
[   98.204636] e2fsck: 
[   98.204636] e2fsck: 
[   98.208738] e2fsck: *** journal has been deleted ***
[   98.208738] e2fsck: *** journal has been deleted ***
[   98.211226] e2fsck: 
[   98.211226] e2fsck: 
[   98.219968] e2fsck: Superblock has_journal flag is clear, but a journal is present.
[   98.219968] e2fsck: Superblock has_journal flag is clear, but a journal is present.
[   98.224768] e2fsck: Clear? yes
[   98.224768] e2fsck: Clear? yes
[   98.225339] e2fsck: 
[   98.225339] e2fsck: 
[   98.305060] e2fsck: Pass 1: Checking inodes, blocks, and sizes
[   98.305060] e2fsck: Pass 1: Checking inodes, blocks, and sizes
[   98.700114] e2fsck: Journal inode is not in use, but contains data.  Clear? yes
[   98.700114] e2fsck: Journal inode is not in use, but contains data.  Clear? yes
[   98.701525] e2fsck: 
[   98.701525] e2fsck: 
[   98.708567] e2fsck: Pass 2: Checking directory structure
[   98.708567] e2fsck: Pass 2: Checking directory structure
[   98.723687] e2fsck: Pass 3: Checking directory connectivity
[   98.723687] e2fsck: Pass 3: Checking directory connectivity
[   98.732305] e2fsck: Pass 4: Checking reference counts
[   98.732305] e2fsck: Pass 4: Checking reference counts
[   98.958364] e2fsck: Pass 5: Checking group summary information
[   98.958364] e2fsck: Pass 5: Checking group summary information
[   99.911307] e2fsck: Block bitmap differences:  +524288 +524297 +524304 +524315 +(524320--524323) +(524325--524329) +524333 +(524335--524339) +524344 +(524348--524350) +524353 +524356 +524358 +524361 +(524363--524364) +524366 +524369 +524372 +524377 +(524379--524380) +(524382--524383) +(524385--524386) +(524388--524389) +(524391--524393) +(524396--524397) +(524399--524401) +524404 +524406 +(524411--524413) +524415 +(524417--524419) +524422 +524425 +524428 +(524431--524434) +(524436--524439) +524441 +524446 +(524451-
[   99.911307] e2fsck: Block bitmap differences:  +524288 +524297 +524304 +524315 +(524320--524323) +(524325--524329) +524333 +(524335--524339) +524344 +(524348--524350) +524353 +524356 +524358 +524361 +(524363--524364) +524366 +524369 +524372 +524377 +(524379--524380) +(524382--524383) +(524385--524386) +(524388--524389) +(524391--524393) +(524396--524397) +(524399--524401) +524404 +524406 +(524411--524413) +524415 +(524417--524419) +524422 +524425 +524428 +(524431--524434) +(524436--524439) +524441 +524446 +(524451-
[  100.843724] e2fsck: +(530210--530211) +530214 +(530216--530217) +530219 +530222 +530225 +(530228--530229) +(530234--530237) +530239 +530243 +530245 +530248 +530250 +(530252--530254) +530256 +(530259--530261) +530263 +(530266--530268) +(530273--530274) +530276 +(530278--530280) +(530284--530285) +530287 +530293 +530295 +(530297--530301) +530303 +(530306--530307) +530309 +(530311--530312) +(530314--530315) +(530321--530322) +530326 +530328 +(530335--530336) +530338 +530340 +530344 +(530347--530349) +(530351--530354) 
[  100.843724] e2fsck: +(530210--530211) +530214 +(530216--530217) +530219 +530222 +530225 +(530228--530229) +(530234--530237) +530239 +530243 +530245 +530248 +530250 +(530252--530254) +530256 +(530259--530261) +530263 +(530266--530268) +(530273--530274) +530276 +(530278--530280) +(530284--530285) +530287 +530293 +530295 +(530297--530301) +530303 +(530306--530307) +530309 +(530311--530312) +(530314--530315) +(530321--530322) +530326 +530328 +(530335--530336) +530338 +530340 +530344 +(530347--530349) +(530351--530354) 
[  102.569119] e2fsck: 4--533527) -533530 -(533533--533538) -533540 -533542 -533546 -(533548--533549) -(533551--533554) -533556 -533558 -(533562--533564) -533566 -533569 -533571 -(533573--533574) -(533576--533578) -(533581--533584) -533589 -(533592--533593) -533597 -(533599--533601) -533603 -(533605--533609) -533611 -(533613--533615) -533618 -(533620--533621) -533625 -(533627--533631) -533635 -(533637--533638) -(533641--533644) -533646 -533648 -(533652--533653) -(533655--533657) -(533659--533664) -533667 -533674 -5336
[  102.569119] e2fsck: 4--533527) -533530 -(533533--533538) -533540 -533542 -533546 -(533548--533549) -(533551--533554) -533556 -533558 -(533562--533564) -533566 -533569 -533571 -(533573--533574) -(533576--533578) -(533581--533584) -533589 -(533592--533593) -533597 -(533599--533601) -533603 -(533605--533609) -533611 -(533613--533615) -533618 -(533620--533621) -533625 -(533627--533631) -533635 -(533637--533638) -(533641--533644) -533646 -533648 -(533652--533653) -(533655--533657) -(533659--533664) -533667 -533674 -5336
[  103.496390] e2fsck: 534768--534769) -534771 -534774 -534778 -534780 -534784 -534786 -534789 -(534791--534792) -(534797--534799) -(534804--534805) -(534807--534808) -534810 -(534812--534814) -534818 -(534820--534821) -(534823--534826) -534828 -(534834--534836) -(534838--534839) -(534842--534843) -534845 -(534853--534854) -534856 -534860 -534865 -534867 -(534870--534871) -(534873--534875) -534884 -534890 -(534892--534893) -(534896--534898) -(534900--534902) -(534906--534908) -534912 -(534914--534917) -534922 -(534924
[  103.496390] e2fsck: 534768--534769) -534771 -534774 -534778 -534780 -534784 -534786 -534789 -(534791--534792) -(534797--534799) -(534804--534805) -(534807--534808) -534810 -(534812--534814) -534818 -(534820--534821) -(534823--534826) -534828 -(534834--534836) -(534838--534839) -(534842--534843) -534845 -(534853--534854) -534856 -534860 -534865 -534867 -(534870--534871) -(534873--534875) -534884 -534890 -(534892--534893) -(534896--534898) -(534900--534902) -(534906--534908) -534912 -(534914--534917) -534922 -(534924
[  104.164065] e2fsck: 036--536037) -(536040--536041) -(536048--536051) -536055 -536057 -(536059--536061) -(536063--536065) -(536068--536070) -536072 -(536074--536075) -536077 -(536080--536084) -536088 -(536090--536093) -536095 -536097 -536099 -536102 -(536106--536108) -(536111--536112) -536115 -536117 -(536119--536120) -(536122--536125) -(536128--536131) -(536135--536136) -(536139--536140) -536144 -536146 -(536148--536149) -536151 -536156 -(536163--536166) -(536171--536172) -(536174--536175) -536177 -536183 -(536185-
[  104.164065] e2fsck: 036--536037) -(536040--536041) -(536048--536051) -536055 -536057 -(536059--536061) -(536063--536065) -(536068--536070) -536072 -(536074--536075) -536077 -(536080--536084) -536088 -(536090--536093) -536095 -536097 -536099 -536102 -(536106--536108) -(536111--536112) -536115 -536117 -(536119--536120) -(536122--536125) -(536128--536131) -(536135--536136) -(536139--536140) -536144 -536146 -(536148--536149) -536151 -536156 -(536163--536166) -(536171--536172) -(536174--536175) -536177 -536183 -(536185-
[  104.844170] e2fsck: 537212) -(537214--537216) -537218 -(537221--537222) -537224 -(537227--537230) -537232 -537234 -(537236--537237) -537240 -(537242--537243) -(537246--537247) -537249 -537252 -537255 -537257 -(537259--537260) -(537263--537267) -537269 -(537271--537272) -537275 -(537282--537283) -537286 -537288 -(537290--537291) -(537298--537299) -(537301--537306) -(537308--537310) -(537312--537314) -(537316--537317) -537319 -(537322--537323) -(537325--537328) -(537331--537333) -537335 -(537337--537339) -537341 -537
[  104.844170] e2fsck: 537212) -(537214--537216) -537218 -(537221--537222) -537224 -(537227--537230) -537232 -537234 -(537236--537237) -537240 -(537242--537243) -(537246--537247) -537249 -537252 -537255 -537257 -(537259--537260) -(537263--537267) -537269 -(537271--537272) -537275 -(537282--537283) -537286 -537288 -(537290--537291) -(537298--537299) -(537301--537306) -(537308--537310) -(537312--537314) -(537316--537317) -537319 -(537322--537323) -(537325--537328) -(537331--537333) -537335 -(537337--537339) -537341 -537
[  105.595170] e2fsck: 38516--538520) -538522 -(538524--538527) -(538529--538531) -538534 -538536 -538538 -538541 -(538544--538545) -(538548--538549) -(538555--538556) -538558 -538561 -538564 -(538566--538568) -(538571--538580) -(538582--538583) -(538586--538587) -(538589--538590) -538592 -538595 -(538598--538604) -538607 -(538609--538610) -(538613--538614) -538618 -(538622--538624) -538628 -538630 -(538633--538634) -(538640--538641) -538647 -(538649--538650) -538652 -538654 -538656 -(538658--538659) -538661 -(538663-
[  105.595170] e2fsck: 38516--538520) -538522 -(538524--538527) -(538529--538531) -538534 -538536 -538538 -538541 -(538544--538545) -(538548--538549) -(538555--538556) -538558 -538561 -538564 -(538566--538568) -(538571--538580) -(538582--538583) -(538586--538587) -(538589--538590) -538592 -538595 -(538598--538604) -538607 -(538609--538610) -(538613--538614) -538618 -(538622--538624) -538628 -538630 -(538633--538634) -(538640--538641) -538647 -(538649--538650) -538652 -538654 -538656 -(538658--538659) -538661 -(538663-
[  106.340435] e2fsck: 7 -539769 -(539771--539776) -539779 -539782 -539785 -(539788--539794) -(539796--539797) -539799 -539802 -539804 -(539807--539809) -539812 -(539815--539816) -(539819--539823) -(539826--539829) -539831 -(539833--539835) -(539837--539838) -539842 -539844 -(539846--539848) -(539850--539851) -(539855--539856) -539858 -539863 -539865 -(539869--539870) -539872 -539874 -539876 -539880 -(539883--539884) -539886 -539892 -(539898--539900) -539903 -(539905--539910) -539913 -539916 -(539918--539921) -539927 
[  106.340435] e2fsck: 7 -539769 -(539771--539776) -539779 -539782 -539785 -(539788--539794) -(539796--539797) -539799 -539802 -539804 -(539807--539809) -539812 -(539815--539816) -(539819--539823) -(539826--539829) -539831 -(539833--539835) -(539837--539838) -539842 -539844 -(539846--539848) -(539850--539851) -(539855--539856) -539858 -539863 -539865 -(539869--539870) -539872 -539874 -539876 -539880 -(539883--539884) -539886 -539892 -(539898--539900) -539903 -(539905--539910) -539913 -539916 -(539918--539921) -539927 
[  107.166225] e2fsck: 40969) -(540972--540977) -(540980--540981) -(540985--540987) -540989 -(540991--540993) -540996 -540998 -541000 -(541002--541006) -541008 -541010 -(541013--541016) -(541018--541019) -(541021--541024) -(541026--541028) -541031 -541034 -(541037--541038) -541042 -541044 -541046 -(541049--541050) -(541052--541053) -541055 -(541057--541058) -541060 -541065 -(541067--541068) -(541070--541071) -(541073--541074) -(541076--541078) -(541080--541081) -541083 -541087 -541092 -541096 -541098 -(541101--541104)
[  107.166225] e2fsck: 40969) -(540972--540977) -(540980--540981) -(540985--540987) -540989 -(540991--540993) -540996 -540998 -541000 -(541002--541006) -541008 -541010 -(541013--541016) -(541018--541019) -(541021--541024) -(541026--541028) -541031 -541034 -(541037--541038) -541042 -541044 -541046 -(541049--541050) -(541052--541053) -541055 -(541057--541058) -541060 -541065 -(541067--541068) -(541070--541071) -(541073--541074) -(541076--541078) -(541080--541081) -541083 -541087 -541092 -541096 -541098 -(541101--541104)
[  108.019836] e2fsck: 24--542226) -(542230--542233) -(542237--542244) -(542246--542248) -(542250--542253) -542256 -(542259--542262) -(542265--542266) -(542269--542270) -(542272--542273) -(542275--542276) -(542278--542279) -(542281--542283) -(542285--542286) -542288 -(542291--542292) -542294 -(542296--542300) -(542304--542307) -(542309--542310) -(542313--542314) -542316 -(542318--542319) -542322 -(542327--542328) -(542330--542332) -(542334--542337) -(542339--542342) -542344 -542346 -542348 -(542353--542354) -(542357--
[  108.019836] e2fsck: 24--542226) -(542230--542233) -(542237--542244) -(542246--542248) -(542250--542253) -542256 -(542259--542262) -(542265--542266) -(542269--542270) -(542272--542273) -(542275--542276) -(542278--542279) -(542281--542283) -(542285--542286) -542288 -(542291--542292) -542294 -(542296--542300) -(542304--542307) -(542309--542310) -(542313--542314) -542316 -(542318--542319) -542322 -(542327--542328) -(542330--542332) -(542334--542337) -(542339--542342) -542344 -542346 -542348 -(542353--542354) -(542357--
[  108.838625] e2fsck: 43428) -(543431--543434) -(543439--543443) -(543446--543448) -543452 -(543454--543458) -(543461--543465) -(543468--543472) -543474 -543477 -(543481--543482) -(543487--543490) -543492 -543496 -(543499--543500) -543502 -(543505--543506) -(543510--543512) -543515 -543521 -543524 -(543528--543529) -543531 -543533 -543535 -543537 -543540 -543542 -(543546--543548) -(543550--543555) -543557 -(543560--543562) -543565 -543567 -543569 -(543571--543572) -(543574--543575) -(543577--543580) -(543583--543584)
[  108.838625] e2fsck: 43428) -(543431--543434) -(543439--543443) -(543446--543448) -543452 -(543454--543458) -(543461--543465) -(543468--543472) -543474 -543477 -(543481--543482) -(543487--543490) -543492 -543496 -(543499--543500) -543502 -(543505--543506) -(543510--543512) -543515 -543521 -543524 -(543528--543529) -543531 -543533 -543535 -543537 -543540 -543542 -(543546--543548) -(543550--543555) -543557 -(543560--543562) -543565 -543567 -543569 -(543571--543572) -(543574--543575) -(543577--543580) -(543583--543584)
[  109.542067] e2fsck: 44748 -(544750--544751) -544755 -(544757--544758) -(544760--544762) -544767 -544769 -(544771--544775) -544779 -544781 -(544784--544786) -(544788--544791) -(544793--544794) -544796 -544801 -(544805--544807) -544810 -(544814--544815) -544819 -(544822--544823) -(544826--544827) -(544832--544835) -544837 -(544839--544843) -544846 -(544848--544856) -(544858--544867) -(544869--544873) -544875 -(544877--544879) -544881 -544883 -(544889--544892) -544899 -544902 -544905 -544907 -(544912--544916) -544919 
[  109.542067] e2fsck: 44748 -(544750--544751) -544755 -(544757--544758) -(544760--544762) -544767 -544769 -(544771--544775) -544779 -544781 -(544784--544786) -(544788--544791) -(544793--544794) -544796 -544801 -(544805--544807) -544810 -(544814--544815) -544819 -(544822--544823) -(544826--544827) -(544832--544835) -544837 -(544839--544843) -544846 -(544848--544856) -(544858--544867) -(544869--544873) -544875 -(544877--544879) -544881 -544883 -(544889--544892) -544899 -544902 -544905 -544907 -(544912--544916) -544919 
[  110.206458] e2fsck: -546058) -(546060--546061) -546073 -546076 -546079 -546082 -546084 -546086 -546089 -546091 -546093 -546096 -546098 -(546101--546102) -546106 -546109 -546111 -(546113--546116) -(546119--546122) -546125 -546129 -(546131--546133) -546137 -546139 -546141 -546144 -(546146--546147) -(546149--546150) -546152 -(546154--546155) -(546157--546160) -546162 -(546165--546166) -546169 -546171 -(546173--546175) -(546177--546179) -(546181--546182) -(546184--546186) -(546189--546190) -546193 -546195 -546197 -(546
[  110.206458] e2fsck: -546058) -(546060--546061) -546073 -546076 -546079 -546082 -546084 -546086 -546089 -546091 -546093 -546096 -546098 -(546101--546102) -546106 -546109 -546111 -(546113--546116) -(546119--546122) -546125 -546129 -(546131--546133) -546137 -546139 -546141 -546144 -(546146--546147) -(546149--546150) -546152 -(546154--546155) -(546157--546160) -546162 -(546165--546166) -546169 -546171 -(546173--546175) -(546177--546179) -(546181--546182) -(546184--546186) -(546189--546190) -546193 -546195 -546197 -(546
[  111.091477] e2fsck: ) -(547333--547334) -547338 -547340 -(547342--547343) -547346 -(547350--547353) -547358 -(547361--547362) -547366 -547369 -(547371--547372) -547374 -(547377--547383) -(547385--547386) -(547388--547389) -(547392--547393) -547395 -(547397--547399) -547403 -547405 -(547407--547408) -(547411--547412) -(547415--547416) -547418 -(547420--547421) -547423 -547425 -(547431--547432) -547434 -(547438--547440) -547443 -(547445--547446) -(547449--547452) -(547454--547455) -(547463--547467) -547473 -547479 -5
[  111.091477] e2fsck: ) -(547333--547334) -547338 -547340 -(547342--547343) -547346 -(547350--547353) -547358 -(547361--547362) -547366 -547369 -(547371--547372) -547374 -(547377--547383) -(547385--547386) -(547388--547389) -(547392--547393) -547395 -(547397--547399) -547403 -547405 -(547407--547408) -(547411--547412) -(547415--547416) -547418 -(547420--547421) -547423 -547425 -(547431--547432) -547434 -(547438--547440) -547443 -(547445--547446) -(547449--547452) -(547454--547455) -(547463--547467) -547473 -547479 -5
[  111.848300] e2fsck: (548632--548634) -548637 -548640 -(548643--548645) -548647 -548649 -548652 -548656 -(548659--548661) -548665 -(548669--548672) -(548679--548680) -(548684--548687) -548689 -(548691--548692) -548694 -(548697--548701) -548703 -548706 -(548709--548710) -548713 -548717 -548719 -548722 -(548724--548725) -(548727--548728) -548730 -(548732--548733) -548735 -548737 -(548739--548740) -548742 -548746 -(548750--548751) -548756 -548758 -(548760--548764) -(548767--548771) -548781 -(548785--548786) -548788 -54
[  111.848300] e2fsck: (548632--548634) -548637 -548640 -(548643--548645) -548647 -548649 -548652 -548656 -(548659--548661) -548665 -(548669--548672) -(548679--548680) -(548684--548687) -548689 -(548691--548692) -548694 -(548697--548701) -548703 -548706 -(548709--548710) -548713 -548717 -548719 -548722 -(548724--548725) -(548727--548728) -548730 -(548732--548733) -548735 -548737 -(548739--548740) -548742 -548746 -(548750--548751) -548756 -548758 -(548760--548764) -(548767--548771) -548781 -(548785--548786) -548788 -54
[  112.729508] e2fsck: -(549893--549895) -(549899--549901) -(549903--549905) -(549907--549908) -549910 -(549913--549914) -549917 -(549919--549921) -549923 -549925 -(549928--549929) -(549932--549933) -549938 -549940 -549943 -549948 -549952 -(549956--549958) -549960 -(549962--549963) -549965 -549967 -(549971--549972) -(549974--549975) -549977 -549981 -(549983--549984) -(549986--549987) -(549989--549990) -549992 -(549995--549996) -(550000--550001) -550003 -(550005--550008) -(550012--550014) -550016 -(550018--550022) -(55
[  112.729508] e2fsck: -(549893--549895) -(549899--549901) -(549903--549905) -(549907--549908) -549910 -(549913--549914) -549917 -(549919--549921) -549923 -549925 -(549928--549929) -(549932--549933) -549938 -549940 -549943 -549948 -549952 -(549956--549958) -549960 -(549962--549963) -549965 -549967 -(549971--549972) -(549974--549975) -549977 -549981 -(549983--549984) -(549986--549987) -(549989--549990) -549992 -(549995--549996) -(550000--550001) -550003 -(550005--550008) -(550012--550014) -550016 -(550018--550022) -(55
[  113.429267] e2fsck: (551111--551113) -(551115--551116) -(551119--551120) -(551122--551123) -551125 -551129 -551131 -(551133--551135) -(551137--551139) -(551142--551143) -(551145--551148) -(551151--551153) -(551156--551158) -(551160--551163) -(551170--551172) -551177 -551180 -551185 -(551187--551192) -(551194--551195) -(551198--551199) -(551203--551204) -551209 -551214 -551216 -(551218--551219) -551222 -551228 -(551232--551234) -(551240--551241) -(551246--551247) -551250 -551254 -(551257--551258) -551261 -551265 -(5
[  113.429267] e2fsck: (551111--551113) -(551115--551116) -(551119--551120) -(551122--551123) -551125 -551129 -551131 -(551133--551135) -(551137--551139) -(551142--551143) -(551145--551148) -(551151--551153) -(551156--551158) -(551160--551163) -(551170--551172) -551177 -551180 -551185 -(551187--551192) -(551194--551195) -(551198--551199) -(551203--551204) -551209 -551214 -551216 -(551218--551219) -551222 -551228 -(551232--551234) -(551240--551241) -(551246--551247) -551250 -551254 -(551257--551258) -551261 -551265 -(5
[  114.154811] e2fsck: 335 -552337 -(552339--552341) -552344 -552346 -(552348--552349) -552351 -(552354--552357) -(552360--552361) -(552363--552364) -(552366--552370) -552374 -(552376--552378) -(552380--552381) -(552384--552386) -552388 -552394 -552397 -(552399--552401) -(552403--552404) -552406 -(552409--552410) -552413 -552416 -552424 -(552428--552429) -(552431--552433) -552435 -552438 -(552440--552441) -552443 -552448 -552451 -(552453--552455) -552458 -(552462--552464) -(552467--552468) -(552470--552471) -552473 -5
[  114.154811] e2fsck: 335 -552337 -(552339--552341) -552344 -552346 -(552348--552349) -552351 -(552354--552357) -(552360--552361) -(552363--552364) -(552366--552370) -552374 -(552376--552378) -(552380--552381) -(552384--552386) -552388 -552394 -552397 -(552399--552401) -(552403--552404) -552406 -(552409--552410) -552413 -552416 -552424 -(552428--552429) -(552431--552433) -552435 -552438 -(552440--552441) -552443 -552448 -552451 -(552453--552455) -552458 -(552462--552464) -(552467--552468) -(552470--552471) -552473 -5
[  114.842756] e2fsck: 29 -(553532--553534) -553538 -553541 -553544 -553549 -553551 -(553553--553556) -553559 -(553561--553562) -553564 -(553571--553573) -553576 -553579 -(553581--553583) -(553585--553586) -553588 -(553590--553597) -553599 -553601 -553604 -(553607--553608) -553612 -(553615--553616) -553620 -553626 -553628 -(553631--553638) -(553642--553647) -(553650--553653) -(553657--553658) -(553664--553665) -553669 -(553672--553673) -(553675--553676) -(553679--553681) -553684 -(553687--553689) -(553691--553692) -(5
[  114.842756] e2fsck: 29 -(553532--553534) -553538 -553541 -553544 -553549 -553551 -(553553--553556) -553559 -(553561--553562) -553564 -(553571--553573) -553576 -553579 -(553581--553583) -(553585--553586) -553588 -(553590--553597) -553599 -553601 -553604 -(553607--553608) -553612 -(553615--553616) -553620 -553626 -553628 -(553631--553638) -(553642--553647) -(553650--553653) -(553657--553658) -(553664--553665) -553669 -(553672--553673) -(553675--553676) -(553679--553681) -553684 -(553687--553689) -(553691--553692) -(5
[  115.491945] e2fsck: -554773 -554776 -554779 -(554784--554785) -554787 -554790 -(554796--554799) -554802 -554807 -(554809--554810) -(554812--554813) -(554815--554817) -(554819--554821) -(554823--554824) -554829 -554831 -(554833--554834) -554836 -(554838--554839) -(554843--554846) -554850 -(554852--554859) -554862 -554865 -(554870--554871) -(554873--554874) -(554876--554878) -(554890--554891) -554895 -554900 -554904 -(554909--554912) -554919 -(554921--554926) -(554929--554932) -554935 -(554937--554938) -554940 -55494
[  115.491945] e2fsck: -554773 -554776 -554779 -(554784--554785) -554787 -554790 -(554796--554799) -554802 -554807 -(554809--554810) -(554812--554813) -(554815--554817) -(554819--554821) -(554823--554824) -554829 -554831 -(554833--554834) -554836 -(554838--554839) -(554843--554846) -554850 -(554852--554859) -554862 -554865 -(554870--554871) -(554873--554874) -(554876--554878) -(554890--554891) -554895 -554900 -554904 -(554909--554912) -554919 -(554921--554926) -(554929--554932) -554935 -(554937--554938) -554940 -55494
[  116.172684] e2fsck: (556054--556057) -556061 -(556063--556064) -556066 -556069 -556074 -556076 -(556079--556080) -556083 -(556088--556089) -(556091--556093) -(556096--556102) -556108 -(556110--556112) -556114 -(556116--556117) -(556119--556120) -(556124--556126) -(556128--556129) -556134 -556138 -(556141--556142) -556146 -(556149--556154) -(556156--556158) -(556160--556161) -556164 -556168 -556173 -556176 -556179 -(556181--556182) -(556184--556185) -(556187--556189) -(556193--556194) -556198 -(556200--556203) -5562
[  116.172684] e2fsck: (556054--556057) -556061 -(556063--556064) -556066 -556069 -556074 -556076 -(556079--556080) -556083 -(556088--556089) -(556091--556093) -(556096--556102) -556108 -(556110--556112) -556114 -(556116--556117) -(556119--556120) -(556124--556126) -(556128--556129) -556134 -556138 -(556141--556142) -556146 -(556149--556154) -(556156--556158) -(556160--556161) -556164 -556168 -556173 -556176 -556179 -(556181--556182) -(556184--556185) -(556187--556189) -(556193--556194) -556198 -(556200--556203) -5562
[  116.821810] e2fsck: ) +819458 +819460 +(819463--819466) +819468 +(819472--819473) +819476 +(819478--819479) +(819482--819483) +(819486--819490) +819493 +(819495--819496) +(819499--819500) +(819502--819504) +819508 +(819511--819512) +(819515--819516) +819519 +(819521--819522) +819525 +819527 +(819529--819530) +819533 +819537 +(819540--819544) +(819549--819550) +819554 +819558 +819560 +(819562--819564) +(819566--819567) +(819569--819571) +(819573--819574) +(819576--819577) +(819579--819585) +(819588--819590) +819594 
[  116.821810] e2fsck: ) +819458 +819460 +(819463--819466) +819468 +(819472--819473) +819476 +(819478--819479) +(819482--819483) +(819486--819490) +819493 +(819495--819496) +(819499--819500) +(819502--819504) +819508 +(819511--819512) +(819515--819516) +819519 +(819521--819522) +819525 +819527 +(819529--819530) +819533 +819537 +(819540--819544) +(819549--819550) +819554 +819558 +819560 +(819562--819564) +(819566--819567) +(819569--819571) +(819573--819574) +(819576--819577) +(819579--819585) +(819588--819590) +819594 
[  117.471331] e2fsck: 703) -820705 -(820708--820714) -820717 -(820719--820721) -(820724--820725) -(820730--820734) -(820736--820737) -820740 -820742 -(820745--820747) -820752 -820754 -820756 -(820760--820763) -(820765--820766) -820772 -820774 -(820778--820779) -820781 -820783 -820785 -820788 -820792 -(820794--820796) -820799 -820801 -(820804--820805) -820807 -(820811--820812) -(820814--820815) -820817 -(820822--820823) -(820828--820829) -820833 -820836 -(820839--820843) -(820847--820849) -(820852--820853) -820856 -82
[  117.471331] e2fsck: 703) -820705 -(820708--820714) -820717 -(820719--820721) -(820724--820725) -(820730--820734) -(820736--820737) -820740 -820742 -(820745--820747) -820752 -820754 -820756 -(820760--820763) -(820765--820766) -820772 -820774 -(820778--820779) -820781 -820783 -820785 -820788 -820792 -(820794--820796) -820799 -820801 -(820804--820805) -820807 -(820811--820812) -(820814--820815) -820817 -(820822--820823) -(820828--820829) -820833 -820836 -(820839--820843) -(820847--820849) -(820852--820853) -820856 -82
[  118.152599] e2fsck: 1988) -821990 -(821993--821994) -821996 -821998 -(822000--822002) -(822005--822006) -(822008--822009) -822011 -822013 -822017 -822019 -(822021--822024) -(822026--822027) -(822029--822030) -822034 -(822037--822038) -(822040--822041) -(822043--822044) -(822047--822048) -822051 -(822055--822057) -822060 -822062 -(822064--822065) -(822068--822071) -(822073--822074) -(822077--822080) -(822082--822083) -(822091--822092) -822097 -822099 -822101 -822106 -822108 -822113 -(822116--822118) -(822127--822128
[  118.152599] e2fsck: 1988) -821990 -(821993--821994) -821996 -821998 -(822000--822002) -(822005--822006) -(822008--822009) -822011 -822013 -822017 -822019 -(822021--822024) -(822026--822027) -(822029--822030) -822034 -(822037--822038) -(822040--822041) -(822043--822044) -(822047--822048) -822051 -(822055--822057) -822060 -822062 -(822064--822065) -(822068--822071) -(822073--822074) -(822077--822080) -(822082--822083) -(822091--822092) -822097 -822099 -822101 -822106 -822108 -822113 -(822116--822118) -(822127--822128
[  118.935734] e2fsck: 248--823250) -823253 -823255 -(823259--823260) -(823262--823264) -(823268--823272) -823274 -823276 -(823278--823280) -(823283--823285) -823289 -(823291--823292) -823295 -(823297--823298) -823300 -823302 -(823304--823305) -823308 -823310 -823313 -823318 -(823320--823323) -(823325--823326) -(823330--823331) -(823333--823334) -823338 -823349 -(823351--823352) -823354 -(823356--823358) -(823360--823362) -(823364--823365) -(823368--823369) -(823373--823374) -(823376--823377) -(823380--823385) -(82338
[  118.935734] e2fsck: 248--823250) -823253 -823255 -(823259--823260) -(823262--823264) -(823268--823272) -823274 -823276 -(823278--823280) -(823283--823285) -823289 -(823291--823292) -823295 -(823297--823298) -823300 -823302 -(823304--823305) -823308 -823310 -823313 -823318 -(823320--823323) -(823325--823326) -(823330--823331) -(823333--823334) -823338 -823349 -(823351--823352) -823354 -(823356--823358) -(823360--823362) -(823364--823365) -(823368--823369) -(823373--823374) -(823376--823377) -(823380--823385) -(82338
[  119.642752] e2fsck: --824490) -(824496--824498) -(824500--824501) -824503 -824505 -824508 -(824510--824512) -(824516--824517) -(824519--824520) -824522 -(824526--824527) -(824531--824532) -(824535--824539) -824542 -(824546--824547) -824551 -824553 -(824556--824557) -824560 -(824564--824566) -824569 -(824571--824574) -(824577--824578) -(824580--824581) -(824583--824585) -824589 -824594 -(824596--824597) -824599 -(824601--824602) -824604 -824606 -824608 -824611 -(824613--824614) -824617 -(824620--824622) -824628 -824
[  119.642752] e2fsck: --824490) -(824496--824498) -(824500--824501) -824503 -824505 -824508 -(824510--824512) -(824516--824517) -(824519--824520) -824522 -(824526--824527) -(824531--824532) -(824535--824539) -824542 -(824546--824547) -824551 -824553 -(824556--824557) -824560 -(824564--824566) -824569 -(824571--824574) -(824577--824578) -(824580--824581) -(824583--824585) -824589 -824594 -(824596--824597) -824599 -(824601--824602) -824604 -824606 -824608 -824611 -(824613--824614) -824617 -(824620--824622) -824628 -824
[  120.376411] e2fsck: (825720--825721) -(825727--825729) -825731 -825735 -825737 -(825739--825741) -(825745--825746) -825748 -825752 -(825755--825757) -(825759--825760) -(825762--825764) -(825768--825769) -825772 -(825776--825778) -(825780--825782) -825785 -825788 -825791 -825793 -(825799--825801) -(825803--825805) -(825813--825814) -(825817--825819) -825821 -(825824--825825) -(825827--825828) -(825831--825832) -825834 -(825836--825838) -825840 -(825842--825845) -825848 -825850 -(825852--825854) -(825857--825858) -82
[  120.376411] e2fsck: (825720--825721) -(825727--825729) -825731 -825735 -825737 -(825739--825741) -(825745--825746) -825748 -825752 -(825755--825757) -(825759--825760) -(825762--825764) -(825768--825769) -825772 -(825776--825778) -(825780--825782) -825785 -825788 -825791 -825793 -(825799--825801) -(825803--825805) -(825813--825814) -(825817--825819) -825821 -(825824--825825) -(825827--825828) -(825831--825832) -825834 -(825836--825838) -825840 -(825842--825845) -825848 -825850 -(825852--825854) -(825857--825858) -82
[  121.402926] e2fsck: 6 -(826948--826950) -826952 -(826954--826955) -(826957--826960) -826963 -(826965--826966) -826968 -(826971--826974) -826976 -(826979--826980) -826982 -826985 -826987 -(826992--826994) -826996 -(826998--826999) -827002 -827006 -(827008--827011) -827014 -827016 -(827019--827020) -827022 -827024 -827030 -827033 -(827036--827038) -(827045--827048) -(827051--827054) -827057 -(827060--827061) -(827063--827064) -827066 -(827069--827070) -(827072--827076) -827078 -827081 -(827083--827085) -827091 -82710
[  121.402926] e2fsck: 6 -(826948--826950) -826952 -(826954--826955) -(826957--826960) -826963 -(826965--826966) -826968 -(826971--826974) -826976 -(826979--826980) -826982 -826985 -826987 -(826992--826994) -826996 -(826998--826999) -827002 -827006 -(827008--827011) -827014 -827016 -(827019--827020) -827022 -827024 -827030 -827033 -(827036--827038) -(827045--827048) -(827051--827054) -827057 -(827060--827061) -(827063--827064) -827066 -(827069--827070) -(827072--827076) -827078 -827081 -(827083--827085) -827091 -82710
[  122.059988] e2fsck: 28209--828210) -828213 -828215 -828218 -828222 -828224 -(828227--828228) -(828230--828231) -(828233--828234) -828236 -(828238--828239) -828246 -828251 -828253 -828258 -(828263--828264) -(828266--828267) -828269 -828272 -(828278--828280) -(828285--828286) -828291 -828295 -828298 -(828300--828301) -828303 -828305 -828309 -(828313--828314) -828316 -(828318--828321) -(828323--828324) -(828326--828329) -828332 -(828338--828339) -(828347--828348) -(828351--828353) -828355 -(828357--828359) -(828362--8
[  122.059988] e2fsck: 28209--828210) -828213 -828215 -828218 -828222 -828224 -(828227--828228) -(828230--828231) -(828233--828234) -828236 -(828238--828239) -828246 -828251 -828253 -828258 -(828263--828264) -(828266--828267) -828269 -828272 -(828278--828280) -(828285--828286) -828291 -828295 -828298 -(828300--828301) -828303 -828305 -828309 -(828313--828314) -828316 -(828318--828321) -(828323--828324) -(828326--828329) -828332 -(828338--828339) -(828347--828348) -(828351--828353) -828355 -(828357--828359) -(828362--8
[  122.761561] e2fsck: -829513 -(829516--829517) -(829523--829526) -829531 -(829533--829534) -(829537--829539) -829541 -(829545--829547) -(829551--829552) -(829554--829561) -(829563--829570) -(829573--829575) -(829577--829578) -829583 -(829587--829588) -(829591--829592) -(829595--829596) -829599 -829605 -829609 -829613 -829617 -(829622--829624) -829627 -829631 -(829634--829635) -829637 -829640 -(829643--829646) -(829649--829650) -(829653--829656) -829660 -829662 -(829664--829665) -(829667--829668) -(829670--829671) -8
[  122.761561] e2fsck: -829513 -(829516--829517) -(829523--829526) -829531 -(829533--829534) -(829537--829539) -829541 -(829545--829547) -(829551--829552) -(829554--829561) -(829563--829570) -(829573--829575) -(829577--829578) -829583 -(829587--829588) -(829591--829592) -(829595--829596) -829599 -829605 -829609 -829613 -829617 -(829622--829624) -829627 -829631 -(829634--829635) -829637 -829640 -(829643--829646) -(829649--829650) -(829653--829656) -829660 -829662 -(829664--829665) -(829667--829668) -(829670--829671) -8
[  123.464274] e2fsck: (830748--830750) -830752 -(830755--830757) -830761 -830764 -830766 -830768 -830770 -(830772--830773) -(830776--830777) -(830780--830781) -(830786--830792) -(830794--830795) -(830798--830800) -(830802--830804) -830806 -(830809--830810) -(830812--830813) -(830815--830817) -(830819--830820) -830822 -(830824--830825) -(830828--830829) -830832 -830836 -(830841--830842) -(830844--830848) -(830850--830854) -(830856--830858) -(830860--830861) -(830864--830865) -830869 -(830873--830874) -(830877--830878)
[  123.464274] e2fsck: (830748--830750) -830752 -(830755--830757) -830761 -830764 -830766 -830768 -830770 -(830772--830773) -(830776--830777) -(830780--830781) -(830786--830792) -(830794--830795) -(830798--830800) -(830802--830804) -830806 -(830809--830810) -(830812--830813) -(830815--830817) -(830819--830820) -830822 -(830824--830825) -(830828--830829) -830832 -830836 -(830841--830842) -(830844--830848) -(830850--830854) -(830856--830858) -(830860--830861) -(830864--830865) -830869 -(830873--830874) -(830877--830878)
[  124.172373] e2fsck: 1984) -(831990--831994) -(831998--831999) -832003 -(832006--832007) -(832010--832011) -832013 -(832016--832018) -832021 -832024 -(832026--832027) -(832031--832033) -(832035--832036) -832038 -(832043--832044) -832046 -(832048--832050) -(832053--832054) -(832057--832059) -832061 -832063 -(832066--832069) -832071 -832073 -832075 -(832079--832080) -(832086--832087) -832089 -832091 -832093 -832095 -832099 -832104 -(832106--832108) -832111 -832115 -(832117--832118) -832120 -832123 -832127 -832129 -832
[  124.172373] e2fsck: 1984) -(831990--831994) -(831998--831999) -832003 -(832006--832007) -(832010--832011) -832013 -(832016--832018) -832021 -832024 -(832026--832027) -(832031--832033) -(832035--832036) -832038 -(832043--832044) -832046 -(832048--832050) -(832053--832054) -(832057--832059) -832061 -832063 -(832066--832069) -832071 -832073 -832075 -(832079--832080) -(832086--832087) -832089 -832091 -832093 -832095 -832099 -832104 -(832106--832108) -832111 -832115 -(832117--832118) -832120 -832123 -832127 -832129 -832
[  124.844119] e2fsck:  -833248 -(833254--833255) -833258 -(833260--833261) -833265 -(833267--833268) -833270 -(833272--833273) -(833275--833279) -(833281--833283) -(833286--833290) -833292 -833298 -(833301--833303) -(833306--833307) -833310 -833312 -(833316--833318) -833321 -(833323--833324) -(833328--833329) -(833333--833336) -(833340--833341) -(833344--833345) -(833348--833349) -(833352--833354) -833356 -(833359--833360) -833362 -833364 -833368 -(833370--833371) -(833373--833374) -833376 -833379 -(833381--833382) -
[  124.844119] e2fsck:  -833248 -(833254--833255) -833258 -(833260--833261) -833265 -(833267--833268) -833270 -(833272--833273) -(833275--833279) -(833281--833283) -(833286--833290) -833292 -833298 -(833301--833303) -(833306--833307) -833310 -833312 -(833316--833318) -833321 -(833323--833324) -(833328--833329) -(833333--833336) -(833340--833341) -(833344--833345) -(833348--833349) -(833352--833354) -833356 -(833359--833360) -833362 -833364 -833368 -(833370--833371) -(833373--833374) -833376 -833379 -(833381--833382) -
[  125.487172] e2fsck: ) -(834526--834528) -(834532--834533) -(834536--834539) -(834542--834543) -(834545--834546) -834548 -834551 -834554 -(834557--834558) -(834560--834561) -834563 -834567 -834569 -834571 -(834573--834574) -834577 -834579 -(834581--834582) -(834584--834585) -834588 -(834591--834592) -(834598--834599) -834603 -834605 -834607 -(834609--834613) -(834617--834621) -834623 -(834625--834631) -834633 -834635 -(834637--834639) -(834641--834643) -(834648--834649) -834652 -834654 -(834656--834657) -834659 -834
[  125.487172] e2fsck: ) -(834526--834528) -(834532--834533) -(834536--834539) -(834542--834543) -(834545--834546) -834548 -834551 -834554 -(834557--834558) -(834560--834561) -834563 -834567 -834569 -834571 -(834573--834574) -834577 -834579 -(834581--834582) -(834584--834585) -834588 -(834591--834592) -(834598--834599) -834603 -834605 -834607 -(834609--834613) -(834617--834621) -834623 -(834625--834631) -834633 -834635 -(834637--834639) -(834641--834643) -(834648--834649) -834652 -834654 -(834656--834657) -834659 -834
[  126.115048] e2fsck: 5768 -835770 -835773 -(835775--835777) -(835779--835781) -835783 -835786 -835788 -835790 -835792 -(835794--835796) -(835798--835799) -(835802--835803) -835805 -(835807--835808) -835810 -(835812--835814) -835819 -(835821--835822) -(835824--835826) -(835833--835834) -(835836--835838) -835840 -(835842--835843) -835845 -835847 -(835849--835850) -835853 -835857 -(835859--835860) -835862 -(835865--835866) -835868 -(835872--835873) -(835875--835877) -(835879--835880) -835884 -835886 -(835889--835890) -
[  126.115048] e2fsck: 5768 -835770 -835773 -(835775--835777) -(835779--835781) -835783 -835786 -835788 -835790 -835792 -(835794--835796) -(835798--835799) -(835802--835803) -835805 -(835807--835808) -835810 -(835812--835814) -835819 -(835821--835822) -(835824--835826) -(835833--835834) -(835836--835838) -835840 -(835842--835843) -835845 -835847 -(835849--835850) -835853 -835857 -(835859--835860) -835862 -(835865--835866) -835868 -(835872--835873) -(835875--835877) -(835879--835880) -835884 -835886 -(835889--835890) -
[  126.900687] e2fsck: 837025--837026) -(837028--837033) -837035 -(837040--837041) -837043 -837045 -837047 -(837050--837051) -837053 -(837057--837058) -837062 -837064 -837068 -837070 -(837073--837074) -(837076--837080) -(837082--837083) -(837088--837091) -(837093--837094) -837097 -837100 -(837103--837104) -(837108--837109) -837111 -837115 -(837118--837121) -(837124--837125) -837127 -837129 -(837131--837132) -(837136--837139) -837141 -(837143--837144) -837148 -837154 -(837157--837158) -837160 -837165 -837167 -837169 -8
[  126.900687] e2fsck: 837025--837026) -(837028--837033) -837035 -(837040--837041) -837043 -837045 -837047 -(837050--837051) -837053 -(837057--837058) -837062 -837064 -837068 -837070 -(837073--837074) -(837076--837080) -(837082--837083) -(837088--837091) -(837093--837094) -837097 -837100 -(837103--837104) -(837108--837109) -837111 -837115 -(837118--837121) -(837124--837125) -837127 -837129 -(837131--837132) -(837136--837139) -837141 -(837143--837144) -837148 -837154 -(837157--837158) -837160 -837165 -837167 -837169 -8
[  127.607689] e2fsck:  -(838230--838231) -838233 -(838235--838236) -838238 -838240 -838242 -838244 -(838247--838248) -838253 -838255 -838257 -(838259--838260) -(838263--838266) -(838270--838271) -(838273--838274) -(838277--838280) -(838284--838285) -838287 -838290 -(838295--838300) -(838302--838303) -838308 -(838310--838311) -(838314--838315) -838317 -(838320--838322) -838325 -(838331--838332) -(838336--838338) -(838340--838346) -838348 -(838352--838359) -(838362--838364) -(838368--838369) -838373 -838375 -838377 -(8
[  127.607689] e2fsck:  -(838230--838231) -838233 -(838235--838236) -838238 -838240 -838242 -838244 -(838247--838248) -838253 -838255 -838257 -(838259--838260) -(838263--838266) -(838270--838271) -(838273--838274) -(838277--838280) -(838284--838285) -838287 -838290 -(838295--838300) -(838302--838303) -838308 -(838310--838311) -(838314--838315) -838317 -(838320--838322) -838325 -(838331--838332) -(838336--838338) -(838340--838346) -838348 -(838352--838359) -(838362--838364) -(838368--838369) -838373 -838375 -838377 -(8
[  128.447073] e2fsck: 9519--839520) -839523 -(839525--839526) -839532 -(839535--839537) -(839539--839540) -839543 -(839546--839548) -(839550--839557) -839559 -(839561--839562) -(839566--839567) -839569 -(839571--839573) -(839577--839578) -(839581--839585) -839588 -839591 -(839597--839599) -(839601--839602) -(839604--839605) -(839608--839609) -839612 -839614 -(839616--839618) -839620 -839622 -(839624--839625) -(839629--839633) -839638 -839642 -839644 -(839650--839651) -839655 -(839657--839658) -(839660--839661) -(8396
[  128.447073] e2fsck: 9519--839520) -839523 -(839525--839526) -839532 -(839535--839537) -(839539--839540) -839543 -(839546--839548) -(839550--839557) -839559 -(839561--839562) -(839566--839567) -839569 -(839571--839573) -(839577--839578) -(839581--839585) -839588 -839591 -(839597--839599) -(839601--839602) -(839604--839605) -(839608--839609) -839612 -839614 -(839616--839618) -839620 -839622 -(839624--839625) -(839629--839633) -839638 -839642 -839644 -(839650--839651) -839655 -(839657--839658) -(839660--839661) -(8396
[  129.209389] e2fsck: 0777 -840784 -(840786--840787) -(840789--840793) -840795 -(840799--840800) -840802 -(840804--840805) -840809 -(840812--840813) -(840815--840817) -(840819--840820) -840822 -(840825--840827) -(840829--840830) -840833 -840836 -840839 -840842 -(840845--840848) -840856 -(840860--840861) -(840864--840866) -840868 -840871 -(840875--840878) -(840880--840881) -840883 -(840886--840887) -(840891--840892) -840896 -(840898--840899) -840902 -(840904--840905) -(840907--840908) -(840910--840911) -(840916--84091
[  129.209389] e2fsck: 0777 -840784 -(840786--840787) -(840789--840793) -840795 -(840799--840800) -840802 -(840804--840805) -840809 -(840812--840813) -(840815--840817) -(840819--840820) -840822 -(840825--840827) -(840829--840830) -840833 -840836 -840839 -840842 -(840845--840848) -840856 -(840860--840861) -(840864--840866) -840868 -840871 -(840875--840878) -(840880--840881) -840883 -(840886--840887) -(840891--840892) -840896 -(840898--840899) -840902 -(840904--840905) -(840907--840908) -(840910--840911) -(840916--84091
[  129.943989] e2fsck: 59--842061) -842064 -842066 -(842068--842071) -842073 -842075 -(842077--842078) -842082 -(842084--842086) -(842089--842090) -842092 -(842096--842102) -(842104--842105) -842107 -842111 -842116 -(842118--842125) -842128 -842131 -(842133--842134) -842136 -842141 -842145 -842148 -(842152--842154) -842161 -(842164--842166) -842168 -(842170--842171) -842175 -(842177--842178) -(842180--842181) -842184 -(842186--842187) -(842190--842191) -842194 -842197 -842202 -842208 -842211 -842213 -(842215--842216) 
[  129.943989] e2fsck: 59--842061) -842064 -842066 -(842068--842071) -842073 -842075 -(842077--842078) -842082 -(842084--842086) -(842089--842090) -842092 -(842096--842102) -(842104--842105) -842107 -842111 -842116 -(842118--842125) -842128 -842131 -(842133--842134) -842136 -842141 -842145 -842148 -(842152--842154) -842161 -(842164--842166) -842168 -(842170--842171) -842175 -(842177--842178) -(842180--842181) -842184 -(842186--842187) -(842190--842191) -842194 -842197 -842202 -842208 -842211 -842213 -(842215--842216) 
[  130.724677] e2fsck:  -843319 -843325 -(843328--843329) -(843335--843337) -843339 -843343 -843345 -(843347--843348) -(843350--843352) -843354 -843356 -843361 -843365 -(843367--843368) -(843372--843373) -(843375--843376) -(843380--843381) -843384 -(843389--843390) -843393 -(843395--843396) -843398 -(843401--843402) -843408 -(843410--843414) -(843416--843417) -(843419--843420) -843422 -843424 -843426 -843429 -843433 -(843435--843436) -843439 -(843442--843444) -(843446--843447) -843449 -843451 -(843453--843454) -(84345
[  130.724677] e2fsck:  -843319 -843325 -(843328--843329) -(843335--843337) -843339 -843343 -843345 -(843347--843348) -(843350--843352) -843354 -843356 -843361 -843365 -(843367--843368) -(843372--843373) -(843375--843376) -(843380--843381) -843384 -(843389--843390) -843393 -(843395--843396) -843398 -(843401--843402) -843408 -(843410--843414) -(843416--843417) -(843419--843420) -843422 -843424 -843426 -843429 -843433 -(843435--843436) -843439 -(843442--843444) -(843446--843447) -843449 -843451 -(843453--843454) -(84345
[  131.578633] e2fsck: 4562) -(844567--844568) -(844572--844573) -(844575--844576) -(844578--844582) -844585 -(844587--844588) -(844592--844594) -(844596--844597) -(844600--844601) -844604 -844609 -(844612--844615) -844621 -844624 -(844626--844627) -844629 -(844632--844634) -(844636--844637) -(844639--844641) -844644 -844648 -844651 -844655 -844664 -(844666--844667) -(844670--844671) -844675 -844677 -844679 -(844682--844683) -844688 -(844690--844691) -844693 -(844695--844701) -(844703--844704) -844707 -844709 -844712 
[  131.578633] e2fsck: 4562) -(844567--844568) -(844572--844573) -(844575--844576) -(844578--844582) -844585 -(844587--844588) -(844592--844594) -(844596--844597) -(844600--844601) -844604 -844609 -(844612--844615) -844621 -844624 -(844626--844627) -844629 -(844632--844634) -(844636--844637) -(844639--844641) -844644 -844648 -844651 -844655 -844664 -(844666--844667) -(844670--844671) -844675 -844677 -844679 -(844682--844683) -844688 -(844690--844691) -844693 -(844695--844701) -(844703--844704) -844707 -844709 -844712 
[  132.235074] e2fsck: 5860 -845865 -(845872--845878) -845880 -845882 -(845885--845888) -(845890--845891) -(845893--845894) -(845896--845897) -(845900--845901) -(845903--845904) -845908 -845910 -845913 -(845915--845916) -(845919--845921) -845924 -845926 -845929 -845931 -845934 -845936 -(845940--845941) -845944 -845947 -(845951--845952) -845955 -(845958--845960) -845962 -(845967--845968) -845973 -845975 -845977 -(845980--845982) -(845984--845986) -845988 -845990 -845993 -845995 -845997 -(846002--846003) -(846005--84600
[  132.235074] e2fsck: 5860 -845865 -(845872--845878) -845880 -845882 -(845885--845888) -(845890--845891) -(845893--845894) -(845896--845897) -(845900--845901) -(845903--845904) -845908 -845910 -845913 -(845915--845916) -(845919--845921) -845924 -845926 -845929 -845931 -845934 -845936 -(845940--845941) -845944 -845947 -(845951--845952) -845955 -(845958--845960) -845962 -(845967--845968) -845973 -845975 -845977 -(845980--845982) -(845984--845986) -845988 -845990 -845993 -845995 -845997 -(846002--846003) -(846005--84600
[  132.962500] e2fsck: -(847117--847119) -(847121--847123) -847125 -(847127--847129) -(847131--847132) -847135 -847137 -847140 -847144 -(847146--847148) -847150 -(847152--847154) -(847157--847158) -(847164--847165) -(847168--847169) -847173 -(847177--847178) -(847180--847181) -847183 -847189 -847193 -(847195--847198) -847201 -847203 -(847205--847209) -847211 -847216 -(847218--847219) -(847223--847225) -(847227--847236) -(847239--847246) -847248 -847252 -(847254--847255) -847258 -(847262--847263) -(847266--847267) -847
[  132.962500] e2fsck: -(847117--847119) -(847121--847123) -847125 -(847127--847129) -(847131--847132) -847135 -847137 -847140 -847144 -(847146--847148) -847150 -(847152--847154) -(847157--847158) -(847164--847165) -(847168--847169) -847173 -(847177--847178) -(847180--847181) -847183 -847189 -847193 -(847195--847198) -847201 -847203 -(847205--847209) -847211 -847216 -(847218--847219) -(847223--847225) -(847227--847236) -(847239--847246) -847248 -847252 -(847254--847255) -847258 -(847262--847263) -(847266--847267) -847
[  133.591986] e2fsck: (848336--848337) -(848339--848341) -848343 -848346 -(848349--848350) -848352 -(848359--848360) -848362 -848365 -(848367--848368) -848370 -848375 -(848379--848380) -(848382--848383) -(848389--848393) -848398 -(848400--848404) -848406 -848410 -(848413--848414) -(848416--848417) -(848419--848420) -(848422--848423) -(848425--848426) -848431 -(848434--848435) -(848437--848439) -848443 -848445 -848447 -848453 -(848455--848456) -848460 -848463 -(848468--848469) -848471 -(848475--848476) -848478 -(84848
[  133.591986] e2fsck: (848336--848337) -(848339--848341) -848343 -848346 -(848349--848350) -848352 -(848359--848360) -848362 -848365 -(848367--848368) -848370 -848375 -(848379--848380) -(848382--848383) -(848389--848393) -848398 -(848400--848404) -848406 -848410 -(848413--848414) -(848416--848417) -(848419--848420) -(848422--848423) -(848425--848426) -848431 -(848434--848435) -(848437--848439) -848443 -848445 -848447 -848453 -(848455--848456) -848460 -848463 -(848468--848469) -848471 -(848475--848476) -848478 -(84848
[  134.372947] e2fsck: 849602--849603) -(849608--849610) -849612 -849617 -849624 -849626 -849628 -849631 -(849634--849635) -(849638--849640) -849645 -849647 -(849651--849655) -(849658--849659) -849663 -849665 -(849667--849668) -849673 -849678 -(849681--849683) -(849685--849687) -849689 -(849691--849692) -849694 -849696 -(849701--849702) -(849705--849707) -(849710--849713) -849715 -849718 -849720 -849724 -(849727--849729) -849733 -(849735--849740) -849742 -(849744--849745) -849747 -(849756--849757) -849759 -(849762--84
[  134.372947] e2fsck: 849602--849603) -(849608--849610) -849612 -849617 -849624 -849626 -849628 -849631 -(849634--849635) -(849638--849640) -849645 -849647 -(849651--849655) -(849658--849659) -849663 -849665 -(849667--849668) -849673 -849678 -(849681--849683) -(849685--849687) -849689 -(849691--849692) -849694 -849696 -(849701--849702) -(849705--849707) -(849710--849713) -849715 -849718 -849720 -849724 -(849727--849729) -849733 -(849735--849740) -849742 -(849744--849745) -849747 -(849756--849757) -849759 -(849762--84
[  135.119195] e2fsck: 7) -850860 -850863 -850866 -850869 -850871 -(850873--850878) -(850885--850887) -(850889--850890) -850892 -(850896--850897) -850899 -(850902--850904) -850906 -850908 -850910 -850914 -850916 -(850918--850919) -850922 -850927 -850929 -(850931--850933) -850935 -(850937--850938) -850941 -850944 -(850946--850947) -(850949--850950) -(850952--850953) -850956 -850958 -(850962--850966) -850969 -850973 -850975 -(850977--850980) -850983 -850985 -(850987--850988) -850991 -850994 -(850999--851000) -851004 -(8
[  135.119195] e2fsck: 7) -850860 -850863 -850866 -850869 -850871 -(850873--850878) -(850885--850887) -(850889--850890) -850892 -(850896--850897) -850899 -(850902--850904) -850906 -850908 -850910 -850914 -850916 -(850918--850919) -850922 -850927 -850929 -(850931--850933) -850935 -(850937--850938) -850941 -850944 -(850946--850947) -(850949--850950) -(850952--850953) -850956 -850958 -(850962--850966) -850969 -850973 -850975 -(850977--850980) -850983 -850985 -(850987--850988) -850991 -850994 -(850999--851000) -851004 -(8
[  135.819803] e2fsck: --884903) +884905 +884908 +(884910--884911) +884914 +(884916--884919) +(884924--884926) +(884931--884934) +(884937--884938) +884940 +(884942--884943) +884946 +884948 +(884951--884952) +884959 +(884961--884962) +(884964--884965) +884968 +(884971--884973) +884975 +(884978--884979) +884984 +884986 +884989 +(884992--884993) +(884998--884999) +885003 +885006 +885009 +(885012--885013) +885019 +885022 +(885027--885028) +885030 +885032 +(885034--885037) +885040 +885043 +885045 +885047 +885049 +(885051--
[  135.819803] e2fsck: --884903) +884905 +884908 +(884910--884911) +884914 +(884916--884919) +(884924--884926) +(884931--884934) +(884937--884938) +884940 +(884942--884943) +884946 +884948 +(884951--884952) +884959 +(884961--884962) +(884964--884965) +884968 +(884971--884973) +884975 +(884978--884979) +884984 +884986 +884989 +(884992--884993) +(884998--884999) +885003 +885006 +885009 +(885012--885013) +885019 +885022 +(885027--885028) +885030 +885032 +(885034--885037) +885040 +885043 +885045 +885047 +885049 +(885051--
[  136.470776] e2fsck: (886128--886129) -(886131--886133) -886135 -886138 -(886141--886142) -886144 -(886146--886148) -886150 -(886154--886157) -(886160--886161) -886163 -(886165--886167) -886171 -886173 -886177 -886179 -886181 -886185 -886187 -(886191--886192) -(886194--886195) -886204 -886206 -(886209--886210) -(886212--886214) -886216 -886219 -(886223--886224) -(886226--886230) -886233 -886238 -(886240--886241) -886243 -(886245--886246) -886248 -886252 -886255 -(886259--886260) -(886262--886263) -886265 -(886267--8
[  136.470776] e2fsck: (886128--886129) -(886131--886133) -886135 -886138 -(886141--886142) -886144 -(886146--886148) -886150 -(886154--886157) -(886160--886161) -886163 -(886165--886167) -886171 -886173 -886177 -886179 -886181 -886185 -886187 -(886191--886192) -(886194--886195) -886204 -886206 -(886209--886210) -(886212--886214) -886216 -886219 -(886223--886224) -(886226--886230) -886233 -886238 -(886240--886241) -886243 -(886245--886246) -886248 -886252 -886255 -(886259--886260) -(886262--886263) -886265 -(886267--8
[  137.134019] e2fsck: -(887353--887356) -(887358--887359) -(887362--887364) -887368 -(887370--887372) -887374 -(887376--887379) -887381 -887383 -887385 -887390 -(887392--887393) -(887395--887396) -887403 -(887405--887406) -(887409--887413) -(887415--887419) -(887427--887431) -887433 -(887438--887440) -887448 -887452 -887454 -(887457--887459) -887461 -887463 -887465 -887467 -887470 -887472 -(887474--887476) -(887482--887483) -(887486--887488) -887490 -(887492--887493) -(887495--887496) -887499 -887503 -887506 -887509 
[  137.134019] e2fsck: -(887353--887356) -(887358--887359) -(887362--887364) -887368 -(887370--887372) -887374 -(887376--887379) -887381 -887383 -887385 -887390 -(887392--887393) -(887395--887396) -887403 -(887405--887406) -(887409--887413) -(887415--887419) -(887427--887431) -887433 -(887438--887440) -887448 -887452 -887454 -(887457--887459) -887461 -887463 -887465 -887467 -887470 -887472 -(887474--887476) -(887482--887483) -(887486--887488) -887490 -(887492--887493) -(887495--887496) -887499 -887503 -887506 -887509 
[  137.777951] e2fsck: 77 -888579 -888582 -(888586--888589) -(888591--888593) -(888595--888597) -(888600--888601) -888603 -888609 -888612 -(888616--888617) -888620 -(888622--888624) -888626 -(888628--888630) -888635 -(888637--888638) -(888642--888644) -888646 -888648 -888651 -888656 -(888658--888660) -888663 -(888667--888668) -(888674--888676) -(888678--888682) -888685 -(888688--888689) -(888692--888695) -888697 -(888700--888701) -(888703--888705) -888712 -888715 -888717 -(888719--888721) -888723 -888727 -(888729--888
[  137.777951] e2fsck: 77 -888579 -888582 -(888586--888589) -(888591--888593) -(888595--888597) -(888600--888601) -888603 -888609 -888612 -(888616--888617) -888620 -(888622--888624) -888626 -(888628--888630) -888635 -(888637--888638) -(888642--888644) -888646 -888648 -888651 -888656 -(888658--888660) -888663 -(888667--888668) -(888674--888676) -(888678--888682) -888685 -(888688--888689) -(888692--888695) -888697 -(888700--888701) -(888703--888705) -888712 -888715 -888717 -(888719--888721) -888723 -888727 -(888729--888
[  138.564274] e2fsck: 9828) -(889832--889834) -(889837--889842) -889844 -(889846--889847) -(889849--889851) -(889855--889856) -(889858--889859) -(889861--889862) -(889864--889865) -889868 -(889870--889873) -889875 -(889880--889881) -(889883--889886) -(889888--889893) -(889897--889900) -889903 -(889905--889906) -(889910--889914) -889917 -(889919--889921) -(889923--889929) -889932 -(889937--889938) -889941 -889946 -(889951--889952) -889957 -889965 -(889967--889968) -(889971--889972) -889974 -889976 -889980 -(889982--88
[  138.564274] e2fsck: 9828) -(889832--889834) -(889837--889842) -889844 -(889846--889847) -(889849--889851) -(889855--889856) -(889858--889859) -(889861--889862) -(889864--889865) -889868 -(889870--889873) -889875 -(889880--889881) -(889883--889886) -(889888--889893) -(889897--889900) -889903 -(889905--889906) -(889910--889914) -889917 -(889919--889921) -(889923--889929) -889932 -(889937--889938) -889941 -889946 -(889951--889952) -889957 -889965 -(889967--889968) -(889971--889972) -889974 -889976 -889980 -(889982--88
[  139.241541] e2fsck: 115) -891118 -891121 -(891123--891124) -(891127--891128) -(891131--891132) -891134 -(891137--891138) -(891140--891145) -(891148--891149) -(891151--891153) -891156 -(891159--891162) -(891166--891172) -(891176--891177) -(891180--891181) -(891187--891189) -891191 -891193 -(891196--891198) -(891201--891202) -891204 -891208 -(891212--891213) -(891215--891216) -891218 -891220 -891223 -(891227--891229) -891233 -(891238--891244) -891252 -891254 -891258 -891263 -891265 -891267 -891270 -(891273--891274) -
[  139.241541] e2fsck: 115) -891118 -891121 -(891123--891124) -(891127--891128) -(891131--891132) -891134 -(891137--891138) -(891140--891145) -(891148--891149) -(891151--891153) -891156 -(891159--891162) -(891166--891172) -(891176--891177) -(891180--891181) -(891187--891189) -891191 -891193 -(891196--891198) -(891201--891202) -891204 -891208 -(891212--891213) -(891215--891216) -891218 -891220 -891223 -(891227--891229) -891233 -(891238--891244) -891252 -891254 -891258 -891263 -891265 -891267 -891270 -(891273--891274) -
[  139.939668] e2fsck: 2315--892318) -(892320--892321) -892323 -892326 -(892330--892332) -(892334--892336) -(892338--892339) -(892342--892344) -(892347--892353) -892356 -(892358--892360) -892362 -892367 -(892371--892379) -(892382--892383) -892386 -(892399--892400) -(892402--892403) -892409 -(892411--892412) -892417 -892420 -892422 -892424 -(892426--892430) -(892434--892435) -892437 -(892439--892441) -(892444--892445) -892450 -(892453--892456) -892458 -892461 -892463 -892465 -892467 -892472 -892475 -(892477--892479) -8
[  139.939668] e2fsck: 2315--892318) -(892320--892321) -892323 -892326 -(892330--892332) -(892334--892336) -(892338--892339) -(892342--892344) -(892347--892353) -892356 -(892358--892360) -892362 -892367 -(892371--892379) -(892382--892383) -892386 -(892399--892400) -(892402--892403) -892409 -(892411--892412) -892417 -892420 -892422 -892424 -(892426--892430) -(892434--892435) -892437 -(892439--892441) -(892444--892445) -892450 -(892453--892456) -892458 -892461 -892463 -892465 -892467 -892472 -892475 -(892477--892479) -8
[  140.692861] e2fsck: 4--893605) -(893608--893613) -(893617--893619) -893622 -893624 -893626 -(893632--893633) -(893636--893637) -(893639--893640) -(893643--893648) -(893650--893651) -(893654--893655) -(893657--893664) -(893666--893669) -893672 -893674 -893679 -(893681--893683) -(893685--893687) -893690 -(893692--893694) -893696 -893699 -893704 -893707 -893709 -(893713--893714) -(893716--893717) -(893722--893723) -893727 -(893732--893738) -893740 -893745 -893747 -893749 -(893752--893754) -(893756--893758) -893761 -(8
[  140.692861] e2fsck: 4--893605) -(893608--893613) -(893617--893619) -893622 -893624 -893626 -(893632--893633) -(893636--893637) -(893639--893640) -(893643--893648) -(893650--893651) -(893654--893655) -(893657--893664) -(893666--893669) -893672 -893674 -893679 -(893681--893683) -(893685--893687) -893690 -(893692--893694) -893696 -893699 -893704 -893707 -893709 -(893713--893714) -(893716--893717) -(893722--893723) -893727 -(893732--893738) -893740 -893745 -893747 -893749 -(893752--893754) -(893756--893758) -893761 -(8
[  141.569230] e2fsck: -894843 -(894846--894847) -894851 -894854 -894856 -894858 -894860 -(894862--894864) -(894867--894869) -(894871--894874) -(894876--894879) -(894882--894883) -894891 -(894893--894896) -(894898--894899) -894901 -(894905--894907) -894909 -(894913--894914) -(894917--894918) -(894920--894922) -(894925--894927) -(894929--894930) -(894932--894933) -894935 -(894939--894942) -(894947--894948) -(894950--894951) -894953 -894957 -894959 -894962 -894964 -(894968--894972) -894974 -894976 -894979 -(894982--8949
[  141.569230] e2fsck: -894843 -(894846--894847) -894851 -894854 -894856 -894858 -894860 -(894862--894864) -(894867--894869) -(894871--894874) -(894876--894879) -(894882--894883) -894891 -(894893--894896) -(894898--894899) -894901 -(894905--894907) -894909 -(894913--894914) -(894917--894918) -(894920--894922) -(894925--894927) -(894929--894930) -(894932--894933) -894935 -(894939--894942) -(894947--894948) -(894950--894951) -894953 -894957 -894959 -894962 -894964 -(894968--894972) -894974 -894976 -894979 -(894982--8949
[  142.228532] e2fsck: 062--896063) -(896067--896068) -(896072--896077) -896081 -896083 -(896086--896089) -896091 -(896094--896095) -(896099--896101) -(896103--896105) -896107 -896109 -896113 -(896115--896116) -(896118--896119) -(896121--896122) -896125 -(896128--896131) -896134 -896136 -(896139--896146) -896151 -(896155--896157) -(896159--896161) -896164 -(896167--896169) -(896172--896175) -(896179--896180) -(896182--896186) -(896188--896189) -896191 -896194 -896196 -(896199--896200) -896203 -896208 -(896210--896213)
[  142.228532] e2fsck: 062--896063) -(896067--896068) -(896072--896077) -896081 -896083 -(896086--896089) -896091 -(896094--896095) -(896099--896101) -(896103--896105) -896107 -896109 -896113 -(896115--896116) -(896118--896119) -(896121--896122) -896125 -(896128--896131) -896134 -896136 -(896139--896146) -896151 -(896155--896157) -(896159--896161) -896164 -(896167--896169) -(896172--896175) -(896179--896180) -(896182--896186) -(896188--896189) -896191 -896194 -896196 -(896199--896200) -896203 -896208 -(896210--896213)
[  142.950850] e2fsck: 7257--897258) -897260 -897266 -(897269--897270) -(897274--897280) -(897283--897284) -897287 -(897292--897295) -897298 -897300 -897302 -(897304--897306) -(897308--897310) -897313 -(897316--897317) -897322 -(897324--897327) -(897329--897330) -(897335--897336) -897338 -(897342--897343) -897346 -(897348--897350) -897352 -897354 -897356 -897358 -(897365--897366) -897368 -(897371--897372) -897376 -897380 -897383 -897387 -(897391--897394) -(897396--897398) -897400 -(897402--897405) -897407 -897409 -(89
[  142.950850] e2fsck: 7257--897258) -897260 -897266 -(897269--897270) -(897274--897280) -(897283--897284) -897287 -(897292--897295) -897298 -897300 -897302 -(897304--897306) -(897308--897310) -897313 -(897316--897317) -897322 -(897324--897327) -(897329--897330) -(897335--897336) -897338 -(897342--897343) -897346 -(897348--897350) -897352 -897354 -897356 -897358 -(897365--897366) -897368 -(897371--897372) -897376 -897380 -897383 -897387 -(897391--897394) -(897396--897398) -897400 -(897402--897405) -897407 -897409 -(89
[  143.655538] e2fsck:  -(898495--898497) -898499 -(898501--898502) -898508 -898512 -898514 -(898520--898521) -898523 -898532 -898534 -898536 -898538 -(898542--898543) -898546 -898548 -898551 -(898554--898555) -898557 -(898559--898560) -898562 -(898564--898566) -(898569--898570) -(898572--898575) -898577 -(898579--898580) -(898583--898587) -898589 -(898591--898593) -898598 -898602 -898604 -(898606--898608) -(898611--898614) -(898617--898618) -898623 -898626 -898628 -(898631--898632) -898639 -(898641--898642) -898645 -
[  143.655538] e2fsck:  -(898495--898497) -898499 -(898501--898502) -898508 -898512 -898514 -(898520--898521) -898523 -898532 -898534 -898536 -898538 -(898542--898543) -898546 -898548 -898551 -(898554--898555) -898557 -(898559--898560) -898562 -(898564--898566) -(898569--898570) -(898572--898575) -898577 -(898579--898580) -(898583--898587) -898589 -(898591--898593) -898598 -898602 -898604 -(898606--898608) -(898611--898614) -(898617--898618) -898623 -898626 -898628 -(898631--898632) -898639 -(898641--898642) -898645 -
[  144.314146] e2fsck: 758 -899761 -899764 -(899768--899770) -(899774--899775) -(899780--899783) -899785 -(899787--899790) -(899793--899794) -899800 -899802 -899804 -899808 -899811 -899815 -899817 -(899820--899821) -(899823--899824) -(899828--899829) -899832 -(899837--899841) -(899843--899845) -899848 -899851 -(899853--899856) -899859 -899862 -(899865--899868) -899872 -(899876--899877) -899879 -899882 -(899886--899887) -899891 -899893 -(899895--899897) -899899 -(899901--899905) -(899907--899908) -(899910--899913) -(89
[  144.314146] e2fsck: 758 -899761 -899764 -(899768--899770) -(899774--899775) -(899780--899783) -899785 -(899787--899790) -(899793--899794) -899800 -899802 -899804 -899808 -899811 -899815 -899817 -(899820--899821) -(899823--899824) -(899828--899829) -899832 -(899837--899841) -(899843--899845) -899848 -899851 -(899853--899856) -899859 -899862 -(899865--899868) -899872 -(899876--899877) -899879 -899882 -(899886--899887) -899891 -899893 -(899895--899897) -899899 -(899901--899905) -(899907--899908) -(899910--899913) -(89
[  144.960748] e2fsck: 00982) -(900984--900986) -900991 -900993 -(900995--900996) -(900998--901000) -(901002--901004) -901008 -(901010--901011) -(901013--901014) -901019 -(901021--901022) -901025 -901027 -901033 -(901038--901039) -(901043--901048) -901052 -901054 -901056 -901058 -(901060--901061) -(901065--901075) -901077 -901080 -(901085--901087) -901089 -(901095--901097) -901099 -901102 -(901104--901105) -(901108--901109) -(901111--901113) -(901116--901119) -(901121--901122) -901125 -901127 -(901131--901133) -901135
[  144.960748] e2fsck: 00982) -(900984--900986) -900991 -900993 -(900995--900996) -(900998--901000) -(901002--901004) -901008 -(901010--901011) -(901013--901014) -901019 -(901021--901022) -901025 -901027 -901033 -(901038--901039) -(901043--901048) -901052 -901054 -901056 -901058 -(901060--901061) -(901065--901075) -901077 -901080 -(901085--901087) -901089 -(901095--901097) -901099 -901102 -(901104--901105) -(901108--901109) -(901111--901113) -(901116--901119) -(901121--901122) -901125 -901127 -(901131--901133) -901135
[  145.648067] e2fsck: 902259--902260) -902263 -902265 -(902268--902269) -(902271--902274) -902277 -(902279--902280) -(902282--902283) -(902287--902288) -(902293--902294) -902296 -902299 -902302 -(902306--902308) -(902314--902315) -902318 -902324 -902327 -(902329--902333) -902340 -902344 -(902347--902350) -902352 -(902356--902359) -902362 -902372 -(902377--902379) -(902381--902382) -(902386--902390) -(902395--902399) -902402 -(902405--902406) -902410 -902415 -(902418--902422) -(902431--902432) -(902435--902439) -90244
[  145.648067] e2fsck: 902259--902260) -902263 -902265 -(902268--902269) -(902271--902274) -902277 -(902279--902280) -(902282--902283) -(902287--902288) -(902293--902294) -902296 -902299 -902302 -(902306--902308) -(902314--902315) -902318 -902324 -902327 -(902329--902333) -902340 -902344 -(902347--902350) -902352 -(902356--902359) -902362 -902372 -(902377--902379) -(902381--902382) -(902386--902390) -(902395--902399) -902402 -(902405--902406) -902410 -902415 -(902418--902422) -(902431--902432) -(902435--902439) -90244
[  146.270520] e2fsck: 4--903571) -903575 -903582 -903584 -(903586--903588) -903591 -(903594--903595) -903598 -(903600--903602) -(903604--903606) -(903614--903616) -903619 -903621 -(903623--903624) -(903626--903627) -903629 -903632 -903634 -903637 -903639 -903642 -(903645--903647) -(903650--903651) -903653 -(903658--903662) -(903664--903665) -903670 -(903672--903673) -(903675--903678) -903680 -903682 -(903686--903688) -903690 -(903692--903693) -903695 -(903697--903698) -903701 -903703 -(903705--903706) -(903708--90371
[  146.270520] e2fsck: 4--903571) -903575 -903582 -903584 -(903586--903588) -903591 -(903594--903595) -903598 -(903600--903602) -(903604--903606) -(903614--903616) -903619 -903621 -(903623--903624) -(903626--903627) -903629 -903632 -903634 -903637 -903639 -903642 -(903645--903647) -(903650--903651) -903653 -(903658--903662) -(903664--903665) -903670 -(903672--903673) -(903675--903678) -903680 -903682 -(903686--903688) -903690 -(903692--903693) -903695 -(903697--903698) -903701 -903703 -(903705--903706) -(903708--90371
[  146.924638] e2fsck: 04849 -904851 -904853 -904862 -(904864--904866) -(904868--904869) -904871 -904874 -904876 -(904879--904880) -(904885--904886) -(904889--904890) -(904892--904894) -(904899--904901) -(904905--904906) -904910 -904912 -904916 -(904919--904920) -(904922--904923) -(904929--904930) -904935 -904937 -904939 -(904942--904943) -(904949--904952) -(904954--904956) -(904959--904968) -(904970--904971) -904973 -904975 -904979 -904981 -904984 -(904988--904990) -904992 -(904995--904996) -(904999--905000) -(905002
[  146.924638] e2fsck: 04849 -904851 -904853 -904862 -(904864--904866) -(904868--904869) -904871 -904874 -904876 -(904879--904880) -(904885--904886) -(904889--904890) -(904892--904894) -(904899--904901) -(904905--904906) -904910 -904912 -904916 -(904919--904920) -(904922--904923) -(904929--904930) -904935 -904937 -904939 -(904942--904943) -(904949--904952) -(904954--904956) -(904959--904968) -(904970--904971) -904973 -904975 -904979 -904981 -904984 -(904988--904990) -904992 -(904995--904996) -(904999--905000) -(905002
[  147.592659] e2fsck: 5) -906118 -906120 -906123 -(906125--906127) -(906129--906130) -906132 -906134 -(906137--906138) -906140 -906143 -906145 -(906149--906152) -(906155--906157) -906160 -906164 -(906166--906167) -906169 -(906171--906172) -906174 -906176 -(906180--906182) -906186 -(906189--906192) -(906195--906196) -(906198--906202) -(906204--906207) -906209 -(906211--906212) -906214 -(906217--906222) -(906225--906226) -(906229--906230) -(906235--906236) -906238 -(906240--906241) -906243 -(906245--906247) -906249 -90
[  147.592659] e2fsck: 5) -906118 -906120 -906123 -(906125--906127) -(906129--906130) -906132 -906134 -(906137--906138) -906140 -906143 -906145 -(906149--906152) -(906155--906157) -906160 -906164 -(906166--906167) -906169 -(906171--906172) -906174 -906176 -(906180--906182) -906186 -(906189--906192) -(906195--906196) -(906198--906202) -(906204--906207) -906209 -(906211--906212) -906214 -(906217--906222) -(906225--906226) -(906229--906230) -(906235--906236) -906238 -(906240--906241) -906243 -(906245--906247) -906249 -90
[  148.239122] e2fsck: -(907387--907391) -907393 -(907396--907397) -(907401--907403) -(907405--907407) -907409 -(907411--907412) -(907414--907419) -907421 -907423 -907426 -907428 -907430 -(907432--907433) -907437 -(907440--907441) -(907451--907455) -(907457--907458) -(907463--907464) -(907467--907469) -907471 -(907473--907474) -(907482--907483) -(907486--907488) -907490 -(907495--907497) -(907499--907500) -907502 -907505 -907508 -(907510--907514) -907521 -(907524--907527) -(907530--907531) -(907533--907535) -907537 -9
[  148.239122] e2fsck: -(907387--907391) -907393 -(907396--907397) -(907401--907403) -(907405--907407) -907409 -(907411--907412) -(907414--907419) -907421 -907423 -907426 -907428 -907430 -(907432--907433) -907437 -(907440--907441) -(907451--907455) -(907457--907458) -(907463--907464) -(907467--907469) -907471 -(907473--907474) -(907482--907483) -(907486--907488) -907490 -(907495--907497) -(907499--907500) -907502 -907505 -907508 -(907510--907514) -907521 -(907524--907527) -(907530--907531) -(907533--907535) -907537 -9
[  148.979681] e2fsck: 08680--908685) -908689 -908691 -(908693--908694) -908698 -(908701--908702) -908705 -908709 -(908716--908717) -(908719--908720) -908725 -(908728--908729) -(908734--908736) -(908740--908742) -(908744--908745) -(908747--908748) -(908750--908751) -908753 -908755 -908757 -(908759--908761) -908763 -(908765--908766) -(908768--908770) -(908772--908777) -(908780--908783) -(908785--908786) -908789 -(908791--908793) -908796 -908801 -(908803--908806) -908809 -908812 -(908814--908818) -(908820--908821) -(908
[  148.979681] e2fsck: 08680--908685) -908689 -908691 -(908693--908694) -908698 -(908701--908702) -908705 -908709 -(908716--908717) -(908719--908720) -908725 -(908728--908729) -(908734--908736) -(908740--908742) -(908744--908745) -(908747--908748) -(908750--908751) -908753 -908755 -908757 -(908759--908761) -908763 -(908765--908766) -(908768--908770) -(908772--908777) -(908780--908783) -(908785--908786) -908789 -(908791--908793) -908796 -908801 -(908803--908806) -908809 -908812 -(908814--908818) -(908820--908821) -(908
[  149.696381] e2fsck: --910004) -910007 -910009 -(910014--910015) -(910017--910020) -(910022--910026) -(910028--910029) -(910032--910034) -(910037--910038) -(910042--910044) -(910047--910048) -(910050--910055) -910057 -(910061--910062) -910064 -(910066--910067) -(910071--910073) -(910078--910080) -910082 -(910086--910088) -(910090--910092) -(910099--910101) -910103 -910105 -(910110--910111) -910113 -910115 -910120 -910122 -910124 -(910127--910128) -910138 -(910140--910141) -910143 -910145 -(910147--910155) -(910157--
[  149.696381] e2fsck: --910004) -910007 -910009 -(910014--910015) -(910017--910020) -(910022--910026) -(910028--910029) -(910032--910034) -(910037--910038) -(910042--910044) -(910047--910048) -(910050--910055) -910057 -(910061--910062) -910064 -(910066--910067) -(910071--910073) -(910078--910080) -910082 -(910086--910088) -(910090--910092) -(910099--910101) -910103 -910105 -(910110--910111) -910113 -910115 -910120 -910122 -910124 -(910127--910128) -910138 -(910140--910141) -910143 -910145 -(910147--910155) -(910157--
[  150.338315] e2fsck: 294--911295) -(911297--911299) -911302 -911305 -(911307--911310) -(911312--911316) -(911320--911322) -(911324--911337) -911339 -(911342--911344) -(911347--911351) -911355 -(911359--911363) -911366 -(911369--911370) -(911377--911378) -911380 -(911383--911384) -911388 -(911390--911391) -(911393--911395) -(911399--911401) -911403 -911405 -(911410--911411) -(911414--911415) -911417 -911420 -(911422--911424) -(911427--911428) -(911430--911431) -911435 -911441 -911444 -911446 -(911448--911451) -911453
[  150.338315] e2fsck: 294--911295) -(911297--911299) -911302 -911305 -(911307--911310) -(911312--911316) -(911320--911322) -(911324--911337) -911339 -(911342--911344) -(911347--911351) -911355 -(911359--911363) -911366 -(911369--911370) -(911377--911378) -911380 -(911383--911384) -911388 -(911390--911391) -(911393--911395) -(911399--911401) -911403 -911405 -(911410--911411) -(911414--911415) -911417 -911420 -(911422--911424) -(911427--911428) -(911430--911431) -911435 -911441 -911444 -911446 -(911448--911451) -911453
[  151.308548] e2fsck: 540 -912544 -912549 -(912552--912553) -912555 -(912559--912561) -(912565--912566) -912569 -912573 -912578 -(912580--912582) -912585 -912587 -(912589--912590) -(912592--912593) -912595 -912599 -912602 -912604 -912606 -912609 -(912611--912615) -(912619--912621) -912628 -912630 -(912632--912633) -912637 -(912641--912645) -912649 -(912651--912654) -(912656--912657) -912660 -(912665--912667) -(912669--912670) -(912672--912676) -(912678--912680) -(912686--912689) -(912691--912692) -912701 -(912703--91
[  151.308548] e2fsck: 540 -912544 -912549 -(912552--912553) -912555 -(912559--912561) -(912565--912566) -912569 -912573 -912578 -(912580--912582) -912585 -912587 -(912589--912590) -(912592--912593) -912595 -912599 -912602 -912604 -912606 -912609 -(912611--912615) -(912619--912621) -912628 -912630 -(912632--912633) -912637 -(912641--912645) -912649 -(912651--912654) -(912656--912657) -912660 -(912665--912667) -(912669--912670) -(912672--912676) -(912678--912680) -(912686--912689) -(912691--912692) -912701 -(912703--91
[  151.990546] e2fsck: (913850--913851) -(913853--913856) -(913859--913861) -913865 -913867 -913869 -913872 -913874 -913876 -913878 -(913882--913885) -913887 -(913892--913895) -913898 -913901 -(913903--913905) -913907 -913909 -(913911--913913) -(913915--913919) -913921 -913923 -(913925--913926) -(913930--913933) -913935 -(913937--913938) -913942 -(913945--913946) -913948 -(913950--913952) -(913954--913955) -913958 -(913962--913963) -913966 -(913968--913970) -(913972--913974) -913976 -913979 -913981 -(913983--913987) -
[  151.990546] e2fsck: (913850--913851) -(913853--913856) -(913859--913861) -913865 -913867 -913869 -913872 -913874 -913876 -913878 -(913882--913885) -913887 -(913892--913895) -913898 -913901 -(913903--913905) -913907 -913909 -(913911--913913) -(913915--913919) -913921 -913923 -(913925--913926) -(913930--913933) -913935 -(913937--913938) -913942 -(913945--913946) -913948 -(913950--913952) -(913954--913955) -913958 -(913962--913963) -913966 -(913968--913970) -(913972--913974) -913976 -913979 -913981 -(913983--913987) -
[  152.676523] e2fsck: 135 -915142 -(915145--915147) -(915149--915150) -(915152--915154) -915159 -915162 -915164 -(915166--915167) -(915169--915170) -(915174--915176) -(915178--915179) -(915181--915182) -915184 -(915186--915187) -915193 -(915195--915201) -915204 -(915206--915207) -915211 -915214 -(915216--915217) -915221 -(915223--915226) -(915230--915233) -915235 -(915237--915238) -(915240--915241) -(915243--915245) -915248 -915250 -915252 -915255 -915259 -915261 -915264 -915270 -(915273--915274) -(915279--915283) -(
[  152.676523] e2fsck: 135 -915142 -(915145--915147) -(915149--915150) -(915152--915154) -915159 -915162 -915164 -(915166--915167) -(915169--915170) -(915174--915176) -(915178--915179) -(915181--915182) -915184 -(915186--915187) -915193 -(915195--915201) -915204 -(915206--915207) -915211 -915214 -(915216--915217) -915221 -(915223--915226) -(915230--915233) -915235 -(915237--915238) -(915240--915241) -(915243--915245) -915248 -915250 -915252 -915255 -915259 -915261 -915264 -915270 -(915273--915274) -(915279--915283) -(
[  153.340512] e2fsck: -916375) -(916377--916378) -(916380--916382) -(916384--916386) -(916388--916389) -916391 -916393 -916396 -916399 -916401 -(916403--916406) -916410 -916412 -916414 -(916416--916418) -(916421--916422) -916427 -(916429--916434) -916436 -(916439--916440) -916442 -(916446--916447) -916449 -(916451--916452) -(916455--916456) -(916459--916460) -(916462--916465) -916467 -916470 -(916473--916474) -916478 -916482 -916486 -916488 -916491 -(916497--916498) -916500 -916505 -916507 -(916509--916510) -916512 -
[  153.340512] e2fsck: -916375) -(916377--916378) -(916380--916382) -(916384--916386) -(916388--916389) -916391 -916393 -916396 -916399 -916401 -(916403--916406) -916410 -916412 -916414 -(916416--916418) -(916421--916422) -916427 -(916429--916434) -916436 -(916439--916440) -916442 -(916446--916447) -916449 -(916451--916452) -(916455--916456) -(916459--916460) -(916462--916465) -916467 -916470 -(916473--916474) -916478 -916482 -916486 -916488 -916491 -(916497--916498) -916500 -916505 -916507 -(916509--916510) -916512 -
[  153.953487] e2fsck:  +1572985 +1572987 +(1572989--1572992) +(1572996--1572998) +(1573000--1573001) +(1573003--1573005) +1573007 +1573011 +(1573014--1573016) +(1573019--1573020) +1573023 +1573025 +1573027 +(1573029--1573031) +(1573034--1573035) +1573040 +1573044 +(1573050--1573051) +(1573054--1573056) +(1573059--1573060) +1573069 +1573071 +(1573073--1573075) +1573077 +(1573080--1573081) +1573083 +1573086 +(1573088--1573090) +1573092 +(1573094--1573095) +1573097 +(1573100--1573104) +1573111 +(1573117--1573118) +(1573
[  153.953487] e2fsck:  +1572985 +1572987 +(1572989--1572992) +(1572996--1572998) +(1573000--1573001) +(1573003--1573005) +1573007 +1573011 +(1573014--1573016) +(1573019--1573020) +1573023 +1573025 +1573027 +(1573029--1573031) +(1573034--1573035) +1573040 +1573044 +(1573050--1573051) +(1573054--1573056) +(1573059--1573060) +1573069 +1573071 +(1573073--1573075) +1573077 +(1573080--1573081) +1573083 +1573086 +(1573088--1573090) +1573092 +(1573094--1573095) +1573097 +(1573100--1573104) +1573111 +(1573117--1573118) +(1573
[  154.560450] e2fsck: --1580773) +(1580779--1580781) +1580784 +(1580789--1580790) +(1580792--1580794) +1580796 +1580799 +1580802 +1580805 +(1580808--1580809) +(1580811--1580814) +1580820 +1580822 +(1580824--1580825) +(1580827--1580828) +1580830 +(1580839--1580840) +(1580842--1580843) +1580849 +1580854 +(1580856--1580858) +1580860 +(1580862--1580863) +(1580865--1580867) +(1580871--1580872) +1580874 +1580877 +(1580879--1580880) +(1580882--1580883) +(1580886--1580891) +(1580893--1580894) +(1580896--1580897) +1580901 +(1
[  154.560450] e2fsck: --1580773) +(1580779--1580781) +1580784 +(1580789--1580790) +(1580792--1580794) +1580796 +1580799 +1580802 +1580805 +(1580808--1580809) +(1580811--1580814) +1580820 +1580822 +(1580824--1580825) +(1580827--1580828) +1580830 +(1580839--1580840) +(1580842--1580843) +1580849 +1580854 +(1580856--1580858) +1580860 +(1580862--1580863) +(1580865--1580867) +(1580871--1580872) +1580874 +1580877 +(1580879--1580880) +(1580882--1580883) +(1580886--1580891) +(1580893--1580894) +(1580896--1580897) +1580901 +(1
[  155.141185] e2fsck: 1863 -1581867 -1581869 -1581873 -1581875 -1581877 -(1581880--1581882) -(1581886--1581888) -(1581890--1581891) -(1581893--1581896) -(1581898--1581900) -1581902 -(1581905--1581906) -1581908 -(1581911--1581916) -1581919 -1581923 -1581925 -1581927 -(1581930--1581932) -1581935 -(1581937--1581940) -1581943 -1581946 -(1581951--1581956) -1581960 -1581962 -(1581964--1581966) -1581968 -1581974 -(1581976--1581979) -1581981 -(1581985--1581987) -1581989 -(1581991--1581994) -(1581998--1581999) -(1582001--1582
[  155.141185] e2fsck: 1863 -1581867 -1581869 -1581873 -1581875 -1581877 -(1581880--1581882) -(1581886--1581888) -(1581890--1581891) -(1581893--1581896) -(1581898--1581900) -1581902 -(1581905--1581906) -1581908 -(1581911--1581916) -1581919 -1581923 -1581925 -1581927 -(1581930--1581932) -1581935 -(1581937--1581940) -1581943 -1581946 -(1581951--1581956) -1581960 -1581962 -(1581964--1581966) -1581968 -1581974 -(1581976--1581979) -1581981 -(1581985--1581987) -1581989 -(1581991--1581994) -(1581998--1581999) -(1582001--1582
[  155.700248] e2fsck: -1582948) -1582951 -(1582955--1582956) -(1582960--1582961) -1582967 -1582969 -(1582972--1582974) -(1582976--1582977) -(1582979--1582980) -1582982 -1582990 -(1582992--1582995) -(1582997--1582998) -1583004 -1583010 -(1583014--1583015) -1583018 -(1583020--1583021) -(1583023--1583024) -(1583027--1583029) -1583032 -(1583035--1583036) -1583038 -(1583042--1583044) -(1583047--1583048) -(1583052--1583053) -1583055 -1583058 -(1583063--1583067) -1583069 -1583071 -1583073 -(1583076--1583077) -(1583080--1583
[  155.700248] e2fsck: -1582948) -1582951 -(1582955--1582956) -(1582960--1582961) -1582967 -1582969 -(1582972--1582974) -(1582976--1582977) -(1582979--1582980) -1582982 -1582990 -(1582992--1582995) -(1582997--1582998) -1583004 -1583010 -(1583014--1583015) -1583018 -(1583020--1583021) -(1583023--1583024) -(1583027--1583029) -1583032 -(1583035--1583036) -1583038 -(1583042--1583044) -(1583047--1583048) -(1583052--1583053) -1583055 -1583058 -(1583063--1583067) -1583069 -1583071 -1583073 -(1583076--1583077) -(1583080--1583
[  156.428125] e2fsck: ) -1584074 -1584076 -(1584078--1584079) -(1584082--1584087) -1584090 -(1584092--1584096) -(1584099--1584111) -(1584113--1584114) -(1584116--1584121) -(1584123--1584125) -1584129 -(1584131--1584138) -1584141 -1584143 -(1584146--1584148) -(1584150--1584152) -1584159 -(1584162--1584170) -(1584172--1584173) -1584176 -1584178 -1584180 -1584184 -1584186 -(1584193--1584194) -(1584197--1584199) -1584202 -1584204 -1584206 -(1584208--1584211) -(1584214--1584215) -1584217 -1584220 -1584223 -(1584226--15842
[  156.428125] e2fsck: ) -1584074 -1584076 -(1584078--1584079) -(1584082--1584087) -1584090 -(1584092--1584096) -(1584099--1584111) -(1584113--1584114) -(1584116--1584121) -(1584123--1584125) -1584129 -(1584131--1584138) -1584141 -1584143 -(1584146--1584148) -(1584150--1584152) -1584159 -(1584162--1584170) -(1584172--1584173) -1584176 -1584178 -1584180 -1584184 -1584186 -(1584193--1584194) -(1584197--1584199) -1584202 -1584204 -1584206 -(1584208--1584211) -(1584214--1584215) -1584217 -1584220 -1584223 -(1584226--15842
[  157.051676] e2fsck: -1585199 -(1585201--1585202) -(1585205--1585207) -1585210 -1585213 -1585215 -(1585218--1585219) -(1585223--1585224) -(1585228--1585229) -(1585231--1585232) -(1585235--1585238) -1585241 -1585244 -(1585246--1585248) -1585251 -(1585254--1585255) -1585258 -(1585261--1585263) -1585266 -(1585268--1585270) -(1585276--1585277) -(1585281--1585282) -1585286 -(1585289--1585292) -(1585296--1585303) -1585305 -(1585308--1585309) -1585311 -1585313 -1585316 -(1585320--1585321) -(1585323--1585324) -1585326 -1585
[  157.051676] e2fsck: -1585199 -(1585201--1585202) -(1585205--1585207) -1585210 -1585213 -1585215 -(1585218--1585219) -(1585223--1585224) -(1585228--1585229) -(1585231--1585232) -(1585235--1585238) -1585241 -1585244 -(1585246--1585248) -1585251 -(1585254--1585255) -1585258 -(1585261--1585263) -1585266 -(1585268--1585270) -(1585276--1585277) -(1585281--1585282) -1585286 -(1585289--1585292) -(1585296--1585303) -1585305 -(1585308--1585309) -1585311 -1585313 -1585316 -(1585320--1585321) -(1585323--1585324) -1585326 -1585
[  157.681401] e2fsck: 6320 -1586322 -(1586324--1586325) -1586328 -1586330 -(1586333--1586334) -(1586336--1586337) -(1586340--1586341) -1586344 -(1586346--1586348) -(1586352--1586353) -1586355 -1586358 -1586362 -1586364 -(1586366--1586368) -(1586370--1586372) -(1586375--1586376) -1586378 -(1586381--1586382) -1586387 -1586389 -1586391 -1586393 -(1586398--1586400) -(1586402--1586403) -1586406 -(1586411--1586412) -(1586414--1586415) -1586417 -1586419 -1586421 -(1586431--1586432) -(1586434--1586435) -1586437 -1586439 -(15
[  157.681401] e2fsck: 6320 -1586322 -(1586324--1586325) -1586328 -1586330 -(1586333--1586334) -(1586336--1586337) -(1586340--1586341) -1586344 -(1586346--1586348) -(1586352--1586353) -1586355 -1586358 -1586362 -1586364 -(1586366--1586368) -(1586370--1586372) -(1586375--1586376) -1586378 -(1586381--1586382) -1586387 -1586389 -1586391 -1586393 -(1586398--1586400) -(1586402--1586403) -1586406 -(1586411--1586412) -(1586414--1586415) -1586417 -1586419 -1586421 -(1586431--1586432) -(1586434--1586435) -1586437 -1586439 -(15
[  158.419332] e2fsck: 587393--1587396) -(1587398--1587399) -1587401 -1587403 -(1587409--1587410) -1587414 -1587417 -(1587419--1587421) -(1587425--1587427) -1587432 -(1587435--1587436) -1587439 -(1587444--1587446) -1587450 -(1587453--1587454) -1587457 -(1587459--1587460) -(1587463--1587464) -(1587469--1587470) -(1587472--1587473) -1587476 -(1587481--1587484) -1587486 -1587488 -1587490 -(1587492--1587494) -(1587498--1587500) -(1587506--1587507) -(1587510--1587511) -(1587514--1587516) -(1587518--1587525) -1587527 -(1587
[  158.419332] e2fsck: 587393--1587396) -(1587398--1587399) -1587401 -1587403 -(1587409--1587410) -1587414 -1587417 -(1587419--1587421) -(1587425--1587427) -1587432 -(1587435--1587436) -1587439 -(1587444--1587446) -1587450 -(1587453--1587454) -1587457 -(1587459--1587460) -(1587463--1587464) -(1587469--1587470) -(1587472--1587473) -1587476 -(1587481--1587484) -1587486 -1587488 -1587490 -(1587492--1587494) -(1587498--1587500) -(1587506--1587507) -(1587510--1587511) -(1587514--1587516) -(1587518--1587525) -1587527 -(1587
[  159.072834] e2fsck: -(1588552--1588553) -(1588556--1588557) -(1588559--1588560) -1588564 -1588566 -(1588568--1588569) -1588575 -(1588577--1588581) -(1588588--1588589) -(1588591--1588592) -1588597 -1588600 -(1588604--1588605) -(1588610--1588613) -1588615 -1588617 -1588621 -1588625 -1588627 -1588631 -1588636 -(1588638--1588639) -1588643 -1588646 -(1588648--1588650) -(1588653--1588654) -1588656 -1588661 -(1588665--1588666) -(1588668--1588671) -1588673 -1588676 -(1588679--1588680) -1588682 -(1588691--1588692) -(1588694
[  159.072834] e2fsck: -(1588552--1588553) -(1588556--1588557) -(1588559--1588560) -1588564 -1588566 -(1588568--1588569) -1588575 -(1588577--1588581) -(1588588--1588589) -(1588591--1588592) -1588597 -1588600 -(1588604--1588605) -(1588610--1588613) -1588615 -1588617 -1588621 -1588625 -1588627 -1588631 -1588636 -(1588638--1588639) -1588643 -1588646 -(1588648--1588650) -(1588653--1588654) -1588656 -1588661 -(1588665--1588666) -(1588668--1588671) -1588673 -1588676 -(1588679--1588680) -1588682 -(1588691--1588692) -(1588694
[  159.671979] e2fsck: 692 -(1589694--1589695) -1589697 -1589700 -1589707 -1589713 -(1589715--1589718) -(1589723--1589724) -1589728 -(1589730--1589733) -1589735 -(1589737--1589738) -1589741 -(1589743--1589744) -1589750 -1589752 -(1589754--1589756) -1589763 -(1589767--1589768) -1589772 -1589775 -1589777 -1589779 -1589786 -1589788 -1589791 -1589795 -1589805 -(1589808--1589809) -1589815 -1589818 -(1589820--1589824) -(1589826--1589828) -1589830 -(1589832--1589833) -1589837 -(1589839--1589840) -(1589843--1589844) -(1589847
[  159.671979] e2fsck: 692 -(1589694--1589695) -1589697 -1589700 -1589707 -1589713 -(1589715--1589718) -(1589723--1589724) -1589728 -(1589730--1589733) -1589735 -(1589737--1589738) -1589741 -(1589743--1589744) -1589750 -1589752 -(1589754--1589756) -1589763 -(1589767--1589768) -1589772 -1589775 -1589777 -1589779 -1589786 -1589788 -1589791 -1589795 -1589805 -(1589808--1589809) -1589815 -1589818 -(1589820--1589824) -(1589826--1589828) -1589830 -(1589832--1589833) -1589837 -(1589839--1589840) -(1589843--1589844) -(1589847
[  160.265579] e2fsck: 4--1590825) -1590827 -(1590830--1590833) -1590836 -1590839 -(1590841--1590846) -1590848 -1590852 -(1590855--1590858) -(1590860--1590861) -(1590865--1590866) -1590868 -(1590870--1590871) -(1590873--1590875) -(1590880--1590881) -(1590884--1590885) -(1590889--1590893) -(1590895--1590897) -(1590900--1590901) -(1590903--1590905) -1590907 -1590911 -1590914 -1590916 -1590918 -1590925 -1590927 -(1590930--1590934) -(1590938--1590939) -(1590943--1590944) -1590948 -1590951 -1590955 -(1590958--1590960) -159
[  160.265579] e2fsck: 4--1590825) -1590827 -(1590830--1590833) -1590836 -1590839 -(1590841--1590846) -1590848 -1590852 -(1590855--1590858) -(1590860--1590861) -(1590865--1590866) -1590868 -(1590870--1590871) -(1590873--1590875) -(1590880--1590881) -(1590884--1590885) -(1590889--1590893) -(1590895--1590897) -(1590900--1590901) -(1590903--1590905) -1590907 -1590911 -1590914 -1590916 -1590918 -1590925 -1590927 -(1590930--1590934) -(1590938--1590939) -(1590943--1590944) -1590948 -1590951 -1590955 -(1590958--1590960) -159
[  161.499655] e2fsck: 591978--1591981) -1591983 -(1591985--1591987) -(1591990--1591992) -(1591995--1591996) -1591999 -(1592005--1592007) -1592014 -(1592017--1592018) -1592023 -1592026 -1592028 -(1592030--1592036) -1592039 -1592042 -1592047 -(1592049--1592051) -(1592054--1592056) -(1592062--1592063) -1592066 -(1592068--1592069) -(1592072--1592073) -(1592076--1592077) -1592079 -(1592081--1592083) -1592087 -(1592089--1592090) -1592093 -(1592095--1592096) -1592098 -(1592101--1592103) -(1592106--1592108) -1592114 -(159211
[  161.499655] e2fsck: 591978--1591981) -1591983 -(1591985--1591987) -(1591990--1591992) -(1591995--1591996) -1591999 -(1592005--1592007) -1592014 -(1592017--1592018) -1592023 -1592026 -1592028 -(1592030--1592036) -1592039 -1592042 -1592047 -(1592049--1592051) -(1592054--1592056) -(1592062--1592063) -1592066 -(1592068--1592069) -(1592072--1592073) -(1592076--1592077) -1592079 -(1592081--1592083) -1592087 -(1592089--1592090) -1592093 -(1592095--1592096) -1592098 -(1592101--1592103) -(1592106--1592108) -1592114 -(159211
[  162.851917] e2fsck: 8 -(1593122--1593123) -(1593125--1593126) -1593128 -(1593130--1593134) -1593138 -(1593140--1593141) -1593143 -1593145 -1593150 -1593154 -(1593156--1593157) -1593163 -1593165 -(1593167--1593169) -(1593176--1593177) -1593179 -1593183 -1593185 -(1593187--1593188) -(1593194--1593196) -(1593198--1593199) -1593202 -(1593206--1593207) -(1593209--1593210) -1593212 -1593214 -1593216 -1593218 -(1593220--1593221) -(1593224--1593229) -(1593234--1593237) -1593240 -1593243 -(1593246--1593248) -(1593250--15932
[  162.851917] e2fsck: 8 -(1593122--1593123) -(1593125--1593126) -1593128 -(1593130--1593134) -1593138 -(1593140--1593141) -1593143 -1593145 -1593150 -1593154 -(1593156--1593157) -1593163 -1593165 -(1593167--1593169) -(1593176--1593177) -1593179 -1593183 -1593185 -(1593187--1593188) -(1593194--1593196) -(1593198--1593199) -1593202 -(1593206--1593207) -(1593209--1593210) -1593212 -1593214 -1593216 -1593218 -(1593220--1593221) -(1593224--1593229) -(1593234--1593237) -1593240 -1593243 -(1593246--1593248) -(1593250--15932
[  163.436940] e2fsck: 0--1594242) -(1594244--1594245) -1594247 -1594249 -(1594251--1594255) -(1594257--1594258) -1594262 -(1594265--1594266) -1594268 -1594276 -(1594278--1594280) -1594285 -1594287 -1594290 -(1594293--1594294) -1594297 -1594300 -1594302 -(1594306--1594308) -(1594313--1594316) -(1594318--1594323) -(1594326--1594328) -(1594332--1594333) -(1594336--1594337) -(1594339--1594341) -1594345 -1594348 -(1594351--1594352) -(1594354--1594356) -(1594358--1594359) -(1594362--1594364) -1594368 -(1594370--1594371) -(
[  163.436940] e2fsck: 0--1594242) -(1594244--1594245) -1594247 -1594249 -(1594251--1594255) -(1594257--1594258) -1594262 -(1594265--1594266) -1594268 -1594276 -(1594278--1594280) -1594285 -1594287 -1594290 -(1594293--1594294) -1594297 -1594300 -1594302 -(1594306--1594308) -(1594313--1594316) -(1594318--1594323) -(1594326--1594328) -(1594332--1594333) -(1594336--1594337) -(1594339--1594341) -1594345 -1594348 -(1594351--1594352) -(1594354--1594356) -(1594358--1594359) -(1594362--1594364) -1594368 -(1594370--1594371) -(
[  164.022310] e2fsck: 95363) -1595367 -(1595371--1595372) -1595375 -1595380 -1595385 -(1595387--1595389) -1595395 -1595397 -(1595401--1595402) -1595404 -(1595408--1595410) -1595412 -(1595416--1595417) -(1595421--1595422) -(1595424--1595425) -1595430 -1595433 -(1595435--1595437) -1595439 -(1595442--1595443) -(1595445--1595446) -1595449 -1595452 -(1595454--1595463) -1595465 -1595469 -(1595471--1595472) -1595477 -(1595480--1595483) -(1595485--1595486) -(1595493--1595494) -1595497 -1595500 -1595502 -1595507 -1595509 -159
[  164.022310] e2fsck: 95363) -1595367 -(1595371--1595372) -1595375 -1595380 -1595385 -(1595387--1595389) -1595395 -1595397 -(1595401--1595402) -1595404 -(1595408--1595410) -1595412 -(1595416--1595417) -(1595421--1595422) -(1595424--1595425) -1595430 -1595433 -(1595435--1595437) -1595439 -(1595442--1595443) -(1595445--1595446) -1595449 -1595452 -(1595454--1595463) -1595465 -1595469 -(1595471--1595472) -1595477 -(1595480--1595483) -(1595485--1595486) -(1595493--1595494) -1595497 -1595500 -1595502 -1595507 -1595509 -159
[  164.614493] e2fsck: 596470 -(1596473--1596474) -1596476 -(1596478--1596479) -1596481 -(1596483--1596484) -(1596486--1596487) -(1596490--1596491) -(1596496--1596497) -1596499 -(1596502--1596505) -1596507 -1596509 -(1596511--1596512) -(1596515--1596516) -(1596519--1596523) -1596526 -1596530 -(1596532--1596534) -(1596538--1596539) -(1596542--1596544) -(1596546--1596548) -1596551 -1596553 -(1596557--1596559) -(1596562--1596564) -1596568 -1596572 -(1596576--1596577) -1596581 -1596583 -1596586 -(1596588--1596589) -(15965
[  164.614493] e2fsck: 596470 -(1596473--1596474) -1596476 -(1596478--1596479) -1596481 -(1596483--1596484) -(1596486--1596487) -(1596490--1596491) -(1596496--1596497) -1596499 -(1596502--1596505) -1596507 -1596509 -(1596511--1596512) -(1596515--1596516) -(1596519--1596523) -1596526 -1596530 -(1596532--1596534) -(1596538--1596539) -(1596542--1596544) -(1596546--1596548) -1596551 -1596553 -(1596557--1596559) -(1596562--1596564) -1596568 -1596572 -(1596576--1596577) -1596581 -1596583 -1596586 -(1596588--1596589) -(15965
[  165.187595] e2fsck: 7589--1597590) -(1597592--1597593) -(1597595--1597597) -1597599 -1597601 -(1597604--1597607) -(1597609--1597612) -(1597615--1597618) -1597620 -(1597623--1597625) -(1597628--1597631) -(1597634--1597635) -1597638 -1597642 -1597644 -1597647 -(1597650--1597651) -1597655 -(1597658--1597660) -(1597662--1597663) -(1597668--1597671) -1597673 -(1597678--1597680) -(1597683--1597684) -1597687 -(1597691--1597693) -(1597698--1597701) -(1597703--1597705) -(1597708--1597709) -1597711 -1597713 -1597715 -(159771
[  165.187595] e2fsck: 7589--1597590) -(1597592--1597593) -(1597595--1597597) -1597599 -1597601 -(1597604--1597607) -(1597609--1597612) -(1597615--1597618) -1597620 -(1597623--1597625) -(1597628--1597631) -(1597634--1597635) -1597638 -1597642 -1597644 -1597647 -(1597650--1597651) -1597655 -(1597658--1597660) -(1597662--1597663) -(1597668--1597671) -1597673 -(1597678--1597680) -(1597683--1597684) -1597687 -(1597691--1597693) -(1597698--1597701) -(1597703--1597705) -(1597708--1597709) -1597711 -1597713 -1597715 -(159771
[  165.767866] e2fsck: 745 -1598748 -1598750 -1598752 -1598754 -1598756 -1598759 -(1598767--1598769) -(1598773--1598774) -(1598777--1598780) -1598782 -1598785 -(1598788--1598790) -1598792 -1598794 -1598796 -1598798 -(1598800--1598802) -1598805 -(1598809--1598815) -1598817 -1598819 -(1598821--1598824) -1598827 -1598830 -1598832 -(1598835--1598838) -(1598840--1598843) -1598845 -1598847 -1598850 -1598853 -1598855 -1598857 -(1598859--1598861) -1598863 -(1598866--1598867) -(1598870--1598871) -(1598877--1598878) -(1598880--
[  165.767866] e2fsck: 745 -1598748 -1598750 -1598752 -1598754 -1598756 -1598759 -(1598767--1598769) -(1598773--1598774) -(1598777--1598780) -1598782 -1598785 -(1598788--1598790) -1598792 -1598794 -1598796 -1598798 -(1598800--1598802) -1598805 -(1598809--1598815) -1598817 -1598819 -(1598821--1598824) -1598827 -1598830 -1598832 -(1598835--1598838) -(1598840--1598843) -1598845 -1598847 -1598850 -1598853 -1598855 -1598857 -(1598859--1598861) -1598863 -(1598866--1598867) -(1598870--1598871) -(1598877--1598878) -(1598880--
[  166.339513] e2fsck: (1599883--1599885) -(1599888--1599890) -1599892 -(1599895--1599896) -(1599899--1599901) -(1599907--1599909) -(1599911--1599916) -(1599918--1599919) -1599921 -1599923 -1599925 -1599929 -(1599934--1599937) -(1599943--1599945) -1599948 -(1599954--1599955) -1599960 -1599962 -1599964 -1599967 -1599970 -(1599972--1599973) -1599976 -(1599979--1599981) -(1599984--1599985) -(1599987--1599991) -(1599993--1599996) -(1599998--1599999) -1600002 -(1600004--1600005) -(1600013--1600015) -(1600018--1600019) -(16
[  166.339513] e2fsck: (1599883--1599885) -(1599888--1599890) -1599892 -(1599895--1599896) -(1599899--1599901) -(1599907--1599909) -(1599911--1599916) -(1599918--1599919) -1599921 -1599923 -1599925 -1599929 -(1599934--1599937) -(1599943--1599945) -1599948 -(1599954--1599955) -1599960 -1599962 -1599964 -1599967 -1599970 -(1599972--1599973) -1599976 -(1599979--1599981) -(1599984--1599985) -(1599987--1599991) -(1599993--1599996) -(1599998--1599999) -1600002 -(1600004--1600005) -(1600013--1600015) -(1600018--1600019) -(16
[  166.937501] e2fsck: 983) -1600985 -1600988 -(1600990--1600991) -(1600993--1600994) -(1600996--1600997) -(1600999--1601002) -1601004 -1601008 -(1601012--1601013) -(1601015--1601016) -(1601018--1601022) -(1601024--1601025) -(1601027--1601029) -(1601031--1601032) -(1601036--1601037) -1601040 -(1601042--1601043) -(1601045--1601047) -(1601049--1601052) -1601056 -(1601058--1601061) -1601063 -1601067 -(1601071--1601074) -1601076 -1601078 -(1601080--1601084) -(1601087--1601090) -(1601092--1601093) -(1601096--1601097) -(160
[  166.937501] e2fsck: 983) -1600985 -1600988 -(1600990--1600991) -(1600993--1600994) -(1600996--1600997) -(1600999--1601002) -1601004 -1601008 -(1601012--1601013) -(1601015--1601016) -(1601018--1601022) -(1601024--1601025) -(1601027--1601029) -(1601031--1601032) -(1601036--1601037) -1601040 -(1601042--1601043) -(1601045--1601047) -(1601049--1601052) -1601056 -(1601058--1601061) -1601063 -1601067 -(1601071--1601074) -1601076 -1601078 -(1601080--1601084) -(1601087--1601090) -(1601092--1601093) -(1601096--1601097) -(160
[  167.530190] e2fsck: ) -(1602077--1602078) -1602080 -1602086 -1602088 -(1602090--1602091) -(1602093--1602094) -1602096 -(1602098--1602101) -(1602104--1602106) -1602118 -1602120 -1602123 -1602125 -(1602128--1602129) -(1602131--1602132) -1602134 -1602136 -(1602138--1602142) -1602145 -1602147 -1602152 -1602154 -(1602156--1602158) -1602160 -1602163 -(1602166--1602167) -(1602171--1602172) -1602174 -1602179 -1602181 -1602183 -(1602186--1602187) -(1602189--1602190) -(1602192--1602193) -1602196 -1602203 -(1602205--1602206) 
[  167.530190] e2fsck: ) -(1602077--1602078) -1602080 -1602086 -1602088 -(1602090--1602091) -(1602093--1602094) -1602096 -(1602098--1602101) -(1602104--1602106) -1602118 -1602120 -1602123 -1602125 -(1602128--1602129) -(1602131--1602132) -1602134 -1602136 -(1602138--1602142) -1602145 -1602147 -1602152 -1602154 -(1602156--1602158) -1602160 -1602163 -(1602166--1602167) -(1602171--1602172) -1602174 -1602179 -1602181 -1602183 -(1602186--1602187) -(1602189--1602190) -(1602192--1602193) -1602196 -1602203 -(1602205--1602206) 
[  168.130428] e2fsck: 3170 -1603173 -(1603177--1603184) -1603187 -(1603190--1603191) -(1603195--1603196) -(1603202--1603203) -1603205 -(1603208--1603209) -(1603213--1603214) -(1603216--1603217) -(1603221--1603224) -1603227 -(1603230--1603231) -(1603235--1603236) -(1603243--1603244) -1603246 -1603253 -(1603258--1603261) -(1603263--1603265) -1603268 -(1603273--1603275) -1603279 -1603281 -1603284 -(1603286--1603287) -(1603289--1603292) -(1603295--1603296) -(1603298--1603299) -(1603301--1603307) -(1603317--1603319) -(160
[  168.130428] e2fsck: 3170 -1603173 -(1603177--1603184) -1603187 -(1603190--1603191) -(1603195--1603196) -(1603202--1603203) -1603205 -(1603208--1603209) -(1603213--1603214) -(1603216--1603217) -(1603221--1603224) -1603227 -(1603230--1603231) -(1603235--1603236) -(1603243--1603244) -1603246 -1603253 -(1603258--1603261) -(1603263--1603265) -1603268 -(1603273--1603275) -1603279 -1603281 -1603284 -(1603286--1603287) -(1603289--1603292) -(1603295--1603296) -(1603298--1603299) -(1603301--1603307) -(1603317--1603319) -(160
[  168.934352] e2fsck:  -(1604313--1604314) -1604318 -(1604320--1604321) -(1604323--1604325) -1604327 -(1604333--1604334) -(1604336--1604337) -(1604339--1604340) -1604342 -(1604344--1604345) -(1604348--1604350) -(1604352--1604354) -(1604357--1604360) -1604362 -1604364 -1604372 -1604374 -(1604376--1604377) -(1604379--1604386) -(1604388--1604391) -1604394 -(1604396--1604397) -(1604400--1604403) -(1604407--1604408) -1604410 -(1604412--1604416) -(1604418--1604419) -(1604422--1604424) -(1604426--1604427) -1604430 -(1604432
[  168.934352] e2fsck:  -(1604313--1604314) -1604318 -(1604320--1604321) -(1604323--1604325) -1604327 -(1604333--1604334) -(1604336--1604337) -(1604339--1604340) -1604342 -(1604344--1604345) -(1604348--1604350) -(1604352--1604354) -(1604357--1604360) -1604362 -1604364 -1604372 -1604374 -(1604376--1604377) -(1604379--1604386) -(1604388--1604391) -1604394 -(1604396--1604397) -(1604400--1604403) -(1604407--1604408) -1604410 -(1604412--1604416) -(1604418--1604419) -(1604422--1604424) -(1604426--1604427) -1604430 -(1604432
[  169.547440] e2fsck: -1605440) -1605443 -1605445 -(1605448--1605449) -(1605451--1605458) -1605461 -(1605463--1605464) -1605470 -1605475 -1605477 -1605479 -1605483 -(1605485--1605486) -1605489 -(1605493--1605494) -(1605498--1605499) -1605504 -(1605509--1605510) -1605513 -1605515 -1605522 -(1605526--1605529) -1605531 -1605533 -(1605536--1605539) -(1605542--1605543) -1605546 -1605549 -1605551 -1605553 -(1605558--1605559) -(1605561--1605563) -(1605565--1605566) -1605574 -1605577 -1605581 -(1605584--1605585) -(1605589--1
[  169.547440] e2fsck: -1605440) -1605443 -1605445 -(1605448--1605449) -(1605451--1605458) -1605461 -(1605463--1605464) -1605470 -1605475 -1605477 -1605479 -1605483 -(1605485--1605486) -1605489 -(1605493--1605494) -(1605498--1605499) -1605504 -(1605509--1605510) -1605513 -1605515 -1605522 -(1605526--1605529) -1605531 -1605533 -(1605536--1605539) -(1605542--1605543) -1605546 -1605549 -1605551 -1605553 -(1605558--1605559) -(1605561--1605563) -(1605565--1605566) -1605574 -1605577 -1605581 -(1605584--1605585) -(1605589--1
[  170.160164] e2fsck: 1606589 +(1606591--1606592) +(1606594--1606596) +(1606601--1606603) +1606606 +(1606610--1606612) +1606614 +(1606616--1606619) +(1606621--1606623) +(1606625--1606627) +(1606629--1606634) +1606639 +1606641 +1606643 +1606647 +(1606650--1606652) +(1606654--1606656) -(1606657--1606665) -(1606667--1606671) -(1606674--1606678) -1606680 -1606684 -(1606688--1606693) -(1606695--1606697) -1606699 -(1606703--1606704) -(1606708--1606709) -(1606714--1606716) -1606718 -(1606720--1606721) -(1606723--1606724) -(
[  170.160164] e2fsck: 1606589 +(1606591--1606592) +(1606594--1606596) +(1606601--1606603) +1606606 +(1606610--1606612) +1606614 +(1606616--1606619) +(1606621--1606623) +(1606625--1606627) +(1606629--1606634) +1606639 +1606641 +1606643 +1606647 +(1606650--1606652) +(1606654--1606656) -(1606657--1606665) -(1606667--1606671) -(1606674--1606678) -1606680 -1606684 -(1606688--1606693) -(1606695--1606697) -1606699 -(1606703--1606704) -(1606708--1606709) -(1606714--1606716) -1606718 -(1606720--1606721) -(1606723--1606724) -(
[  171.058644] e2fsck:  -(1607740--1607741) -1607743 -1607746 -(1607750--1607754) -(1607760--1607761) -1607763 -(1607767--1607771) -(1607773--1607783) -1607785 -1607787 -1607790 -1607792 -(1607796--1607797) -(1607802--1607803) -(1607805--1607806) -(1607808--1607809) -(1607813--1607815) -(1607819--1607822) -1607827 -(1607829--1607831) -1607833 -(1607835--1607837) -1607839 -1607843 -1607845 -1607847 -(1607849--1607850) -(1607852--1607855) -1607860 -1607862 -1607865 -1607867 -(1607869--1607870) -(1607872--1607874) -(1607
[  171.058644] e2fsck:  -(1607740--1607741) -1607743 -1607746 -(1607750--1607754) -(1607760--1607761) -1607763 -(1607767--1607771) -(1607773--1607783) -1607785 -1607787 -1607790 -1607792 -(1607796--1607797) -(1607802--1607803) -(1607805--1607806) -(1607808--1607809) -(1607813--1607815) -(1607819--1607822) -1607827 -(1607829--1607831) -1607833 -(1607835--1607837) -1607839 -1607843 -1607845 -1607847 -(1607849--1607850) -(1607852--1607855) -1607860 -1607862 -1607865 -1607867 -(1607869--1607870) -(1607872--1607874) -(1607
[  171.807836] e2fsck: 1608860) -(1608862--1608863) -(1608865--1608866) -1608868 -1608870 -(1608873--1608875) -(1608881--1608882) -(1608887--1608888) -(1608891--1608894) -1608901 -1608903 -1608905 -(1608910--1608911) -1608914 -1608918 -(1608920--1608922) -(1608925--1608926) -(1608931--1608933) -(1608935--1608936) -(1608939--1608940) -(1608943--1608944) -1608947 -(1608949--1608951) -(1608953--1608958) -(1608961--1608964) -(1608967--1608970) -(1608973--1608974) -(1608976--1608978) -1608982 -(1608986--1608991) -1608993 -
[  171.807836] e2fsck: 1608860) -(1608862--1608863) -(1608865--1608866) -1608868 -1608870 -(1608873--1608875) -(1608881--1608882) -(1608887--1608888) -(1608891--1608894) -1608901 -1608903 -1608905 -(1608910--1608911) -1608914 -1608918 -(1608920--1608922) -(1608925--1608926) -(1608931--1608933) -(1608935--1608936) -(1608939--1608940) -(1608943--1608944) -1608947 -(1608949--1608951) -(1608953--1608958) -(1608961--1608964) -(1608967--1608970) -(1608973--1608974) -(1608976--1608978) -1608982 -(1608986--1608991) -1608993 -
[  172.425859] e2fsck: 8 -1609971 -1609975 -(1609977--1609978) -1609980 -1609982 -(1609984--1609989) -1609995 -(1609998--1609999) -1610001 -1610009 -(1610011--1610012) -1610014 -1610016 -(1610019--1610024) -1610026 -(1610029--1610033) -(1610037--1610039) -(1610042--1610045) -1610047 -(1610049--1610050) -(1610052--1610053) -(1610056--1610058) -(1610060--1610061) -(1610063--1610065) -(1610067--1610068) -1610070 -1610072 -1610074 -1610076 -1610078 -1610080 -1610082 -(1610084--1610088) -(1610090--1610091) -1610099 -(16101
[  172.425859] e2fsck: 8 -1609971 -1609975 -(1609977--1609978) -1609980 -1609982 -(1609984--1609989) -1609995 -(1609998--1609999) -1610001 -1610009 -(1610011--1610012) -1610014 -1610016 -(1610019--1610024) -1610026 -(1610029--1610033) -(1610037--1610039) -(1610042--1610045) -1610047 -(1610049--1610050) -(1610052--1610053) -(1610056--1610058) -(1610060--1610061) -(1610063--1610065) -(1610067--1610068) -1610070 -1610072 -1610074 -1610076 -1610078 -1610080 -1610082 -(1610084--1610088) -(1610090--1610091) -1610099 -(16101
[  173.144850] e2fsck: 06--1611108) -1611111 -1611116 -1611118 -(1611120--1611122) -(1611124--1611128) -(1611130--1611131) -1611134 -(1611136--1611138) -(1611143--1611145) -(1611148--1611149) -1611154 -(1611159--1611160) -(1611162--1611163) -(1611165--1611166) -1611168 -1611170 -(1611172--1611173) -1611177 -1611181 -1611186 -1611188 -(1611191--1611195) -(1611200--1611202) -1611204 -1611206 -(1611213--1611215) -(1611219--1611220) -1611224 -1611228 -(1611230--1611232) -(1611236--1611237) -(1611240--1611246) -1611250 -16
[  173.144850] e2fsck: 06--1611108) -1611111 -1611116 -1611118 -(1611120--1611122) -(1611124--1611128) -(1611130--1611131) -1611134 -(1611136--1611138) -(1611143--1611145) -(1611148--1611149) -1611154 -(1611159--1611160) -(1611162--1611163) -(1611165--1611166) -1611168 -1611170 -(1611172--1611173) -1611177 -1611181 -1611186 -1611188 -(1611191--1611195) -(1611200--1611202) -1611204 -1611206 -(1611213--1611215) -(1611219--1611220) -1611224 -1611228 -(1611230--1611232) -(1611236--1611237) -(1611240--1611246) -1611250 -16
[  173.786628] e2fsck: ) -(1612255--1612258) -(1612261--1612265) -(1612268--1612270) -1612272 -(1612274--1612275) -(1612278--1612279) -(1612281--1612282) -1612284 -1612286 -(1612288--1612290) -1612292 -(1612295--1612300) -(1612302--1612304) -1612308 -(1612310--1612312) -(1612315--1612318) -(1612323--1612326) -1612328 -(1612330--1612332) -1612337 -1612340 -(1612342--1612344) -(1612347--1612349) -(1612356--1612361) -1612363 -(1612367--1612368) -(1612370--1612371) -(1612374--1612375) -(1612377--1612378) -(1612381--161238
[  173.786628] e2fsck: ) -(1612255--1612258) -(1612261--1612265) -(1612268--1612270) -1612272 -(1612274--1612275) -(1612278--1612279) -(1612281--1612282) -1612284 -1612286 -(1612288--1612290) -1612292 -(1612295--1612300) -(1612302--1612304) -1612308 -(1612310--1612312) -(1612315--1612318) -(1612323--1612326) -1612328 -(1612330--1612332) -1612337 -1612340 -(1612342--1612344) -(1612347--1612349) -(1612356--1612361) -1612363 -(1612367--1612368) -(1612370--1612371) -(1612374--1612375) -(1612377--1612378) -(1612381--161238
[  174.407285] e2fsck: ) -(1613392--1613393) -1613395 -(1613400--1613403) -(1613405--1613406) -1613409 -1613411 -(1613414--1613416) -(1613419--1613422) -(1613426--1613427) -1613430 -(1613435--1613437) -1613439 -1613442 -(1613445--1613448) -(1613454--1613455) -1613457 -1613459 -1613461 -(1613463--1613464) -(1613470--1613471) -(1613474--1613475) -(1613477--1613478) -(1613480--1613484) -1613486 -1613489 -(1613492--1613494) -1613496 -1613498 -(1613501--1613505) -(1613507--1613508) -1613510 -1613512 -1613514 -1613517 -(161
[  174.407285] e2fsck: ) -(1613392--1613393) -1613395 -(1613400--1613403) -(1613405--1613406) -1613409 -1613411 -(1613414--1613416) -(1613419--1613422) -(1613426--1613427) -1613430 -(1613435--1613437) -1613439 -1613442 -(1613445--1613448) -(1613454--1613455) -1613457 -1613459 -1613461 -(1613463--1613464) -(1613470--1613471) -(1613474--1613475) -(1613477--1613478) -(1613480--1613484) -1613486 -1613489 -(1613492--1613494) -1613496 -1613498 -(1613501--1613505) -(1613507--1613508) -1613510 -1613512 -1613514 -1613517 -(161
[  175.038290] e2fsck: (1614518--1614519) -1614521 -(1614523--1614524) -1614526 -1614528 -(1614532--1614537) -1614540 -(1614542--1614543) -1614548 -(1614550--1614551) -(1614554--1614555) -(1614557--1614558) -(1614560--1614561) -(1614564--1614565) -1614567 -(1614569--1614571) -1614573 -1614576 -(1614580--1614581) -1614584 -1614590 -1614592 -1614596 -1614599 -(1614601--1614603) -1614605 -(1614607--1614610) -1614613 -1614615 -1614618 -(1614621--1614623) -1614626 -1614628 -1614631 -(1614633--1614634) -(1614636--1614637) -
[  175.038290] e2fsck: (1614518--1614519) -1614521 -(1614523--1614524) -1614526 -1614528 -(1614532--1614537) -1614540 -(1614542--1614543) -1614548 -(1614550--1614551) -(1614554--1614555) -(1614557--1614558) -(1614560--1614561) -(1614564--1614565) -1614567 -(1614569--1614571) -1614573 -1614576 -(1614580--1614581) -1614584 -1614590 -1614592 -1614596 -1614599 -(1614601--1614603) -1614605 -(1614607--1614610) -1614613 -1614615 -1614618 -(1614621--1614623) -1614626 -1614628 -1614631 -(1614633--1614634) -(1614636--1614637) -
[  175.618223] e2fsck: ) -(1615629--1615631) -(1615634--1615635) -(1615637--1615641) -1615645 -(1615648--1615649) -1615651 -1615653 -(1615661--1615664) -1615666 -(1615668--1615670) -(1615674--1615677) -1615679 -(1615682--1615685) -(1615688--1615691) -1615694 -1615701 -(1615703--1615704) -1615706 -(1615709--1615712) -(1615714--1615717) -1615720 -(1615728--1615732) -1615734 -(1615736--1615737) -(1615740--1615742) -1615744 -(1615746--1615747) -1615752 -(1615754--1615758) -(1615761--1615762) -(1615764--1615768) -1615770 -
[  175.618223] e2fsck: ) -(1615629--1615631) -(1615634--1615635) -(1615637--1615641) -1615645 -(1615648--1615649) -1615651 -1615653 -(1615661--1615664) -1615666 -(1615668--1615670) -(1615674--1615677) -1615679 -(1615682--1615685) -(1615688--1615691) -1615694 -1615701 -(1615703--1615704) -1615706 -(1615709--1615712) -(1615714--1615717) -1615720 -(1615728--1615732) -1615734 -(1615736--1615737) -(1615740--1615742) -1615744 -(1615746--1615747) -1615752 -(1615754--1615758) -(1615761--1615762) -(1615764--1615768) -1615770 -
[  176.255785] e2fsck: 1616768--1616769) -1616771 -(1616774--1616782) -(1616784--1616786) -(1616791--1616793) -(1616797--1616800) -1616802 -1616804 -1616808 -(1616811--1616814) -1616817 -1616825 -1616830 -(1616832--1616834) -(1616836--1616838) -1616840 -(1616842--1616844) -1616848 -(1616850--1616851) -(1616854--1616855) -(1616857--1616861) -(1616864--1616865) -(1616875--1616878) -1616880 -(1616886--1616889) -(1616894--1616895) -1616897 -(1616900--1616902) -1616913 -(1616915--1616916) -1616918 -1616922 -1616925 -(16169
[  176.255785] e2fsck: 1616768--1616769) -1616771 -(1616774--1616782) -(1616784--1616786) -(1616791--1616793) -(1616797--1616800) -1616802 -1616804 -1616808 -(1616811--1616814) -1616817 -1616825 -1616830 -(1616832--1616834) -(1616836--1616838) -1616840 -(1616842--1616844) -1616848 -(1616850--1616851) -(1616854--1616855) -(1616857--1616861) -(1616864--1616865) -(1616875--1616878) -1616880 -(1616886--1616889) -(1616894--1616895) -1616897 -(1616900--1616902) -1616913 -(1616915--1616916) -1616918 -1616922 -1616925 -(16169
[  176.896287] e2fsck: -(1617922--1617923) -1617927 -(1617930--1617931) -1617939 -1617941 -1617943 -1617949 -1617951 -(1617955--1617957) -(1617961--1617962) -(1617964--1617971) -1617974 -(1617976--1617977) -1617980 -1617983 -1617985 -1617991 -(1617993--1617994) -1617996 -1617998 -(1618011--1618013) -1618015 -1618024 -1618026 -(1618028--1618030) -1618032 -(1618034--1618036) -(1618038--1618040) -1618045 -(1618047--1618048) -1618050 -1618053 -1618055 -(1618057--1618058) -(1618060--1618062) -(1618064--1618065) -(1618068--
[  176.896287] e2fsck: -(1617922--1617923) -1617927 -(1617930--1617931) -1617939 -1617941 -1617943 -1617949 -1617951 -(1617955--1617957) -(1617961--1617962) -(1617964--1617971) -1617974 -(1617976--1617977) -1617980 -1617983 -1617985 -1617991 -(1617993--1617994) -1617996 -1617998 -(1618011--1618013) -1618015 -1618024 -1618026 -(1618028--1618030) -1618032 -(1618034--1618036) -(1618038--1618040) -1618045 -(1618047--1618048) -1618050 -1618053 -1618055 -(1618057--1618058) -(1618060--1618062) -(1618064--1618065) -(1618068--
[  177.558698] e2fsck: 1619056) -1619060 -1619066 -1619069 -(1619073--1619078) -(1619080--1619081) -(1619084--1619085) -1619087 -1619089 -1619092 -1619096 -(1619098--1619100) -1619106 -1619109 -(1619111--1619113) -(1619115--1619117) -(1619119--1619124) -1619127 -(1619131--1619133) -1619139 -(1619141--1619144) -1619147 -1619149 -1619152 -1619156 -1619158 -(1619161--1619162) -(1619164--1619166) -1619168 -(1619172--1619173) -(1619176--1619177) -1619179 -1619181 -(1619184--1619185) -1619189 -1619191 -1619193 -(1619195--16
[  177.558698] e2fsck: 1619056) -1619060 -1619066 -1619069 -(1619073--1619078) -(1619080--1619081) -(1619084--1619085) -1619087 -1619089 -1619092 -1619096 -(1619098--1619100) -1619106 -1619109 -(1619111--1619113) -(1619115--1619117) -(1619119--1619124) -1619127 -(1619131--1619133) -1619139 -(1619141--1619144) -1619147 -1619149 -1619152 -1619156 -1619158 -(1619161--1619162) -(1619164--1619166) -1619168 -(1619172--1619173) -(1619176--1619177) -1619179 -1619181 -(1619184--1619185) -1619189 -1619191 -1619193 -(1619195--16
[  178.196136] e2fsck: 1--1620176) -1620178 -1620180 -1620182 -(1620184--1620193) -1620195 -(1620198--1620199) -1620203 -(1620205--1620206) -(1620208--1620211) -1620214 -1620216 -(1620218--1620224) -1620226 -(1620228--1620229) -1620233 -(1620236--1620238) -(1620240--1620241) -1620243 -1620245 -(1620247--1620249) -1620255 -(1620257--1620258) -(1620260--1620263) -(1620266--1620268) -1620271 -1620273 -(1620277--1620278) -1620280 -(1620283--1620287) -1620291 -(1620293--1620294) -1620298 -(1620301--1620303) -1620306 -16203
[  178.196136] e2fsck: 1--1620176) -1620178 -1620180 -1620182 -(1620184--1620193) -1620195 -(1620198--1620199) -1620203 -(1620205--1620206) -(1620208--1620211) -1620214 -1620216 -(1620218--1620224) -1620226 -(1620228--1620229) -1620233 -(1620236--1620238) -(1620240--1620241) -1620243 -1620245 -(1620247--1620249) -1620255 -(1620257--1620258) -(1620260--1620263) -(1620266--1620268) -1620271 -1620273 -(1620277--1620278) -1620280 -(1620283--1620287) -1620291 -(1620293--1620294) -1620298 -(1620301--1620303) -1620306 -16203
[  179.282374] e2fsck: 29--1621331) -1621333 -1621335 -(1621338--1621339) -(1621342--1621345) -1621347 -(1621350--1621351) -(1621353--1621354) -(1621357--1621358) -1621363 -1621366 -1621371 -1621375 -(1621377--1621378) -(1621380--1621382) -(1621385--1621386) -1621388 -1621390 -1621392 -(1621394--1621395) -(1621399--1621403) -(1621405--1621408) -(1621410--1621411) -1621416 -(1621418--1621419) -(1621421--1621422) -1621425 -(1621428--1621430) -(1621434--1621438) -1621440 -1621442 -1621448 -(1621450--1621452) -1621456 -(1
[  179.282374] e2fsck: 29--1621331) -1621333 -1621335 -(1621338--1621339) -(1621342--1621345) -1621347 -(1621350--1621351) -(1621353--1621354) -(1621357--1621358) -1621363 -1621366 -1621371 -1621375 -(1621377--1621378) -(1621380--1621382) -(1621385--1621386) -1621388 -1621390 -1621392 -(1621394--1621395) -(1621399--1621403) -(1621405--1621408) -(1621410--1621411) -1621416 -(1621418--1621419) -(1621421--1621422) -1621425 -(1621428--1621430) -(1621434--1621438) -1621440 -1621442 -1621448 -(1621450--1621452) -1621456 -(1
[  180.145640] e2fsck:  -1622457 -1622459 -1622462 -1622464 -(1622470--1622471) -(1622474--1622475) -(1622478--1622479) -(1622484--1622485) -(1622487--1622488) -(1622490--1622492) -1622494 -1622496 -(1622498--1622500) -(1622503--1622504) -(1622506--1622510) -(1622517--1622518) -(1622523--1622534) -(1622537--1622539) -1622541 -1622543 -(1622545--1622547) -(1622550--1622552) -(1622554--1622555) -1622557 -1622559 -1622564 -1622568 -1622570 -1622576 -1622581 -1622583 -(1622585--1622586) -(1622589--1622592) -1622595 -(1622
[  180.145640] e2fsck:  -1622457 -1622459 -1622462 -1622464 -(1622470--1622471) -(1622474--1622475) -(1622478--1622479) -(1622484--1622485) -(1622487--1622488) -(1622490--1622492) -1622494 -1622496 -(1622498--1622500) -(1622503--1622504) -(1622506--1622510) -(1622517--1622518) -(1622523--1622534) -(1622537--1622539) -1622541 -1622543 -(1622545--1622547) -(1622550--1622552) -(1622554--1622555) -1622557 -1622559 -1622564 -1622568 -1622570 -1622576 -1622581 -1622583 -(1622585--1622586) -(1622589--1622592) -1622595 -(1622
[  181.376996] e2fsck: 2) -(1623577--1623578) -1623581 -(1623583--1623584) -(1623586--1623587) -(1623591--1623593) -1623596 -1623601 -(1623603--1623604) -1623606 -(1623609--1623611) -(1623613--1623616) -1623618 -1623622 -1623626 -(1623629--1623632) -1623634 -(1623638--1623639) -1623641 -1623644 -1623647 -1623649 -(1623651--1623652) -1623654 -(1623657--1623661) -1623666 -1623668 -(1623670--1623671) -(1623673--1623674) -(1623676--1623681) -1623686 -1623688 -(1623690--1623691) -1623695 -(1623697--1623699) -(1623702--1623
[  181.376996] e2fsck: 2) -(1623577--1623578) -1623581 -(1623583--1623584) -(1623586--1623587) -(1623591--1623593) -1623596 -1623601 -(1623603--1623604) -1623606 -(1623609--1623611) -(1623613--1623616) -1623618 -1623622 -1623626 -(1623629--1623632) -1623634 -(1623638--1623639) -1623641 -1623644 -1623647 -1623649 -(1623651--1623652) -1623654 -(1623657--1623661) -1623666 -1623668 -(1623670--1623671) -(1623673--1623674) -(1623676--1623681) -1623686 -1623688 -(1623690--1623691) -1623695 -(1623697--1623699) -(1623702--1623
[  182.067822] e2fsck: 07 -1624710 -(1624712--1624713) -1624718 -(1624722--1624724) -(1624727--1624729) -(1624732--1624734) -1624736 -(1624739--1624741) -1624743 -(1624745--1624746) -(1624748--1624750) -(1624752--1624755) -1624760 -(1624762--1624763) -1624765 -(1624768--1624772) -1624781 -1624787 -(1624792--1624793) -(1624796--1624797) -(1624800--1624802) -1624805 -(1624807--1624810) -(1624812--1624813) -1624818 -(1624821--1624823) -1624825 -(1624827--1624829) -1624834 -(1624836--1624837) -1624839 -1624847 -(1624849--
[  182.067822] e2fsck: 07 -1624710 -(1624712--1624713) -1624718 -(1624722--1624724) -(1624727--1624729) -(1624732--1624734) -1624736 -(1624739--1624741) -1624743 -(1624745--1624746) -(1624748--1624750) -(1624752--1624755) -1624760 -(1624762--1624763) -1624765 -(1624768--1624772) -1624781 -1624787 -(1624792--1624793) -(1624796--1624797) -(1624800--1624802) -1624805 -(1624807--1624810) -(1624812--1624813) -1624818 -(1624821--1624823) -1624825 -(1624827--1624829) -1624834 -(1624836--1624837) -1624839 -1624847 -(1624849--
[  182.806971] e2fsck: 25842--1625845) -1625847 -(1625849--1625851) -(1625854--1625855) -(1625858--1625859) -(1625861--1625863) -(1625867--1625870) -(1625872--1625873) -1625880 -1625882 -(1625885--1625886) -(1625889--1625890) -1625892 -1625895 -1625898 -1625900 -(1625903--1625905) -1625907 -1625909 -1625911 -1625916 -1625918 -(1625920--1625921) -(1625923--1625924) -(1625927--1625931) -1625935 -(1625939--1625940) -(1625945--1625950) -1625953 -(1625955--1625959) -(1625961--1625964) -1625967 -1625970 -(1625974--1625975) 
[  182.806971] e2fsck: 25842--1625845) -1625847 -(1625849--1625851) -(1625854--1625855) -(1625858--1625859) -(1625861--1625863) -(1625867--1625870) -(1625872--1625873) -1625880 -1625882 -(1625885--1625886) -(1625889--1625890) -1625892 -1625895 -1625898 -1625900 -(1625903--1625905) -1625907 -1625909 -1625911 -1625916 -1625918 -(1625920--1625921) -(1625923--1625924) -(1625927--1625931) -1625935 -(1625939--1625940) -(1625945--1625950) -1625953 -(1625955--1625959) -(1625961--1625964) -1625967 -1625970 -(1625974--1625975) 
[  183.553622] e2fsck: 1626947 -1626949 -1626951 -1626954 -(1626956--1626958) -1626960 -1626964 -(1626966--1626969) -1626973 -(1626977--1626980) -(1626982--1626984) -1626986 -(1626988--1626989) -1626991 -1626993 -1626996 -1627000 -(1627003--1627005) -1627007 -(1627009--1627010) -1627014 -(1627018--1627019) -(1627021--1627024) -1627026 -(1627028--1627029) -(1627032--1627037) -1627040 -1627042 -1627046 -1627049 -1627055 -(1627058--1627059) -1627061 -1627065 -1627067 -1627070 -1627073 -(1627075--1627077) -1627079 -(16270
[  183.553622] e2fsck: 1626947 -1626949 -1626951 -1626954 -(1626956--1626958) -1626960 -1626964 -(1626966--1626969) -1626973 -(1626977--1626980) -(1626982--1626984) -1626986 -(1626988--1626989) -1626991 -1626993 -1626996 -1627000 -(1627003--1627005) -1627007 -(1627009--1627010) -1627014 -(1627018--1627019) -(1627021--1627024) -1627026 -(1627028--1627029) -(1627032--1627037) -1627040 -1627042 -1627046 -1627049 -1627055 -(1627058--1627059) -1627061 -1627065 -1627067 -1627070 -1627073 -(1627075--1627077) -1627079 -(16270
[  184.335749] e2fsck: 8063--1628066) -1628069 -(1628072--1628073) -1628076 -1628080 -1628083 -1628086 -1628089 -(1628091--1628094) -1628096 -1628099 -(1628102--1628109) -1628112 -(1628115--1628116) -(1628119--1628120) -(1628125--1628126) -1628128 -(1628130--1628131) -(1628133--1628135) -(1628138--1628144) -(1628146--1628148) -(1628153--1628155) -(1628157--1628158) -1628160 -(1628162--1628164) -(1628169--1628175) -(1628177--1628178) -1628180 -(1628182--1628184) -1628188 -(1628191--1628193) -1628195 -1628198 -1628200 -
[  184.335749] e2fsck: 8063--1628066) -1628069 -(1628072--1628073) -1628076 -1628080 -1628083 -1628086 -1628089 -(1628091--1628094) -1628096 -1628099 -(1628102--1628109) -1628112 -(1628115--1628116) -(1628119--1628120) -(1628125--1628126) -1628128 -(1628130--1628131) -(1628133--1628135) -(1628138--1628144) -(1628146--1628148) -(1628153--1628155) -(1628157--1628158) -1628160 -(1628162--1628164) -(1628169--1628175) -(1628177--1628178) -1628180 -(1628182--1628184) -1628188 -(1628191--1628193) -1628195 -1628198 -1628200 -
[  184.984633] e2fsck: 1629190 -(1629192--1629195) -1629197 -(1629199--1629201) -(1629205--1629208) -1629212 -1629215 -1629217 -(1629219--1629220) -(1629222--1629223) -1629226 -1629228 -1629233 -1629235 -1629237 -(1629240--1629243) -1629246 -1629252 -(1629254--1629255) -(1629259--1629260) -1629262 -(1629266--1629267) -1629269 -(1629271--1629273) -(1629279--1629283) -(1629285--1629287) -(1629291--1629294) -1629297 -(1629300--1629302) -(1629304--1629305) -1629310 -1629315 -1629317 -1629320 -1629323 -1629327 -(1629329--1
[  184.984633] e2fsck: 1629190 -(1629192--1629195) -1629197 -(1629199--1629201) -(1629205--1629208) -1629212 -1629215 -1629217 -(1629219--1629220) -(1629222--1629223) -1629226 -1629228 -1629233 -1629235 -1629237 -(1629240--1629243) -1629246 -1629252 -(1629254--1629255) -(1629259--1629260) -1629262 -(1629266--1629267) -1629269 -(1629271--1629273) -(1629279--1629283) -(1629285--1629287) -(1629291--1629294) -1629297 -(1629300--1629302) -(1629304--1629305) -1629310 -1629315 -1629317 -1629320 -1629323 -1629327 -(1629329--1
[  185.667637] e2fsck: 293--1630294) -1630297 -1630299 -(1630301--1630303) -(1630306--1630308) -(1630311--1630312) -1630314 -1630316 -(1630318--1630320) -(1630322--1630323) -1630326 -(1630329--1630334) -1630336 -(1630340--1630341) -1630344 -(1630346--1630348) -1630350 -1630352 -1630355 -(1630363--1630368) -1630370 -(1630373--1630377) -1630379 -(1630382--1630385) -(1630388--1630389) -1630391 -1630394 -(1630396--1630397) -1630399 -(1630401--1630403) -1630405 -(1630408--1630410) -1630413 -(1630416--1630417) -1630419 -163
[  185.667637] e2fsck: 293--1630294) -1630297 -1630299 -(1630301--1630303) -(1630306--1630308) -(1630311--1630312) -1630314 -1630316 -(1630318--1630320) -(1630322--1630323) -1630326 -(1630329--1630334) -1630336 -(1630340--1630341) -1630344 -(1630346--1630348) -1630350 -1630352 -1630355 -(1630363--1630368) -1630370 -(1630373--1630377) -1630379 -(1630382--1630385) -(1630388--1630389) -1630391 -1630394 -(1630396--1630397) -1630399 -(1630401--1630403) -1630405 -(1630408--1630410) -1630413 -(1630416--1630417) -1630419 -163
[  186.290648] e2fsck: 433--1631436) -(1631438--1631443) -1631446 -(1631449--1631451) -1631453 -(1631458--1631459) -(1631461--1631462) -1631465 -1631467 -(1631470--1631473) -(1631478--1631479) -(1631483--1631484) -(1631486--1631488) -(1631491--1631493) -1631495 -1631497 -1631502 -(1631505--1631506) -1631509 -(1631512--1631517) -1631521 -1631523 -(1631527--1631530) -(1631532--1631533) -(1631535--1631536) -(1631539--1631542) -1631544 -(1631546--1631547) -(1631549--1631550) -(1631552--1631553) -(1631555--1631556) -163155
[  186.290648] e2fsck: 433--1631436) -(1631438--1631443) -1631446 -(1631449--1631451) -1631453 -(1631458--1631459) -(1631461--1631462) -1631465 -1631467 -(1631470--1631473) -(1631478--1631479) -(1631483--1631484) -(1631486--1631488) -(1631491--1631493) -1631495 -1631497 -1631502 -(1631505--1631506) -1631509 -(1631512--1631517) -1631521 -1631523 -(1631527--1631530) -(1631532--1631533) -(1631535--1631536) -(1631539--1631542) -1631544 -(1631546--1631547) -(1631549--1631550) -(1631552--1631553) -(1631555--1631556) -163155
[  186.946360] e2fsck: 632552 -1632554 -1632557 -1632562 -1632570 -1632575 -(1632581--1632583) -(1632589--1632591) -(1632597--1632599) -1632603 -1632606 -1632611 -(1632613--1632614) -1632618 -1632621 -(1632624--1632626) -1632629 -(1632635--1632636) -1632638 -1632648 -1632654 -(1632656--1632658) -1632660 -(1632662--1632663) -(1632666--1632668) -1632672 -1632678 -(1632681--1632682) -(1632685--1632687) -(1632696--1632700) -(1632705--1632708) -(1632710--1632713) -1632717 -(1632719--1632720) -(1632722--1632726) -1632731 -1
[  186.946360] e2fsck: 632552 -1632554 -1632557 -1632562 -1632570 -1632575 -(1632581--1632583) -(1632589--1632591) -(1632597--1632599) -1632603 -1632606 -1632611 -(1632613--1632614) -1632618 -1632621 -(1632624--1632626) -1632629 -(1632635--1632636) -1632638 -1632648 -1632654 -(1632656--1632658) -1632660 -(1632662--1632663) -(1632666--1632668) -1632672 -1632678 -(1632681--1632682) -(1632685--1632687) -(1632696--1632700) -(1632705--1632708) -(1632710--1632713) -1632717 -(1632719--1632720) -(1632722--1632726) -1632731 -1
[  187.619336] e2fsck: (1633738--1633739) -1633742 -(1633745--1633746) -(1633748--1633750) -1633754 -(1633756--1633757) -1633759 -1633764 -(1633768--1633769) -(1633772--1633778) -1633781 -1633783 -1633785 -1633787 -1633791 -(1633793--1633795) -1633797 -1633800 -1633802 -1633806 -1633809 -1633813 -1633816 -(1633819--1633825) -(1633828--1633830) -(1633834--1633837) -(1633842--1633843) -(1633847--1633848) -(1633852--1633855) -1633858 -1633860 -(1633863--1633866) -1633870 -(1633873--1633875) -(1633878--1633881) -1633883 -
[  187.619336] e2fsck: (1633738--1633739) -1633742 -(1633745--1633746) -(1633748--1633750) -1633754 -(1633756--1633757) -1633759 -1633764 -(1633768--1633769) -(1633772--1633778) -1633781 -1633783 -1633785 -1633787 -1633791 -(1633793--1633795) -1633797 -1633800 -1633802 -1633806 -1633809 -1633813 -1633816 -(1633819--1633825) -(1633828--1633830) -(1633834--1633837) -(1633842--1633843) -(1633847--1633848) -(1633852--1633855) -1633858 -1633860 -(1633863--1633866) -1633870 -(1633873--1633875) -(1633878--1633881) -1633883 -
[  188.293288] e2fsck:  -1634899 -(1634905--1634906) -1634908 -(1634912--1634914) -(1634916--1634917) -(1634919--1634921) -(1634924--1634926) -(1634928--1634930) -(1634932--1634935) -1634939 -(1634941--1634944) -1634948 -(1634950--1634951) -(1634955--1634957) -1634959 -(1634961--1634962) -(1634964--1634965) -(1634967--1634968) -1634970 -1634973 -1634975 -1634977 -(1634979--1634985) -(1634991--1634992) -(1634995--1634997) -(1635003--1635005) -1635007 -1635009 -(1635011--1635020) -1635025 -(1635027--1635029) -(1635032--
[  188.293288] e2fsck:  -1634899 -(1634905--1634906) -1634908 -(1634912--1634914) -(1634916--1634917) -(1634919--1634921) -(1634924--1634926) -(1634928--1634930) -(1634932--1634935) -1634939 -(1634941--1634944) -1634948 -(1634950--1634951) -(1634955--1634957) -1634959 -(1634961--1634962) -(1634964--1634965) -(1634967--1634968) -1634970 -1634973 -1634975 -1634977 -(1634979--1634985) -(1634991--1634992) -(1634995--1634997) -(1635003--1635005) -1635007 -1635009 -(1635011--1635020) -1635025 -(1635027--1635029) -(1635032--
[  189.059838] e2fsck: 958) -(1635964--1635967) -1635969 -(1635973--1635974) -(1635976--1635977) -1635979 -1635983 -1635986 -1635989 -1635991 -(1635995--1635998) -(1636000--1636001) -(1636005--1636010) -1636012 -1636014 -(1636019--1636021) -(1636023--1636024) -(1636027--1636029) -(1636032--1636034) -(1636036--1636037) -1636039 -(1636044--1636050) -(1636053--1636061) -1636063 -(1636065--1636066) -1636068 -1636073 -1636076 -1636078 -1636080 -1636082 -1636084 -(1636087--1636089) -(1636091--1636092) -(1636094--1636096) -1
[  189.059838] e2fsck: 958) -(1635964--1635967) -1635969 -(1635973--1635974) -(1635976--1635977) -1635979 -1635983 -1635986 -1635989 -1635991 -(1635995--1635998) -(1636000--1636001) -(1636005--1636010) -1636012 -1636014 -(1636019--1636021) -(1636023--1636024) -(1636027--1636029) -(1636032--1636034) -(1636036--1636037) -1636039 -(1636044--1636050) -(1636053--1636061) -1636063 -(1636065--1636066) -1636068 -1636073 -1636076 -1636078 -1636080 -1636082 -1636084 -(1636087--1636089) -(1636091--1636092) -(1636094--1636096) -1
[  189.683469] e2fsck: 082--1637083) -1637086 -1637088 -(1637091--1637092) -1637098 -(1637100--1637104) -1637106 -1637108 -(1637112--1637113) -(1637117--1637120) -(1637123--1637124) -(1637126--1637127) -1637130 -(1637132--1637133) -(1637136--1637137) -(1637140--1637141) -1637144 -1637147 -(1637151--1637152) -(1637154--1637162) -(1637164--1637165) -1637168 -(1637170--1637172) -(1637174--1637175) -(1637177--1637179) -1637183 -(1637185--1637186) -(1637188--1637190) -1637192 -(1637194--1637197) -(1637199--1637202) -(16372
[  189.683469] e2fsck: 082--1637083) -1637086 -1637088 -(1637091--1637092) -1637098 -(1637100--1637104) -1637106 -1637108 -(1637112--1637113) -(1637117--1637120) -(1637123--1637124) -(1637126--1637127) -1637130 -(1637132--1637133) -(1637136--1637137) -(1637140--1637141) -1637144 -1637147 -(1637151--1637152) -(1637154--1637162) -(1637164--1637165) -1637168 -(1637170--1637172) -(1637174--1637175) -(1637177--1637179) -1637183 -(1637185--1637186) -(1637188--1637190) -1637192 -(1637194--1637197) -(1637199--1637202) -(16372
[  190.336309] e2fsck:  -(1638176--1638177) -1638179 -(1638183--1638187) -1638189 -1638194 -(1638196--1638197) -(1638200--1638201) -(1638203--1638206) -1638208 -1638210 -1638212 -1638215 -(1638217--1638219) -(1638222--1638224) -(1638228--1638232) -1638234 -(1638237--1638241) -(1638243--1638246) -1638252 -1638256 -(1638260--1638261) -1638263 -1638271 -(1638273--1638274) -1638276 -(1638278--1638279) -(1638281--1638283) -1638285 -(1638289--1638291) -1638293 -(1638295--1638296) -1638299 -(1638302--1638303) -(1638307--1638
[  190.336309] e2fsck:  -(1638176--1638177) -1638179 -(1638183--1638187) -1638189 -1638194 -(1638196--1638197) -(1638200--1638201) -(1638203--1638206) -1638208 -1638210 -1638212 -1638215 -(1638217--1638219) -(1638222--1638224) -(1638228--1638232) -1638234 -(1638237--1638241) -(1638243--1638246) -1638252 -1638256 -(1638260--1638261) -1638263 -1638271 -(1638273--1638274) -1638276 -(1638278--1638279) -(1638281--1638283) -1638285 -(1638289--1638291) -1638293 -(1638295--1638296) -1638299 -(1638302--1638303) -(1638307--1638
[  191.270192] e2fsck: 297--2065301) -(2065303--2065312) -(2065314--2065315) -2065318 -(2065320--2065321) -2065323 -2065327 -2065331 -(2065333--2065334) -(2065336--2065338) -2065340 -(2065342--2065343) -(2065349--2065350) -(2065352--2065354) -(2065356--2065357) -(2065359--2065365) -(2065367--2065368) -2065370 -(2065373--2065376) -(2065380--2065381) -(2065383--2065385) -2065388 -2065390 -(2065392--2065394) -(2065396--2065398) -(2065403--2065404) -2065406 -(2065408--2065411) -(2065414--2065415) -2065418 -2065420 -(20654
[  191.270192] e2fsck: 297--2065301) -(2065303--2065312) -(2065314--2065315) -2065318 -(2065320--2065321) -2065323 -2065327 -2065331 -(2065333--2065334) -(2065336--2065338) -2065340 -(2065342--2065343) -(2065349--2065350) -(2065352--2065354) -(2065356--2065357) -(2065359--2065365) -(2065367--2065368) -2065370 -(2065373--2065376) -(2065380--2065381) -(2065383--2065385) -2065388 -2065390 -(2065392--2065394) -(2065396--2065398) -(2065403--2065404) -2065406 -(2065408--2065411) -(2065414--2065415) -2065418 -2065420 -(20654
[  191.947533] e2fsck: 6371--2066374) -(2066376--2066377) -(2066380--2066381) -(2066383--2066386) -(2066388--2066389) -2066392 -(2066396--2066397) -2066399 -2066403 -2066405 -(2066407--2066408) -2066410 -(2066413--2066415) -2066417 -2066419 -2066421 -2066425 -2066427 -2066430 -(2066437--2066438) -(2066440--2066441) -(2066444--2066445) -(2066448--2066449) -2066451 -(2066456--2066458) -(2066462--2066463) -(2066465--2066470) -(2066473--2066475) -(2066478--2066480) -2066482 -2066487 -2066492 -(2066495--2066496) -(2066504-
[  191.947533] e2fsck: 6371--2066374) -(2066376--2066377) -(2066380--2066381) -(2066383--2066386) -(2066388--2066389) -2066392 -(2066396--2066397) -2066399 -2066403 -2066405 -(2066407--2066408) -2066410 -(2066413--2066415) -2066417 -2066419 -2066421 -2066425 -2066427 -2066430 -(2066437--2066438) -(2066440--2066441) -(2066444--2066445) -(2066448--2066449) -2066451 -(2066456--2066458) -(2066462--2066463) -(2066465--2066470) -(2066473--2066475) -(2066478--2066480) -2066482 -2066487 -2066492 -(2066495--2066496) -(2066504-
[  192.645708] e2fsck: 7491 -2067496 -2067499 -(2067501--2067503) -(2067512--2067516) -(2067519--2067521) -2067524 -(2067526--2067527) -2067530 -(2067532--2067533) -2067535 -2067537 -(2067539--2067543) -2067545 -(2067547--2067548) -(2067551--2067552) -2067554 -(2067556--2067557) -(2067559--2067560) -2067562 -2067565 -2067568 -(2067570--2067572) -2067577 -(2067584--2067589) -2067592 -(2067594--2067595) -(2067598--2067600) -(2067603--2067604) -2067606 -(2067608--2067612) -(2067614--2067616) -2067621 -2067625 -2067630 -2
[  192.645708] e2fsck: 7491 -2067496 -2067499 -(2067501--2067503) -(2067512--2067516) -(2067519--2067521) -2067524 -(2067526--2067527) -2067530 -(2067532--2067533) -2067535 -2067537 -(2067539--2067543) -2067545 -(2067547--2067548) -(2067551--2067552) -2067554 -(2067556--2067557) -(2067559--2067560) -2067562 -2067565 -2067568 -(2067570--2067572) -2067577 -(2067584--2067589) -2067592 -(2067594--2067595) -(2067598--2067600) -(2067603--2067604) -2067606 -(2067608--2067612) -(2067614--2067616) -2067621 -2067625 -2067630 -2
[  193.268789] e2fsck: 2068645) -2068651 -(2068653--2068655) -(2068657--2068658) -(2068663--2068664) -(2068667--2068670) -2068673 -2068675 -(2068677--2068678) -(2068680--2068682) -(2068684--2068685) -(2068689--2068690) -(2068694--2068697) -2068701 -(2068703--2068707) -(2068712--2068716) -(2068720--2068723) -(2068731--2068732) -(2068734--2068735) -2068739 -2068742 -2068745 -(2068747--2068751) -2068759 -(2068761--2068762) -(2068764--2068767) -2068769 -(2068771--2068773) -2068775 -2068777 -2068780 -(2068782--2068783) -20
[  193.268789] e2fsck: 2068645) -2068651 -(2068653--2068655) -(2068657--2068658) -(2068663--2068664) -(2068667--2068670) -2068673 -2068675 -(2068677--2068678) -(2068680--2068682) -(2068684--2068685) -(2068689--2068690) -(2068694--2068697) -2068701 -(2068703--2068707) -(2068712--2068716) -(2068720--2068723) -(2068731--2068732) -(2068734--2068735) -2068739 -2068742 -2068745 -(2068747--2068751) -2068759 -(2068761--2068762) -(2068764--2068767) -2068769 -(2068771--2068773) -2068775 -2068777 -2068780 -(2068782--2068783) -20
[  193.855517] e2fsck: 69801--2069803) -2069805 -2069807 -2069809 -2069817 -2069823 -2069825 -(2069827--2069828) -(2069831--2069837) -(2069842--2069843) -2069845 -(2069847--2069851) -(2069853--2069854) -(2069858--2069859) -2069861 -(2069863--2069864) -2069866 -2069868 -2069870 -2069873 -(2069875--2069876) -(2069878--2069879) -2069881 -(2069883--2069884) -(2069888--2069891) -(2069893--2069897) -2069900 -(2069902--2069903) -2069907 -(2069912--2069921) -2069923 -2069925 -2069927 -(2069930--2069931) -2069933 -2069935 -(20
[  193.855517] e2fsck: 69801--2069803) -2069805 -2069807 -2069809 -2069817 -2069823 -2069825 -(2069827--2069828) -(2069831--2069837) -(2069842--2069843) -2069845 -(2069847--2069851) -(2069853--2069854) -(2069858--2069859) -2069861 -(2069863--2069864) -2069866 -2069868 -2069870 -2069873 -(2069875--2069876) -(2069878--2069879) -2069881 -(2069883--2069884) -(2069888--2069891) -(2069893--2069897) -2069900 -(2069902--2069903) -2069907 -(2069912--2069921) -2069923 -2069925 -2069927 -(2069930--2069931) -2069933 -2069935 -(20
[  194.502178] e2fsck: (2070876--2070881) -(2070883--2070885) -2070887 -2070890 -2070892 -(2070896--2070901) -2070903 -2070905 -2070910 -2070913 -2070917 -(2070920--2070922) -2070924 -2070926 -2070929 -2070932 -(2070934--2070935) -(2070937--2070942) -(2070944--2070945) -(2070953--2070957) -(2070960--2070961) -(2070963--2070969) -2070971 -2070975 -2070979 -(2070982--2070986) -(2070992--2070993) -2070998 -2071005 -2071008 -2071013 -(2071016--2071017) -(2071020--2071021) -2071024 -2071027 -2071030 -2071032 -2071036 -(207
[  194.502178] e2fsck: (2070876--2070881) -(2070883--2070885) -2070887 -2070890 -2070892 -(2070896--2070901) -2070903 -2070905 -2070910 -2070913 -2070917 -(2070920--2070922) -2070924 -2070926 -2070929 -2070932 -(2070934--2070935) -(2070937--2070942) -(2070944--2070945) -(2070953--2070957) -(2070960--2070961) -(2070963--2070969) -2070971 -2070975 -2070979 -(2070982--2070986) -(2070992--2070993) -2070998 -2071005 -2071008 -2071013 -(2071016--2071017) -(2071020--2071021) -2071024 -2071027 -2071030 -2071032 -2071036 -(207
[  195.112734] e2fsck: 72061) -(2072065--2072071) -(2072074--2072075) -2072078 -(2072080--2072081) -2072084 -(2072088--2072089) -(2072091--2072093) -2072098 -2072100 -2072104 -2072106 -(2072108--2072109) -2072111 -2072115 -(2072117--2072119) -(2072122--2072125) -(2072127--2072128) -2072132 -2072135 -2072140 -(2072142--2072144) -(2072147--2072153) -(2072155--2072160) -2072163 -2072165 -2072167 -2072172 -2072178 -2072180 -2072183 -2072186 -2072188 -(2072191--2072201) -(2072203--2072205) -(2072209--2072211) -2072213 -207
[  195.112734] e2fsck: 72061) -(2072065--2072071) -(2072074--2072075) -2072078 -(2072080--2072081) -2072084 -(2072088--2072089) -(2072091--2072093) -2072098 -2072100 -2072104 -2072106 -(2072108--2072109) -2072111 -2072115 -(2072117--2072119) -(2072122--2072125) -(2072127--2072128) -2072132 -2072135 -2072140 -(2072142--2072144) -(2072147--2072153) -(2072155--2072160) -2072163 -2072165 -2072167 -2072172 -2072178 -2072180 -2072183 -2072186 -2072188 -(2072191--2072201) -(2072203--2072205) -(2072209--2072211) -2072213 -207
[  195.702429] e2fsck: 073199--2073201) -(2073203--2073204) -(2073206--2073208) -2073211 -(2073214--2073216) -2073219 -(2073223--2073224) -(2073227--2073229) -2073231 -2073233 -(2073235--2073239) -2073241 -(2073243--2073246) -(2073249--2073251) -(2073254--2073255) -2073258 -(2073265--2073266) -(2073273--2073275) -(2073278--2073280) -(2073282--2073283) -2073287 -(2073289--2073294) -(2073297--2073300) -(2073302--2073308) -2073313 -2073317 -2073319 -(2073325--2073326) -(2073330--2073332) -2073335 -2073337 -(2073339--2073
[  195.702429] e2fsck: 073199--2073201) -(2073203--2073204) -(2073206--2073208) -2073211 -(2073214--2073216) -2073219 -(2073223--2073224) -(2073227--2073229) -2073231 -2073233 -(2073235--2073239) -2073241 -(2073243--2073246) -(2073249--2073251) -(2073254--2073255) -2073258 -(2073265--2073266) -(2073273--2073275) -(2073278--2073280) -(2073282--2073283) -2073287 -(2073289--2073294) -(2073297--2073300) -(2073302--2073308) -2073313 -2073317 -2073319 -(2073325--2073326) -(2073330--2073332) -2073335 -2073337 -(2073339--2073
[  196.356401] e2fsck: --2074381) -2074385 -(2074388--2074389) -2074393 -(2074396--2074399) -2074401 -(2074403--2074404) -2074407 -2074412 -2074415 -2074417 -(2074421--2074423) -2074425 -2074427 -2074430 -(2074434--2074438) -2074440 -2074443 -2074445 -2074449 -2074452 -(2074456--2074457) -(2074461--2074462) -2074464 -(2074466--2074473) -(2074476--2074483) -(2074485--2074486) -2074488 -(2074491--2074493) -(2074498--2074499) -2074502 -2074506 -2074509 -2074511 -(2074513--2074514) -2074521 -(2074524--2074525) -(2074527--
[  196.356401] e2fsck: --2074381) -2074385 -(2074388--2074389) -2074393 -(2074396--2074399) -2074401 -(2074403--2074404) -2074407 -2074412 -2074415 -2074417 -(2074421--2074423) -2074425 -2074427 -2074430 -(2074434--2074438) -2074440 -2074443 -2074445 -2074449 -2074452 -(2074456--2074457) -(2074461--2074462) -2074464 -(2074466--2074473) -(2074476--2074483) -(2074485--2074486) -2074488 -(2074491--2074493) -(2074498--2074499) -2074502 -2074506 -2074509 -2074511 -(2074513--2074514) -2074521 -(2074524--2074525) -(2074527--
[  196.958972] e2fsck: 75526 -(2075528--2075529) -2075531 -2075534 -2075537 -(2075539--2075546) -(2075550--2075551) -2075557 -(2075562--2075565) -(2075567--2075568) -2075571 -(2075574--2075575) -(2075577--2075578) -2075582 -2075584 -(2075586--2075587) -(2075590--2075591) -(2075594--2075595) -2075599 -(2075601--2075602) -(2075605--2075606) -2075608 -(2075611--2075612) -2075616 -(2075621--2075622) -(2075624--2075627) -(2075629--2075631) -2075633 -(2075635--2075640) -(2075643--2075646) -(2075652--2075653) -2075655 -(2075
[  196.958972] e2fsck: 75526 -(2075528--2075529) -2075531 -2075534 -2075537 -(2075539--2075546) -(2075550--2075551) -2075557 -(2075562--2075565) -(2075567--2075568) -2075571 -(2075574--2075575) -(2075577--2075578) -2075582 -2075584 -(2075586--2075587) -(2075590--2075591) -(2075594--2075595) -2075599 -(2075601--2075602) -(2075605--2075606) -2075608 -(2075611--2075612) -2075616 -(2075621--2075622) -(2075624--2075627) -(2075629--2075631) -2075633 -(2075635--2075640) -(2075643--2075646) -(2075652--2075653) -2075655 -(2075
[  197.589038] e2fsck: --2076653) -(2076655--2076656) -2076659 -(2076661--2076665) -2076668 -(2076671--2076673) -2076675 -2076677 -2076679 -(2076688--2076690) -(2076692--2076693) -(2076696--2076699) -(2076703--2076705) -(2076708--2076709) -2076711 -(2076713--2076714) -(2076716--2076717) -2076720 -(2076722--2076725) -2076727 -(2076731--2076734) -2076738 -2076740 -2076742 -2076745 -(2076747--2076748) -(2076751--2076754) -2076758 -2076760 -(2076763--2076764) -2076767 -2076770 -2076774 -(2076777--2076780) -(2076782--20767
[  197.589038] e2fsck: --2076653) -(2076655--2076656) -2076659 -(2076661--2076665) -2076668 -(2076671--2076673) -2076675 -2076677 -2076679 -(2076688--2076690) -(2076692--2076693) -(2076696--2076699) -(2076703--2076705) -(2076708--2076709) -2076711 -(2076713--2076714) -(2076716--2076717) -2076720 -(2076722--2076725) -2076727 -(2076731--2076734) -2076738 -2076740 -2076742 -2076745 -(2076747--2076748) -(2076751--2076754) -2076758 -2076760 -(2076763--2076764) -2076767 -2076770 -2076774 -(2076777--2076780) -(2076782--20767
[  198.264365] e2fsck: 4 -2077766 -(2077768--2077773) -2077775 -(2077778--2077779) -2077781 -(2077785--2077789) -2077791 -(2077793--2077797) -(2077799--2077800) -(2077808--2077816) -2077818 -(2077821--2077823) -(2077825--2077827) -(2077829--2077830) -(2077832--2077833) -(2077835--2077843) -2077845 -(2077848--2077851) -2077853 -(2077857--2077859) -(2077863--2077870) -2077872 -2077874 -(2077881--2077884) -2077887 -2077890 -(2077895--2077896) -(2077898--2077899) -2077901 -(2077903--2077904) -(2077907--2077908) -(2077910-
[  198.264365] e2fsck: 4 -2077766 -(2077768--2077773) -2077775 -(2077778--2077779) -2077781 -(2077785--2077789) -2077791 -(2077793--2077797) -(2077799--2077800) -(2077808--2077816) -2077818 -(2077821--2077823) -(2077825--2077827) -(2077829--2077830) -(2077832--2077833) -(2077835--2077843) -2077845 -(2077848--2077851) -2077853 -(2077857--2077859) -(2077863--2077870) -2077872 -2077874 -(2077881--2077884) -2077887 -2077890 -(2077895--2077896) -(2077898--2077899) -2077901 -(2077903--2077904) -(2077907--2077908) -(2077910-
[  199.015092] e2fsck: -(2078899--2078900) -2078902 -(2078904--2078905) -2078908 -(2078910--2078912) -2078915 -2078919 -(2078921--2078922) -2078924 -2078927 -(2078930--2078932) -2078934 -(2078936--2078939) -(2078944--2078945) -(2078948--2078950) -2078952 -(2078955--2078957) -(2078960--2078961) -(2078963--2078964) -(2078968--2078970) -(2078972--2078982) -2078986 -(2078988--2078991) -2078993 -(2078995--2078996) -(2078999--2079000) -2079003 -2079005 -2079007 -2079014 -(2079016--2079018) -(2079021--2079025) -2079029 -(207
[  199.015092] e2fsck: -(2078899--2078900) -2078902 -(2078904--2078905) -2078908 -(2078910--2078912) -2078915 -2078919 -(2078921--2078922) -2078924 -2078927 -(2078930--2078932) -2078934 -(2078936--2078939) -(2078944--2078945) -(2078948--2078950) -2078952 -(2078955--2078957) -(2078960--2078961) -(2078963--2078964) -(2078968--2078970) -(2078972--2078982) -2078986 -(2078988--2078991) -2078993 -(2078995--2078996) -(2078999--2079000) -2079003 -2079005 -2079007 -2079014 -(2079016--2079018) -(2079021--2079025) -2079029 -(207
[  199.679440] e2fsck: 080013 -2080016 -2080018 -2080021 -2080027 -(2080030--2080031) -(2080033--2080035) -(2080037--2080039) -(2080041--2080045) -2080047 -(2080049--2080050) -(2080054--2080057) -2080061 -2080063 -2080066 -(2080068--2080069) -2080071 -(2080075--2080079) -2080082 -(2080084--2080085) -(2080087--2080088) -(2080090--2080092) -(2080094--2080097) -(2080099--2080101) -(2080103--2080105) -2080108 -2080111 -2080113 -(2080116--2080118) -(2080120--2080123) -2080125 -(2080131--2080132) -2080134 -(2080136--2080137
[  199.679440] e2fsck: 080013 -2080016 -2080018 -2080021 -2080027 -(2080030--2080031) -(2080033--2080035) -(2080037--2080039) -(2080041--2080045) -2080047 -(2080049--2080050) -(2080054--2080057) -2080061 -2080063 -2080066 -(2080068--2080069) -2080071 -(2080075--2080079) -2080082 -(2080084--2080085) -(2080087--2080088) -(2080090--2080092) -(2080094--2080097) -(2080099--2080101) -(2080103--2080105) -2080108 -2080111 -2080113 -(2080116--2080118) -(2080120--2080123) -2080125 -(2080131--2080132) -2080134 -(2080136--2080137
[  200.361443] e2fsck: (2081148--2081151) -(2081153--2081154) -2081157 -2081159 -(2081165--2081166) -2081168 -(2081171--2081172) -2081175 -(2081179--2081181) -2081183 -2081185 -(2081188--2081189) -2081191 -2081194 -(2081198--2081200) -(2081204--2081205) -2081207 -(2081210--2081212) -(2081216--2081219) -(2081221--2081224) -2081229 -2081231 -2081233 -(2081235--2081242) -2081244 -(2081247--2081249) -2081252 -2081257 -(2081259--2081260) -(2081262--2081263) -2081265 -2081267 -(2081269--2081270) -2081272 -(2081274--2081275)
[  200.361443] e2fsck: (2081148--2081151) -(2081153--2081154) -2081157 -2081159 -(2081165--2081166) -2081168 -(2081171--2081172) -2081175 -(2081179--2081181) -2081183 -2081185 -(2081188--2081189) -2081191 -2081194 -(2081198--2081200) -(2081204--2081205) -2081207 -(2081210--2081212) -(2081216--2081219) -(2081221--2081224) -2081229 -2081231 -2081233 -(2081235--2081242) -2081244 -(2081247--2081249) -2081252 -2081257 -(2081259--2081260) -(2081262--2081263) -2081265 -2081267 -(2081269--2081270) -2081272 -(2081274--2081275)
[  201.423885] e2fsck: 82274) -(2082277--2082279) -2082282 -2082285 -2082287 -(2082289--2082290) -2082292 -2082294 -(2082296--2082297) -(2082299--2082303) -2082306 -2082308 -2082311 -(2082315--2082318) -(2082321--2082322) -(2082325--2082326) -(2082328--2082331) -(2082333--2082336) -(2082340--2082343) -2082346 -2082349 -2082354 -2082367 -2082369 -2082372 -(2082375--2082376) -(2082379--2082380) -(2082382--2082386) -(2082388--2082391) -2082394 -2082396 -(2082399--2082401) -2082403 -(2082407--2082412) -(2082414--2082416) 
[  201.423885] e2fsck: 82274) -(2082277--2082279) -2082282 -2082285 -2082287 -(2082289--2082290) -2082292 -2082294 -(2082296--2082297) -(2082299--2082303) -2082306 -2082308 -2082311 -(2082315--2082318) -(2082321--2082322) -(2082325--2082326) -(2082328--2082331) -(2082333--2082336) -(2082340--2082343) -2082346 -2082349 -2082354 -2082367 -2082369 -2082372 -(2082375--2082376) -(2082379--2082380) -(2082382--2082386) -(2082388--2082391) -2082394 -2082396 -(2082399--2082401) -2082403 -(2082407--2082412) -(2082414--2082416) 
[  202.196594] e2fsck: 2083394 -(2083396--2083399) -(2083403--2083405) -(2083408--2083409) -(2083411--2083414) -(2083416--2083418) -2083423 -2083425 -(2083427--2083433) -2083435 -2083437 -2083440 -2083442 -(2083444--2083445) -2083448 -2083451 -(2083454--2083455) -2083460 -(2083464--2083465) -2083468 -2083470 -2083472 -(2083475--2083477) -(2083479--2083481) -(2083487--2083488) -(2083491--2083492) -(2083495--2083497) -(2083500--2083502) -(2083504--2083508) -(2083510--2083512) -2083514 -2083517 -(2083523--2083525) -(2083
[  202.196594] e2fsck: 2083394 -(2083396--2083399) -(2083403--2083405) -(2083408--2083409) -(2083411--2083414) -(2083416--2083418) -2083423 -2083425 -(2083427--2083433) -2083435 -2083437 -2083440 -2083442 -(2083444--2083445) -2083448 -2083451 -(2083454--2083455) -2083460 -(2083464--2083465) -2083468 -2083470 -2083472 -(2083475--2083477) -(2083479--2083481) -(2083487--2083488) -(2083491--2083492) -(2083495--2083497) -(2083500--2083502) -(2083504--2083508) -(2083510--2083512) -2083514 -2083517 -(2083523--2083525) -(2083
[  202.964453] e2fsck: --2084512) -2084520 -2084522 -2084524 -(2084527--2084528) -(2084530--2084532) -2084534 -(2084537--2084538) -2084540 -(2084542--2084543) -2084545 -2084548 -2084550 -(2084552--2084555) -2084561 -(2084563--2084564) -(2084567--2084568) -2084570 -(2084576--2084577) -(2084580--2084581) -(2084585--2084588) -2084590 -(2084593--2084595) -(2084597--2084598) -2084603 -(2084605--2084606) -2084608 -(2084611--2084615) -(2084619--2084621) -2084624 -(2084628--2084630) -(2084632--2084634) -(2084636--2084637) -20
[  202.964453] e2fsck: --2084512) -2084520 -2084522 -2084524 -(2084527--2084528) -(2084530--2084532) -2084534 -(2084537--2084538) -2084540 -(2084542--2084543) -2084545 -2084548 -2084550 -(2084552--2084555) -2084561 -(2084563--2084564) -(2084567--2084568) -2084570 -(2084576--2084577) -(2084580--2084581) -(2084585--2084588) -2084590 -(2084593--2084595) -(2084597--2084598) -2084603 -(2084605--2084606) -2084608 -(2084611--2084615) -(2084619--2084621) -2084624 -(2084628--2084630) -(2084632--2084634) -(2084636--2084637) -20
[  203.747776] e2fsck: 5641) -(2085643--2085644) -(2085648--2085649) -(2085654--2085657) -2085660 -2085662 -2085664 -(2085667--2085669) -2085671 -(2085675--2085678) -2085681 -2085683 -(2085685--2085688) -(2085690--2085693) -(2085697--2085698) -(2085703--2085705) -2085708 -2085711 -(2085715--2085718) -(2085720--2085721) -(2085723--2085724) -(2085726--2085729) -(2085731--2085733) -2085739 -2085743 -2085747 -2085749 -2085751 -2085755 -2085758 -(2085760--2085763) -(2085767--2085768) -(2085772--2085774) -2085781 -(2085783-
[  203.747776] e2fsck: 5641) -(2085643--2085644) -(2085648--2085649) -(2085654--2085657) -2085660 -2085662 -2085664 -(2085667--2085669) -2085671 -(2085675--2085678) -2085681 -2085683 -(2085685--2085688) -(2085690--2085693) -(2085697--2085698) -(2085703--2085705) -2085708 -2085711 -(2085715--2085718) -(2085720--2085721) -(2085723--2085724) -(2085726--2085729) -(2085731--2085733) -2085739 -2085743 -2085747 -2085749 -2085751 -2085755 -2085758 -(2085760--2085763) -(2085767--2085768) -(2085772--2085774) -2085781 -(2085783-
[  204.383928] e2fsck: 9--2086750) -(2086752--2086753) -(2086755--2086759) -(2086763--2086764) -(2086766--2086767) -(2086770--2086771) -(2086777--2086778) -(2086780--2086784) -(2086789--2086790) -(2086793--2086799) -(2086801--2086803) -(2086806--2086807) -2086810 -2086812 -2086814 -(2086816--2086821) -2086826 -2086828 -(2086830--2086832) -(2086835--2086839) -2086841 -2086843 -(2086846--2086847) -2086852 -(2086854--2086856) -(2086858--2086859) -2086861 -2086863 -(2086868--2086872) -(2086875--2086876) -(2086878--2086879
[  204.383928] e2fsck: 9--2086750) -(2086752--2086753) -(2086755--2086759) -(2086763--2086764) -(2086766--2086767) -(2086770--2086771) -(2086777--2086778) -(2086780--2086784) -(2086789--2086790) -(2086793--2086799) -(2086801--2086803) -(2086806--2086807) -2086810 -2086812 -2086814 -(2086816--2086821) -2086826 -2086828 -(2086830--2086832) -(2086835--2086839) -2086841 -2086843 -(2086846--2086847) -2086852 -(2086854--2086856) -(2086858--2086859) -2086861 -2086863 -(2086868--2086872) -(2086875--2086876) -(2086878--2086879
[  205.035291] e2fsck: --2087860) -2087863 -2087866 -(2087868--2087872) -(2087874--2087875) -(2087877--2087880) -2087882 -2087885 -(2087890--2087891) -2087894 -(2087896--2087897) -(2087899--2087901) -(2087904--2087905) -(2087908--2087909) -(2087911--2087913) -2087915 -(2087918--2087921) -2087923 -2087927 -(2087929--2087930) -(2087932--2087935) -2087938 -2087942 -2087944 -(2087946--2087948) -2087950 -2087952 -(2087954--2087956) -2087958 -(2087960--2087966) -2087969 -2087979 -2087981 -2087985 -(2087987--2087991) -208799
[  205.035291] e2fsck: --2087860) -2087863 -2087866 -(2087868--2087872) -(2087874--2087875) -(2087877--2087880) -2087882 -2087885 -(2087890--2087891) -2087894 -(2087896--2087897) -(2087899--2087901) -(2087904--2087905) -(2087908--2087909) -(2087911--2087913) -2087915 -(2087918--2087921) -2087923 -2087927 -(2087929--2087930) -(2087932--2087935) -2087938 -2087942 -2087944 -(2087946--2087948) -2087950 -2087952 -(2087954--2087956) -2087958 -(2087960--2087966) -2087969 -2087979 -2087981 -2087985 -(2087987--2087991) -208799
[  205.670837] e2fsck: 045 -2089047 -2089049 -2089053 -2089055 -2089059 -(2089061--2089063) -2089067 -2089070 -2089074 -(2089079--2089080) -2089082 -(2089089--2089091) -(2089096--2089098) -2089100 -2089102 -(2089105--2089106) -(2089108--2089110) -(2089112--2089113) -(2089115--2089116) -(2089119--2089120) -(2089122--2089123) -2089126 -2089128 -(2089130--2089131) -(2089133--2089134) -(2089136--2089138) -2089141 -2089144 -(2089146--2089150) -(2089153--2089155) -2089157 -2089159 -(2089161--2089163) -(2089167--2089171) -(2
[  205.670837] e2fsck: 045 -2089047 -2089049 -2089053 -2089055 -2089059 -(2089061--2089063) -2089067 -2089070 -2089074 -(2089079--2089080) -2089082 -(2089089--2089091) -(2089096--2089098) -2089100 -2089102 -(2089105--2089106) -(2089108--2089110) -(2089112--2089113) -(2089115--2089116) -(2089119--2089120) -(2089122--2089123) -2089126 -2089128 -(2089130--2089131) -(2089133--2089134) -(2089136--2089138) -2089141 -2089144 -(2089146--2089150) -(2089153--2089155) -2089157 -2089159 -(2089161--2089163) -(2089167--2089171) -(2
[  206.284387] e2fsck: 153 -(2090156--2090158) -2090160 -2090162 -2090164 -(2090166--2090167) -(2090169--2090173) -(2090176--2090178) -2090180 -(2090182--2090183) -2090186 -2090194 -2090196 -2090198 -(2090200--2090204) -2090211 -(2090213--2090219) -(2090221--2090223) -(2090225--2090227) -(2090229--2090230) -(2090233--2090235) -2090238 -(2090242--2090243) -2090246 -(2090248--2090250) -(2090252--2090253) -(2090255--2090256) -(2090258--2090262) -2090264 -(2090269--2090272) -2090282 -(2090285--2090286) -2090289 -(2090291-
[  206.284387] e2fsck: 153 -(2090156--2090158) -2090160 -2090162 -2090164 -(2090166--2090167) -(2090169--2090173) -(2090176--2090178) -2090180 -(2090182--2090183) -2090186 -2090194 -2090196 -2090198 -(2090200--2090204) -2090211 -(2090213--2090219) -(2090221--2090223) -(2090225--2090227) -(2090229--2090230) -(2090233--2090235) -2090238 -(2090242--2090243) -2090246 -(2090248--2090250) -(2090252--2090253) -(2090255--2090256) -(2090258--2090262) -2090264 -(2090269--2090272) -2090282 -(2090285--2090286) -2090289 -(2090291-
[  206.948393] e2fsck: 091264--2091265) -(2091268--2091269) -(2091271--2091272) -(2091274--2091275) -2091277 -2091281 -2091284 -2091286 -(2091289--2091293) -2091296 -(2091301--2091304) -(2091306--2091307) -(2091310--2091312) -(2091316--2091321) -(2091323--2091325) -(2091331--2091333) -2091335 -(2091337--2091338) -(2091341--2091342) -2091346 -(2091349--2091351) -(2091354--2091355) -2091358 -2091361 -2091364 -(2091366--2091367) -(2091370--2091371) -(2091374--2091377) -2091379 -(2091381--2091384) -(2091387--2091388) -209
[  206.948393] e2fsck: 091264--2091265) -(2091268--2091269) -(2091271--2091272) -(2091274--2091275) -2091277 -2091281 -2091284 -2091286 -(2091289--2091293) -2091296 -(2091301--2091304) -(2091306--2091307) -(2091310--2091312) -(2091316--2091321) -(2091323--2091325) -(2091331--2091333) -2091335 -(2091337--2091338) -(2091341--2091342) -2091346 -(2091349--2091351) -(2091354--2091355) -2091358 -2091361 -2091364 -(2091366--2091367) -(2091370--2091371) -(2091374--2091377) -2091379 -(2091381--2091384) -(2091387--2091388) -209
[  207.574273] e2fsck: 2092431 -(2092437--2092443) -2092445 -2092448 -(2092453--2092456) -(2092459--2092460) -2092465 -2092467 -2092469 -2092471 -(2092474--2092475) -(2092478--2092480) -(2092484--2092485) -2092488 -(2092492--2092497) -2092499 -(2092502--2092505) -(2092512--2092514) -2092519 -(2092521--2092522) -(2092524--2092525) -2092529 -2092537 -(2092541--2092544) -(2092554--2092556) -2092559 -2092561 -2092563 -(2092568--2092569) -(2092572--2092574) -2092577 -(2092580--2092582) -2092584 -(2092586--2092587) -(209258
[  207.574273] e2fsck: 2092431 -(2092437--2092443) -2092445 -2092448 -(2092453--2092456) -(2092459--2092460) -2092465 -2092467 -2092469 -2092471 -(2092474--2092475) -(2092478--2092480) -(2092484--2092485) -2092488 -(2092492--2092497) -2092499 -(2092502--2092505) -(2092512--2092514) -2092519 -(2092521--2092522) -(2092524--2092525) -2092529 -2092537 -(2092541--2092544) -(2092554--2092556) -2092559 -2092561 -2092563 -(2092568--2092569) -(2092572--2092574) -2092577 -(2092580--2092582) -2092584 -(2092586--2092587) -(209258
[  208.258134] e2fsck: 2093607--2093609) -2093614 -2093616 -2093618 -2093622 -(2093624--2093625) -(2093628--2093631) -2093633 -(2093637--2093638) -(2093643--2093644) -2093648 -2093650 -(2093654--2093656) -2093663 -2093665 -2093668 -(2093670--2093672) -(2093675--2093676) -(2093680--2093683) -(2093686--2093687) -(2093690--2093691) -(2093693--2093697) -2093699 -(2093702--2093704) -(2093706--2093707) -(2093709--2093710) -(2093712--2093714) -(2093719--2093720) -(2093722--2093723) -2093727 -(2093733--2093734) -(2093745--209
[  208.258134] e2fsck: 2093607--2093609) -2093614 -2093616 -2093618 -2093622 -(2093624--2093625) -(2093628--2093631) -2093633 -(2093637--2093638) -(2093643--2093644) -2093648 -2093650 -(2093654--2093656) -2093663 -2093665 -2093668 -(2093670--2093672) -(2093675--2093676) -(2093680--2093683) -(2093686--2093687) -(2093690--2093691) -(2093693--2093697) -2093699 -(2093702--2093704) -(2093706--2093707) -(2093709--2093710) -(2093712--2093714) -(2093719--2093720) -(2093722--2093723) -2093727 -(2093733--2093734) -(2093745--209
[  209.209391] e2fsck: 094684--2094685) -2094687 -2094689 -2094691 -(2094695--2094698) -2094700 -2094703 -2094705 -(2094707--2094708) -(2094710--2094712) -2094715 -2094717 -2094719 -2094721 -2094724 -(2094727--2094728) -(2094730--2094734) -2094736 -(2094739--2094740) -(2094744--2094747) -(2094750--2094752) -2094754 -(2094756--2094757) -(2094760--2094762) -2094764 -2094766 -2094768 -2094770 -(2094773--2094774) -(2094776--2094777) -2094780 -(2094784--2094785) -2094787 -2094789 -2094792 -2094796 -(2094802--2094806) -(209
[  209.209391] e2fsck: 094684--2094685) -2094687 -2094689 -2094691 -(2094695--2094698) -2094700 -2094703 -2094705 -(2094707--2094708) -(2094710--2094712) -2094715 -2094717 -2094719 -2094721 -2094724 -(2094727--2094728) -(2094730--2094734) -2094736 -(2094739--2094740) -(2094744--2094747) -(2094750--2094752) -2094754 -(2094756--2094757) -(2094760--2094762) -2094764 -2094766 -2094768 -2094770 -(2094773--2094774) -(2094776--2094777) -2094780 -(2094784--2094785) -2094787 -2094789 -2094792 -2094796 -(2094802--2094806) -(209
[  210.034407] e2fsck: 819 -(2095825--2095829) -(2095831--2095833) -2095836 -2095840 -2095842 -(2095844--2095846) -(2095849--2095850) -(2095852--2095854) -(2095856--2095857) -(2095859--2095861) -2095864 -2095870 -(2095872--2095873) -(2095875--2095876) -(2095878--2095882) -(2095889--2095890) -(2095892--2095893) -(2095897--2095898) -2095901 -2095904 -2095906 -(2095908--2095909) -(2095911--2095912) -2095915 -(2095919--2095922) -(2095925--2095929) -(2095931--2095932) -2095934 -2095939 -2095941 -(2095943--2095944) -2095947
[  210.034407] e2fsck: 819 -(2095825--2095829) -(2095831--2095833) -2095836 -2095840 -2095842 -(2095844--2095846) -(2095849--2095850) -(2095852--2095854) -(2095856--2095857) -(2095859--2095861) -2095864 -2095870 -(2095872--2095873) -(2095875--2095876) -(2095878--2095882) -(2095889--2095890) -(2095892--2095893) -(2095897--2095898) -2095901 -2095904 -2095906 -(2095908--2095909) -(2095911--2095912) -2095915 -(2095919--2095922) -(2095925--2095929) -(2095931--2095932) -2095934 -2095939 -2095941 -(2095943--2095944) -2095947
[  210.306502] e2fsck:  -(2096952--2096953) -2096959 -(2096961--2096964) -2096968 -(2096971--2096973) -2096975 -2096977 -(2096979--2096981) -(2096983--2096986) -(2096989--2096990) -(2096993--2096995) -(2096997--2096998) -2097002 -(2097005--2097006) -(2097011--2097012) -2097016 -2097020 -(2097024--2097025) -(2097029--2097030) -2097038 -2097040 -(2097042--2097045) -2097047 -(2097051--2097052) -(2097055--2097059) -(2097062--2097063) -(2097066--2097068) -2097072 -(2097075--2097076) -2097078 -(2097080--2097083) -2097085 -(
[  210.306502] e2fsck:  -(2096952--2096953) -2096959 -(2096961--2096964) -2096968 -(2096971--2096973) -2096975 -2096977 -(2096979--2096981) -(2096983--2096986) -(2096989--2096990) -(2096993--2096995) -(2096997--2096998) -2097002 -(2097005--2097006) -(2097011--2097012) -2097016 -2097020 -(2097024--2097025) -(2097029--2097030) -2097038 -2097040 -(2097042--2097045) -2097047 -(2097051--2097052) -(2097055--2097059) -(2097062--2097063) -(2097066--2097068) -2097072 -(2097075--2097076) -2097078 -(2097080--2097083) -2097085 -(
[  210.312805] e2fsck: Fix? yes
[  210.312805] e2fsck: Fix? yes
[  210.337430] e2fsck: 
[  210.337430] e2fsck: 
[  210.415321] e2fsck: Free blocks count wrong for group #33 (16384, counted=32768).
[  210.415321] e2fsck: Free blocks count wrong for group #33 (16384, counted=32768).
[  210.417330] e2fsck: Fix? yes
[  210.417330] e2fsck: Fix? yes
[  210.419792] e2fsck: 
[  210.419792] e2fsck: 
[  210.426603] e2fsck: Free blocks count wrong (2038635, counted=2055019).
[  210.426603] e2fsck: Free blocks count wrong (2038635, counted=2055019).
[  210.430804] e2fsck: Fix? yes
[  210.430804] e2fsck: Fix? yes
[  210.431538] e2fsck: 
[  210.431538] e2fsck: 
[  210.438335] e2fsck: Recreate journal? yes
[  210.438335] e2fsck: Recreate journal? yes
[  210.439630] e2fsck: 
[  210.439630] e2fsck: 
[  212.053015] e2fsck: Creating journal (16384 blocks):  Done.
[  212.053015] e2fsck: Creating journal (16384 blocks):  Done.
[  212.055847] e2fsck: 
[  212.055847] e2fsck: 
[  212.057126] e2fsck: *** journal has been regenerated ***
[  212.057126] e2fsck: *** journal has been regenerated ***
[  212.134263] e2fsck: 
[  212.134263] e2fsck: 
[  212.135372] e2fsck: data: ***** FILE SYSTEM WAS MODIFIED *****
[  212.135372] e2fsck: data: ***** FILE SYSTEM WAS MODIFIED *****
[  212.137183] e2fsck: data: 12/524288 files (0.0% non-contiguous), 58517/2097152 blocks
[  212.137183] e2fsck: data: 12/524288 files (0.0% non-contiguous), 58517/2097152 blocks
[  212.159844] e2fsck: e2fsck terminated by exit(1)
[  212.159844] 
[  212.159844] e2fsck: e2fsck terminated by exit(1)
[  212.159844] 
[  212.175618] init: Unable to set property 'ro.boottime.init.fsck.data' from uid:0 gid:0 pid:158: Read-only property was already set
[  212.175618] init: Unable to set property 'ro.boottime.init.fsck.data' from uid:0 gid:0 pid:158: Read-only property was already set
[  212.274005] EXT4-fs (dm-4): Ignoring removed nomblk_io_submit option
[  212.274005] EXT4-fs (dm-4): Ignoring removed nomblk_io_submit option
[  212.274700] EXT4-fs (dm-4): Using encoding defined by superblock: utf8-12.1.0 with flags 0x0
[  212.274700] EXT4-fs (dm-4): Using encoding defined by superblock: utf8-12.1.0 with flags 0x0
[  212.287572] EXT4-fs (dm-4): mounted filesystem with ordered data mode. Opts: nomblk_io_submit,errors=panic
[  212.287572] EXT4-fs (dm-4): mounted filesystem with ordered data mode. Opts: nomblk_io_submit,errors=panic
[  212.300558] init: Unable to set property 'ro.boottime.init.mount.data' from uid:0 gid:0 pid:158: Read-only property was already set
[  212.300558] init: Unable to set property 'ro.boottime.init.mount.data' from uid:0 gid:0 pid:158: Read-only property was already set
[  212.488414] init: Keyring created with id 95728565 in process 1
[  212.488414] init: Keyring created with id 95728565 in process 1
[  212.507818] init: Command 'mount_all /vendor/etc/fstab.ranchu' action=fs (/vendor/etc/init/hw/init.ranchu.rc:6) took 184268ms and succeeded
[  212.507818] init: Command 'mount_all /vendor/etc/fstab.ranchu' action=fs (/vendor/etc/init/hw/init.ranchu.rc:6) took 184268ms and succeeded
[  212.511431] init: Service 'qemu-props' (pid 156) exited with status 1 oneshot service took 188.042007 seconds in background
[  212.511431] init: Service 'qemu-props' (pid 156) exited with status 1 oneshot service took 188.042007 seconds in background
[  212.514821] init: Sending signal 9 to service 'qemu-props' (pid 156) process group...
[  212.514821] init: Sending signal 9 to service 'qemu-props' (pid 156) process group...
[  212.518791] libprocessgroup: Successfully killed process cgroup uid 0 pid 156 in 1ms
[  212.518791] libprocessgroup: Successfully killed process cgroup uid 0 pid 156 in 1ms
[  212.583943] init: processing action (fs) from (/system/etc/init/logd.rc:28)
[  212.583943] init: processing action (fs) from (/system/etc/init/logd.rc:28)
[  212.599144] init: processing action (fs) from (/system/etc/init/wifi.rc:25)
[  212.599144] init: processing action (fs) from (/system/etc/init/wifi.rc:25)
[  212.610589] init: processing action (post-fs) from (/system/etc/init/hw/init.rc:467)
[  212.610589] init: processing action (post-fs) from (/system/etc/init/hw/init.rc:467)
[  212.619541] init: starting service 'exec 2 (/system/bin/vdc checkpoint markBootAttempt)'...
[  212.619541] init: starting service 'exec 2 (/system/bin/vdc checkpoint markBootAttempt)'...
[  212.639576] init: SVC_EXEC service 'exec 2 (/system/bin/vdc checkpoint markBootAttempt)' pid 196 (uid 1000 gid 1000+0 context default) started; waiting...
[  212.639576] init: SVC_EXEC service 'exec 2 (/system/bin/vdc checkpoint markBootAttempt)' pid 196 (uid 1000 gid 1000+0 context default) started; waiting...
[  212.954765] init: Service 'exec 2 (/system/bin/vdc checkpoint markBootAttempt)' (pid 196) exited with status 0 waiting took 0.325000 seconds
[  212.954765] init: Service 'exec 2 (/system/bin/vdc checkpoint markBootAttempt)' (pid 196) exited with status 0 waiting took 0.325000 seconds
[  212.958232] init: Sending signal 9 to service 'exec 2 (/system/bin/vdc checkpoint markBootAttempt)' (pid 196) process group...
[  212.958232] init: Sending signal 9 to service 'exec 2 (/system/bin/vdc checkpoint markBootAttempt)' (pid 196) process group...
[  212.963468] libprocessgroup: Successfully killed process cgroup uid 1000 pid 196 in 2ms
[  212.963468] libprocessgroup: Successfully killed process cgroup uid 1000 pid 196 in 2ms
[  212.984024] selinux: SELinux:  Could not stat /sys/kernel/debug: No such file or directory.
[  212.984024] selinux: SELinux:  Could not stat /sys/kernel/debug: No such file or directory.
[  212.985035] selinux: 
[  212.985035] selinux: 
[  212.988287] init: Command 'chown system cache /cache' action=post-fs (/system/etc/init/hw/init.rc:479) took 2ms and failed: lchown() failed: Read-only file system
[  212.988287] init: Command 'chown system cache /cache' action=post-fs (/system/etc/init/hw/init.rc:479) took 2ms and failed: lchown() failed: Read-only file system
[  212.991809] init: Command 'chmod 0770 /cache' action=post-fs (/system/etc/init/hw/init.rc:480) took 0ms and failed: fchmodat() failed: Read-only file system
[  212.991809] init: Command 'chmod 0770 /cache' action=post-fs (/system/etc/init/hw/init.rc:480) took 0ms and failed: fchmodat() failed: Read-only file system
[  213.044240] selinux: SELinux:  setxattr failed: /cache:  Read-only file system
[  213.044240] selinux: SELinux:  setxattr failed: /cache:  Read-only file system
[  213.045838] selinux: 
[  213.045838] selinux: 
[  213.047034] init: Command 'restorecon_recursive /cache' action=post-fs (/system/etc/init/hw/init.rc:482) took 51ms and succeeded
[  213.047034] init: Command 'restorecon_recursive /cache' action=post-fs (/system/etc/init/hw/init.rc:482) took 51ms and succeeded
[  213.053613] init: Command 'mkdir /cache/recovery 0770 system cache' action=post-fs (/system/etc/init/hw/init.rc:486) took 4ms and failed: mkdir() failed on /cache/recovery: Read-only file system
[  213.053613] init: Command 'mkdir /cache/recovery 0770 system cache' action=post-fs (/system/etc/init/hw/init.rc:486) took 4ms and failed: mkdir() failed on /cache/recovery: Read-only file system
[  213.062193] init: Command 'mkdir /cache/backup_stage 0700 system system' action=post-fs (/system/etc/init/hw/init.rc:489) took 4ms and failed: mkdir() failed on /cache/backup_stage: Read-only file system
[  213.062193] init: Command 'mkdir /cache/backup_stage 0700 system system' action=post-fs (/system/etc/init/hw/init.rc:489) took 4ms and failed: mkdir() failed on /cache/backup_stage: Read-only file system
[  213.074602] init: Command 'mkdir /cache/backup 0700 system system' action=post-fs (/system/etc/init/hw/init.rc:490) took 9ms and failed: mkdir() failed on /cache/backup: Read-only file system
[  213.074602] init: Command 'mkdir /cache/backup 0700 system system' action=post-fs (/system/etc/init/hw/init.rc:490) took 9ms and failed: mkdir() failed on /cache/backup: Read-only file system
[  213.099723] init: Command 'mkdir /cache/lost+found 0770 root root' action=post-fs (/system/etc/init/hw/init.rc:511) took 3ms and failed: mkdir() failed on /cache/lost+found: Read-only file system
[  213.099723] init: Command 'mkdir /cache/lost+found 0770 root root' action=post-fs (/system/etc/init/hw/init.rc:511) took 3ms and failed: mkdir() failed on /cache/lost+found: Read-only file system
[  213.168156] init: Command 'restorecon_recursive /metadata' action=post-fs (/system/etc/init/hw/init.rc:513) took 64ms and succeeded
[  213.168156] init: Command 'restorecon_recursive /metadata' action=post-fs (/system/etc/init/hw/init.rc:513) took 64ms and succeeded
[  213.246412] init: processing action (post-fs) from (/system/etc/init/atrace_userdebug.rc:7)
[  213.246412] init: processing action (post-fs) from (/system/etc/init/atrace_userdebug.rc:7)
[  213.260062] init: processing action (post-fs) from (/system/etc/init/gsid.rc:8)
[  213.260062] init: processing action (post-fs) from (/system/etc/init/gsid.rc:8)
[  213.287382] init: processing action (post-fs) from (/system/etc/init/recovery-refresh.rc:1)
[  213.287382] init: processing action (post-fs) from (/system/etc/init/recovery-refresh.rc:1)
[  213.295099] init: starting service 'exec 3 (/system/bin/recovery-refresh)'...
[  213.295099] init: starting service 'exec 3 (/system/bin/recovery-refresh)'...
[  213.311673] init: processing action (late-fs) from (/system/etc/init/hw/init.rc:531)
[  213.311673] init: processing action (late-fs) from (/system/etc/init/hw/init.rc:531)
[  213.330877] init: starting service 'system_suspend'...
[  213.330877] init: starting service 'system_suspend'...
[  213.429040] init: starting service 'vendor.atrace-hal-1-0'...
[  213.429040] init: starting service 'vendor.atrace-hal-1-0'...
[  213.542377] init: Command 'class_start early_hal' action=late-fs (/system/etc/init/hw/init.rc:538) took 222ms and succeeded
[  213.542377] init: Command 'class_start early_hal' action=late-fs (/system/etc/init/hw/init.rc:538) took 222ms and succeeded
[  213.544119] init: processing action (late-fs) from (/vendor/etc/init/hw/init.ranchu.rc:8)
[  213.544119] init: processing action (late-fs) from (/vendor/etc/init/hw/init.ranchu.rc:8)
[  213.891388] init: Unable to set property 'ro.crypto.state' from uid:0 gid:0 pid:1: Read-only property was already set
[  213.891388] init: Unable to set property 'ro.crypto.state' from uid:0 gid:0 pid:1: Read-only property was already set
[  213.896055] init: Command 'mount_all /vendor/etc/fstab.ranchu --late' action=late-fs (/vendor/etc/init/hw/init.ranchu.rc:10) took 345ms and succeeded
[  213.896055] init: Command 'mount_all /vendor/etc/fstab.ranchu --late' action=late-fs (/vendor/etc/init/hw/init.ranchu.rc:10) took 345ms and succeeded
[  213.918732] init: processing action (post-fs-data) from (/system/etc/init/hw/init.rc:540)
[  213.918732] init: processing action (post-fs-data) from (/system/etc/init/hw/init.rc:540)
[  213.935912] init: starting service 'exec 4 (/system/bin/vdc checkpoint prepareCheckpoint)'...
[  213.935912] init: starting service 'exec 4 (/system/bin/vdc checkpoint prepareCheckpoint)'...
[  213.994335] init: SVC_EXEC service 'exec 4 (/system/bin/vdc checkpoint prepareCheckpoint)' pid 200 (uid 1000 gid 1000+0 context default) started; waiting...
[  213.994335] init: SVC_EXEC service 'exec 4 (/system/bin/vdc checkpoint prepareCheckpoint)' pid 200 (uid 1000 gid 1000+0 context default) started; waiting...
[  213.996471] init: Command 'exec - system system -- /system/bin/vdc checkpoint prepareCheckpoint' action=post-fs-data (/system/etc/init/hw/init.rc:544) took 76ms and succeeded
[  213.996471] init: Command 'exec - system system -- /system/bin/vdc checkpoint prepareCheckpoint' action=post-fs-data (/system/etc/init/hw/init.rc:544) took 76ms and succeeded
[  214.060122] init: Service 'exec 3 (/system/bin/recovery-refresh)' (pid 197) exited with status 254 oneshot service took 0.758000 seconds in background
[  214.060122] init: Service 'exec 3 (/system/bin/recovery-refresh)' (pid 197) exited with status 254 oneshot service took 0.758000 seconds in background
[  214.063058] init: Sending signal 9 to service 'exec 3 (/system/bin/recovery-refresh)' (pid 197) process group...
[  214.063058] init: Sending signal 9 to service 'exec 3 (/system/bin/recovery-refresh)' (pid 197) process group...
[  214.070510] libprocessgroup: Successfully killed process cgroup uid 1000 pid 197 in 5ms
[  214.070510] libprocessgroup: Successfully killed process cgroup uid 1000 pid 197 in 5ms
[  214.727133] init: Service 'exec 4 (/system/bin/vdc checkpoint prepareCheckpoint)' (pid 200) exited with status 0 waiting took 0.757000 seconds
[  214.727133] init: Service 'exec 4 (/system/bin/vdc checkpoint prepareCheckpoint)' (pid 200) exited with status 0 waiting took 0.757000 seconds
[  214.731611] init: Sending signal 9 to service 'exec 4 (/system/bin/vdc checkpoint prepareCheckpoint)' (pid 200) process group...
[  214.731611] init: Sending signal 9 to service 'exec 4 (/system/bin/vdc checkpoint prepareCheckpoint)' (pid 200) process group...
[  214.735476] libprocessgroup: Successfully killed process cgroup uid 1000 pid 200 in 1ms
[  214.735476] libprocessgroup: Successfully killed process cgroup uid 1000 pid 200 in 1ms
[  214.800670] init: starting service 'exec 5 (/system/bin/vdc --wait cryptfs enablefilecrypto)'...
[  214.800670] init: starting service 'exec 5 (/system/bin/vdc --wait cryptfs enablefilecrypto)'...
[  214.817767] init: SVC_EXEC service 'exec 5 (/system/bin/vdc --wait cryptfs enablefilecrypto)' pid 203 (uid 0 gid 0+0 context default) started; waiting...
[  214.817767] init: SVC_EXEC service 'exec 5 (/system/bin/vdc --wait cryptfs enablefilecrypto)' pid 203 (uid 0 gid 0+0 context default) started; waiting...
[  215.308482] init: Service 'exec 5 (/system/bin/vdc --wait cryptfs enablefilecrypto)' (pid 203) exited with status 0 waiting took 0.499000 seconds
[  215.308482] init: Service 'exec 5 (/system/bin/vdc --wait cryptfs enablefilecrypto)' (pid 203) exited with status 0 waiting took 0.499000 seconds
[  215.312013] init: Sending signal 9 to service 'exec 5 (/system/bin/vdc --wait cryptfs enablefilecrypto)' (pid 203) process group...
[  215.312013] init: Sending signal 9 to service 'exec 5 (/system/bin/vdc --wait cryptfs enablefilecrypto)' (pid 203) process group...
[  215.322756] libprocessgroup: Successfully killed process cgroup uid 0 pid 203 in 2ms
[  215.322756] libprocessgroup: Successfully killed process cgroup uid 0 pid 203 in 2ms
[  215.351131] init: Encryption policy of /data/bootchart set to 0cfe0444b0e9001267a4057ce3ee0709 v2 modes 1/4 flags 0x2
[  215.351131] init: Encryption policy of /data/bootchart set to 0cfe0444b0e9001267a4057ce3ee0709 v2 modes 1/4 flags 0x2
[  215.357656] fscrypt: AES-256-CTS-CBC using implementation "cts-cbc-aes-ce"
[  215.357656] fscrypt: AES-256-CTS-CBC using implementation "cts-cbc-aes-ce"
[  215.367364] init: Switched to default mount namespace
[  215.367364] init: Switched to default mount namespace
[  215.370545] init: Not setting encryption policy on: /data/apex
[  215.370545] init: Not setting encryption policy on: /data/apex
[  215.406855] init: Not setting encryption policy on: /data/app-staging
[  215.406855] init: Not setting encryption policy on: /data/app-staging
[  215.419953] init: starting service 'apexd'...
[  215.419953] init: starting service 'apexd'...
[  215.472483] init: Command 'start apexd' action=post-fs-data (/system/etc/init/hw/init.rc:570) took 55ms and succeeded
[  215.472483] init: Command 'start apexd' action=post-fs-data (/system/etc/init/hw/init.rc:570) took 55ms and succeeded
[  215.478507] init: Command 'copy /data/system/entropy.dat /dev/urandom' action=post-fs-data (/system/etc/init/hw/init.rc:573) took 1ms and failed: Could not read input file '/data/system/entropy.dat': open() failed: No such file or directory
[  215.478507] init: Command 'copy /data/system/entropy.dat /dev/urandom' action=post-fs-data (/system/etc/init/hw/init.rc:573) took 1ms and failed: Could not read input file '/data/system/entropy.dat': open() failed: No such file or directory
[  215.526772] init: Encryption policy of /data/misc set to 0cfe0444b0e9001267a4057ce3ee0709 v2 modes 1/4 flags 0x2
[  215.526772] init: Encryption policy of /data/misc set to 0cfe0444b0e9001267a4057ce3ee0709 v2 modes 1/4 flags 0x2
[  215.555149] init: Command 'copy /data/misc/recovery/ro.build.fingerprint /data/misc/recovery/ro.build.fingerprint.1' action=post-fs-data (/system/etc/init/hw/init.rc:578) took 6ms and failed: Could not read input file '/data/misc/recovery/ro.build.fingerprint': open() failed: No such file or directory
[  215.555149] init: Command 'copy /data/misc/recovery/ro.build.fingerprint /data/misc/recovery/ro.build.fingerprint.1' action=post-fs-data (/system/etc/init/hw/init.rc:578) took 6ms and failed: Could not read input file '/data/misc/recovery/ro.build.fingerprint': open() failed: No such file or directory
[  215.575677] fscrypt: AES-256-XTS using implementation "xts-aes-ce"
[  215.575677] fscrypt: AES-256-XTS using implementation "xts-aes-ce"
[  215.602252] init: Command 'copy /data/misc/recovery/proc/version /data/misc/recovery/proc/version.1' action=post-fs-data (/system/etc/init/hw/init.rc:585) took 4ms and failed: Could not read input file '/data/misc/recovery/proc/version': open() failed: No such file or directory
[  215.602252] init: Command 'copy /data/misc/recovery/proc/version /data/misc/recovery/proc/version.1' action=post-fs-data (/system/etc/init/hw/init.rc:585) took 4ms and failed: Could not read input file '/data/misc/recovery/proc/version': open() failed: No such file or directory
[  216.021135] init: Encryption policy of /data/local set to 0cfe0444b0e9001267a4057ce3ee0709 v2 modes 1/4 flags 0x2
[  216.021135] init: Encryption policy of /data/local set to 0cfe0444b0e9001267a4057ce3ee0709 v2 modes 1/4 flags 0x2
[  216.135508] apexd: Scanning /system/apex for preinstalled data
[  216.135508] apexd: Scanning /system/apex for preinstalled data
[  216.303042] init: Not setting encryption policy on: /data/preloads
[  216.303042] init: Not setting encryption policy on: /data/preloads
[  216.343116] init: Encryption policy of /data/vendor set to 0cfe0444b0e9001267a4057ce3ee0709 v2 modes 1/4 flags 0x2
[  216.343116] init: Encryption policy of /data/vendor set to 0cfe0444b0e9001267a4057ce3ee0709 v2 modes 1/4 flags 0x2
[  216.345402] init: Not setting encryption policy on: /data/vendor_ce
[  216.345402] init: Not setting encryption policy on: /data/vendor_ce
[  216.364211] init: Not setting encryption policy on: /data/vendor_de
[  216.364211] init: Not setting encryption policy on: /data/vendor_de
[  216.419908] init: Not setting encryption policy on: /data/data
[  216.419908] init: Not setting encryption policy on: /data/data
[  216.451711] apexd: Scanning /system_ext/apex for preinstalled data
[  216.451711] apexd: Scanning /system_ext/apex for preinstalled data
[  216.452913] apexd: ... does not exist. Skipping
[  216.452913] apexd: ... does not exist. Skipping
[  216.453619] apexd: Scanning /product/apex for preinstalled data
[  216.453619] apexd: Scanning /product/apex for preinstalled data
[  216.458489] init: Encryption policy of /data/app-private set to 0cfe0444b0e9001267a4057ce3ee0709 v2 modes 1/4 flags 0x2
[  216.458489] init: Encryption policy of /data/app-private set to 0cfe0444b0e9001267a4057ce3ee0709 v2 modes 1/4 flags 0x2
[  216.463795] apexd: ... does not exist. Skipping
[  216.463795] apexd: ... does not exist. Skipping
[  216.465128] apexd: Scanning /vendor/apex for preinstalled data
[  216.465128] apexd: Scanning /vendor/apex for preinstalled data
[  216.466786] apexd: ... does not exist. Skipping
[  216.466786] apexd: ... does not exist. Skipping
[  216.467723] apexd: Populating APEX database from mounts...
[  216.467723] apexd: Populating APEX database from mounts...
[  216.485163] init: Encryption policy of /data/app-ephemeral set to 0cfe0444b0e9001267a4057ce3ee0709 v2 modes 1/4 flags 0x2
[  216.485163] init: Encryption policy of /data/app-ephemeral set to 0cfe0444b0e9001267a4057ce3ee0709 v2 modes 1/4 flags 0x2
[  216.488346] apexd: 0 packages restored.
[  216.488346] apexd: 0 packages restored.
[  216.510006] init: Encryption policy of /data/app-asec set to 0cfe0444b0e9001267a4057ce3ee0709 v2 modes 1/4 flags 0x2
[  216.510006] init: Encryption policy of /data/app-asec set to 0cfe0444b0e9001267a4057ce3ee0709 v2 modes 1/4 flags 0x2
[  216.528065] init: Encryption policy of /data/app-lib set to 0cfe0444b0e9001267a4057ce3ee0709 v2 modes 1/4 flags 0x2
[  216.528065] init: Encryption policy of /data/app-lib set to 0cfe0444b0e9001267a4057ce3ee0709 v2 modes 1/4 flags 0x2
[  216.531707] apexd: Marking APEXd as starting
[  216.531707] apexd: Marking APEXd as starting
[  216.543019] apexd: Scanning /metadata/apex/sessions looking for sessions to be activated.
[  216.543019] apexd: Scanning /metadata/apex/sessions looking for sessions to be activated.
[  216.555658] apexd: Scanning /data/apex/active looking for APEX packages.
[  216.555658] apexd: Scanning /data/apex/active looking for APEX packages.
[  216.563281] apexd: Activated 0 packages. Skipped: 0
[  216.563281] apexd: Activated 0 packages. Skipped: 0
[  216.565022] apexd: Scanning /system/apex looking for APEX packages.
[  216.565022] apexd: Scanning /system/apex looking for APEX packages.
[  216.567067] init: Encryption policy of /data/app set to 0cfe0444b0e9001267a4057ce3ee0709 v2 modes 1/4 flags 0x2
[  216.567067] init: Encryption policy of /data/app set to 0cfe0444b0e9001267a4057ce3ee0709 v2 modes 1/4 flags 0x2
[  216.581626] apexd: Found /system/apex/com.google.android.cellbroadcast.apex
[  216.581626] apexd: Found /system/apex/com.google.android.cellbroadcast.apex
[  216.592880] init: Encryption policy of /data/property set to 0cfe0444b0e9001267a4057ce3ee0709 v2 modes 1/4 flags 0x2
[  216.592880] init: Encryption policy of /data/property set to 0cfe0444b0e9001267a4057ce3ee0709 v2 modes 1/4 flags 0x2
[  216.600328] apexd: Found /system/apex/com.google.android.extservices.apex
[  216.600328] apexd: Found /system/apex/com.google.android.extservices.apex
[  216.617314] apexd: Found /system/apex/com.google.android.ipsec.apex
[  216.617314] apexd: Found /system/apex/com.google.android.ipsec.apex
[  216.620154] init: Encryption policy of /data/tombstones set to 0cfe0444b0e9001267a4057ce3ee0709 v2 modes 1/4 flags 0x2
[  216.620154] init: Encryption policy of /data/tombstones set to 0cfe0444b0e9001267a4057ce3ee0709 v2 modes 1/4 flags 0x2
[  216.628583] apexd: Found /system/apex/com.google.android.tethering.apex
[  216.628583] apexd: Found /system/apex/com.google.android.tethering.apex
[  216.648031] apexd: Found /system/apex/com.google.android.mediaprovider.apex
[  216.648031] apexd: Found /system/apex/com.google.android.mediaprovider.apex
[  216.659913] apexd: Found /system/apex/com.google.android.telephony.apex
[  216.659913] apexd: Found /system/apex/com.google.android.telephony.apex
[  216.693460] init: Encryption policy of /data/dalvik-cache set to 0cfe0444b0e9001267a4057ce3ee0709 v2 modes 1/4 flags 0x2
[  216.693460] init: Encryption policy of /data/dalvik-cache set to 0cfe0444b0e9001267a4057ce3ee0709 v2 modes 1/4 flags 0x2
[  216.702653] apexd: Found /system/apex/com.android.vndk.current.apex
[  216.702653] apexd: Found /system/apex/com.android.vndk.current.apex
[  216.722453] apexd: Found /system/apex/com.android.i18n.apex
[  216.722453] apexd: Found /system/apex/com.android.i18n.apex
[  216.732097] init: Encryption policy of /data/ota set to 0cfe0444b0e9001267a4057ce3ee0709 v2 modes 1/4 flags 0x2
[  216.732097] init: Encryption policy of /data/ota set to 0cfe0444b0e9001267a4057ce3ee0709 v2 modes 1/4 flags 0x2
[  216.748637] apexd: Found /system/apex/com.google.android.permission.apex
[  216.748637] apexd: Found /system/apex/com.google.android.permission.apex
[  216.768359] init: Encryption policy of /data/ota_package set to 0cfe0444b0e9001267a4057ce3ee0709 v2 modes 1/4 flags 0x2
[  216.768359] init: Encryption policy of /data/ota_package set to 0cfe0444b0e9001267a4057ce3ee0709 v2 modes 1/4 flags 0x2
[  216.772171] apexd: Found /system/apex/com.google.android.tzdata2.apex
[  216.772171] apexd: Found /system/apex/com.google.android.tzdata2.apex
[  216.794681] apexd: Found /system/apex/com.google.android.neuralnetworks.apex
[  216.794681] apexd: Found /system/apex/com.google.android.neuralnetworks.apex
[  216.809019] init: Encryption policy of /data/resource-cache set to 0cfe0444b0e9001267a4057ce3ee0709 v2 modes 1/4 flags 0x2
[  216.809019] init: Encryption policy of /data/resource-cache set to 0cfe0444b0e9001267a4057ce3ee0709 v2 modes 1/4 flags 0x2
[  216.812910] apexd: Found /system/apex/com.google.android.resolv.apex
[  216.812910] apexd: Found /system/apex/com.google.android.resolv.apex
[  216.823732] init: Not setting encryption policy on: /data/lost+found
[  216.823732] init: Not setting encryption policy on: /data/lost+found
[  216.830407] apexd: Found /system/apex/com.google.android.sdkext.apex
[  216.830407] apexd: Found /system/apex/com.google.android.sdkext.apex
[  216.840916] apexd: Found /system/apex/com.google.android.os.statsd.apex
[  216.840916] apexd: Found /system/apex/com.google.android.os.statsd.apex
[  216.844836] init: Encryption policy of /data/drm set to 0cfe0444b0e9001267a4057ce3ee0709 v2 modes 1/4 flags 0x2
[  216.844836] init: Encryption policy of /data/drm set to 0cfe0444b0e9001267a4057ce3ee0709 v2 modes 1/4 flags 0x2
[  216.857419] apexd: Found /system/apex/com.google.android.adbd.apex
[  216.857419] apexd: Found /system/apex/com.google.android.adbd.apex
[  216.869912] init: Encryption policy of /data/mediadrm set to 0cfe0444b0e9001267a4057ce3ee0709 v2 modes 1/4 flags 0x2
[  216.869912] init: Encryption policy of /data/mediadrm set to 0cfe0444b0e9001267a4057ce3ee0709 v2 modes 1/4 flags 0x2
[  216.874597] apexd: Found /system/apex/com.android.apex.cts.shim.apex
[  216.874597] apexd: Found /system/apex/com.android.apex.cts.shim.apex
[  216.884683] apexd: Found /system/apex/com.google.android.wifi.apex
[  216.884683] apexd: Found /system/apex/com.google.android.wifi.apex
[  216.895649] init: Encryption policy of /data/anr set to 0cfe0444b0e9001267a4057ce3ee0709 v2 modes 1/4 flags 0x2
[  216.895649] init: Encryption policy of /data/anr set to 0cfe0444b0e9001267a4057ce3ee0709 v2 modes 1/4 flags 0x2
[  216.900052] apexd: Found /system/apex/com.android.runtime.apex
[  216.900052] apexd: Found /system/apex/com.android.runtime.apex
[  216.917672] apexd: Found /system/apex/com.google.android.media.swcodec.apex
[  216.917672] apexd: Found /system/apex/com.google.android.media.swcodec.apex
[  216.922088] init: Encryption policy of /data/nfc set to 0cfe0444b0e9001267a4057ce3ee0709 v2 modes 1/4 flags 0x2
[  216.922088] init: Encryption policy of /data/nfc set to 0cfe0444b0e9001267a4057ce3ee0709 v2 modes 1/4 flags 0x2
[  216.928989] apexd: Found /system/apex/com.android.art.debug.apex
[  216.928989] apexd: Found /system/apex/com.android.art.debug.apex
[  216.948123] apexd: Found /system/apex/com.google.android.media.apex
[  216.948123] apexd: Found /system/apex/com.google.android.media.apex
[  216.959598] init: Encryption policy of /data/backup set to 0cfe0444b0e9001267a4057ce3ee0709 v2 modes 1/4 flags 0x2
[  216.959598] init: Encryption policy of /data/backup set to 0cfe0444b0e9001267a4057ce3ee0709 v2 modes 1/4 flags 0x2
[  216.964147] apexd: Found /system/apex/com.google.android.conscrypt.apex
[  216.964147] apexd: Found /system/apex/com.google.android.conscrypt.apex
[  216.988666] init: Encryption policy of /data/ss set to 0cfe0444b0e9001267a4057ce3ee0709 v2 modes 1/4 flags 0x2
[  216.988666] init: Encryption policy of /data/ss set to 0cfe0444b0e9001267a4057ce3ee0709 v2 modes 1/4 flags 0x2
[  217.044052] init: Encryption policy of /data/system set to 0cfe0444b0e9001267a4057ce3ee0709 v2 modes 1/4 flags 0x2
[  217.044052] init: Encryption policy of /data/system set to 0cfe0444b0e9001267a4057ce3ee0709 v2 modes 1/4 flags 0x2
[  217.071832] EXT4-fs (loop6): mounted filesystem without journal. Opts: (null)
[  217.071832] EXT4-fs (loop6): mounted filesystem without journal. Opts: (null)
[  217.074028] apexd: Successfully mounted package /system/apex/com.google.android.cellbroadcast.apex on /apex/com.android.cellbroadcast@300900720
[  217.074028] apexd: Successfully mounted package /system/apex/com.google.android.cellbroadcast.apex on /apex/com.android.cellbroadcast@300900720
[  217.116676] init: Not setting encryption policy on: /data/system_de
[  217.116676] init: Not setting encryption policy on: /data/system_de
[  217.153533] init: Not setting encryption policy on: /data/system_ce
[  217.153533] init: Not setting encryption policy on: /data/system_ce
[  217.167165] init: Not setting encryption policy on: /data/misc_de
[  217.167165] init: Not setting encryption policy on: /data/misc_de
[  217.210501] init: Not setting encryption policy on: /data/misc_ce
[  217.210501] init: Not setting encryption policy on: /data/misc_ce
[  217.223728] EXT4-fs (loop7): mounted filesystem without journal. Opts: (null)
[  217.223728] EXT4-fs (loop7): mounted filesystem without journal. Opts: (null)
[  217.225151] apexd: Successfully mounted package /system/apex/com.google.android.extservices.apex on /apex/com.android.extservices@300900700
[  217.225151] apexd: Successfully mounted package /system/apex/com.google.android.extservices.apex on /apex/com.android.extservices@300900700
[  217.238926] init: Not setting encryption policy on: /data/user
[  217.238926] init: Not setting encryption policy on: /data/user
[  217.270236] init: Not setting encryption policy on: /data/user_de
[  217.270236] init: Not setting encryption policy on: /data/user_de
[  217.307195] init: Command 'mkdir /data/user_de 0711 system system encryption=None' action=post-fs-data (/system/etc/init/hw/init.rc:715) took 51ms and succeeded
[  217.307195] init: Command 'mkdir /data/user_de 0711 system system encryption=None' action=post-fs-data (/system/etc/init/hw/init.rc:715) took 51ms and succeeded
[  217.323810] init: Command 'rm /data/user/0' action=post-fs-data (/system/etc/init/hw/init.rc:718) took 13ms and failed: unlink() failed: No such file or directory
[  217.323810] init: Command 'rm /data/user/0' action=post-fs-data (/system/etc/init/hw/init.rc:718) took 13ms and failed: unlink() failed: No such file or directory
[  217.336212] EXT4-fs (loop8): mounted filesystem without journal. Opts: (null)
[  217.336212] EXT4-fs (loop8): mounted filesystem without journal. Opts: (null)
[  217.338460] apexd: Successfully mounted package /system/apex/com.google.android.ipsec.apex on /apex/com.android.ipsec@300900700
[  217.338460] apexd: Successfully mounted package /system/apex/com.google.android.ipsec.apex on /apex/com.android.ipsec@300900700
[  217.450222] EXT4-fs (loop9): mounted filesystem without journal. Opts: (null)
[  217.450222] EXT4-fs (loop9): mounted filesystem without journal. Opts: (null)
[  217.451688] apexd: Successfully mounted package /system/apex/com.google.android.tethering.apex on /apex/com.android.tethering@300900700
[  217.451688] apexd: Successfully mounted package /system/apex/com.google.android.tethering.apex on /apex/com.android.tethering@300900700
[  217.559498] EXT4-fs (loop10): mounted filesystem without journal. Opts: (null)
[  217.559498] EXT4-fs (loop10): mounted filesystem without journal. Opts: (null)
[  217.561343] apexd: Successfully mounted package /system/apex/com.google.android.mediaprovider.apex on /apex/com.android.mediaprovider@300900719
[  217.561343] apexd: Successfully mounted package /system/apex/com.google.android.mediaprovider.apex on /apex/com.android.mediaprovider@300900719
[  217.663542] EXT4-fs (loop11): mounted filesystem without journal. Opts: (null)
[  217.663542] EXT4-fs (loop11): mounted filesystem without journal. Opts: (null)
[  217.664996] apexd: Successfully mounted package /system/apex/com.google.android.telephony.apex on /apex/com.android.telephony@1
[  217.664996] apexd: Successfully mounted package /system/apex/com.google.android.telephony.apex on /apex/com.android.telephony@1
[  217.703893] init: Command 'mount tmpfs tmpfs /data_mirror nodev noexec nosuid mode=0700,uid=0,gid=1000' action=post-fs-data (/system/etc/init/hw/init.rc:726) took 283ms and succeeded
[  217.703893] init: Command 'mount tmpfs tmpfs /data_mirror nodev noexec nosuid mode=0700,uid=0,gid=1000' action=post-fs-data (/system/etc/init/hw/init.rc:726) took 283ms and succeeded
[  217.755564] EXT4-fs (loop12): mounted filesystem without journal. Opts: (null)
[  217.755564] EXT4-fs (loop12): mounted filesystem without journal. Opts: (null)
[  217.757035] apexd: Successfully mounted package /system/apex/com.android.vndk.current.apex on /apex/com.android.vndk.v30@1
[  217.757035] apexd: Successfully mounted package /system/apex/com.android.vndk.current.apex on /apex/com.android.vndk.v30@1
[  217.876244] EXT4-fs (loop13): mounted filesystem without journal. Opts: (null)
[  217.876244] EXT4-fs (loop13): mounted filesystem without journal. Opts: (null)
[  217.877630] apexd: Successfully mounted package /system/apex/com.android.i18n.apex on /apex/com.android.i18n@1
[  217.877630] apexd: Successfully mounted package /system/apex/com.android.i18n.apex on /apex/com.android.i18n@1
[  217.982254] EXT4-fs (loop14): mounted filesystem without journal. Opts: (null)
[  217.982254] EXT4-fs (loop14): mounted filesystem without journal. Opts: (null)
[  217.984252] apexd: Successfully mounted package /system/apex/com.google.android.permission.apex on /apex/com.android.permission@300900706
[  217.984252] apexd: Successfully mounted package /system/apex/com.google.android.permission.apex on /apex/com.android.permission@300900706
[  218.005538] init: Encryption policy of /data/cache set to 0cfe0444b0e9001267a4057ce3ee0709 v2 modes 1/4 flags 0x2
[  218.005538] init: Encryption policy of /data/cache set to 0cfe0444b0e9001267a4057ce3ee0709 v2 modes 1/4 flags 0x2
[  218.095366] EXT4-fs (loop15): mounted filesystem without journal. Opts: (null)
[  218.095366] EXT4-fs (loop15): mounted filesystem without journal. Opts: (null)
[  218.096754] apexd: Successfully mounted package /system/apex/com.google.android.tzdata2.apex on /apex/com.android.tzdata@300900700
[  218.096754] apexd: Successfully mounted package /system/apex/com.google.android.tzdata2.apex on /apex/com.android.tzdata@300900700
[  218.120229] init: Encryption policy of /data/rollback set to 0cfe0444b0e9001267a4057ce3ee0709 v2 modes 1/4 flags 0x2
[  218.120229] init: Encryption policy of /data/rollback set to 0cfe0444b0e9001267a4057ce3ee0709 v2 modes 1/4 flags 0x2
[  218.136012] init: Command 'mkdir /data/rollback 0700 system system encryption=DeleteIfNecessary' action=post-fs-data (/system/etc/init/hw/init.rc:749) took 57ms and succeeded
[  218.136012] init: Command 'mkdir /data/rollback 0700 system system encryption=DeleteIfNecessary' action=post-fs-data (/system/etc/init/hw/init.rc:749) took 57ms and succeeded
[  218.202870] init: Encryption policy of /data/rollback-observer set to 0cfe0444b0e9001267a4057ce3ee0709 v2 modes 1/4 flags 0x2
[  218.202870] init: Encryption policy of /data/rollback-observer set to 0cfe0444b0e9001267a4057ce3ee0709 v2 modes 1/4 flags 0x2
[  218.216494] init: Command 'mkdir /data/rollback-observer 0700 system system encryption=DeleteIfNecessary' action=post-fs-data (/system/etc/init/hw/init.rc:750) took 65ms and succeeded
[  218.216494] init: Command 'mkdir /data/rollback-observer 0700 system system encryption=DeleteIfNecessary' action=post-fs-data (/system/etc/init/hw/init.rc:750) took 65ms and succeeded
[  218.227127] EXT4-fs (loop16): mounted filesystem without journal. Opts: (null)
[  218.227127] EXT4-fs (loop16): mounted filesystem without journal. Opts: (null)
[  218.228454] apexd: Successfully mounted package /system/apex/com.google.android.neuralnetworks.apex on /apex/com.android.neuralnetworks@300900700
[  218.228454] apexd: Successfully mounted package /system/apex/com.google.android.neuralnetworks.apex on /apex/com.android.neuralnetworks@300900700
[  218.267679] init: Encryption policy of /data/incremental set to 0cfe0444b0e9001267a4057ce3ee0709 v2 modes 1/4 flags 0x2
[  218.267679] init: Encryption policy of /data/incremental set to 0cfe0444b0e9001267a4057ce3ee0709 v2 modes 1/4 flags 0x2
[  218.286114] init: Command 'mkdir /data/incremental 0771 system system encryption=Require' action=post-fs-data (/system/etc/init/hw/init.rc:753) took 54ms and succeeded
[  218.286114] init: Command 'mkdir /data/incremental 0771 system system encryption=Require' action=post-fs-data (/system/etc/init/hw/init.rc:753) took 54ms and succeeded
[  218.382117] EXT4-fs (loop17): mounted filesystem without journal. Opts: (null)
[  218.382117] EXT4-fs (loop17): mounted filesystem without journal. Opts: (null)
[  218.384403] apexd: Successfully mounted package /system/apex/com.google.android.resolv.apex on /apex/com.android.resolv@300900700
[  218.384403] apexd: Successfully mounted package /system/apex/com.google.android.resolv.apex on /apex/com.android.resolv@300900700
[  218.510436] EXT4-fs (loop18): mounted filesystem without journal. Opts: (null)
[  218.510436] EXT4-fs (loop18): mounted filesystem without journal. Opts: (null)
[  218.512936] apexd: Successfully mounted package /system/apex/com.google.android.sdkext.apex on /apex/com.android.sdkext@300900700
[  218.512936] apexd: Successfully mounted package /system/apex/com.google.android.sdkext.apex on /apex/com.android.sdkext@300900700
[  218.620020] EXT4-fs (loop19): mounted filesystem without journal. Opts: (null)
[  218.620020] EXT4-fs (loop19): mounted filesystem without journal. Opts: (null)
[  218.622820] apexd: Successfully mounted package /system/apex/com.google.android.os.statsd.apex on /apex/com.android.os.statsd@300900700
[  218.622820] apexd: Successfully mounted package /system/apex/com.google.android.os.statsd.apex on /apex/com.android.os.statsd@300900700
[  218.719646] EXT4-fs (loop20): mounted filesystem without journal. Opts: (null)
[  218.719646] EXT4-fs (loop20): mounted filesystem without journal. Opts: (null)
[  218.722362] apexd: Successfully mounted package /system/apex/com.google.android.adbd.apex on /apex/com.android.adbd@300900700
[  218.722362] apexd: Successfully mounted package /system/apex/com.google.android.adbd.apex on /apex/com.android.adbd@300900700
[  218.818373] EXT4-fs (loop21): mounted filesystem without journal. Opts: (null)
[  218.818373] EXT4-fs (loop21): mounted filesystem without journal. Opts: (null)
[  218.819924] apexd: Successfully mounted package /system/apex/com.android.apex.cts.shim.apex on /apex/com.android.apex.cts.shim@1
[  218.819924] apexd: Successfully mounted package /system/apex/com.android.apex.cts.shim.apex on /apex/com.android.apex.cts.shim@1
[  218.958266] EXT4-fs (loop22): mounted filesystem without journal. Opts: (null)
[  218.958266] EXT4-fs (loop22): mounted filesystem without journal. Opts: (null)
[  218.962939] apexd: Successfully mounted package /system/apex/com.google.android.wifi.apex on /apex/com.android.wifi@300900711
[  218.962939] apexd: Successfully mounted package /system/apex/com.google.android.wifi.apex on /apex/com.android.wifi@300900711
[  219.065284] EXT4-fs (loop23): mounted filesystem without journal. Opts: (null)
[  219.065284] EXT4-fs (loop23): mounted filesystem without journal. Opts: (null)
[  219.069279] apexd: Successfully mounted package /system/apex/com.android.runtime.apex on /apex/com.android.runtime@1
[  219.069279] apexd: Successfully mounted package /system/apex/com.android.runtime.apex on /apex/com.android.runtime@1
[  219.164266] EXT4-fs (loop24): mounted filesystem without journal. Opts: (null)
[  219.164266] EXT4-fs (loop24): mounted filesystem without journal. Opts: (null)
[  219.170993] apexd: Successfully mounted package /system/apex/com.google.android.media.swcodec.apex on /apex/com.android.media.swcodec@300900714
[  219.170993] apexd: Successfully mounted package /system/apex/com.google.android.media.swcodec.apex on /apex/com.android.media.swcodec@300900714
[  219.280783] EXT4-fs (loop25): mounted filesystem without journal. Opts: (null)
[  219.280783] EXT4-fs (loop25): mounted filesystem without journal. Opts: (null)
[  219.284116] apexd: Successfully mounted package /system/apex/com.android.art.debug.apex on /apex/com.android.art@1
[  219.284116] apexd: Successfully mounted package /system/apex/com.android.art.debug.apex on /apex/com.android.art@1
[  219.366526] EXT4-fs (loop26): mounted filesystem without journal. Opts: (null)
[  219.366526] EXT4-fs (loop26): mounted filesystem without journal. Opts: (null)
[  219.368332] apexd: Successfully mounted package /system/apex/com.google.android.media.apex on /apex/com.android.media@300900700
[  219.368332] apexd: Successfully mounted package /system/apex/com.google.android.media.apex on /apex/com.android.media@300900700
[  219.461349] EXT4-fs (loop27): mounted filesystem without journal. Opts: (null)
[  219.461349] EXT4-fs (loop27): mounted filesystem without journal. Opts: (null)
[  219.462814] apexd: Successfully mounted package /system/apex/com.google.android.conscrypt.apex on /apex/com.android.conscrypt@300900703
[  219.462814] apexd: Successfully mounted package /system/apex/com.google.android.conscrypt.apex on /apex/com.android.conscrypt@300900703
[  219.472378] apexd: Activated 22 packages. Skipped: 0
[  219.472378] apexd: Activated 22 packages. Skipped: 0
[  219.474497] apexd: Scanning /system_ext/apex looking for APEX packages.
[  219.474497] apexd: Scanning /system_ext/apex looking for APEX packages.
[  219.475851] apexd: ... does not exist. Skipping
[  219.475851] apexd: ... does not exist. Skipping
[  219.748778] apexd: Activated 0 packages. Skipped: 0
[  219.748778] apexd: Activated 0 packages. Skipped: 0
[  219.750660] apexd: Scanning /product/apex looking for APEX packages.
[  219.750660] apexd: Scanning /product/apex looking for APEX packages.
[  219.752105] apexd: ... does not exist. Skipping
[  219.752105] apexd: ... does not exist. Skipping
[  219.911297] apexd: Activated 0 packages. Skipped: 0
[  219.911297] apexd: Activated 0 packages. Skipped: 0
[  219.913724] apexd: Scanning /vendor/apex looking for APEX packages.
[  219.913724] apexd: Scanning /vendor/apex looking for APEX packages.
[  219.916471] apexd: ... does not exist. Skipping
[  219.916471] apexd: ... does not exist. Skipping
[  220.110300] apexd: Activated 0 packages. Skipped: 0
[  220.110300] apexd: Activated 0 packages. Skipped: 0
[  220.117671] AidlLazyServiceRegistrar: Registering service apexservice
[  220.117671] AidlLazyServiceRegistrar: Registering service apexservice
[  220.146367] apexd: Marking APEXd as activated
[  220.146367] apexd: Marking APEXd as activated
[  220.164069] init: Wait for property 'apexd.status=activated' took 1706ms
[  220.164069] init: Wait for property 'apexd.status=activated' took 1706ms
[  220.684432] init: Parsing file /apex/com.android.adbd/etc/init.rc...
[  220.684432] init: Parsing file /apex/com.android.adbd/etc/init.rc...
[  220.697924] init: Parsing file /apex/com.android.media.swcodec/etc/init.rc...
[  220.697924] init: Parsing file /apex/com.android.media.swcodec/etc/init.rc...
[  220.707602] init: Parsing file /apex/com.android.os.statsd/etc/init.rc...
[  220.707602] init: Parsing file /apex/com.android.os.statsd/etc/init.rc...
[  220.716883] init: Parsing file /apex/com.android.sdkext/etc/derive_sdk.rc...
[  220.716883] init: Parsing file /apex/com.android.sdkext/etc/derive_sdk.rc...
[  221.431322] init: linkerconfig generated /linkerconfig with mounted APEX modules info
[  221.431322] init: linkerconfig generated /linkerconfig with mounted APEX modules info
[  221.440851] init: Command 'perform_apex_config' action=post-fs-data (/system/etc/init/hw/init.rc:764) took 1271ms and succeeded
[  221.440851] init: Command 'perform_apex_config' action=post-fs-data (/system/etc/init/hw/init.rc:764) took 1271ms and succeeded
[  221.452759] init: Not setting encryption policy on: /data/media
[  221.452759] init: Not setting encryption policy on: /data/media
[  221.497109] init: starting service 'exec 6 (/system/bin/chattr +F /data/media)'...
[  221.497109] init: starting service 'exec 6 (/system/bin/chattr +F /data/media)'...
[  221.548246] init: SVC_EXEC service 'exec 6 (/system/bin/chattr +F /data/media)' pid 256 (uid 1023 gid 1023+0 context default) started; waiting...
[  221.548246] init: SVC_EXEC service 'exec 6 (/system/bin/chattr +F /data/media)' pid 256 (uid 1023 gid 1023+0 context default) started; waiting...
[  221.560897] init: Command 'exec - media_rw media_rw -- /system/bin/chattr +F /data/media' action=post-fs-data (/system/etc/init/hw/init.rc:768) took 77ms and succeeded
[  221.560897] init: Command 'exec - media_rw media_rw -- /system/bin/chattr +F /data/media' action=post-fs-data (/system/etc/init/hw/init.rc:768) took 77ms and succeeded
[  222.550942] init: Service 'exec 6 (/system/bin/chattr +F /data/media)' (pid 256) exited with status 0 waiting took 1.036000 seconds
[  222.550942] init: Service 'exec 6 (/system/bin/chattr +F /data/media)' (pid 256) exited with status 0 waiting took 1.036000 seconds
[  222.556178] init: Sending signal 9 to service 'exec 6 (/system/bin/chattr +F /data/media)' (pid 256) process group...
[  222.556178] init: Sending signal 9 to service 'exec 6 (/system/bin/chattr +F /data/media)' (pid 256) process group...
[  222.566062] libprocessgroup: Successfully killed process cgroup uid 1023 pid 256 in 4ms
[  222.566062] libprocessgroup: Successfully killed process cgroup uid 1023 pid 256 in 4ms
[  222.617032] init: Encryption policy of /data/media/obb set to 0cfe0444b0e9001267a4057ce3ee0709 v2 modes 1/4 flags 0x2
[  222.617032] init: Encryption policy of /data/media/obb set to 0cfe0444b0e9001267a4057ce3ee0709 v2 modes 1/4 flags 0x2
[  222.636419] init: starting service 'derive_sdk'...
[  222.636419] init: starting service 'derive_sdk'...
[  222.743990] init: SVC_EXEC service 'derive_sdk' pid 257 (uid 9999 gid 9999+0 context default) started; waiting...
[  222.743990] init: SVC_EXEC service 'derive_sdk' pid 257 (uid 9999 gid 9999+0 context default) started; waiting...
[  222.748108] init: Command 'exec_start derive_sdk' action=post-fs-data (/system/etc/init/hw/init.rc:771) took 126ms and succeeded
[  222.748108] init: Command 'exec_start derive_sdk' action=post-fs-data (/system/etc/init/hw/init.rc:771) took 126ms and succeeded
[  223.176387] init: Service 'derive_sdk' (pid 257) exited with status 0 waiting took 0.524000 seconds
[  223.176387] init: Service 'derive_sdk' (pid 257) exited with status 0 waiting took 0.524000 seconds
[  223.180558] init: Sending signal 9 to service 'derive_sdk' (pid 257) process group...
[  223.180558] init: Sending signal 9 to service 'derive_sdk' (pid 257) process group...
[  223.191266] libprocessgroup: Successfully killed process cgroup uid 9999 pid 257 in 2ms
[  223.191266] libprocessgroup: Successfully killed process cgroup uid 9999 pid 257 in 2ms
[  223.242990] init: starting service 'exec 7 (/system/bin/vdc --wait cryptfs init_user0)'...
[  223.242990] init: starting service 'exec 7 (/system/bin/vdc --wait cryptfs init_user0)'...
[  223.276898] init: SVC_EXEC service 'exec 7 (/system/bin/vdc --wait cryptfs init_user0)' pid 258 (uid 0 gid 0+0 context default) started; waiting...
[  223.276898] init: SVC_EXEC service 'exec 7 (/system/bin/vdc --wait cryptfs init_user0)' pid 258 (uid 0 gid 0+0 context default) started; waiting...
[  223.291113] init: Command 'init_user0' action=post-fs-data (/system/etc/init/hw/init.rc:773) took 66ms and succeeded
[  223.291113] init: Command 'init_user0' action=post-fs-data (/system/etc/init/hw/init.rc:773) took 66ms and succeeded
[  225.411941] init: Service 'exec 7 (/system/bin/vdc --wait cryptfs init_user0)' (pid 258) exited with status 0 waiting took 2.155000 seconds
[  225.411941] init: Service 'exec 7 (/system/bin/vdc --wait cryptfs init_user0)' (pid 258) exited with status 0 waiting took 2.155000 seconds
[  225.414711] init: Sending signal 9 to service 'exec 7 (/system/bin/vdc --wait cryptfs init_user0)' (pid 258) process group...
[  225.414711] init: Sending signal 9 to service 'exec 7 (/system/bin/vdc --wait cryptfs init_user0)' (pid 258) process group...
[  225.420889] libprocessgroup: Successfully killed process cgroup uid 0 pid 258 in 3ms
[  225.420889] libprocessgroup: Successfully killed process cgroup uid 0 pid 258 in 3ms
[  225.436515] init: starting service 'apexd-snapshotde'...
[  225.436515] init: starting service 'apexd-snapshotde'...
[  225.512209] init: SVC_EXEC service 'apexd-snapshotde' pid 260 (uid 0 gid 1000+0 context default) started; waiting...
[  225.512209] init: SVC_EXEC service 'apexd-snapshotde' pid 260 (uid 0 gid 1000+0 context default) started; waiting...
[  225.515576] init: Command 'exec_start apexd-snapshotde' action=post-fs-data (/system/etc/init/hw/init.rc:779) took 86ms and succeeded
[  225.515576] init: Command 'exec_start apexd-snapshotde' action=post-fs-data (/system/etc/init/hw/init.rc:779) took 86ms and succeeded
[  226.026988] apexd: Snapshot DE subcommand detected
[  226.026988] apexd: Snapshot DE subcommand detected
[  226.044728] apexd: Marking APEXd as ready
[  226.044728] apexd: Marking APEXd as ready
[  226.088554] init: Service 'apexd-snapshotde' (pid 260) exited with status 0 waiting took 0.638000 seconds
[  226.088554] init: Service 'apexd-snapshotde' (pid 260) exited with status 0 waiting took 0.638000 seconds
[  226.091475] init: Sending signal 9 to service 'apexd-snapshotde' (pid 260) process group...
[  226.091475] init: Sending signal 9 to service 'apexd-snapshotde' (pid 260) process group...
[  226.095256] libprocessgroup: Successfully killed process cgroup uid 0 pid 260 in 2ms
[  226.095256] libprocessgroup: Successfully killed process cgroup uid 0 pid 260 in 2ms
[  227.377984] init: Command 'restorecon --recursive --skip-ce /data' action=post-fs-data (/system/etc/init/hw/init.rc:782) took 1261ms and succeeded
[  227.377984] init: Command 'restorecon --recursive --skip-ce /data' action=post-fs-data (/system/etc/init/hw/init.rc:782) took 1261ms and succeeded
[  227.384498] init: starting service 'exec 8 (/system/bin/tzdatacheck /apex/com.android.tzdata/etc/tz /data/misc/zoneinfo)'...
[  227.384498] init: starting service 'exec 8 (/system/bin/tzdatacheck /apex/com.android.tzdata/etc/tz /data/misc/zoneinfo)'...
[  227.395777] init: SVC_EXEC service 'exec 8 (/system/bin/tzdatacheck /apex/com.android.tzdata/etc/tz /data/misc/zoneinfo)' pid 261 (uid 1000 gid 1000+0 context default) started; waiting...
[  227.395777] init: SVC_EXEC service 'exec 8 (/system/bin/tzdatacheck /apex/com.android.tzdata/etc/tz /data/misc/zoneinfo)' pid 261 (uid 1000 gid 1000+0 context default) started; waiting...
[  227.583457] init: Service 'exec 8 (/system/bin/tzdatacheck /apex/com.android.tzdata/etc/tz /data/misc/zoneinfo)' (pid 261) exited with status 0 waiting took 0.191000 seconds
[  227.583457] init: Service 'exec 8 (/system/bin/tzdatacheck /apex/com.android.tzdata/etc/tz /data/misc/zoneinfo)' (pid 261) exited with status 0 waiting took 0.191000 seconds
[  227.585321] init: Sending signal 9 to service 'exec 8 (/system/bin/tzdatacheck /apex/com.android.tzdata/etc/tz /data/misc/zoneinfo)' (pid 261) process group...
[  227.585321] init: Sending signal 9 to service 'exec 8 (/system/bin/tzdatacheck /apex/com.android.tzdata/etc/tz /data/misc/zoneinfo)' (pid 261) process group...
[  227.592015] libprocessgroup: Successfully killed process cgroup uid 1000 pid 261 in 2ms
[  227.592015] libprocessgroup: Successfully killed process cgroup uid 1000 pid 261 in 2ms
[  227.616308] init: processing action (post-fs-data) from (/system/etc/init/hw/init.usb.rc:6)
[  227.616308] init: processing action (post-fs-data) from (/system/etc/init/hw/init.usb.rc:6)
[  227.644101] init: Encryption policy of /data/adb set to 0cfe0444b0e9001267a4057ce3ee0709 v2 modes 1/4 flags 0x2
[  227.644101] init: Encryption policy of /data/adb set to 0cfe0444b0e9001267a4057ce3ee0709 v2 modes 1/4 flags 0x2
[  227.647325] init: processing action (post-fs-data) from (/vendor/etc/init/hw/init.ranchu.rc:52)
[  227.647325] init: processing action (post-fs-data) from (/vendor/etc/init/hw/init.ranchu.rc:52)
[  227.699706] init: starting service 'create_router_ns'...
[  227.699706] init: starting service 'create_router_ns'...
[  227.758418] init: Command 'start create_router_ns' action=post-fs-data (/vendor/etc/init/hw/init.ranchu.rc:57) took 64ms and succeeded
[  227.758418] init: Command 'start create_router_ns' action=post-fs-data (/vendor/etc/init/hw/init.ranchu.rc:57) took 64ms and succeeded
[  227.760299] init: processing action (post-fs-data) from (/system/etc/init/bootstat.rc:9)
[  227.760299] init: processing action (post-fs-data) from (/system/etc/init/bootstat.rc:9)
[  227.832112] init: processing action (ro.debuggable=1 && post-fs-data) from (/system/etc/init/clean_scratch_files.rc:1)
[  227.832112] init: processing action (ro.debuggable=1 && post-fs-data) from (/system/etc/init/clean_scratch_files.rc:1)
[  227.863216] init: Command 'exec_background - root root -- /system/bin/clean_scratch_files' action=ro.debuggable=1 && post-fs-data (/system/etc/init/clean_scratch_files.rc:2) took 12ms and failed: Could not start exec background service: File /system/bin/clean_scratch_files(labeled "u:object_r:system_file:s0") has incorrect label or no domain transition from u:r:init:s0 to another SELinux domain defined. Have you configured your service correctly? https://source.android.com/security/selinux/device-policy#label_new_services_and_address_denials
[  227.863216] init: Command 'exec_background - root root -- /system/bin/clean_scratch_files' action=ro.debuggable=1 && post-fs-data (/system/etc/init/clean_scratch_files.rc:2) took 12ms and failed: Could not start exec background service: File /system/bin/clean_scratch_files(labeled "u:object_r:system_file:s0") has incorrect label or no domain transition from u:r:init:s0 to another SELinux domain defined. Have you configured your service correctly? https://source.android.com/security/selinux/device-policy#label_new_services_and_address_denials
[  227.878468] init: processing action (post-fs-data) from (/system/etc/init/gsid.rc:14)
[  227.878468] init: processing action (post-fs-data) from (/system/etc/init/gsid.rc:14)
[  227.879638] init: Not setting encryption policy on: /data/gsi
[  227.879638] init: Not setting encryption policy on: /data/gsi
[  227.943196] init: processing action (post-fs-data) from (/system/etc/init/incidentd.rc:21)
[  227.943196] init: processing action (post-fs-data) from (/system/etc/init/incidentd.rc:21)
[  227.960015] init: processing action (post-fs-data) from (/system/etc/init/iorapd.rc:28)
[  227.960015] init: processing action (post-fs-data) from (/system/etc/init/iorapd.rc:28)
[  227.975927] init: processing action (post-fs-data) from (/system/etc/init/logtagd.rc:4)
[  227.975927] init: processing action (post-fs-data) from (/system/etc/init/logtagd.rc:4)
[  228.019435] init: processing action (post-fs-data) from (/system/etc/init/otapreopt.rc:3)
[  228.019435] init: processing action (post-fs-data) from (/system/etc/init/otapreopt.rc:3)
[  228.029041] init: starting service 'exec 10 (/system/bin/otapreopt_slot)'...
[  228.029041] init: starting service 'exec 10 (/system/bin/otapreopt_slot)'...
[  228.067352] init: SVC_EXEC service 'exec 10 (/system/bin/otapreopt_slot)' pid 263 (uid 0 gid 0+0 context default) started; waiting...
[  228.067352] init: SVC_EXEC service 'exec 10 (/system/bin/otapreopt_slot)' pid 263 (uid 0 gid 0+0 context default) started; waiting...
[  229.017376] init: Service 'exec 10 (/system/bin/otapreopt_slot)' (pid 263) exited with status 1 waiting took 0.966000 seconds
[  229.017376] init: Service 'exec 10 (/system/bin/otapreopt_slot)' (pid 263) exited with status 1 waiting took 0.966000 seconds
[  229.019486] init: Sending signal 9 to service 'exec 10 (/system/bin/otapreopt_slot)' (pid 263) process group...
[  229.019486] init: Sending signal 9 to service 'exec 10 (/system/bin/otapreopt_slot)' (pid 263) process group...
[  229.024333] libprocessgroup: Successfully killed process cgroup uid 0 pid 263 in 2ms
[  229.024333] libprocessgroup: Successfully killed process cgroup uid 0 pid 263 in 2ms
[  229.031532] selinux: SELinux:  Could not stat /data/dalvik-cache/arm: No such file or directory.
[  229.031532] selinux: SELinux:  Could not stat /data/dalvik-cache/arm: No such file or directory.
[  229.032594] selinux: 
[  229.032594] selinux: 
[  229.036120] selinux: SELinux:  Could not stat /data/dalvik-cache/arm64: No such file or directory.
[  229.036120] selinux: SELinux:  Could not stat /data/dalvik-cache/arm64: No such file or directory.
[  229.037176] selinux: 
[  229.037176] selinux: 
[  229.040576] selinux: SELinux:  Could not stat /data/dalvik-cache/mips: No such file or directory.
[  229.040576] selinux: SELinux:  Could not stat /data/dalvik-cache/mips: No such file or directory.
[  229.042054] selinux: 
[  229.042054] selinux: 
[  229.044078] selinux: SELinux:  Could not stat /data/dalvik-cache/mips64: No such file or directory.
[  229.044078] selinux: SELinux:  Could not stat /data/dalvik-cache/mips64: No such file or directory.
[  229.045113] selinux: 
[  229.045113] selinux: 
[  229.048889] selinux: SELinux:  Could not stat /data/dalvik-cache/x86: No such file or directory.
[  229.048889] selinux: SELinux:  Could not stat /data/dalvik-cache/x86: No such file or directory.
[  229.049947] selinux: 
[  229.049947] selinux: 
[  229.052747] selinux: SELinux:  Could not stat /data/dalvik-cache/x86_64: No such file or directory.
[  229.052747] selinux: SELinux:  Could not stat /data/dalvik-cache/x86_64: No such file or directory.
[  229.055107] selinux: 
[  229.055107] selinux: 
[  229.056030] init: processing action (post-fs-data) from (/system/etc/init/perfetto.rc:67)
[  229.056030] init: processing action (post-fs-data) from (/system/etc/init/perfetto.rc:67)
[  229.058356] init: Command 'rm /data/misc/perfetto-traces/.guardraildata' action=post-fs-data (/system/etc/init/perfetto.rc:68) took 1ms and failed: unlink() failed: No such file or directory
[  229.058356] init: Command 'rm /data/misc/perfetto-traces/.guardraildata' action=post-fs-data (/system/etc/init/perfetto.rc:68) took 1ms and failed: unlink() failed: No such file or directory
[  229.063666] init: processing action (post-fs-data) from (/system/etc/init/recovery-persist.rc:1)
[  229.063666] init: processing action (post-fs-data) from (/system/etc/init/recovery-persist.rc:1)
[  229.070555] init: starting service 'exec 11 (/system/bin/recovery-persist)'...
[  229.070555] init: starting service 'exec 11 (/system/bin/recovery-persist)'...
[  229.088406] init: processing action (post-fs-data) from (/system/etc/init/tombstoned.rc:10)
[  229.088406] init: processing action (post-fs-data) from (/system/etc/init/tombstoned.rc:10)
[  229.102649] init: starting service 'tombstoned'...
[  229.102649] init: starting service 'tombstoned'...
[  229.123205] init: Created socket '/dev/socket/tombstoned_crash', mode 666, user 1000, group 1000
[  229.123205] init: Created socket '/dev/socket/tombstoned_crash', mode 666, user 1000, group 1000
[  229.140104] init: Created socket '/dev/socket/tombstoned_intercept', mode 666, user 1000, group 1000
[  229.140104] init: Created socket '/dev/socket/tombstoned_intercept', mode 666, user 1000, group 1000
[  229.162191] init: Created socket '/dev/socket/tombstoned_java_trace', mode 666, user 1000, group 1000
[  229.162191] init: Created socket '/dev/socket/tombstoned_java_trace', mode 666, user 1000, group 1000
[  229.248723] init: Command 'start tombstoned' action=post-fs-data (/system/etc/init/tombstoned.rc:11) took 157ms and succeeded
[  229.248723] init: Command 'start tombstoned' action=post-fs-data (/system/etc/init/tombstoned.rc:11) took 157ms and succeeded
[  229.254858] init: processing action (post-fs-data) from (/system/etc/init/wifi.rc:18)
[  229.254858] init: processing action (post-fs-data) from (/system/etc/init/wifi.rc:18)
[  229.323339] selinux: SELinux: Skipping restorecon on directory(/data/misc/apexdata/com.android.wifi)
[  229.323339] selinux: SELinux: Skipping restorecon on directory(/data/misc/apexdata/com.android.wifi)
[  229.324418] selinux: 
[  229.324418] selinux: 
[  229.325301] init: Command 'restorecon_recursive /data/misc/apexdata/com.android.wifi' action=post-fs-data (/system/etc/init/wifi.rc:19) took 68ms and succeeded
[  229.325301] init: Command 'restorecon_recursive /data/misc/apexdata/com.android.wifi' action=post-fs-data (/system/etc/init/wifi.rc:19) took 68ms and succeeded
[  229.344303] init: processing action (post-fs-data) from (/vendor/etc/init/hostapd.android.rc:9)
[  229.344303] init: processing action (post-fs-data) from (/vendor/etc/init/hostapd.android.rc:9)
[  229.458366] init: Command 'mkdir /data/vendor/wifi 0770 wifi wifi' action=post-fs-data (/vendor/etc/init/hostapd.android.rc:10) took 99ms and succeeded
[  229.458366] init: Command 'mkdir /data/vendor/wifi 0770 wifi wifi' action=post-fs-data (/vendor/etc/init/hostapd.android.rc:10) took 99ms and succeeded
[  229.497055] init: processing action (load_persist_props_action) from (/system/etc/init/hw/init.rc:417)
[  229.497055] init: processing action (load_persist_props_action) from (/system/etc/init/hw/init.rc:417)
[  229.502304] init: Couldn't load property file '/data/local.prop': open() failed: No such file or directory: No such file or directory
[  229.502304] init: Couldn't load property file '/data/local.prop': open() failed: No such file or directory: No such file or directory
[  229.511413] init: Could not load single persistent property file, trying legacy directory: Unable to read persistent property file: open() failed: No such file or directory
[  229.511413] init: Could not load single persistent property file, trying legacy directory: Unable to read persistent property file: open() failed: No such file or directory
[  229.564092] init: Wait for property 'ro.persistent_properties.ready=true' took 58ms
[  229.564092] init: Wait for property 'ro.persistent_properties.ready=true' took 58ms
[  229.579148] init: starting service 'logd-reinit'...
[  229.579148] init: starting service 'logd-reinit'...
[  229.664034] init: Command 'start logd-reinit' action=load_persist_props_action (/system/etc/init/hw/init.rc:420) took 87ms and succeeded
[  229.664034] init: Command 'start logd-reinit' action=load_persist_props_action (/system/etc/init/hw/init.rc:420) took 87ms and succeeded
[  229.670614] init: processing action (load_persist_props_action) from (/system/etc/init/flags_health_check.rc:1)
[  229.670614] init: processing action (load_persist_props_action) from (/system/etc/init/flags_health_check.rc:1)
[  229.672413] init: Top-level directory needs encryption action, eg mkdir /data/server_configurable_flags <mode> <uid> <gid> encryption=Require
[  229.672413] init: Top-level directory needs encryption action, eg mkdir /data/server_configurable_flags <mode> <uid> <gid> encryption=Require
[  229.738470] init: Encryption policy of /data/server_configurable_flags set to 0cfe0444b0e9001267a4057ce3ee0709 v2 modes 1/4 flags 0x2
[  229.738470] init: Encryption policy of /data/server_configurable_flags set to 0cfe0444b0e9001267a4057ce3ee0709 v2 modes 1/4 flags 0x2
[  229.740312] init: Command 'mkdir /data/server_configurable_flags 0775 system system' action=load_persist_props_action (/system/etc/init/flags_health_check.rc:4) took 68ms and succeeded
[  229.740312] init: Command 'mkdir /data/server_configurable_flags 0775 system system' action=load_persist_props_action (/system/etc/init/flags_health_check.rc:4) took 68ms and succeeded
[  229.771267] init: starting service 'exec 12 (/system/bin/flags_health_check BOOT_FAILURE)'...
[  229.771267] init: starting service 'exec 12 (/system/bin/flags_health_check BOOT_FAILURE)'...
[  229.820767] init: SVC_EXEC service 'exec 12 (/system/bin/flags_health_check BOOT_FAILURE)' pid 269 (uid 1000 gid 1000+0 context default) started; waiting...
[  229.820767] init: SVC_EXEC service 'exec 12 (/system/bin/flags_health_check BOOT_FAILURE)' pid 269 (uid 1000 gid 1000+0 context default) started; waiting...
[  229.839000] init: Command 'exec - system system -- /system/bin/flags_health_check BOOT_FAILURE' action=load_persist_props_action (/system/etc/init/flags_health_check.rc:5) took 79ms and succeeded
[  229.839000] init: Command 'exec - system system -- /system/bin/flags_health_check BOOT_FAILURE' action=load_persist_props_action (/system/etc/init/flags_health_check.rc:5) took 79ms and succeeded
[  229.851069] init: Service 'exec 11 (/system/bin/recovery-persist)' (pid 266) exited with status 0 oneshot service took 0.773000 seconds in background
[  229.851069] init: Service 'exec 11 (/system/bin/recovery-persist)' (pid 266) exited with status 0 oneshot service took 0.773000 seconds in background
[  229.852734] init: Sending signal 9 to service 'exec 11 (/system/bin/recovery-persist)' (pid 266) process group...
[  229.852734] init: Sending signal 9 to service 'exec 11 (/system/bin/recovery-persist)' (pid 266) process group...
[  229.871725] libprocessgroup: Successfully killed process cgroup uid 1000 pid 266 in 1ms
[  229.871725] libprocessgroup: Successfully killed process cgroup uid 1000 pid 266 in 1ms
[  230.258189] logd.daemon: reinit
[  230.258189] logd.daemon: reinit
[  230.271486] init: Service 'logd-reinit' (pid 268) exited with status 0 oneshot service took 0.671000 seconds in background
[  230.271486] init: Service 'logd-reinit' (pid 268) exited with status 0 oneshot service took 0.671000 seconds in background
[  230.272950] init: Sending signal 9 to service 'logd-reinit' (pid 268) process group...
[  230.272950] init: Sending signal 9 to service 'logd-reinit' (pid 268) process group...
[  230.276667] libprocessgroup: Successfully killed process cgroup uid 1036 pid 268 in 1ms
[  230.276667] libprocessgroup: Successfully killed process cgroup uid 1036 pid 268 in 1ms
[  230.367202] init: Service 'exec 12 (/system/bin/flags_health_check BOOT_FAILURE)' (pid 269) exited with status 0 waiting took 0.559000 seconds
[  230.367202] init: Service 'exec 12 (/system/bin/flags_health_check BOOT_FAILURE)' (pid 269) exited with status 0 waiting took 0.559000 seconds
[  230.370525] init: Sending signal 9 to service 'exec 12 (/system/bin/flags_health_check BOOT_FAILURE)' (pid 269) process group...
[  230.370525] init: Sending signal 9 to service 'exec 12 (/system/bin/flags_health_check BOOT_FAILURE)' (pid 269) process group...
[  230.373544] libprocessgroup: Successfully killed process cgroup uid 1000 pid 269 in 1ms
[  230.373544] libprocessgroup: Successfully killed process cgroup uid 1000 pid 269 in 1ms
[  230.378512] init: processing action (load_persist_props_action) from (/system/etc/init/logcatd.rc:29)
[  230.378512] init: processing action (load_persist_props_action) from (/system/etc/init/logcatd.rc:29)
[  230.387991] init: processing action (load_bpf_programs) from (/system/etc/init/bpfloader.rc:20)
[  230.387991] init: processing action (load_bpf_programs) from (/system/etc/init/bpfloader.rc:20)
[  230.403770] init: starting service 'bpfloader'...
[  230.403770] init: starting service 'bpfloader'...
[  230.454565] init: Command 'start bpfloader' action=load_bpf_programs (/system/etc/init/bpfloader.rc:26) took 53ms and succeeded
[  230.454565] init: Command 'start bpfloader' action=load_bpf_programs (/system/etc/init/bpfloader.rc:26) took 53ms and succeeded
[  230.460173] init: processing action (persist.sys.fuse=true && zygote-start) from (/system/etc/init/hw/init.rc:809)
[  230.460173] init: processing action (persist.sys.fuse=true && zygote-start) from (/system/etc/init/hw/init.rc:809)
[  230.507640] init: processing action (ro.crypto.state=encrypted && ro.crypto.type=file && zygote-start) from (/system/etc/init/hw/init.rc:840)
[  230.507640] init: processing action (ro.crypto.state=encrypted && ro.crypto.type=file && zygote-start) from (/system/etc/init/hw/init.rc:840)
[  230.523427] init: starting service 'update_verifier_nonencrypted'...
[  230.523427] init: starting service 'update_verifier_nonencrypted'...
[  231.172769] init: SVC_EXEC service 'update_verifier_nonencrypted' pid 271 (uid 0 gid 2001+1 context default) started; waiting...
[  231.172769] init: SVC_EXEC service 'update_verifier_nonencrypted' pid 271 (uid 0 gid 2001+1 context default) started; waiting...
[  231.176394] init: Command 'exec_start update_verifier_nonencrypted' action=ro.crypto.state=encrypted && ro.crypto.type=file && zygote-start (/system/etc/init/hw/init.rc:842) took 666ms and succeeded
[  231.176394] init: Command 'exec_start update_verifier_nonencrypted' action=ro.crypto.state=encrypted && ro.crypto.type=file && zygote-start (/system/etc/init/hw/init.rc:842) took 666ms and succeeded
[  231.191269] init: Service 'update_verifier_nonencrypted' (pid 271) exited with status 0 waiting took 0.654000 seconds
[  231.191269] init: Service 'update_verifier_nonencrypted' (pid 271) exited with status 0 waiting took 0.654000 seconds
[  231.193087] init: Sending signal 9 to service 'update_verifier_nonencrypted' (pid 271) process group...
[  231.193087] init: Sending signal 9 to service 'update_verifier_nonencrypted' (pid 271) process group...
[  231.219593] libprocessgroup: Successfully killed process cgroup uid 0 pid 271 in 11ms
[  231.219593] libprocessgroup: Successfully killed process cgroup uid 0 pid 271 in 11ms
[  231.278696] init: starting service 'statsd'...
[  231.278696] init: starting service 'statsd'...
[  231.305081] init: Created socket '/dev/socket/statsdw', mode 222, user 1066, group 1066
[  231.305081] init: Created socket '/dev/socket/statsdw', mode 222, user 1066, group 1066
[  231.384444] init: Command 'start statsd' action=ro.crypto.state=encrypted && ro.crypto.type=file && zygote-start (/system/etc/init/hw/init.rc:843) took 120ms and succeeded
[  231.384444] init: Command 'start statsd' action=ro.crypto.state=encrypted && ro.crypto.type=file && zygote-start (/system/etc/init/hw/init.rc:843) took 120ms and succeeded
[  231.408096] init: starting service 'netd'...
[  231.408096] init: starting service 'netd'...
[  231.448248] init: Created socket '/dev/socket/dnsproxyd', mode 660, user 0, group 3003
[  231.448248] init: Created socket '/dev/socket/dnsproxyd', mode 660, user 0, group 3003
[  231.487694] init: Created socket '/dev/socket/mdns', mode 660, user 0, group 1000
[  231.487694] init: Created socket '/dev/socket/mdns', mode 660, user 0, group 1000
[  231.507246] init: Created socket '/dev/socket/fwmarkd', mode 660, user 0, group 3003
[  231.507246] init: Created socket '/dev/socket/fwmarkd', mode 660, user 0, group 3003
[  231.605061] init: Command 'start netd' action=ro.crypto.state=encrypted && ro.crypto.type=file && zygote-start (/system/etc/init/hw/init.rc:844) took 214ms and succeeded
[  231.605061] init: Command 'start netd' action=ro.crypto.state=encrypted && ro.crypto.type=file && zygote-start (/system/etc/init/hw/init.rc:844) took 214ms and succeeded
[  231.620671] init: starting service 'zygote'...
[  231.620671] init: starting service 'zygote'...
[  231.668725] init: Created socket '/dev/socket/zygote', mode 660, user 0, group 1000
[  231.668725] init: Created socket '/dev/socket/zygote', mode 660, user 0, group 1000
[  231.708559] init: Created socket '/dev/socket/usap_pool_primary', mode 660, user 0, group 1000
[  231.708559] init: Created socket '/dev/socket/usap_pool_primary', mode 660, user 0, group 1000
[  231.937471] init: Command 'start zygote' action=ro.crypto.state=encrypted && ro.crypto.type=file && zygote-start (/system/etc/init/hw/init.rc:845) took 327ms and succeeded
[  231.937471] init: Command 'start zygote' action=ro.crypto.state=encrypted && ro.crypto.type=file && zygote-start (/system/etc/init/hw/init.rc:845) took 327ms and succeeded
[  232.202783] init: Command 'start zygote_secondary' action=ro.crypto.state=encrypted && ro.crypto.type=file && zygote-start (/system/etc/init/hw/init.rc:846) took 0ms and failed: service zygote_secondary not found
[  232.202783] init: Command 'start zygote_secondary' action=ro.crypto.state=encrypted && ro.crypto.type=file && zygote-start (/system/etc/init/hw/init.rc:846) took 0ms and failed: service zygote_secondary not found
[  232.288831] init: processing action (zygote-start) from (/vendor/etc/init/hw/init.ranchu.rc:59)
[  232.288831] init: processing action (zygote-start) from (/vendor/etc/init/hw/init.ranchu.rc:59)
[  232.527113] init: Command 'mkdir /data/vendor/wifi 0771 wifi wifi' action=zygote-start (/vendor/etc/init/hw/init.ranchu.rc:61) took 179ms and succeeded
[  232.527113] init: Command 'mkdir /data/vendor/wifi 0771 wifi wifi' action=zygote-start (/vendor/etc/init/hw/init.ranchu.rc:61) took 179ms and succeeded
[  233.656340] init: Command 'mkdir /data/vendor/wifi/wpa 0770 wifi wifi' action=zygote-start (/vendor/etc/init/hw/init.ranchu.rc:62) took 949ms and succeeded
[  233.656340] init: Command 'mkdir /data/vendor/wifi/wpa 0770 wifi wifi' action=zygote-start (/vendor/etc/init/hw/init.ranchu.rc:62) took 949ms and succeeded
[  234.492412] init: Command 'mkdir /data/vendor/wifi/wpa/sockets 0770 wifi wifi' action=zygote-start (/vendor/etc/init/hw/init.ranchu.rc:63) took 833ms and succeeded
[  234.492412] init: Command 'mkdir /data/vendor/wifi/wpa/sockets 0770 wifi wifi' action=zygote-start (/vendor/etc/init/hw/init.ranchu.rc:63) took 833ms and succeeded
[  234.495027] init: processing action (firmware_mounts_complete) from (/system/etc/init/hw/init.rc:423)
[  234.495027] init: processing action (firmware_mounts_complete) from (/system/etc/init/hw/init.rc:423)
[  234.498722] init: processing action (early-boot) from (/system/etc/init/installd.rc:5)
[  234.498722] init: processing action (early-boot) from (/system/etc/init/installd.rc:5)
[  235.038814] ueventd: firmware: could not find firmware for regulatory.db
[  235.038814] ueventd: firmware: could not find firmware for regulatory.db
[  235.286691] ueventd: firmware: attempted /etc/firmware/regulatory.db, open failed: No such file or directory
[  235.286691] ueventd: firmware: attempted /etc/firmware/regulatory.db, open failed: No such file or directory
[  235.287919] ueventd: firmware: attempted /odm/firmware/regulatory.db, open failed: No such file or directory
[  235.287919] ueventd: firmware: attempted /odm/firmware/regulatory.db, open failed: No such file or directory
[  235.289285] ueventd: firmware: attempted /vendor/firmware/regulatory.db, open failed: No such file or directory
[  235.289285] ueventd: firmware: attempted /vendor/firmware/regulatory.db, open failed: No such file or directory
[  235.450825] init: Command 'mkdir /config/sdcardfs/extensions/1055' action=early-boot (/system/etc/init/installd.rc:6) took 950ms and succeeded
[  235.450825] init: Command 'mkdir /config/sdcardfs/extensions/1055' action=early-boot (/system/etc/init/installd.rc:6) took 950ms and succeeded
[  235.494466] ueventd: firmware: attempted /firmware/image/regulatory.db, open failed: No such file or directory
[  235.494466] ueventd: firmware: attempted /firmware/image/regulatory.db, open failed: No such file or directory
[  235.739528] init: Command 'mkdir /config/sdcardfs/extensions/1056' action=early-boot (/system/etc/init/installd.rc:7) took 170ms and succeeded
[  235.739528] init: Command 'mkdir /config/sdcardfs/extensions/1056' action=early-boot (/system/etc/init/installd.rc:7) took 170ms and succeeded
[  236.032012] ueventd: loading /devices/platform/regulatory.0/firmware/regulatory.db took 217194ms
[  236.032012] ueventd: loading /devices/platform/regulatory.0/firmware/regulatory.db took 217194ms
[  236.763325] init: Command 'mkdir /config/sdcardfs/extensions/1056/3gp' action=early-boot (/system/etc/init/installd.rc:10) took 634ms and succeeded
[  236.763325] init: Command 'mkdir /config/sdcardfs/extensions/1056/3gp' action=early-boot (/system/etc/init/installd.rc:10) took 634ms and succeeded
[  237.113277] init: Untracked pid 134 exited with status 0
[  237.113277] init: Untracked pid 134 exited with status 0
[  237.703638] init: Command 'mkdir /config/sdcardfs/extensions/1056/3g2' action=early-boot (/system/etc/init/installd.rc:12) took 212ms and succeeded
[  237.703638] init: Command 'mkdir /config/sdcardfs/extensions/1056/3g2' action=early-boot (/system/etc/init/installd.rc:12) took 212ms and succeeded
[  238.218634] init: Command 'mkdir /config/sdcardfs/extensions/1056/avi' action=early-boot (/system/etc/init/installd.rc:13) took 128ms and succeeded
[  238.218634] init: Command 'mkdir /config/sdcardfs/extensions/1056/avi' action=early-boot (/system/etc/init/installd.rc:13) took 128ms and succeeded
[  238.919583] init: Command 'mkdir /config/sdcardfs/extensions/1056/dl' action=early-boot (/system/etc/init/installd.rc:14) took 404ms and succeeded
[  238.919583] init: Command 'mkdir /config/sdcardfs/extensions/1056/dl' action=early-boot (/system/etc/init/installd.rc:14) took 404ms and succeeded
[  239.409250] init: Command 'mkdir /config/sdcardfs/extensions/1056/dif' action=early-boot (/system/etc/init/installd.rc:15) took 175ms and succeeded
[  239.409250] init: Command 'mkdir /config/sdcardfs/extensions/1056/dif' action=early-boot (/system/etc/init/installd.rc:15) took 175ms and succeeded
[  240.412113] init: Command 'mkdir /config/sdcardfs/extensions/1056/ts' action=early-boot (/system/etc/init/installd.rc:19) took 498ms and succeeded
[  240.412113] init: Command 'mkdir /config/sdcardfs/extensions/1056/ts' action=early-boot (/system/etc/init/installd.rc:19) took 498ms and succeeded
[  241.044994] init: Command 'mkdir /config/sdcardfs/extensions/1056/mpeg' action=early-boot (/system/etc/init/installd.rc:20) took 241ms and succeeded
[  241.044994] init: Command 'mkdir /config/sdcardfs/extensions/1056/mpeg' action=early-boot (/system/etc/init/installd.rc:20) took 241ms and succeeded
[  241.762514] init: Command 'mkdir /config/sdcardfs/extensions/1056/mpg' action=early-boot (/system/etc/init/installd.rc:21) took 224ms and succeeded
[  241.762514] init: Command 'mkdir /config/sdcardfs/extensions/1056/mpg' action=early-boot (/system/etc/init/installd.rc:21) took 224ms and succeeded
[  241.912829] init: Command 'mkdir /config/sdcardfs/extensions/1056/mov' action=early-boot (/system/etc/init/installd.rc:26) took 64ms and succeeded
[  241.912829] init: Command 'mkdir /config/sdcardfs/extensions/1056/mov' action=early-boot (/system/etc/init/installd.rc:26) took 64ms and succeeded
[  242.151555] init: Command 'mkdir /config/sdcardfs/extensions/1056/wmv' action=early-boot (/system/etc/init/installd.rc:36) took 74ms and succeeded
[  242.151555] init: Command 'mkdir /config/sdcardfs/extensions/1056/wmv' action=early-boot (/system/etc/init/installd.rc:36) took 74ms and succeeded
[  242.546532] init: Command 'mkdir /config/sdcardfs/extensions/1056/wmx' action=early-boot (/system/etc/init/installd.rc:37) took 199ms and succeeded
[  242.546532] init: Command 'mkdir /config/sdcardfs/extensions/1056/wmx' action=early-boot (/system/etc/init/installd.rc:37) took 199ms and succeeded
[  242.886598] init: Command 'mkdir /config/sdcardfs/extensions/1056/wvx' action=early-boot (/system/etc/init/installd.rc:38) took 151ms and succeeded
[  242.886598] init: Command 'mkdir /config/sdcardfs/extensions/1056/wvx' action=early-boot (/system/etc/init/installd.rc:38) took 151ms and succeeded
[  243.842550] init: Command 'mkdir /config/sdcardfs/extensions/1057/nrw' action=early-boot (/system/etc/init/installd.rc:60) took 708ms and succeeded
[  243.842550] init: Command 'mkdir /config/sdcardfs/extensions/1057/nrw' action=early-boot (/system/etc/init/installd.rc:60) took 708ms and succeeded
[  244.366099] init: Command 'mkdir /config/sdcardfs/extensions/1057/orf' action=early-boot (/system/etc/init/installd.rc:61) took 394ms and succeeded
[  244.366099] init: Command 'mkdir /config/sdcardfs/extensions/1057/orf' action=early-boot (/system/etc/init/installd.rc:61) took 394ms and succeeded
[  245.106618] init: Command 'mkdir /config/sdcardfs/extensions/1057/rw2' action=early-boot (/system/etc/init/installd.rc:62) took 410ms and succeeded
[  245.106618] init: Command 'mkdir /config/sdcardfs/extensions/1057/rw2' action=early-boot (/system/etc/init/installd.rc:62) took 410ms and succeeded
[  245.316481] init: processing action (boot) from (/system/etc/init/hw/init.rc:848)
[  245.316481] init: processing action (boot) from (/system/etc/init/hw/init.rc:848)
[  245.961460] init: Command 'write /proc/sys/vm/overcommit_memory 1' action=boot (/system/etc/init/hw/init.rc:860) took 569ms and succeeded
[  245.961460] init: Command 'write /proc/sys/vm/overcommit_memory 1' action=boot (/system/etc/init/hw/init.rc:860) took 569ms and succeeded
[  246.546810] init: Command 'chmod 0664 /sys/block/zram0/idle' action=boot (/system/etc/init/hw/init.rc:865) took 162ms and succeeded
[  246.546810] init: Command 'chmod 0664 /sys/block/zram0/idle' action=boot (/system/etc/init/hw/init.rc:865) took 162ms and succeeded
[  246.834599] init: Command 'chown root system /sys/block/zram0/writeback' action=boot (/system/etc/init/hw/init.rc:866) took 285ms and succeeded
[  246.834599] init: Command 'chown root system /sys/block/zram0/writeback' action=boot (/system/etc/init/hw/init.rc:866) took 285ms and succeeded
[  247.131091] init: Command 'chmod 0664 /sys/block/zram0/writeback' action=boot (/system/etc/init/hw/init.rc:867) took 294ms and succeeded
[  247.131091] init: Command 'chmod 0664 /sys/block/zram0/writeback' action=boot (/system/etc/init/hw/init.rc:867) took 294ms and succeeded
[  247.486513] init: Command 'write /proc/sys/vm/dirty_expire_centisecs 200' action=boot (/system/etc/init/hw/init.rc:870) took 353ms and succeeded
[  247.486513] init: Command 'write /proc/sys/vm/dirty_expire_centisecs 200' action=boot (/system/etc/init/hw/init.rc:870) took 353ms and succeeded
[  247.862393] init: Command 'write /proc/sys/vm/dirty_background_ratio 5' action=boot (/system/etc/init/hw/init.rc:871) took 374ms and succeeded
[  247.862393] init: Command 'write /proc/sys/vm/dirty_background_ratio 5' action=boot (/system/etc/init/hw/init.rc:871) took 374ms and succeeded
[  248.186348] init: Command 'write /sys/fs/f2fs/${dev.mnt.blk.data}/cp_interval 200' action=boot (/system/etc/init/hw/init.rc:877) took 322ms and succeeded
[  248.186348] init: Command 'write /sys/fs/f2fs/${dev.mnt.blk.data}/cp_interval 200' action=boot (/system/etc/init/hw/init.rc:877) took 322ms and succeeded
[  248.511686] init: Command 'write /sys/fs/f2fs/${dev.mnt.blk.data}/gc_urgent_sleep_time 50' action=boot (/system/etc/init/hw/init.rc:878) took 322ms and succeeded
[  248.511686] init: Command 'write /sys/fs/f2fs/${dev.mnt.blk.data}/gc_urgent_sleep_time 50' action=boot (/system/etc/init/hw/init.rc:878) took 322ms and succeeded
[  249.314015] init: Command 'chown system system /sys/devices/system/cpu/cpufreq/interactive/timer_rate' action=boot (/system/etc/init/hw/init.rc:889) took 396ms and succeeded
[  249.314015] init: Command 'chown system system /sys/devices/system/cpu/cpufreq/interactive/timer_rate' action=boot (/system/etc/init/hw/init.rc:889) took 396ms and succeeded
[  251.023445] init: Command 'chown system system /sys/class/leds/vibrator/trigger' action=boot (/system/etc/init/hw/init.rc:917) took 865ms and succeeded
[  251.023445] init: Command 'chown system system /sys/class/leds/vibrator/trigger' action=boot (/system/etc/init/hw/init.rc:917) took 865ms and succeeded
[  251.637938] init: Command 'chown system system /sys/class/leds/keyboard-backlight/brightness' action=boot (/system/etc/init/hw/init.rc:923) took 251ms and succeeded
[  251.637938] init: Command 'chown system system /sys/class/leds/keyboard-backlight/brightness' action=boot (/system/etc/init/hw/init.rc:923) took 251ms and succeeded
[  252.567357] init: Command 'chown system system /sys/kernel/ipv4/tcp_rmem_min' action=boot (/system/etc/init/hw/init.rc:937) took 163ms and succeeded
[  252.567357] init: Command 'chown system system /sys/kernel/ipv4/tcp_rmem_min' action=boot (/system/etc/init/hw/init.rc:937) took 163ms and succeeded
[  253.106620] init: Command 'chown system system /sys/kernel/ipv4/tcp_rmem_def' action=boot (/system/etc/init/hw/init.rc:938) took 153ms and succeeded
[  253.106620] init: Command 'chown system system /sys/kernel/ipv4/tcp_rmem_def' action=boot (/system/etc/init/hw/init.rc:938) took 153ms and succeeded
[  253.738218] init: Command 'setprop net.tcp.default_init_rwnd 60' action=boot (/system/etc/init/hw/init.rc:943) took 628ms and succeeded
[  253.738218] init: Command 'setprop net.tcp.default_init_rwnd 60' action=boot (/system/etc/init/hw/init.rc:943) took 628ms and succeeded
[  253.807596] init: starting service 'hidl_memory'...
[  253.807596] init: starting service 'hidl_memory'...
[  256.056752] init: starting service 'vendor.audio-hal'...
[  256.056752] init: starting service 'vendor.audio-hal'...
[  256.545139] init: starting service 'vendor.authsecret-1-0'...
[  256.545139] init: starting service 'vendor.authsecret-1-0'...
[  256.844529] init: starting service 'vendor.bluetooth-1-1'...
[  256.844529] init: starting service 'vendor.bluetooth-1-1'...
[  257.932334] init: starting service 'vendor.camera-provider-2-4'...
[  257.932334] init: starting service 'vendor.camera-provider-2-4'...
[  258.870434] init: starting service 'vendor.camera-provider-2-6-google'...
[  258.870434] init: starting service 'vendor.camera-provider-2-6-google'...
[  259.697387] init: failed to write pid to files: couldn't write 290 to /dev/cpuset/camera-daemon/tasks: No such file or directory
[  259.697387] init: failed to write pid to files: couldn't write 290 to /dev/cpuset/camera-daemon/tasks: No such file or directory
[  259.941102] init: starting service 'vendor.contexthub-hal-1-1-mock'...
[  259.941102] init: starting service 'vendor.contexthub-hal-1-1-mock'...
[  260.128525] libprocessgroup: Failed to open /dev/cpuset/camera-daemon/tasks: No such file or directory: No such file or directory
[  260.128525] libprocessgroup: Failed to open /dev/cpuset/camera-daemon/tasks: No such file or directory: No such file or directory
[  260.170292] libprocessgroup: Failed to apply CameraServiceCapacity task profile: No such file or directory
[  260.170292] libprocessgroup: Failed to apply CameraServiceCapacity task profile: No such file or directory
[  260.342695] init: starting service 'vendor.drm-hal-1-0'...
[  260.342695] init: starting service 'vendor.drm-hal-1-0'...
[  260.786927] init: starting service 'vendor.drm-clearkey-hal-1-3'...
[  260.786927] init: starting service 'vendor.drm-clearkey-hal-1-3'...
[  261.211956] init: starting service 'vendor.drm-widevine-hal-1-3'...
[  261.211956] init: starting service 'vendor.drm-widevine-hal-1-3'...
[  261.590469] init: starting service 'vendor.gatekeeper-1-0'...
[  261.590469] init: starting service 'vendor.gatekeeper-1-0'...
[  261.887159] init: starting service 'vendor.gralloc-3-0'...
[  261.887159] init: starting service 'vendor.gralloc-3-0'...
[  262.276531] init: starting service 'vendor.hwcomposer-2-3'...
[  262.276531] init: starting service 'vendor.hwcomposer-2-3'...
[  262.813097] init: starting service 'health-hal-2-1'...
[  262.813097] init: starting service 'health-hal-2-1'...
[  262.850407] init: Opened file '/dev/kmsg', flags 1
[  262.850407] init: Opened file '/dev/kmsg', flags 1
[  263.280027] init: starting service 'neuralnetworks_hal_service_sample_all'...
[  263.280027] init: starting service 'neuralnetworks_hal_service_sample_all'...
[  263.750527] init: starting service 'neuralnetworks_hal_service_sample_float_fast'...
[  263.750527] init: starting service 'neuralnetworks_hal_service_sample_float_fast'...
[  264.462157] init: starting service 'neuralnetworks_hal_service_sample_float_slow'...
[  264.462157] init: starting service 'neuralnetworks_hal_service_sample_float_slow'...
[  265.427531] init: starting service 'neuralnetworks_hal_service_sample_minimal'...
[  265.427531] init: starting service 'neuralnetworks_hal_service_sample_minimal'...
[  265.864183] init: starting service 'neuralnetworks_hal_service_sample_quant'...
[  265.864183] init: starting service 'neuralnetworks_hal_service_sample_quant'...
[  266.341596] init: starting service 'vendor.power.stats-hal-1-0-mock'...
[  266.341596] init: starting service 'vendor.power.stats-hal-1-0-mock'...
[  266.717703] init: starting service 'vendor.sensors-hal-2-1-multihal'...
[  266.717703] init: starting service 'vendor.sensors-hal-2-1-multihal'...
[  267.331570] init: starting service 'vendor.thermal-hal-2-0-mock'...
[  267.331570] init: starting service 'vendor.thermal-hal-2-0-mock'...
[  267.785866] init: starting service 'vendor.usb-hal-1-0'...
[  267.785866] init: starting service 'vendor.usb-hal-1-0'...
[  268.327093] init: starting service 'vendor.wifi_hal_legacy'...
[  268.327093] init: starting service 'vendor.wifi_hal_legacy'...
[  269.026407] init: starting service 'vendor.identity-default'...
[  269.026407] init: starting service 'vendor.identity-default'...
[  269.572410] init: starting service 'vendor.light-default'...
[  269.572410] init: starting service 'vendor.light-default'...
[  270.178518] init: starting service 'vendor.power-default'...
[  270.178518] init: starting service 'vendor.power-default'...
[  270.925384] init: starting service 'vendor.rebootescrow-default'...
[  270.925384] init: starting service 'vendor.rebootescrow-default'...
[  271.760076] init: starting service 'vendor.vibrator-default'...
[  271.760076] init: starting service 'vendor.vibrator-default'...
[  272.291137] init: Command 'class_start hal' action=boot (/system/etc/init/hw/init.rc:946) took 18549ms and succeeded
[  272.291137] init: Command 'class_start hal' action=boot (/system/etc/init/hw/init.rc:946) took 18549ms and succeeded
[  272.376534] init: starting service 'ranchu-setup'...
[  272.376534] init: starting service 'ranchu-setup'...
[  272.640510] healthd: No battery devices found
[  272.640510] healthd: No battery devices found
[  272.988668] init: starting service 'audioserver'...
[  272.988668] init: starting service 'audioserver'...
[  273.639572] init: starting service 'credstore'...
[  273.639572] init: starting service 'credstore'...
[  274.106137] healthd: battery none chg=
[  274.106137] healthd: battery none chg=
[  274.825109] init: starting service 'gpu'...
[  274.825109] init: starting service 'gpu'...
[  275.550509] init: starting service 'surfaceflinger'...
[  275.550509] init: starting service 'surfaceflinger'...
[  275.660888] init: Could not create socket 'pdx/system/vr/display/client': Failed to bind socket 'pdx/system/vr/display/client': No such file or directory
[  275.660888] init: Could not create socket 'pdx/system/vr/display/client': Failed to bind socket 'pdx/system/vr/display/client': No such file or directory
[  275.998231] init: Could not create socket 'pdx/system/vr/display/manager': Failed to bind socket 'pdx/system/vr/display/manager': No such file or directory
[  275.998231] init: Could not create socket 'pdx/system/vr/display/manager': Failed to bind socket 'pdx/system/vr/display/manager': No such file or directory
[  276.163592] init: Could not create socket 'pdx/system/vr/display/vsync': Failed to bind socket 'pdx/system/vr/display/vsync': No such file or directory
[  276.163592] init: Could not create socket 'pdx/system/vr/display/vsync': Failed to bind socket 'pdx/system/vr/display/vsync': No such file or directory
[  276.800100] init: Command 'class_start core' action=boot (/system/etc/init/hw/init.rc:948) took 4506ms and succeeded
[  276.800100] init: Command 'class_start core' action=boot (/system/etc/init/hw/init.rc:948) took 4506ms and succeeded
[  276.808988] init: starting service 'exec 13 (/system/bin/fsverity_init)'...
[  276.808988] init: starting service 'exec 13 (/system/bin/fsverity_init)'...
[  277.219165] init: SVC_EXEC service 'exec 13 (/system/bin/fsverity_init)' pid 330 (uid 0 gid 0+0 context default) started; waiting...
[  277.219165] init: SVC_EXEC service 'exec 13 (/system/bin/fsverity_init)' pid 330 (uid 0 gid 0+0 context default) started; waiting...
[  277.302438] init: Command 'exec -- /system/bin/fsverity_init' action=boot (/system/etc/init/hw/init.rc:951) took 499ms and succeeded
[  277.302438] init: Command 'exec -- /system/bin/fsverity_init' action=boot (/system/etc/init/hw/init.rc:951) took 499ms and succeeded
[  284.261576] init: Service 'exec 13 (/system/bin/fsverity_init)' (pid 330) exited with status 0 waiting took 7.187000 seconds
[  284.261576] init: Service 'exec 13 (/system/bin/fsverity_init)' (pid 330) exited with status 0 waiting took 7.187000 seconds
[  284.263505] init: Sending signal 9 to service 'exec 13 (/system/bin/fsverity_init)' (pid 330) process group...
[  284.263505] init: Sending signal 9 to service 'exec 13 (/system/bin/fsverity_init)' (pid 330) process group...
[  284.268092] libprocessgroup: Successfully killed process cgroup uid 0 pid 330 in 2ms
[  284.268092] libprocessgroup: Successfully killed process cgroup uid 0 pid 330 in 2ms
[  284.332396] init: processing action (persist.sys.usb.config=* && boot) from (/system/etc/init/hw/init.usb.rc:105)
[  284.332396] init: processing action (persist.sys.usb.config=* && boot) from (/system/etc/init/hw/init.usb.rc:105)
[  284.418701] init: processing action (boot) from (/vendor/etc/init/hw/init.ranchu.rc:65)
[  284.418701] init: processing action (boot) from (/vendor/etc/init/hw/init.ranchu.rc:65)
[  284.466028] init: Unable to set property 'ro.hardware.egl' from uid:0 gid:0 pid:128: Read-only property was already set
[  284.466028] init: Unable to set property 'ro.hardware.egl' from uid:0 gid:0 pid:128: Read-only property was already set
[  284.474512] init: Command 'setprop ro.hardware.egl emulation' action=boot (/vendor/etc/init/hw/init.ranchu.rc:66) took 54ms and succeeded
[  284.474512] init: Command 'setprop ro.hardware.egl emulation' action=boot (/vendor/etc/init/hw/init.ranchu.rc:66) took 54ms and succeeded
[  284.565808] init: Command 'setprop debug.sf.vsync_reactor 0' action=boot (/vendor/etc/init/hw/init.ranchu.rc:67) took 89ms and succeeded
[  284.565808] init: Command 'setprop debug.sf.vsync_reactor 0' action=boot (/vendor/etc/init/hw/init.ranchu.rc:67) took 89ms and succeeded
[  284.664510] init: Command 'setprop debug.hwui.renderer opengl' action=boot (/vendor/etc/init/hw/init.ranchu.rc:68) took 96ms and succeeded
[  284.664510] init: Command 'setprop debug.hwui.renderer opengl' action=boot (/vendor/etc/init/hw/init.ranchu.rc:68) took 96ms and succeeded
[  284.671444] init: Command 'setprop debug.hwui.renderer ${ro.kernel.qemu.uirenderer}' action=boot (/vendor/etc/init/hw/init.ranchu.rc:69) took 4ms and failed: property 'ro.kernel.qemu.uirenderer' doesn't exist while expanding '${ro.kernel.qemu.uirenderer}'
[  284.671444] init: Command 'setprop debug.hwui.renderer ${ro.kernel.qemu.uirenderer}' action=boot (/vendor/etc/init/hw/init.ranchu.rc:69) took 4ms and failed: property 'ro.kernel.qemu.uirenderer' doesn't exist while expanding '${ro.kernel.qemu.uirenderer}'
[  284.734368] init: Command 'setprop ro.opengles.version ${ro.kernel.qemu.opengles.version}' action=boot (/vendor/etc/init/hw/init.ranchu.rc:70) took 1ms and failed: property 'ro.kernel.qemu.opengles.version' doesn't exist while expanding '${ro.kernel.qemu.opengles.version}'
[  284.734368] init: Command 'setprop ro.opengles.version ${ro.kernel.qemu.opengles.version}' action=boot (/vendor/etc/init/hw/init.ranchu.rc:70) took 1ms and failed: property 'ro.kernel.qemu.opengles.version' doesn't exist while expanding '${ro.kernel.qemu.opengles.version}'
[  284.989242] init: Command 'setprop dalvik.vm.heapsize 192m' action=boot (/vendor/etc/init/hw/init.ranchu.rc:79) took 83ms and succeeded
[  284.989242] init: Command 'setprop dalvik.vm.heapsize 192m' action=boot (/vendor/etc/init/hw/init.ranchu.rc:79) took 83ms and succeeded
[  284.993615] init: Command 'setprop dalvik.vm.heapsize ${ro.kernel.qemu.dalvik.vm.heapsize}' action=boot (/vendor/etc/init/hw/init.ranchu.rc:80) took 1ms and failed: property 'ro.kernel.qemu.dalvik.vm.heapsize' doesn't exist while expanding '${ro.kernel.qemu.dalvik.vm.heapsize}'
[  284.993615] init: Command 'setprop dalvik.vm.heapsize ${ro.kernel.qemu.dalvik.vm.heapsize}' action=boot (/vendor/etc/init/hw/init.ranchu.rc:80) took 1ms and failed: property 'ro.kernel.qemu.dalvik.vm.heapsize' doesn't exist while expanding '${ro.kernel.qemu.dalvik.vm.heapsize}'
[  285.088643] init: Command 'setprop ro.hardware.audio.primary goldfish' action=boot (/vendor/etc/init/hw/init.ranchu.rc:83) took 87ms and succeeded
[  285.088643] init: Command 'setprop ro.hardware.audio.primary goldfish' action=boot (/vendor/etc/init/hw/init.ranchu.rc:83) took 87ms and succeeded
[  285.165789] init: Command 'setprop wifi.interface wlan0' action=boot (/vendor/etc/init/hw/init.ranchu.rc:85) took 75ms and succeeded
[  285.165789] init: Command 'setprop wifi.interface wlan0' action=boot (/vendor/etc/init/hw/init.ranchu.rc:85) took 75ms and succeeded
[  285.283010] init: Command 'setprop wifi.direct.interface p2p-dev-wlan0' action=boot (/vendor/etc/init/hw/init.ranchu.rc:86) took 115ms and succeeded
[  285.283010] init: Command 'setprop wifi.direct.interface p2p-dev-wlan0' action=boot (/vendor/etc/init/hw/init.ranchu.rc:86) took 115ms and succeeded
[  285.376581] init: starting service 'goldfish-logcat'...
[  285.376581] init: starting service 'goldfish-logcat'...
[  285.745308] init: Command 'start goldfish-logcat' action=boot (/vendor/etc/init/hw/init.ranchu.rc:88) took 458ms and succeeded
[  285.745308] init: Command 'start goldfish-logcat' action=boot (/vendor/etc/init/hw/init.ranchu.rc:88) took 458ms and succeeded
[  285.808122] init: processing action (boot) from (/system/etc/init/dumpstate.rc:1)
[  285.808122] init: processing action (boot) from (/system/etc/init/dumpstate.rc:1)
[  285.843468] init: processing action (boot) from (/system/etc/init/gsid.rc:20)
[  285.843468] init: processing action (boot) from (/system/etc/init/gsid.rc:20)
[  285.916632] init: starting service 'exec 14 (/system/bin/gsid run-startup-tasks)'...
[  285.916632] init: starting service 'exec 14 (/system/bin/gsid run-startup-tasks)'...
[  286.198702] init: Command 'exec_background - root root -- /system/bin/gsid run-startup-tasks' action=boot (/system/etc/init/gsid.rc:21) took 299ms and succeeded
[  286.198702] init: Command 'exec_background - root root -- /system/bin/gsid run-startup-tasks' action=boot (/system/etc/init/gsid.rc:21) took 299ms and succeeded
[  286.270572] init: processing action (enable_property_trigger) from (<Builtin Action>:0)
[  286.270572] init: processing action (enable_property_trigger) from (<Builtin Action>:0)
[  286.321708] init: processing action (apexd.status=ready && ro.product.cpu.abilist64=*) from (/system/etc/init/hw/init.rc:91)
[  286.321708] init: processing action (apexd.status=ready && ro.product.cpu.abilist64=*) from (/system/etc/init/hw/init.rc:91)
[  286.398799] init: starting service 'boringssl_self_test_apex64'...
[  286.398799] init: starting service 'boringssl_self_test_apex64'...
[  286.724362] init: SVC_EXEC service 'boringssl_self_test_apex64' pid 355 (uid 0 gid 0+0 context default) started; waiting...
[  286.724362] init: SVC_EXEC service 'boringssl_self_test_apex64' pid 355 (uid 0 gid 0+0 context default) started; waiting...
[  286.750843] init: Command 'exec_start boringssl_self_test_apex64' action=apexd.status=ready && ro.product.cpu.abilist64=* (/system/etc/init/hw/init.rc:92) took 427ms and succeeded
[  286.750843] init: Command 'exec_start boringssl_self_test_apex64' action=apexd.status=ready && ro.product.cpu.abilist64=* (/system/etc/init/hw/init.rc:92) took 427ms and succeeded
[  288.495085] init: Service 'goldfish-logcat' (pid 345) exited with status 0 oneshot service took 2.987000 seconds in background
[  288.495085] init: Service 'goldfish-logcat' (pid 345) exited with status 0 oneshot service took 2.987000 seconds in background
[  288.498816] init: Sending signal 9 to service 'goldfish-logcat' (pid 345) process group...
[  288.498816] init: Sending signal 9 to service 'goldfish-logcat' (pid 345) process group...
[  288.544101] libprocessgroup: Successfully killed process cgroup uid 1036 pid 345 in 43ms
[  288.544101] libprocessgroup: Successfully killed process cgroup uid 1036 pid 345 in 43ms
[  288.925455] init: Service 'boringssl_self_test_apex64' (pid 355) exited with status 0 waiting took 2.444000 seconds
[  288.925455] init: Service 'boringssl_self_test_apex64' (pid 355) exited with status 0 waiting took 2.444000 seconds
[  288.934380] init: Sending signal 9 to service 'boringssl_self_test_apex64' (pid 355) process group...
[  288.934380] init: Sending signal 9 to service 'boringssl_self_test_apex64' (pid 355) process group...
[  288.937282] libprocessgroup: Successfully killed process cgroup uid 0 pid 355 in 1ms
[  288.937282] libprocessgroup: Successfully killed process cgroup uid 0 pid 355 in 1ms
[  289.024025] init: processing action (sys.init.perf_lsm_hooks=1) from (/system/etc/init/hw/init.rc:1017)
[  289.024025] init: processing action (sys.init.perf_lsm_hooks=1) from (/system/etc/init/hw/init.rc:1017)
[  289.107950] init: processing action (security.perf_harden=1) from (/system/etc/init/hw/init.rc:1031)
[  289.107950] init: processing action (security.perf_harden=1) from (/system/etc/init/hw/init.rc:1031)
[  289.188495] init: processing action (ro.debuggable=1) from (/system/etc/init/hw/init.rc:1058)
[  289.188495] init: processing action (ro.debuggable=1) from (/system/etc/init/hw/init.rc:1058)
[  289.224089] init: processing action (sys.usb.config=adb && sys.usb.configfs=0) from (/system/etc/init/hw/init.usb.rc:37)
[  289.224089] init: processing action (sys.usb.config=adb && sys.usb.configfs=0) from (/system/etc/init/hw/init.usb.rc:37)
[  289.283939] init: Command 'write /sys/class/android_usb/android0/enable 0' action=sys.usb.config=adb && sys.usb.configfs=0 (/system/etc/init/hw/init.usb.rc:38) took 1ms and failed: Unable to write to file '/sys/class/android_usb/android0/enable': open() failed: Permission denied
[  289.283939] init: Command 'write /sys/class/android_usb/android0/enable 0' action=sys.usb.config=adb && sys.usb.configfs=0 (/system/etc/init/hw/init.usb.rc:38) took 1ms and failed: Unable to write to file '/sys/class/android_usb/android0/enable': open() failed: Permission denied
[  289.344007] init: Command 'write /sys/class/android_usb/android0/idVendor 18d1' action=sys.usb.config=adb && sys.usb.configfs=0 (/system/etc/init/hw/init.usb.rc:39) took 1ms and failed: Unable to write to file '/sys/class/android_usb/android0/idVendor': open() failed: Permission denied
[  289.344007] init: Command 'write /sys/class/android_usb/android0/idVendor 18d1' action=sys.usb.config=adb && sys.usb.configfs=0 (/system/etc/init/hw/init.usb.rc:39) took 1ms and failed: Unable to write to file '/sys/class/android_usb/android0/idVendor': open() failed: Permission denied
[  289.395456] init: Command 'write /sys/class/android_usb/android0/idProduct 4EE7' action=sys.usb.config=adb && sys.usb.configfs=0 (/system/etc/init/hw/init.usb.rc:40) took 1ms and failed: Unable to write to file '/sys/class/android_usb/android0/idProduct': open() failed: Permission denied
[  289.395456] init: Command 'write /sys/class/android_usb/android0/idProduct 4EE7' action=sys.usb.config=adb && sys.usb.configfs=0 (/system/etc/init/hw/init.usb.rc:40) took 1ms and failed: Unable to write to file '/sys/class/android_usb/android0/idProduct': open() failed: Permission denied
[  289.443092] init: Service 'ranchu-setup' (pid 320) exited with status 0 oneshot service took 16.870001 seconds in background
[  289.443092] init: Service 'ranchu-setup' (pid 320) exited with status 0 oneshot service took 16.870001 seconds in background
[  289.444497] init: Sending signal 9 to service 'ranchu-setup' (pid 320) process group...
[  289.444497] init: Sending signal 9 to service 'ranchu-setup' (pid 320) process group...
[  289.476125] libprocessgroup: Successfully killed process cgroup uid 0 pid 320 in 1ms
[  289.476125] libprocessgroup: Successfully killed process cgroup uid 0 pid 320 in 1ms
[  289.528937] init: Command 'write /sys/class/android_usb/android0/functions ${sys.usb.config}' action=sys.usb.config=adb && sys.usb.configfs=0 (/system/etc/init/hw/init.usb.rc:41) took 1ms and failed: Unable to write to file '/sys/class/android_usb/android0/functions': open() failed: Permission denied
[  289.528937] init: Command 'write /sys/class/android_usb/android0/functions ${sys.usb.config}' action=sys.usb.config=adb && sys.usb.configfs=0 (/system/etc/init/hw/init.usb.rc:41) took 1ms and failed: Unable to write to file '/sys/class/android_usb/android0/functions': open() failed: Permission denied
[  289.598922] init: Command 'write /sys/class/android_usb/android0/enable 1' action=sys.usb.config=adb && sys.usb.configfs=0 (/system/etc/init/hw/init.usb.rc:42) took 11ms and failed: Unable to write to file '/sys/class/android_usb/android0/enable': open() failed: Permission denied
[  289.598922] init: Command 'write /sys/class/android_usb/android0/enable 1' action=sys.usb.config=adb && sys.usb.configfs=0 (/system/etc/init/hw/init.usb.rc:42) took 11ms and failed: Unable to write to file '/sys/class/android_usb/android0/enable': open() failed: Permission denied
[  289.642554] init: starting service 'adbd'...
[  289.642554] init: starting service 'adbd'...
[  289.700205] init: Created socket '/dev/socket/adbd', mode 660, user 1000, group 1000
[  289.700205] init: Created socket '/dev/socket/adbd', mode 660, user 1000, group 1000
[  289.890691] init: Command 'start adbd' action=sys.usb.config=adb && sys.usb.configfs=0 (/system/etc/init/hw/init.usb.rc:43) took 254ms and succeeded
[  289.890691] init: Command 'start adbd' action=sys.usb.config=adb && sys.usb.configfs=0 (/system/etc/init/hw/init.usb.rc:43) took 254ms and succeeded
[  289.943606] init: processing action (qemu.networknamespace=ready) from (/vendor/etc/init/hw/init.ranchu.rc:109)
[  289.943606] init: processing action (qemu.networknamespace=ready) from (/vendor/etc/init/hw/init.ranchu.rc:109)
[  289.983190] init: starting service 'ranchu-net'...
[  289.983190] init: starting service 'ranchu-net'...
[  290.172878] init: Command 'start ranchu-net' action=qemu.networknamespace=ready (/vendor/etc/init/hw/init.ranchu.rc:110) took 226ms and succeeded
[  290.172878] init: Command 'start ranchu-net' action=qemu.networknamespace=ready (/vendor/etc/init/hw/init.ranchu.rc:110) took 226ms and succeeded
[  290.176960] init: Service 'exec 14 (/system/bin/gsid run-startup-tasks)' (pid 350) exited with status 0 oneshot service took 4.132000 seconds in background
[  290.176960] init: Service 'exec 14 (/system/bin/gsid run-startup-tasks)' (pid 350) exited with status 0 oneshot service took 4.132000 seconds in background
[  290.206166] init: Sending signal 9 to service 'exec 14 (/system/bin/gsid run-startup-tasks)' (pid 350) process group...
[  290.206166] init: Sending signal 9 to service 'exec 14 (/system/bin/gsid run-startup-tasks)' (pid 350) process group...
[  290.230375] libprocessgroup: Successfully killed process cgroup uid 0 pid 350 in 22ms
[  290.230375] libprocessgroup: Successfully killed process cgroup uid 0 pid 350 in 22ms
[  290.233789] init: processing action (init.svc.audioserver=running) from (/system/etc/init/audioserver.rc:32)
[  290.233789] init: processing action (init.svc.audioserver=running) from (/system/etc/init/audioserver.rc:32)
[  290.294321] init: Command 'start vendor.audio-hal-4-0-msd' action=init.svc.audioserver=running (/system/etc/init/audioserver.rc:34) took 0ms and failed: service vendor.audio-hal-4-0-msd not found
[  290.294321] init: Command 'start vendor.audio-hal-4-0-msd' action=init.svc.audioserver=running (/system/etc/init/audioserver.rc:34) took 0ms and failed: service vendor.audio-hal-4-0-msd not found
[  290.297200] init: Command 'start vendor.audio-hal-2-0' action=init.svc.audioserver=running (/system/etc/init/audioserver.rc:36) took 0ms and failed: service vendor.audio-hal-2-0 not found
[  290.297200] init: Command 'start vendor.audio-hal-2-0' action=init.svc.audioserver=running (/system/etc/init/audioserver.rc:36) took 0ms and failed: service vendor.audio-hal-2-0 not found
[  290.339075] init: Command 'start audio-hal-2-0' action=init.svc.audioserver=running (/system/etc/init/audioserver.rc:37) took 0ms and failed: service audio-hal-2-0 not found
[  290.339075] init: Command 'start audio-hal-2-0' action=init.svc.audioserver=running (/system/etc/init/audioserver.rc:37) took 0ms and failed: service audio-hal-2-0 not found
[  290.341270] init: processing action (ro.persistent_properties.ready=true) from (/system/etc/init/bootstat.rc:67)
[  290.341270] init: processing action (ro.persistent_properties.ready=true) from (/system/etc/init/bootstat.rc:67)
[  290.396371] init: processing action (ro.persistent_properties.ready=true) from (/system/etc/init/bootstat.rc:71)
[  290.396371] init: processing action (ro.persistent_properties.ready=true) from (/system/etc/init/bootstat.rc:71)
[  290.460394] init: starting service 'exec 15 (/system/bin/bootstat --set_system_boot_reason)'...
[  290.460394] init: starting service 'exec 15 (/system/bin/bootstat --set_system_boot_reason)'...
[  290.674816] init: Command 'exec_background - system log -- /system/bin/bootstat --set_system_boot_reason' action=ro.persistent_properties.ready=true (/system/etc/init/bootstat.rc:74) took 201ms and succeeded
[  290.674816] init: Command 'exec_background - system log -- /system/bin/bootstat --set_system_boot_reason' action=ro.persistent_properties.ready=true (/system/etc/init/bootstat.rc:74) took 201ms and succeeded
[  290.724117] init: processing action (persist.heapprofd.enable= && traced.lazy.heapprofd=) from (/system/etc/init/heapprofd.rc:34)
[  290.724117] init: processing action (persist.heapprofd.enable= && traced.lazy.heapprofd=) from (/system/etc/init/heapprofd.rc:34)
[  290.900780] init: Command 'stop heapprofd' action=persist.heapprofd.enable= && traced.lazy.heapprofd= (/system/etc/init/heapprofd.rc:35) took 117ms and succeeded
[  290.900780] init: Command 'stop heapprofd' action=persist.heapprofd.enable= && traced.lazy.heapprofd= (/system/etc/init/heapprofd.rc:35) took 117ms and succeeded
[  290.905216] init: processing action (ro.debuggable=1) from (/system/etc/init/llkd-debuggable.rc:1)
[  290.905216] init: processing action (ro.debuggable=1) from (/system/etc/init/llkd-debuggable.rc:1)
[  291.022320] init: Command 'setprop llk.enable ${ro.llk.enable:-1}' action=ro.debuggable=1 (/system/etc/init/llkd-debuggable.rc:2) took 89ms and succeeded
[  291.022320] init: Command 'setprop llk.enable ${ro.llk.enable:-1}' action=ro.debuggable=1 (/system/etc/init/llkd-debuggable.rc:2) took 89ms and succeeded
[  291.123381] init: Command 'setprop khungtask.enable ${ro.khungtask.enable:-1}' action=ro.debuggable=1 (/system/etc/init/llkd-debuggable.rc:3) took 84ms and succeeded
[  291.123381] init: Command 'setprop khungtask.enable ${ro.khungtask.enable:-1}' action=ro.debuggable=1 (/system/etc/init/llkd-debuggable.rc:3) took 84ms and succeeded
[  291.140815] init: processing action (ro.debuggable=*) from (/system/etc/init/llkd.rc:2)
[  291.140815] init: processing action (ro.debuggable=*) from (/system/etc/init/llkd.rc:2)
[  291.306862] init: Command 'setprop khungtask.enable ${ro.khungtask.enable:-0}' action=ro.debuggable=* (/system/etc/init/llkd.rc:4) took 108ms and succeeded
[  291.306862] init: Command 'setprop khungtask.enable ${ro.khungtask.enable:-0}' action=ro.debuggable=* (/system/etc/init/llkd.rc:4) took 108ms and succeeded
[  291.322653] init: processing action (debug.atrace.user_initiated= && persist.traced.enable=1) from (/system/etc/init/perfetto.rc:47)
[  291.322653] init: processing action (debug.atrace.user_initiated= && persist.traced.enable=1) from (/system/etc/init/perfetto.rc:47)
[  291.369431] init: starting service 'traced_probes'...
[  291.369431] init: starting service 'traced_probes'...
[  291.419351] init: Opened file '/dev/kmsg', flags 1
[  291.419351] init: Opened file '/dev/kmsg', flags 1
[  291.765413] init: Command 'start traced_probes' action=debug.atrace.user_initiated= && persist.traced.enable=1 (/system/etc/init/perfetto.rc:48) took 439ms and succeeded
[  291.765413] init: Command 'start traced_probes' action=debug.atrace.user_initiated= && persist.traced.enable=1 (/system/etc/init/perfetto.rc:48) took 439ms and succeeded
[  291.768807] init: processing action (persist.traced.enable=1) from (/system/etc/init/perfetto.rc:50)
[  291.768807] init: processing action (persist.traced.enable=1) from (/system/etc/init/perfetto.rc:50)
[  291.880232] init: Command 'mkdir /data/misc/perfetto-traces 0773 root shell' action=persist.traced.enable=1 (/system/etc/init/perfetto.rc:57) took 89ms and succeeded
[  291.880232] init: Command 'mkdir /data/misc/perfetto-traces 0773 root shell' action=persist.traced.enable=1 (/system/etc/init/perfetto.rc:57) took 89ms and succeeded
[  291.971736] init: starting service 'traced'...
[  291.971736] init: starting service 'traced'...
[  292.074103] init: Created socket '/dev/socket/traced_consumer', mode 666, user 0, group 0
[  292.074103] init: Created socket '/dev/socket/traced_consumer', mode 666, user 0, group 0
[  292.155876] init: Created socket '/dev/socket/traced_producer', mode 666, user 0, group 0
[  292.155876] init: Created socket '/dev/socket/traced_producer', mode 666, user 0, group 0
[  292.441117] init: Command 'start traced' action=persist.traced.enable=1 (/system/etc/init/perfetto.rc:59) took 501ms and succeeded
[  292.441117] init: Command 'start traced' action=persist.traced.enable=1 (/system/etc/init/perfetto.rc:59) took 501ms and succeeded
[  292.445382] init: processing action (persist.traced_perf.enable= && sys.init.perf_lsm_hooks=1 && traced.lazy.traced_perf=) from (/system/etc/init/traced_perf.rc:43)
[  292.445382] init: processing action (persist.traced_perf.enable= && sys.init.perf_lsm_hooks=1 && traced.lazy.traced_perf=) from (/system/etc/init/traced_perf.rc:43)
[  292.613552] init: Command 'stop traced_perf' action=persist.traced_perf.enable= && sys.init.perf_lsm_hooks=1 && traced.lazy.traced_perf= (/system/etc/init/traced_perf.rc:44) took 111ms and succeeded
[  292.613552] init: Command 'stop traced_perf' action=persist.traced_perf.enable= && sys.init.perf_lsm_hooks=1 && traced.lazy.traced_perf= (/system/etc/init/traced_perf.rc:44) took 111ms and succeeded
[  292.617734] init: processing action (nonencrypted) from (/system/etc/init/hw/init.rc:953)
[  292.617734] init: processing action (nonencrypted) from (/system/etc/init/hw/init.rc:953)
[  292.706165] init: starting service 'cameraserver'...
[  292.706165] init: starting service 'cameraserver'...
[  293.039028] init: starting service 'drm'...
[  293.039028] init: starting service 'drm'...
[  293.382550] init: starting service 'idmap2d'...
[  293.382550] init: starting service 'idmap2d'...
[  293.446675] libprocessgroup: Failed to open /dev/cpuset/camera-daemon/tasks: No such file or directory: No such file or directory
[  293.446675] libprocessgroup: Failed to open /dev/cpuset/camera-daemon/tasks: No such file or directory: No such file or directory
[  293.448949] libprocessgroup: Failed to apply CameraServiceCapacity task profile: No such file or directory
[  293.448949] libprocessgroup: Failed to apply CameraServiceCapacity task profile: No such file or directory
[  293.773712] init: starting service 'incidentd'...
[  293.773712] init: starting service 'incidentd'...
[  294.085288] init: starting service 'installd'...
[  294.085288] init: starting service 'installd'...
[  295.647378] init: starting service 'iorapd'...
[  295.647378] init: starting service 'iorapd'...
[  296.118092] init: starting service 'keystore'...
[  296.118092] init: starting service 'keystore'...
[  296.799159] init: starting service 'mediaextractor'...
[  296.799159] init: starting service 'mediaextractor'...
[  297.340402] init: starting service 'mediametrics'...
[  297.340402] init: starting service 'mediametrics'...
[  297.864684] init: starting service 'media'...
[  297.864684] init: starting service 'media'...
[  298.524344] init: starting service 'storaged'...
[  298.524344] init: starting service 'storaged'...
[  298.651347] init: Could not open file '/d/mmc0/mmc0:0001/ext_csd': Failed to open file '/d/mmc0/mmc0:0001/ext_csd': No such file or directory
[  298.651347] init: Could not open file '/d/mmc0/mmc0:0001/ext_csd': Failed to open file '/d/mmc0/mmc0:0001/ext_csd': No such file or directory
[  299.241227] init: starting service 'wificond'...
[  299.241227] init: starting service 'wificond'...
[  299.911977] init: starting service 'vendor.media.omx'...
[  299.911977] init: starting service 'vendor.media.omx'...
[  300.611130] init: starting service 'vendor.ril-daemon'...
[  300.611130] init: starting service 'vendor.ril-daemon'...
