INFO         | Feature 'RefCountPipe' (61) is overridden to 'disabled'
INFO         | Guest Driver: Auto (ext controls)
INFO         | emuglConfig_init: vulkan_mode_selected:host gles_mode_selected:host
INFO         | emuglConfig_get_vulkan_hardware_gpu_support_info: Found physical GPU 'NVIDIA GeForce RTX 2060', type: VK_PHYSICAL_DEVICE_TYPE_DISCRETE_GPU, apiVersion: 1.4.303, driverVersion: 576.80

INFO         | Initializing gfxstream backend
INFO         | startOpenglesRendererImpl: gpu info
INFO         | GPU #1
  Make: 10de
  Model: NVIDIA GeForce RTX 2060
  Device ID: 1f08

INFO         | Disabling implicit Vulkan layers to avoid compatibility issues. Set VK_LOADER_LAYERS_DISABLE manually to disable this behavior.
INFO         | SharedLibrary::open for [C:\Android\Sdk\emulator\qemu\windows-x86_64\lib64\vulkan\vulkan-1.dll]
INFO         | SharedLibrary::open for [C:\Android\Sdk\emulator\qemu\windows-x86_64\lib64\vulkan\vulkan-1.dll]
INFO         | SharedLibrary::open for [vulkan-1.dll]
INFO         | Added library: vulkan-1.dll
INFO         | Selecting Vulkan device: NVIDIA GeForce RTX 2060, Version: 1.4.303
INFO         | Using Vulkan externalMemoryMode: OpaqueWin32 for VkEmulation
INFO         | Initializing VkEmulation features:
INFO         |     glInteropSupported: true
INFO         |     useDeferredCommands: true
INFO         |     createResourceWithRequirements: true
INFO         |     useVulkanComposition: false
INFO         |     useVulkanNativeSwapchain: false
INFO         |     enable guestRenderDoc: false
INFO         |     ASTC LDR emulation mode: Gpu
INFO         |     enable ETC2 emulation: true
INFO         |     enable Ycbcr emulation: false
INFO         |     guestVulkanOnly: false
INFO         |     useDedicatedAllocations: false
INFO         |     guestVulkanMaxApiVersion: 1.3.0
INFO         |     enableProtectedMemoryEmulation: false
INFO         | Graphics Adapter Vendor Google (NVIDIA Corporation)
INFO         | Graphics Adapter Android Emulator OpenGL ES Translator (NVIDIA GeForce RTX 2060/PCIe/SSE2)
INFO         | Graphics API Version OpenGL ES 3.0 (4.5.0 NVIDIA 576.80)
INFO         | Graphics API Extensions GL_OES_EGL_sync GL_OES_EGL_image GL_OES_EGL_image_external GL_OES_depth24 GL_OES_depth32 GL_OES_element_index_uint GL_OES_texture_float GL_OES_texture_float_linear GL_OES_compressed_paletted_texture GL_OES_compressed_ETC1_RGB8_texture GL_OES_depth_texture GL_OES_texture_half_float GL_OES_texture_half_float_linear GL_OES_packed_depth_stencil GL_OES_vertex_half_float GL_OES_texture_npot GL_OES_rgb8_rgba8 GL_OVR_multiview2 GL_EXT_multiview_texture_multisample GL_EXT_color_buffer_float GL_EXT_color_buffer_half_float GL_EXT_texture_format_BGRA8888 GL_APPLE_texture_format_BGRA8888 GL_EXT_texture_buffer 
INFO         | Graphics Device Extensions N/A
INFO         | Disabling sparse binding feature support
INFO         | Feature 'GLAsyncSwap' (50) is overridden to 'disabled'
[    0.000000] Booting Linux on physical CPU 0x0000000000 [0x411fd070]
[    0.000000] Linux version 5.4.249-android11-2-00004-g212a7aaded26-ab10688362 (build-user@build-host) (Android (7284624, based on r416183b) clang version 12.0.5 (https://android.googlesource.com/toolchain/llvm-project c935d99d7cf2016289302412d708641d52d2f7ee), LLD 12.0.5 (/buildbot/src/android/llvm-toolchain/out/llvm-project/lld c935d99d7cf2016289302412d708641d52d2f7ee)) #1 SMP PREEMPT Mon Aug 21 12:17:45 UTC 2023
[    0.000000] Machine model: linux,ranchu
[    0.000000] printk: debug: skip boot console de-registration.
[    0.000000] efi: Getting EFI parameters from FDT:
[    0.000000] efi: UEFI not found.
[    0.000000] cma: Reserved 16 MiB at 0x00000000ff000000
[    0.000000] psci: probing for conduit method from DT.
[    0.000000] psci: PSCIv0.2 detected in firmware.
[    0.000000] psci: Using standard PSCI v0.2 function IDs
[    0.000000] psci: Trusted OS migration not required
[    0.000000] percpu: Embedded 32 pages/cpu s90264 r8192 d32616 u131072
[    0.000000] Detected PIPT I-cache on CPU0
[    0.000000] CPU features: detected: ARM erratum 832075
[    0.000000] CPU features: detected: EL2 vector hardening
[    0.000000] ARM_SMCCC_ARCH_WORKAROUND_1 missing from firmware
[    0.000000] CPU features: detected: Spectre-BHB
[    0.000000] CPU features: detected: ARM erratum 1742098
[    0.000000] Built 1 zonelists, mobility grouping on.  Total pages: 1032192
[    0.000000] Kernel command line: 8250.nr_uarts=1 no_timer_check console=ttyAMA0,38400 keep_bootcon earlyprintk=ttyAMA0 loop.max_part=7 printk.devkmsg=on android.qemud=1 androidboot.boot_devices=a003600.virtio_mmio androidboot.logical_partitions=1 androidboot.hardware=ranchu androidboot.serialno=WARBOTARM64 androidboot.vbmeta.digest=15e6b2e26d1523b6c38c0a60d5ac8f8cf547364c343d16e58338814e45faa6a8 androidboot.vbmeta.hash_alg=sha256 androidboot.vbmeta.size=6720 qemu=1 androidboot.qemu=1 qemu.encrypt=1 qemu.gles=1 qemu.media.ccodec=0 qemu.gltransport=pipe qemu.opengles.version=131072 qemu.skin=1060x2376 qemu.virtiowifi=0 qemu.vsync=60
[    0.000000] Dentry cache hash table entries: 524288 (order: 10, 4194304 bytes, linear)
[    0.000000] Inode-cache hash table entries: 262144 (order: 9, 2097152 bytes, linear)
[    0.000000] mem auto-init: stack:all(zero), heap alloc:on, heap free:off
[    0.000000] software IO TLB: mapped [mem 0xfb000000-0xff000000] (64MB)
[    0.000000] Memory: 4002796K/4194304K available (14164K kernel code, 1192K rwdata, 9688K rodata, 1216K init, 552K bss, 175124K reserved, 16384K cma-reserved)
[    0.000000] SLUB: HWalign=64, Order=0-3, MinObjects=0, CPUs=4, Nodes=1
[    0.000000] rcu: Preemptible hierarchical RCU implementation.
[    0.000000] rcu: 	RCU dyntick-idle grace-period acceleration is enabled.
[    0.000000] rcu: 	RCU restricting CPUs from NR_CPUS=32 to nr_cpu_ids=4.
[    0.000000] 	Tasks RCU enabled.
[    0.000000] rcu: RCU calculated value of scheduler-enlistment delay is 25 jiffies.
[    0.000000] rcu: Adjusting geometry for rcu_fanout_leaf=16, nr_cpu_ids=4
[    0.000000] NR_IRQS: 64, nr_irqs: 64, preallocated irqs: 0
[    0.000000] GICv2m: range[mem 0x08020000-0x08020fff], SPI[96:159]
[    0.000000] rcu: 	Offload RCU callbacks from CPUs: (none).
[    0.000000] arch_timer: cp15 timer(s) running at 62.50MHz (virt).
[    0.000000] clocksource: arch_sys_counter: mask: 0xffffffffffffff max_cycles: 0x1cd42e208c, max_idle_ns: 881590405314 ns
[    0.000080] sched_clock: 56 bits at 62MHz, resolution 16ns, wraps every 4398046511096ns
[    0.008666] Calibrating delay loop (skipped), value calculated using timer frequency.. 125.00 BogoMIPS (lpj=250000)
[    0.008842] pid_max: default: 32768 minimum: 301
[    0.010710] LSM: Security Framework initializing
[    0.011725] SELinux:  Initializing.
[    0.012833] Mount-cache hash table entries: 8192 (order: 4, 65536 bytes, linear)
[    0.012904] Mountpoint-cache hash table entries: 8192 (order: 4, 65536 bytes, linear)
[    0.055827] ASID allocator initialised with 32768 entries
[    0.057064] rcu: Hierarchical SRCU implementation.
[    0.060089] dynamic_debug:dynamic_debug_init: Ignore empty _ddebug table in a CONFIG_DYNAMIC_DEBUG_CORE build
[    0.060801] EFI services will not be available.
[    0.068440] smp: Bringing up secondary CPUs ...
[    0.073929] Detected PIPT I-cache on CPU1
[    0.075956] CPU1: Booted secondary processor 0x0000000001 [0x411fd070]
[    0.084861] Detected PIPT I-cache on CPU2
[    0.085153] CPU2: Booted secondary processor 0x0000000002 [0x411fd070]
[    0.089867] Detected PIPT I-cache on CPU3
[    0.090341] CPU3: Booted secondary processor 0x0000000003 [0x411fd070]
[    0.091241] smp: Brought up 1 node, 4 CPUs
[    0.091361] SMP: Total of 4 processors activated.
[    0.091481] CPU features: detected: 32-bit EL0 Support
[    0.091588] CPU features: detected: CRC32 instructions
[    1.218582] CPU features: emulated: Privileged Access Never (PAN) using TTBR0_EL1 switching
[    1.218954] CPU: All CPU(s) started at EL1
[    1.219961] alternatives: patching kernel code
[    1.226864] CPU3: update max cpu_capacity 1024
[    1.230479] CPU1: update max cpu_capacity 1024
[    1.274318] Registered cp15_barrier emulation handler
[    1.274542] Registered setend emulation handler
[    1.278381] clocksource: jiffies: mask: 0xffffffff max_cycles: 0xffffffff, max_idle_ns: 7645041785100000 ns
[    1.278703] futex hash table entries: 1024 (order: 4, 65536 bytes, linear)
[    1.286972] pinctrl core: initialized pinctrl subsystem
[    1.290322] regulator: Failed to create debugfs directory
[    1.298818] regulator-dummy: Failed to create debugfs directory
[    1.307851] NET: Registered protocol family 16
[    1.322421] DMA: preallocated 256 KiB pool for atomic allocations
[    1.322808] audit: initializing netlink subsys (disabled)
[    1.327595] audit: type=2000 audit(0.984:1): state=initialized audit_enabled=0 res=1
[    1.335772] cpuidle: using governor menu
[    1.339241] hw-breakpoint: found 6 breakpoint and 4 watchpoint registers.
[    1.345107] Serial: AMBA PL011 UART driver
[    1.424805] 9000000.pl011: ttyAMA0 at MMIO 0x9000000 (irq = 44, base_baud = 0) is a PL011 rev1
[    1.457204] printk: console [ttyAMA0] enabled
[    1.568044] cryptomgr_test (36) used greatest stack depth: 14360 bytes left
[    1.580806] cryptomgr_test (36): highest shadow stack usage: 112 bytes
[    1.604946] cryptd: max_cpu_qlen set to 1000
[    1.681106] iommu: Default domain type: Translated 
[    1.688463] SCSI subsystem initialized
[    1.690714] usbcore: registered new interface driver usbfs
[    1.691426] usbcore: registered new interface driver hub
[    1.691967] usbcore: registered new device driver usb
[    1.693757] mc: Linux media interface: v0.10
[    1.695286] videodev: Linux video capture interface: v2.00
[    1.696423] EDAC MC: Ver: 3.0.0
[    1.706118] Advanced Linux Sound Architecture Driver Initialized.
[    1.718655] Bluetooth: Core ver 2.22
[    1.719145] NET: Registered protocol family 31
[    1.719540] Bluetooth: HCI device and connection manager initialized
[    1.720106] Bluetooth: HCI socket layer initialized
[    1.720455] Bluetooth: L2CAP socket layer initialized
[    1.720887] Bluetooth: SCO socket layer initialized
[    1.726658] clocksource: Switched to clocksource arch_sys_counter
[    2.064724] VFS: Disk quotas dquot_6.6.0
[    2.065635] VFS: Dquot-cache hash table entries: 512 (order 0, 4096 bytes)
[    2.069735] thermal_sys: Registered thermal governor 'step_wise'
[    2.069793] thermal_sys: Registered thermal governor 'user_space'
[    2.070062] thermal_sys: Registered thermal governor 'power_allocator'
[    2.072890] NET: Registered protocol family 2
[    2.074962] IP idents hash table entries: 65536 (order: 7, 524288 bytes, linear)
[    2.085412] tcp_listen_portaddr_hash hash table entries: 2048 (order: 3, 32768 bytes, linear)
[    2.086349] TCP established hash table entries: 32768 (order: 6, 262144 bytes, linear)
[    2.087459] TCP bind hash table entries: 32768 (order: 7, 524288 bytes, linear)
[    2.088210] TCP: Hash tables configured (established 32768 bind 32768)
[    2.090598] UDP hash table entries: 2048 (order: 4, 65536 bytes, linear)
[    2.091430] UDP-Lite hash table entries: 2048 (order: 4, 65536 bytes, linear)
[    2.093632] NET: Registered protocol family 1
[    2.098587] NET: Registered protocol family 44
[    2.099348] PCI: CLS 0 bytes, default 64
[    2.111239] Trying to unpack rootfs image as initramfs...
[    2.285574] Freeing initrd memory: 1620K
[    2.293820] hw perfevents: enabled with armv8_pmuv3 PMU driver, 1 counters available
[    2.353110] Initialise system trusted keyrings
[    2.359486] workingset: timestamp_bits=46 max_order=20 bucket_order=0
[    2.458195] fuse: init (API version 7.31)
[    2.495633] Key type asymmetric registered
[    2.496106] Asymmetric key parser 'x509' registered
[    2.496973] Block layer SCSI generic (bsg) driver version 0.4 loaded (major 244)
[    2.497438] io scheduler mq-deadline registered
[    2.497693] io scheduler kyber registered
[    2.509091] pl061_gpio 9030000.pl061: PL061 GPIO chip registered
[    2.511328] pci-host-generic 3f000000.pcie: host bridge /pcie@10000000 ranges:
[    2.512500] pci-host-generic 3f000000.pcie:    IO 0x3eff0000..0x3effffff -> 0x00000000
[    2.516598] pci-host-generic 3f000000.pcie:   MEM 0x10000000..0x3efeffff -> 0x10000000
[    2.516978] pci-host-generic 3f000000.pcie:   MEM 0x8000000000..0xffffffffff -> 0x8000000000
[    2.518276] pci-host-generic 3f000000.pcie: ECAM at [mem 0x3f000000-0x3fffffff] for [bus 00-0f]
[    2.520517] pci-host-generic 3f000000.pcie: PCI host bridge to bus 0000:00
[    2.521007] pci_bus 0000:00: root bus resource [bus 00-0f]
[    2.521441] pci_bus 0000:00: root bus resource [io  0x0000-0xffff]
[    2.521669] pci_bus 0000:00: root bus resource [mem 0x10000000-0x3efeffff]
[    2.521909] pci_bus 0000:00: root bus resource [mem 0x8000000000-0xffffffffff]
[    2.523362] pci 0000:00:00.0: [1b36:0008] type 00 class 0x060000
[    2.527602] pci 0000:00:0b.0: [607d:f153] type 00 class 0x00ff00
[    2.528159] pci 0000:00:0b.0: reg 0x10: [mem 0x00000000-0x00000fff]
[    2.528521] pci 0000:00:0b.0: reg 0x14: [mem 0x00000000-0x3ffffffff 64bit]
[    2.532863] pci 0000:00:0b.0: BAR 1: assigned [mem 0x8000000000-0x83ffffffff 64bit]
[    2.533494] pci 0000:00:0b.0: BAR 0: assigned [mem 0x10000000-0x10000fff]
[    2.541005] Serial: 8250/16550 driver, 1 ports, IRQ sharing disabled
[    2.551717] cacheinfo: Unable to detect cache hierarchy for CPU 0
[    2.610026] brd: module loaded
[    2.659213] loop: module loaded
[    2.661574] zram: Added device: zram0
[    2.668475] tun: Universal TUN/TAP device driver, 1.6
[    2.669197] PPP generic driver version 2.4.2
[    2.669827] PPP BSD Compression module registered
[    2.670069] PPP Deflate Compression module registered
[    2.670410] PPP MPPE Compression module registered
[    2.670610] NET: Registered protocol family 24
[    2.670807] PPTP driver version 0.8.5
[    2.671981] usbcore: registered new interface driver r8152
[    2.672378] usbcore: registered new interface driver asix
[    2.672753] usbcore: registered new interface driver ax88179_178a
[    2.673110] usbcore: registered new interface driver cdc_ether
[    2.673540] ehci_hcd: USB 2.0 'Enhanced' Host Controller (EHCI) Driver
[    2.673926] ehci-pci: EHCI PCI platform driver
[    2.674427] ehci-platform: EHCI generic platform driver
[    2.677357] usbcore: registered new interface driver uas
[    2.677845] usbcore: registered new interface driver usb-storage
[    2.680424] dummy_hcd dummy_hcd.0: USB Host+Gadget Emulator, driver 02 May 2005
[    2.681041] dummy_hcd dummy_hcd.0: Dummy host controller
[    2.681393] dummy_hcd dummy_hcd.0: new USB bus registered, assigned bus number 1
[    2.688687] hub 1-0:1.0: USB hub found
[    2.689415] hub 1-0:1.0: 1 port detected
[    2.706382] usbcore: registered new interface driver xpad
[    2.711394] rtc-pl031 9010000.pl031: registered as rtc0
[    2.712883] rtc-pl031 9010000.pl031: setting system clock to 2026-09-27T20:37:28 UTC (1790541448)
[    2.714230] uvcvideo: Unable to create debugfs directory
[    2.714763] usbcore: registered new interface driver uvcvideo
[    2.714994] USB Video Class driver (1.1.1)
[    2.715175] gspca_main: v2.14.0 registered
[    2.716871] device-mapper: uevent: version 1.0.3
[    2.718487] device-mapper: ioctl: 4.41.0-ioctl (2019-09-16) initialised: dm-devel@redhat.com
[    2.721369] Bluetooth: HCI UART driver ver 2.3
[    2.721945] Bluetooth: HCI UART protocol H4 registered
[    2.722326] Bluetooth: HCI UART protocol LL registered
[    2.722910] Bluetooth: HCI UART protocol Broadcom registered
[    2.723254] Bluetooth: HCI UART protocol QCA registered
[    2.725218] sdhci: Secure Digital Host Controller Interface driver
[    2.725498] sdhci: Copyright(c) Pierre Ossman
[    2.725680] sdhci-pltfm: SDHCI platform and OF driver helper
[    2.727097] hidraw: raw HID events driver (C) Jiri Kosina
[    2.735925] usbcore: registered new interface driver usbhid
[    2.736220] usbhid: USB HID core driver
[    2.737693] ashmem: initialized
[    2.741483] gnss: GNSS driver registered with major 237
[    2.744084] usbcore: registered new interface driver snd-usb-audio
[    2.748168] u32 classifier
[    2.748401]     input device check on
[    2.748546]     Actions configured
[    2.758616] xt_time: kernel timezone is -0000
[    2.760032] ipip: IPv4 and MPLS over IPv4 tunneling driver
[    2.764347] gre: GRE over IPv4 demultiplexor driver
[    2.764644] ip_gre: GRE over IPv4 tunneling driver
[    2.772794] IPv4 over IPsec tunneling driver
[    2.785736] Initializing XFRM netlink socket
[    2.786229] IPsec XFRM device driver
[    2.790881] NET: Registered protocol family 10
[    2.805026] Segment Routing with IPv6
[    2.806887] mip6: Mobile IPv6
[    2.814702] sit: IPv6, IPv4 and MPLS over IPv4 tunneling driver
[    2.822311] ip6_gre: GRE over IPv6 tunneling driver
[    2.826356] NET: Registered protocol family 17
[    2.826987] NET: Registered protocol family 15
[    2.830213] Bluetooth: RFCOMM TTY layer initialized
[    2.830716] Bluetooth: RFCOMM socket layer initialized
[    2.831078] Bluetooth: RFCOMM ver 1.11
[    2.831380] Bluetooth: HIDP (Human Interface Emulation) ver 1.2
[    2.832574] Bluetooth: HIDP socket layer initialized
[    2.835628] l2tp_core: L2TP core driver, V2.0
[    2.836818] l2tp_ppp: PPPoL2TP kernel driver, V2.0
[    2.837100] tipc: Activated (version 2.0.0)
[    2.839271] NET: Registered protocol family 30
[    2.842010] tipc: Started in single node mode
[    2.844841] registered taskstats version 1
[    2.845071] Loading compiled-in X.509 certificates
[    2.845774] Key type ._fscrypt registered
[    2.845955] Key type .fscrypt registered
[    2.846108] Key type fscrypt-provisioning registered
[    2.849982] Failed to find error inject entry at (____ptrval____)
[    2.850307] Failed to find error inject entry at (____ptrval____)
[    2.850571] Failed to find error inject entry at (____ptrval____)
[    2.850816] Failed to find error inject entry at (____ptrval____)
[    2.851476] Failed to find error inject entry at (____ptrval____)
[    2.851716] Failed to find error inject entry at (____ptrval____)
[    2.852067] Failed to find error inject entry at (____ptrval____)
[    2.852364] Failed to find error inject entry at (____ptrval____)
[    2.852632] Failed to find error inject entry at (____ptrval____)
[    2.852928] Failed to find error inject entry at (____ptrval____)
[    2.853231] Failed to find error inject entry at (____ptrval____)
[    2.853491] Failed to find error inject entry at (____ptrval____)
[    2.853701] Failed to find error inject entry at (____ptrval____)
[    2.853915] Failed to find error inject entry at (____ptrval____)
[    2.854125] Failed to find error inject entry at (____ptrval____)
[    2.854333] Failed to find error inject entry at (____ptrval____)
[    2.854546] Failed to find error inject entry at (____ptrval____)
[    2.854844] Failed to find error inject entry at (____ptrval____)
[    2.855502] Failed to find error inject entry at (____ptrval____)
[    2.855840] Failed to find error inject entry at (____ptrval____)
[    2.856153] Failed to find error inject entry at (____ptrval____)
[    2.856473] Failed to find error inject entry at (____ptrval____)
[    2.856858] Failed to find error inject entry at (____ptrval____)
[    2.857205] Failed to find error inject entry at (____ptrval____)
[    2.857452] Failed to find error inject entry at (____ptrval____)
[    2.857714] Failed to find error inject entry at (____ptrval____)
[    2.857936] Failed to find error inject entry at (____ptrval____)
[    2.858144] Failed to find error inject entry at (____ptrval____)
[    2.858358] Failed to find error inject entry at (____ptrval____)
[    2.858565] Failed to find error inject entry at (____ptrval____)
[    2.858789] Failed to find error inject entry at (____ptrval____)
[    2.859002] Failed to find error inject entry at (____ptrval____)
[    2.859208] Failed to find error inject entry at (____ptrval____)
[    2.859416] Failed to find error inject entry at (____ptrval____)
[    2.859658] Failed to find error inject entry at (____ptrval____)
[    2.860149] Failed to find error inject entry at (____ptrval____)
[    2.860421] Failed to find error inject entry at (____ptrval____)
[    2.860689] Failed to find error inject entry at (____ptrval____)
[    2.861047] Failed to find error inject entry at (____ptrval____)
[    2.861365] Failed to find error inject entry at (____ptrval____)
[    2.861712] Failed to find error inject entry at (____ptrval____)
[    2.862046] Failed to find error inject entry at (____ptrval____)
[    2.862353] Failed to find error inject entry at (____ptrval____)
[    2.862713] Failed to find error inject entry at (____ptrval____)
[    2.862937] Failed to find error inject entry at (____ptrval____)
[    2.863148] Failed to find error inject entry at (____ptrval____)
[    2.863373] Failed to find error inject entry at (____ptrval____)
[    2.863623] Failed to find error inject entry at (____ptrval____)
[    2.864031] Failed to find error inject entry at (____ptrval____)
[    2.864260] Failed to find error inject entry at (____ptrval____)
[    2.864479] Failed to find error inject entry at (____ptrval____)
[    2.864716] Failed to find error inject entry at (____ptrval____)
[    2.864936] Failed to find error inject entry at (____ptrval____)
[    2.865154] Failed to find error inject entry at (____ptrval____)
[    2.865377] Failed to find error inject entry at (____ptrval____)
[    2.865608] Failed to find error inject entry at (____ptrval____)
[    2.865817] Failed to find error inject entry at (____ptrval____)
[    2.866022] Failed to find error inject entry at (____ptrval____)
[    2.866227] Failed to find error inject entry at (____ptrval____)
[    2.866433] Failed to find error inject entry at (____ptrval____)
[    2.866682] Failed to find error inject entry at (____ptrval____)
[    2.867162] Failed to find error inject entry at (____ptrval____)
[    2.867447] Failed to find error inject entry at (____ptrval____)
[    2.867803] Failed to find error inject entry at (____ptrval____)
[    2.868061] Failed to find error inject entry at (____ptrval____)
[    2.868311] Failed to find error inject entry at (____ptrval____)
[    2.868572] Failed to find error inject entry at (____ptrval____)
[    2.868868] Failed to find error inject entry at (____ptrval____)
[    2.869120] Failed to find error inject entry at (____ptrval____)
[    2.869340] Failed to find error inject entry at (____ptrval____)
[    2.869561] Failed to find error inject entry at (____ptrval____)
[    2.869774] Failed to find error inject entry at (____ptrval____)
[    2.869984] Failed to find error inject entry at (____ptrval____)
[    2.870191] Failed to find error inject entry at (____ptrval____)
[    2.870405] Failed to find error inject entry at (____ptrval____)
[    2.870638] Failed to find error inject entry at (____ptrval____)
[    2.870889] Failed to find error inject entry at (____ptrval____)
[    2.871102] Failed to find error inject entry at (____ptrval____)
[    2.871308] Failed to find error inject entry at (____ptrval____)
[    2.871768] Failed to find error inject entry at (____ptrval____)
[    2.872489] Failed to find error inject entry at (____ptrval____)
[    2.872817] Failed to find error inject entry at (____ptrval____)
[    2.873125] Failed to find error inject entry at (____ptrval____)
[    2.873426] Failed to find error inject entry at (____ptrval____)
[    2.873700] Failed to find error inject entry at (____ptrval____)
[    2.873970] Failed to find error inject entry at (____ptrval____)
[    2.874234] Failed to find error inject entry at (____ptrval____)
[    2.874492] Failed to find error inject entry at (____ptrval____)
[    2.874749] Failed to find error inject entry at (____ptrval____)
[    2.875009] Failed to find error inject entry at (____ptrval____)
[    2.875272] Failed to find error inject entry at (____ptrval____)
[    2.875880] Failed to find error inject entry at (____ptrval____)
[    2.876130] Failed to find error inject entry at (____ptrval____)
[    2.876377] Failed to find error inject entry at (____ptrval____)
[    2.876587] Failed to find error inject entry at (____ptrval____)
[    2.876793] Failed to find error inject entry at (____ptrval____)
[    2.877000] Failed to find error inject entry at (____ptrval____)
[    2.877212] Failed to find error inject entry at (____ptrval____)
[    2.877430] Failed to find error inject entry at (____ptrval____)
[    2.877643] Failed to find error inject entry at (____ptrval____)
[    2.877848] Failed to find error inject entry at (____ptrval____)
[    2.878056] Failed to find error inject entry at (____ptrval____)
[    2.878294] Failed to find error inject entry at (____ptrval____)
[    2.878504] Failed to find error inject entry at (____ptrval____)
[    2.878714] Failed to find error inject entry at (____ptrval____)
[    2.878920] Failed to find error inject entry at (____ptrval____)
[    2.879129] Failed to find error inject entry at (____ptrval____)
[    2.879476] Failed to find error inject entry at (____ptrval____)
[    2.879728] Failed to find error inject entry at (____ptrval____)
[    2.879990] Failed to find error inject entry at (____ptrval____)
[    2.880234] Failed to find error inject entry at (____ptrval____)
[    2.880462] Failed to find error inject entry at (____ptrval____)
[    2.880675] Failed to find error inject entry at (____ptrval____)
[    2.880886] Failed to find error inject entry at (____ptrval____)
[    2.881094] Failed to find error inject entry at (____ptrval____)
[    2.881387] Failed to find error inject entry at (____ptrval____)
[    2.881616] Failed to find error inject entry at (____ptrval____)
[    2.881833] Failed to find error inject entry at (____ptrval____)
[    2.882050] Failed to find error inject entry at (____ptrval____)
[    2.882400] Failed to find error inject entry at (____ptrval____)
[    2.882779] Failed to find error inject entry at (____ptrval____)
[    2.883393] Failed to find error inject entry at (____ptrval____)
[    2.883704] Failed to find error inject entry at (____ptrval____)
[    2.883984] Failed to find error inject entry at (____ptrval____)
[    2.884269] Failed to find error inject entry at (____ptrval____)
[    2.884549] Failed to find error inject entry at (____ptrval____)
[    2.884829] Failed to find error inject entry at (____ptrval____)
[    2.885113] Failed to find error inject entry at (____ptrval____)
[    2.885394] Failed to find error inject entry at (____ptrval____)
[    2.885673] Failed to find error inject entry at (____ptrval____)
[    2.885952] Failed to find error inject entry at (____ptrval____)
[    2.886236] Failed to find error inject entry at (____ptrval____)
[    2.886516] Failed to find error inject entry at (____ptrval____)
[    2.886794] Failed to find error inject entry at (____ptrval____)
[    2.887089] Failed to find error inject entry at (____ptrval____)
[    2.887456] Failed to find error inject entry at (____ptrval____)
[    2.887736] Failed to find error inject entry at (____ptrval____)
[    2.888023] Failed to find error inject entry at (____ptrval____)
[    2.888303] Failed to find error inject entry at (____ptrval____)
[    2.888582] Failed to find error inject entry at (____ptrval____)
[    2.888861] Failed to find error inject entry at (____ptrval____)
[    2.889144] Failed to find error inject entry at (____ptrval____)
[    2.889424] Failed to find error inject entry at (____ptrval____)
[    2.889703] Failed to find error inject entry at (____ptrval____)
[    2.889986] Failed to find error inject entry at (____ptrval____)
[    2.890265] Failed to find error inject entry at (____ptrval____)
[    2.890543] Failed to find error inject entry at (____ptrval____)
[    2.890821] Failed to find error inject entry at (____ptrval____)
[    2.891105] Failed to find error inject entry at (____ptrval____)
[    2.891385] Failed to find error inject entry at (____ptrval____)
[    2.891663] Failed to find error inject entry at (____ptrval____)
[    2.891967] Failed to find error inject entry at (____ptrval____)
[    2.892248] Failed to find error inject entry at (____ptrval____)
[    2.892527] Failed to find error inject entry at (____ptrval____)
[    2.892806] Failed to find error inject entry at (____ptrval____)
[    2.893091] Failed to find error inject entry at (____ptrval____)
[    2.893448] Failed to find error inject entry at (____ptrval____)
[    2.894038] Failed to find error inject entry at (____ptrval____)
[    2.894382] Failed to find error inject entry at (____ptrval____)
[    2.894696] Failed to find error inject entry at (____ptrval____)
[    2.894929] Failed to find error inject entry at (____ptrval____)
[    2.895144] Failed to find error inject entry at (____ptrval____)
[    2.895360] Failed to find error inject entry at (____ptrval____)
[    2.895576] Failed to find error inject entry at (____ptrval____)
[    2.895850] Failed to find error inject entry at (____ptrval____)
[    2.896229] Failed to find error inject entry at (____ptrval____)
[    2.896438] Failed to find error inject entry at (____ptrval____)
[    2.896643] Failed to find error inject entry at (____ptrval____)
[    2.896854] Failed to find error inject entry at (____ptrval____)
[    2.897059] Failed to find error inject entry at (____ptrval____)
[    2.897264] Failed to find error inject entry at (____ptrval____)
[    2.897470] Failed to find error inject entry at (____ptrval____)
[    2.897675] Failed to find error inject entry at (____ptrval____)
[    2.897971] Failed to find error inject entry at (____ptrval____)
[    2.898212] Failed to find error inject entry at (____ptrval____)
[    2.898450] Failed to find error inject entry at (____ptrval____)
[    2.898688] Failed to find error inject entry at (____ptrval____)
[    2.898935] Failed to find error inject entry at (____ptrval____)
[    2.899174] Failed to find error inject entry at (____ptrval____)
[    2.899413] Failed to find error inject entry at (____ptrval____)
[    2.899651] Failed to find error inject entry at (____ptrval____)
[    2.899938] Failed to find error inject entry at (____ptrval____)
[    2.900190] Failed to find error inject entry at (____ptrval____)
[    2.900436] Failed to find error inject entry at (____ptrval____)
[    2.900688] Failed to find error inject entry at (____ptrval____)
[    2.901146] Failed to find error inject entry at (____ptrval____)
[    2.901396] Failed to find error inject entry at (____ptrval____)
[    2.901645] Failed to find error inject entry at (____ptrval____)
[    2.901891] Failed to find error inject entry at (____ptrval____)
[    2.902130] Failed to find error inject entry at (____ptrval____)
[    2.902368] Failed to find error inject entry at (____ptrval____)
[    2.902614] Failed to find error inject entry at (____ptrval____)
[    2.902853] Failed to find error inject entry at (____ptrval____)
[    2.903092] Failed to find error inject entry at (____ptrval____)
[    2.903329] Failed to find error inject entry at (____ptrval____)
[    2.903566] Failed to find error inject entry at (____ptrval____)
[    2.903856] Failed to find error inject entry at (____ptrval____)
[    2.904273] Failed to find error inject entry at (____ptrval____)
[    2.904532] Failed to find error inject entry at (____ptrval____)
[    2.904864] Failed to find error inject entry at (____ptrval____)
[    2.905108] Failed to find error inject entry at (____ptrval____)
[    2.905360] Failed to find error inject entry at (____ptrval____)
[    2.905645] Failed to find error inject entry at (____ptrval____)
[    2.905892] Failed to find error inject entry at (____ptrval____)
[    2.906132] Failed to find error inject entry at (____ptrval____)
[    2.906372] Failed to find error inject entry at (____ptrval____)
[    2.906628] Failed to find error inject entry at (____ptrval____)
[    2.907125] Failed to find error inject entry at (____ptrval____)
[    2.907360] Failed to find error inject entry at (____ptrval____)
[    2.907604] Failed to find error inject entry at (____ptrval____)
[    2.907908] Failed to find error inject entry at (____ptrval____)
[    2.908125] Failed to find error inject entry at (____ptrval____)
[    2.908336] Failed to find error inject entry at (____ptrval____)
[    2.908572] Failed to find error inject entry at (____ptrval____)
[    2.908794] Failed to find error inject entry at (____ptrval____)
[    2.909009] Failed to find error inject entry at (____ptrval____)
[    2.909228] Failed to find error inject entry at (____ptrval____)
[    2.909459] Failed to find error inject entry at (____ptrval____)
[    2.909687] Failed to find error inject entry at (____ptrval____)
[    2.909898] Failed to find error inject entry at (____ptrval____)
[    2.910107] Failed to find error inject entry at (____ptrval____)
[    2.910323] Failed to find error inject entry at (____ptrval____)
[    2.910563] Failed to find error inject entry at (____ptrval____)
[    2.910794] Failed to find error inject entry at (____ptrval____)
[    2.911120] Failed to find error inject entry at (____ptrval____)
[    2.911610] Failed to find error inject entry at (____ptrval____)
[    2.911860] Failed to find error inject entry at (____ptrval____)
[    2.912113] Failed to find error inject entry at (____ptrval____)
[    2.912508] Failed to find error inject entry at (____ptrval____)
[    2.912766] Failed to find error inject entry at (____ptrval____)
[    2.913024] Failed to find error inject entry at (____ptrval____)
[    2.913386] Failed to find error inject entry at (____ptrval____)
[    2.913789] Failed to find error inject entry at (____ptrval____)
[    2.914264] Failed to find error inject entry at (____ptrval____)
[    2.914843] Failed to find error inject entry at (____ptrval____)
[    2.915100] Failed to find error inject entry at (____ptrval____)
[    2.915367] Failed to find error inject entry at (____ptrval____)
[    2.915609] Failed to find error inject entry at (____ptrval____)
[    2.915890] Failed to find error inject entry at (____ptrval____)
[    2.916132] Failed to find error inject entry at (____ptrval____)
[    2.916386] Failed to find error inject entry at (____ptrval____)
[    2.916630] Failed to find error inject entry at (____ptrval____)
[    2.916881] Failed to find error inject entry at (____ptrval____)
[    2.917119] Failed to find error inject entry at (____ptrval____)
[    2.917374] Failed to find error inject entry at (____ptrval____)
[    2.917622] Failed to find error inject entry at (____ptrval____)
[    2.917860] Failed to find error inject entry at (____ptrval____)
[    2.918113] Failed to find error inject entry at (____ptrval____)
[    2.918352] Failed to find error inject entry at (____ptrval____)
[    2.918603] Failed to find error inject entry at (____ptrval____)
[    2.918841] Failed to find error inject entry at (____ptrval____)
[    2.919115] Failed to find error inject entry at (____ptrval____)
[    2.919359] Failed to find error inject entry at (____ptrval____)
[    2.919613] Failed to find error inject entry at (____ptrval____)
[    2.919955] Failed to find error inject entry at (____ptrval____)
[    2.920216] Failed to find error inject entry at (____ptrval____)
[    2.920456] Failed to find error inject entry at (____ptrval____)
[    2.920708] Failed to find error inject entry at (____ptrval____)
[    2.920946] Failed to find error inject entry at (____ptrval____)
[    2.921199] Failed to find error inject entry at (____ptrval____)
[    2.921540] Failed to find error inject entry at (____ptrval____)
[    2.921834] Failed to find error inject entry at (____ptrval____)
[    2.922077] Failed to find error inject entry at (____ptrval____)
[    2.922329] Failed to find error inject entry at (____ptrval____)
[    2.922568] Failed to find error inject entry at (____ptrval____)
[    2.922876] Failed to find error inject entry at (____ptrval____)
[    2.923212] Failed to find error inject entry at (____ptrval____)
[    2.923427] Failed to find error inject entry at (____ptrval____)
[    2.923654] Failed to find error inject entry at (____ptrval____)
[    2.923860] Failed to find error inject entry at (____ptrval____)
[    2.924076] Failed to find error inject entry at (____ptrval____)
[    2.924289] Failed to find error inject entry at (____ptrval____)
[    2.924633] Failed to find error inject entry at (____ptrval____)
[    2.924896] Failed to find error inject entry at (____ptrval____)
[    2.925159] Failed to find error inject entry at (____ptrval____)
[    2.925400] Failed to find error inject entry at (____ptrval____)
[    2.925659] Failed to find error inject entry at (____ptrval____)
[    2.925900] Failed to find error inject entry at (____ptrval____)
[    2.926138] Failed to find error inject entry at (____ptrval____)
[    2.926376] Failed to find error inject entry at (____ptrval____)
[    2.926659] Failed to find error inject entry at (____ptrval____)
[    2.927057] Failed to find error inject entry at (____ptrval____)
[    2.927346] Failed to find error inject entry at (____ptrval____)
[    2.927634] Failed to find error inject entry at (____ptrval____)
[    2.927909] Failed to find error inject entry at (____ptrval____)
[    2.928172] Failed to find error inject entry at (____ptrval____)
[    2.928412] Failed to find error inject entry at (____ptrval____)
[    2.928746] Failed to find error inject entry at (____ptrval____)
[    2.929042] Failed to find error inject entry at (____ptrval____)
[    2.929343] Failed to find error inject entry at (____ptrval____)
[    2.929610] Failed to find error inject entry at (____ptrval____)
[    2.930014] Failed to find error inject entry at (____ptrval____)
[    2.930438] Failed to find error inject entry at (____ptrval____)
[    2.930878] Failed to find error inject entry at (____ptrval____)
[    2.931694] Failed to find error inject entry at (____ptrval____)
[    2.931951] Failed to find error inject entry at (____ptrval____)
[    2.932218] Failed to find error inject entry at (____ptrval____)
[    2.932578] Failed to find error inject entry at (____ptrval____)
[    2.932838] Failed to find error inject entry at (____ptrval____)
[    2.933082] Failed to find error inject entry at (____ptrval____)
[    2.933336] Failed to find error inject entry at (____ptrval____)
[    2.933577] Failed to find error inject entry at (____ptrval____)
[    2.933826] Failed to find error inject entry at (____ptrval____)
[    2.934067] Failed to find error inject entry at (____ptrval____)
[    2.934316] Failed to find error inject entry at (____ptrval____)
[    2.934557] Failed to find error inject entry at (____ptrval____)
[    2.934795] Failed to find error inject entry at (____ptrval____)
[    2.935280] Failed to find error inject entry at (____ptrval____)
[    2.935541] Failed to find error inject entry at (____ptrval____)
[    2.935780] Failed to find error inject entry at (____ptrval____)
[    2.936032] Failed to find error inject entry at (____ptrval____)
[    2.936270] Failed to find error inject entry at (____ptrval____)
[    2.936526] Failed to find error inject entry at (____ptrval____)
[    2.936765] Failed to find error inject entry at (____ptrval____)
[    2.937009] Failed to find error inject entry at (____ptrval____)
[    2.937277] Failed to find error inject entry at (____ptrval____)
[    2.937517] Failed to find error inject entry at (____ptrval____)
[    2.937901] Failed to find error inject entry at (____ptrval____)
[    2.938263] Failed to find error inject entry at (____ptrval____)
[    2.938873] Failed to find error inject entry at (____ptrval____)
[    2.939131] Failed to find error inject entry at (____ptrval____)
[    2.939569] Failed to find error inject entry at (____ptrval____)
[    2.940204] Failed to find error inject entry at (____ptrval____)
[    2.940526] Failed to find error inject entry at (____ptrval____)
[    2.940835] Failed to find error inject entry at (____ptrval____)
[    2.941162] Failed to find error inject entry at (____ptrval____)
[    2.941460] Failed to find error inject entry at (____ptrval____)
[    2.941731] Failed to find error inject entry at (____ptrval____)
[    2.941972] Failed to find error inject entry at (____ptrval____)
[    2.942227] Failed to find error inject entry at (____ptrval____)
[    2.942468] Failed to find error inject entry at (____ptrval____)
[    2.942736] Failed to find error inject entry at (____ptrval____)
[    2.942977] Failed to find error inject entry at (____ptrval____)
[    2.943498] Failed to find error inject entry at (____ptrval____)
[    2.943752] Failed to find error inject entry at (____ptrval____)
[    2.943996] Failed to find error inject entry at (____ptrval____)
[    2.944256] Failed to find error inject entry at (____ptrval____)
[    2.944495] Failed to find error inject entry at (____ptrval____)
[    2.944732] Failed to find error inject entry at (____ptrval____)
[    2.944984] Failed to find error inject entry at (____ptrval____)
[    2.945259] Failed to find error inject entry at (____ptrval____)
[    2.945560] Failed to find error inject entry at (____ptrval____)
[    2.945890] Failed to find error inject entry at (____ptrval____)
[    2.946200] Failed to find error inject entry at (____ptrval____)
[    2.946725] Failed to find error inject entry at (____ptrval____)
[    2.947414] Failed to find error inject entry at (____ptrval____)
[    2.947668] Failed to find error inject entry at (____ptrval____)
[    2.948121] Failed to find error inject entry at (____ptrval____)
[    2.948686] Failed to find error inject entry at (____ptrval____)
[    2.949094] Failed to find error inject entry at (____ptrval____)
[    2.949411] Failed to find error inject entry at (____ptrval____)
[    2.949702] Failed to find error inject entry at (____ptrval____)
[    2.949986] Failed to find error inject entry at (____ptrval____)
[    2.950381] Failed to find error inject entry at (____ptrval____)
[    2.950695] Failed to find error inject entry at (____ptrval____)
[    2.950972] Failed to find error inject entry at (____ptrval____)
[    2.951229] Failed to find error inject entry at (____ptrval____)
[    2.951526] Failed to find error inject entry at (____ptrval____)
[    2.951804] Failed to find error inject entry at (____ptrval____)
[    2.952232] Failed to find error inject entry at (____ptrval____)
[    2.952473] Failed to find error inject entry at (____ptrval____)
[    2.952725] Failed to find error inject entry at (____ptrval____)
[    2.952965] Failed to find error inject entry at (____ptrval____)
[    2.953216] Failed to find error inject entry at (____ptrval____)
[    2.953455] Failed to find error inject entry at (____ptrval____)
[    2.953722] Failed to find error inject entry at (____ptrval____)
[    2.953963] Failed to find error inject entry at (____ptrval____)
[    2.954213] Failed to find error inject entry at (____ptrval____)
[    2.954452] Failed to find error inject entry at (____ptrval____)
[    2.955059] Failed to find error inject entry at (____ptrval____)
[    2.955413] Failed to find error inject entry at (____ptrval____)
[    2.955731] Failed to find error inject entry at (____ptrval____)
[    2.956062] Failed to find error inject entry at (____ptrval____)
[    2.956333] Failed to find error inject entry at (____ptrval____)
[    2.956560] Failed to find error inject entry at (____ptrval____)
[    2.956769] Failed to find error inject entry at (____ptrval____)
[    2.957028] Failed to find error inject entry at (____ptrval____)
[    2.957318] Failed to find error inject entry at (____ptrval____)
[    2.957558] Failed to find error inject entry at (____ptrval____)
[    2.957772] Failed to find error inject entry at (____ptrval____)
[    2.957982] Failed to find error inject entry at (____ptrval____)
[    2.958200] Failed to find error inject entry at (____ptrval____)
[    2.958408] Failed to find error inject entry at (____ptrval____)
[    2.958635] Failed to find error inject entry at (____ptrval____)
[    2.958990] Failed to find error inject entry at (____ptrval____)
[    2.959246] Failed to find error inject entry at (____ptrval____)
[    2.959460] Failed to find error inject entry at (____ptrval____)
[    2.959671] Failed to find error inject entry at (____ptrval____)
[    2.959890] Failed to find error inject entry at (____ptrval____)
[    2.960100] Failed to find error inject entry at (____ptrval____)
[    2.960321] Failed to find error inject entry at (____ptrval____)
[    2.960533] Failed to find error inject entry at (____ptrval____)
[    2.960742] Failed to find error inject entry at (____ptrval____)
[    2.960964] Failed to find error inject entry at (____ptrval____)
[    2.961177] Failed to find error inject entry at (____ptrval____)
[    2.961397] Failed to find error inject entry at (____ptrval____)
[    2.961607] Failed to find error inject entry at (____ptrval____)
[    2.961815] Failed to find error inject entry at (____ptrval____)
[    2.962030] Failed to find error inject entry at (____ptrval____)
[    2.962240] Failed to find error inject entry at (____ptrval____)
[    2.962448] Failed to find error inject entry at (____ptrval____)
[    2.962655] Failed to find error inject entry at (____ptrval____)
[    2.962867] Failed to find error inject entry at (____ptrval____)
[    2.963239] Failed to find error inject entry at (____ptrval____)
[    2.963776] Failed to find error inject entry at (____ptrval____)
[    2.964122] Failed to find error inject entry at (____ptrval____)
[    2.964445] Failed to find error inject entry at (____ptrval____)
[    2.964782] Failed to find error inject entry at (____ptrval____)
[    2.965212] Failed to find error inject entry at (____ptrval____)
[    2.965539] Failed to find error inject entry at (____ptrval____)
[    2.965989] Failed to find error inject entry at (____ptrval____)
[    2.966324] Failed to find error inject entry at (____ptrval____)
[    2.966629] Failed to find error inject entry at (____ptrval____)
[    2.966936] Failed to find error inject entry at (____ptrval____)
[    2.967228] Failed to find error inject entry at (____ptrval____)
[    2.967772] Failed to find error inject entry at (____ptrval____)
[    2.968084] Failed to find error inject entry at (____ptrval____)
[    2.968371] Failed to find error inject entry at (____ptrval____)
[    2.968668] Failed to find error inject entry at (____ptrval____)
[    2.968957] Failed to find error inject entry at (____ptrval____)
[    2.969251] Failed to find error inject entry at (____ptrval____)
[    2.969537] Failed to find error inject entry at (____ptrval____)
[    2.969829] Failed to find error inject entry at (____ptrval____)
[    2.970122] Failed to find error inject entry at (____ptrval____)
[    2.970403] Failed to find error inject entry at (____ptrval____)
[    2.970908] Failed to find error inject entry at (____ptrval____)
[    2.971200] Failed to find error inject entry at (____ptrval____)
[    2.971486] Failed to find error inject entry at (____ptrval____)
[    2.971774] Failed to find error inject entry at (____ptrval____)
[    2.972060] Failed to find error inject entry at (____ptrval____)
[    2.972342] Failed to find error inject entry at (____ptrval____)
[    2.972638] Failed to find error inject entry at (____ptrval____)
[    2.972925] Failed to find error inject entry at (____ptrval____)
[    2.973209] Failed to find error inject entry at (____ptrval____)
[    2.973492] Failed to find error inject entry at (____ptrval____)
[    2.973780] Failed to find error inject entry at (____ptrval____)
[    2.974062] Failed to find error inject entry at (____ptrval____)
[    2.974344] Failed to find error inject entry at (____ptrval____)
[    2.974629] Failed to find error inject entry at (____ptrval____)
[    2.974911] Failed to find error inject entry at (____ptrval____)
[    2.975191] Failed to find error inject entry at (____ptrval____)
[    2.975472] Failed to find error inject entry at (____ptrval____)
[    2.975765] Failed to find error inject entry at (____ptrval____)
[    2.976056] Failed to find error inject entry at (____ptrval____)
[    2.976397] Failed to find error inject entry at (____ptrval____)
[    2.976974] Failed to find error inject entry at (____ptrval____)
[    2.977186] Failed to find error inject entry at (____ptrval____)
[    2.977391] Failed to find error inject entry at (____ptrval____)
[    2.977640] Failed to find error inject entry at (____ptrval____)
[    2.977855] Failed to find error inject entry at (____ptrval____)
[    2.978061] Failed to find error inject entry at (____ptrval____)
[    2.985816] input: gpio-keys as /devices/platform/gpio-keys/input/input0
[    2.988600] cfg80211: Loading compiled-in X.509 certificates for regulatory database
[    3.002506] cfg80211: Loaded X.509 cert 'sforshee: 00b28ddf47aef9cea7'
[    3.005836] ALSA device list:
[    3.006606]   No soundcards found.
[    3.007951] platform regulatory.0: Direct firmware load for regulatory.db failed with error -2
[    3.008502] platform regulatory.0: Falling back to sysfs fallback for: regulatory.db
[    3.016065] uart-pl011 9000000.pl011: no DMA platform data
[    3.023008] cryptomgr_probe (125): highest shadow stack usage: 168 bytes
[    3.183396] Freeing unused kernel memory: 1216K
[    3.194398] Run /init as init process
[    3.558793] init: init first stage started!
[    3.596968] init: Loading module /lib/modules/btintel.ko with args ""
[    3.648135] init: Loaded kernel module /lib/modules/btintel.ko
[    3.649613] init: Loading module /lib/modules/btrtl.ko with args ""
[    3.686592] init: Loaded kernel module /lib/modules/btrtl.ko
[    3.689114] init: Loading module /lib/modules/btusb.ko with args ""
[    3.741605] usbcore: registered new interface driver btusb
[    3.744321] init: Loaded kernel module /lib/modules/btusb.ko
[    3.745661] init: Loading module /lib/modules/dummy-cpufreq.ko with args ""
[    3.802486] init: Loaded kernel module /lib/modules/dummy-cpufreq.ko
[    3.803836] init: Loading module /lib/modules/failover.ko with args ""
[    3.848957] init: Loaded kernel module /lib/modules/failover.ko
[    3.850309] init: Loading module /lib/modules/goldfish_address_space.ko with args ""
[    3.851326] goldfish_address_space: loading out-of-tree module taints kernel.
[    3.880844] goldfish_address_space 0000:00:0b.0: enabling device (0000 -> 0002)
[    3.885931] init: Loaded kernel module /lib/modules/goldfish_address_space.ko
[    3.887604] init: Loading module /lib/modules/goldfish_battery.ko with args ""
[    3.937191] init: Loaded kernel module /lib/modules/goldfish_battery.ko
[    3.939249] init: Loading module /lib/modules/goldfish_pipe.ko with args ""
[    3.979525] init: Loaded kernel module /lib/modules/goldfish_pipe.ko
[    3.981531] init: Loading module /lib/modules/goldfish_sync.ko with args ""
[    4.025823] init: Loaded kernel module /lib/modules/goldfish_sync.ko
[    4.027677] init: Loading module /lib/modules/hci_vhci.ko with args ""
[    4.075348] init: Loaded kernel module /lib/modules/hci_vhci.ko
[    4.077467] init: Loading module /lib/modules/incrementalfs.ko with args ""
[    4.139941] init: Loaded kernel module /lib/modules/incrementalfs.ko
[    4.141440] init: Loading module /lib/modules/mac80211_hwsim.ko with args ""
[    4.184960] mac80211_hwsim: initializing netlink
[    4.211135] init: Loaded kernel module /lib/modules/mac80211_hwsim.ko
[    4.212573] init: Loading module /lib/modules/md-mod.ko with args ""
[    4.308512] init: Loaded kernel module /lib/modules/md-mod.ko
[    4.309894] init: Loading module /lib/modules/nd_virtio.ko with args ""
[    4.358258] init: Loaded kernel module /lib/modules/nd_virtio.ko
[    4.359517] init: Loading module /lib/modules/net_failover.ko with args ""
[    4.408891] init: Loaded kernel module /lib/modules/net_failover.ko
[    4.410262] init: Loading module /lib/modules/rtc-test.ko with args ""
[    4.454306] rtc-test rtc-test.0: registered as rtc1
[    4.479856] rtc rtc2: invalid alarm value: 18446744073704833238-04-05T10:14:43
[    4.481065] rtc-test rtc-test.1: registered as rtc2
[    4.505970] rtc rtc3: invalid alarm value: 18446744073704833238-04-05T10:14:43
[    4.507761] rtc-test rtc-test.2: registered as rtc3
[    4.510371] init: Loaded kernel module /lib/modules/rtc-test.ko
[    4.513608] init: Loading module /lib/modules/snd-hda-core.ko with args ""
[    4.562121] init: Loaded kernel module /lib/modules/snd-hda-core.ko
[    4.564417] init: Loading module /lib/modules/snd-hda-codec.ko with args ""
[    4.627741] init: Loaded kernel module /lib/modules/snd-hda-codec.ko
[    4.628879] init: Loading module /lib/modules/snd-hda-codec-generic.ko with args ""
[    4.683661] init: Loaded kernel module /lib/modules/snd-hda-codec-generic.ko
[    4.685184] init: Loading module /lib/modules/snd-hda-intel.ko with args ""
[    4.733247] init: Loaded kernel module /lib/modules/snd-hda-intel.ko
[    4.735494] init: Loading module /lib/modules/test_meminit.ko with args ""
[    4.814854] test_meminit: all 10 tests in test_pages passed
[    4.857994] test_meminit: all 40 tests in test_kvmalloc passed
[    7.674098] test_meminit: all 70 tests in test_kmemcache passed
[    7.989074] test_meminit: all 10 tests in test_rcu_persistent passed
[    7.989392] test_meminit: all 130 tests passed!
[    7.990558] init: Loaded kernel module /lib/modules/test_meminit.ko
[    7.992094] init: Loading module /lib/modules/test_stackinit.ko with args ""
[    8.037867] test_stackinit: u8_zero ok
[    8.038392] test_stackinit: u16_zero ok
[    8.038811] test_stackinit: u32_zero ok
[    8.039229] test_stackinit: u64_zero ok
[    8.040024] test_stackinit: char_array_zero ok
[    8.040503] test_stackinit: small_hole_zero ok
[    8.040933] test_stackinit: big_hole_zero ok
[    8.041446] test_stackinit: trailing_hole_zero ok
[    8.042038] test_stackinit: packed_zero ok
[    8.042485] test_stackinit: small_hole_dynamic_partial ok
[    8.042954] test_stackinit: big_hole_dynamic_partial ok
[    8.043768] test_stackinit: trailing_hole_dynamic_partial ok
[    8.044325] test_stackinit: packed_dynamic_partial ok
[    8.044806] test_stackinit: small_hole_static_partial ok
[    8.045255] test_stackinit: big_hole_static_partial ok
[    8.045703] test_stackinit: trailing_hole_static_partial ok
[    8.046164] test_stackinit: packed_static_partial ok
[    8.046646] test_stackinit: small_hole_static_all ok
[    8.047078] test_stackinit: big_hole_static_all ok
[    8.047752] test_stackinit: trailing_hole_static_all ok
[    8.048248] test_stackinit: packed_static_all ok
[    8.048685] test_stackinit: small_hole_dynamic_all ok
[    8.049145] test_stackinit: big_hole_dynamic_all ok
[    8.049587] test_stackinit: trailing_hole_dynamic_all ok
[    8.050049] test_stackinit: packed_dynamic_all ok
[    8.050486] test_stackinit: small_hole_runtime_partial ok
[    8.050969] test_stackinit: big_hole_runtime_partial ok
[    8.051528] test_stackinit: trailing_hole_runtime_partial ok
[    8.051924] test_stackinit: packed_runtime_partial ok
[    8.052397] test_stackinit: small_hole_runtime_all ok
[    8.052859] test_stackinit: big_hole_runtime_all ok
[    8.053284] test_stackinit: trailing_hole_runtime_all ok
[    8.053668] test_stackinit: packed_runtime_all ok
[    8.054121] test_stackinit: u8_none ok
[    8.054769] test_stackinit: u16_none ok
[    8.055494] test_stackinit: u32_none ok
[    8.055867] test_stackinit: u64_none ok
[    8.056306] test_stackinit: char_array_none ok
[    8.056758] test_stackinit: switch_1_none XFAIL (uninit bytes: 3)
[    8.057326] test_stackinit: switch_2_none XFAIL (uninit bytes: 3)
[    8.057911] test_stackinit: small_hole_none ok
[    8.058448] test_stackinit: big_hole_none ok
[    8.059360] test_stackinit: trailing_hole_none ok
[    8.059943] test_stackinit: packed_none ok
[    8.060336] test_stackinit: user ok
[    8.060528] test_stackinit: all tests passed!
[    8.063493] init: Loaded kernel module /lib/modules/test_stackinit.ko
[    8.065410] init: Loading module /lib/modules/usbip-core.ko with args ""
[    8.108234] init: Loaded kernel module /lib/modules/usbip-core.ko
[    8.111576] init: Loading module /lib/modules/vhci-hcd.ko with args ""
[    8.154408] vhci_hcd vhci_hcd.0: USB/IP Virtual Host Controller
[    8.155233] vhci_hcd vhci_hcd.0: new USB bus registered, assigned bus number 2
[    8.156478] vhci_hcd: created sysfs vhci_hcd.0
[    8.159879] hub 2-0:1.0: USB hub found
[    8.160726] hub 2-0:1.0: 8 ports detected
[    8.167266] vhci_hcd vhci_hcd.0: USB/IP Virtual Host Controller
[    8.167585] vhci_hcd vhci_hcd.0: new USB bus registered, assigned bus number 3
[    8.168638] usb usb3: We don't know the algorithms for LPM for this host, disabling LPM.
[    8.171275] hub 3-0:1.0: USB hub found
[    8.171710] hub 3-0:1.0: 8 ports detected
[    8.180996] init: Loaded kernel module /lib/modules/vhci-hcd.ko
[    8.184819] init: Loading module /lib/modules/virtio-gpu.ko with args ""
[    8.246368] init: Loaded kernel module /lib/modules/virtio-gpu.ko
[    8.248738] init: Loading module /lib/modules/virtio-rng.ko with args ""
[    8.279694] init: Loaded kernel module /lib/modules/virtio-rng.ko
[    8.280970] init: Loading module /lib/modules/virtio_blk.ko with args ""
[    8.329218] init: Loaded kernel module /lib/modules/virtio_blk.ko
[    8.330528] init: Loading module /lib/modules/virtio_console.ko with args ""
[    8.394342] init: Loaded kernel module /lib/modules/virtio_console.ko
[    8.395788] init: Loading module /lib/modules/virtio_input.ko with args ""
[    8.439635] init: Loaded kernel module /lib/modules/virtio_input.ko
[    8.440923] init: Loading module /lib/modules/virtio_mmio.ko with args ""
[    8.502074] random: crng init done
[    8.518892] virtio_blk virtio2: [vda] 6313984 512-byte logical blocks (3.23 GB/3.01 GiB)
[    8.563739]  vda: vda1 vda2
[    8.574596] virtio_blk virtio3: [vdb] 524288 512-byte logical blocks (268 MB/256 MiB)
[    8.625814] virtio_blk virtio4: [vdc] 16777216 512-byte logical blocks (8.59 GB/8.00 GiB)
[    8.673353] virtio_blk virtio5: [vdd] 36864 512-byte logical blocks (18.9 MB/18.0 MiB)
[    8.715293]  vdd: vdd1
[    8.727969] virtio_blk virtio6: [vde] 174080 512-byte logical blocks (89.1 MB/85.0 MiB)
[    8.784182]  vde: vde1
[    8.795144] init: Loaded kernel module /lib/modules/virtio_mmio.ko
[    8.797911] init: Loading module /lib/modules/virtio_net.ko with args ""
[    8.876927] init: Loaded kernel module /lib/modules/virtio_net.ko
[    8.879044] init: Loading module /lib/modules/virtio_pci.ko with args ""
[    8.921826] init: Loaded kernel module /lib/modules/virtio_pci.ko
[    8.924441] init: Loading module /lib/modules/virtio_pmem.ko with args ""
[    8.968745] init: Loaded kernel module /lib/modules/virtio_pmem.ko
[    8.970790] init: Loading module /lib/modules/virtio_wifi.ko with args ""
[    9.017748] init: Loaded kernel module /lib/modules/virtio_wifi.ko
[    9.020080] init: Loading module /lib/modules/xhci-hcd.ko with args ""
[    9.106426] init: Loaded kernel module /lib/modules/xhci-hcd.ko
[    9.108762] init: Loading module /lib/modules/xhci-pci.ko with args ""
[    9.145198] init: Loaded kernel module /lib/modules/xhci-pci.ko
[    9.199098] init: Using Android DT directory /proc/device-tree/firmware/android/
[    9.970826] init: [libfs_mgr]superblock s_max_mnt_count:65535,/dev/block/platform/a003c00.virtio_mmio/by-name/metadata
[    9.973848] init: [libfs_mgr]Filesystem on /dev/block/platform/a003c00.virtio_mmio/by-name/metadata was not cleanly shutdown; state flags: 0x1, incompat feature flags: 0x46
[   10.058654] init: [libfs_mgr]check_fs(): mount(/dev/block/platform/a003c00.virtio_mmio/by-name/metadata,/metadata,ext4)=-1: No such file or directory
[   10.061876] init: [libfs_mgr]Not running /system/bin/e2fsck on /dev/block/vdd1 (executable not in system image)
[   10.198194] EXT4-fs (vdd1): recovery complete
[   10.201000] EXT4-fs (vdd1): mounted filesystem with ordered data mode. Opts: 
[   10.202028] init: [libfs_mgr]__mount(source=/dev/block/platform/a003c00.virtio_mmio/by-name/metadata,target=/metadata,type=ext4)=0: Success
[   10.211047] init: Failed to copy /avb into /metadata/gsi/dsu/avb/: No such file or directory
[   10.250347] init: [libfs_mgr]Created logical partition system on device /dev/block/dm-0
[   10.259529] init: [libfs_mgr]Created logical partition system_ext on device /dev/block/dm-1
[   10.274162] init: [libfs_mgr]Created logical partition product on device /dev/block/dm-2
[   10.287620] init: [libfs_mgr]Created logical partition vendor on device /dev/block/dm-3
[   10.289402] init: DSU not detected, proceeding with normal boot
[   10.304511] init: [libfs_mgr]superblock s_max_mnt_count:65535,/dev/block/dm-0
[   10.405342] EXT4-fs (dm-0): mounted filesystem without journal. Opts: barrier=1
[   10.406326] init: [libfs_mgr]__mount(source=/dev/block/dm-0,target=/system,type=ext4)=0: Success
[   10.414307] init: Switching root to '/system'
[   10.436908] init: [libfs_mgr]superblock s_max_mnt_count:65535,/dev/block/dm-2
[   10.522638] EXT4-fs (dm-2): mounted filesystem without journal. Opts: barrier=1
[   10.523780] init: [libfs_mgr]__mount(source=/dev/block/dm-2,target=/product,type=ext4)=0: Success
[   10.552998] init: [libfs_mgr]superblock s_max_mnt_count:65535,/dev/block/dm-1
[   10.639389] EXT4-fs (dm-1): mounted filesystem without journal. Opts: barrier=1
[   10.640959] init: [libfs_mgr]__mount(source=/dev/block/dm-1,target=/system_ext,type=ext4)=0: Success
[   10.653944] init: [libfs_mgr]superblock s_max_mnt_count:65535,/dev/block/dm-3
[   10.749383] EXT4-fs (dm-3): mounted filesystem without journal. Opts: barrier=1
[   10.750718] init: [libfs_mgr]__mount(source=/dev/block/dm-3,target=/vendor,type=ext4)=0: Success
[   10.877219] init: Skipped setting INIT_AVB_VERSION (not in recovery mode)
[   12.065814] init: Loading SELinux policy
[   12.219978] SELinux:  Permission nlmsg_getneigh in class netlink_route_socket not defined in policy.
[   12.222626] SELinux: the above unknown classes and permissions will be denied
[   12.226593] SELinux:  policy capability network_peer_controls=1
[   12.226945] SELinux:  policy capability open_perms=1
[   12.227206] SELinux:  policy capability extended_socket_class=1
[   12.227526] SELinux:  policy capability always_check_network=0
[   12.228057] SELinux:  policy capability cgroup_seclabel=0
[   12.228290] SELinux:  policy capability nnp_nosuid_transition=1
[   12.589153] audit: type=1403 audit(1790541458.372:2): auid=4294967295 ses=4294967295 lsm=selinux res=1
[   12.594667] selinux: SELinux: Loaded policy from /vendor/etc/selinux/precompiled_sepolicy
[   12.595976] selinux: 
[   12.606668] audit: type=1404 audit(1790541458.388:3): enforcing=1 old_enforcing=0 auid=4294967295 ses=4294967295 enabled=1 old-enabled=1 lsm=selinux res=1
[   12.692314] selinux: SELinux: Loaded file_contexts
[   12.692690] selinux: 
[   13.150250] init: init second stage started!
[   13.570283] init: Using Android DT directory /proc/device-tree/firmware/android/
[   13.595907] init: Init cannot set 'ro.boot.hardware' to 'ranchu': Read-only property was already set
[   13.708286] init: Overriding previous 'ro.' property 'ro.control_privapp_permissions':'disable' with new value 'enforce'
[   13.733833] init: Overriding previous 'ro.' property 'ro.config.notification_sound':'OnTheHunt.ogg' with new value 'pixiedust.ogg'
[   13.738178] init: Couldn't load property file '/factory/factory.prop': open() failed: No such file or directory: No such file or directory
[   13.759796] init: Setting product property ro.product.brand to 'google' (from ro.product.product.brand)
[   13.760622] init: Setting product property ro.product.device to 'emulator_arm64' (from ro.product.product.device)
[   13.761353] init: Setting product property ro.product.manufacturer to 'Google' (from ro.product.product.manufacturer)
[   13.762117] init: Setting product property ro.product.model to 'sdk_gphone_arm64' (from ro.product.product.model)
[   13.762895] init: Setting product property ro.product.name to 'sdk_gphone_arm64' (from ro.product.product.name)
[   13.764524] init: Setting property 'ro.build.fingerprint' to 'google/sdk_gphone_arm64/emulator_arm64:11/RSR1.240422.006/12134477:userdebug/dev-keys'
[   13.907502] selinux: SELinux: Loaded file_contexts
[   13.908347] selinux: 
[   13.908922] init: Running restorecon...
[   14.176244] init: Created socket '/dev/socket/property_service', mode 666, user 0, group 0
[   14.255860] init: SetupMountNamespaces done
[   14.274525] init: Forked subcontext for 'u:r:vendor_init:s0' with pid 155
[   14.287500] init: Parsing file /system/etc/init/hw/init.rc...
[   14.316901] init: Added '/init.environ.rc' to import list
[   14.319158] init: Added '/system/etc/init/hw/init.usb.rc' to import list
[   14.321796] init: Added '/init.ranchu.rc' to import list
[   14.323631] init: Added '/vendor/etc/init/hw/init.ranchu.rc' to import list
[   14.324779] init: Added '/system/etc/init/hw/init.usb.configfs.rc' to import list
[   14.326329] init: Added '/system/etc/init/hw/init.zygote64.rc' to import list
[   14.416730] init: Parsing file /init.environ.rc...
[   14.424801] init: Parsing file /system/etc/init/hw/init.usb.rc...
[   14.440675] init: Parsing file /init.ranchu.rc...
[   14.442769] init: Unable to read config file '/init.ranchu.rc': open() failed: No such file or directory
[   14.449752] init: Parsing file /vendor/etc/init/hw/init.ranchu.rc...
[   14.528818] init: Parsing file /system/etc/init/hw/init.usb.configfs.rc...
[   14.550209] init: Parsing file /system/etc/init/hw/init.zygote64.rc...
[   14.558844] init: Parsing directory /system/etc/init...
[   14.576517] init: Parsing file /system/etc/init/android.hidl.allocator@1.0-service.rc...
[   14.582035] init: Parsing file /system/etc/init/android.system.suspend@1.0-service.rc...
[   14.587438] init: Parsing file /system/etc/init/apexd.rc...
[   14.592816] init: Parsing file /system/etc/init/atrace.rc...
[   14.612764] init: Parsing file /system/etc/init/atrace_userdebug.rc...
[   14.619149] init: Parsing file /system/etc/init/audioserver.rc...
[   14.629449] init: Parsing file /system/etc/init/blank_screen.rc...
[   14.636172] init: Parsing file /system/etc/init/bootanim.rc...
[   14.645018] init: Parsing file /system/etc/init/bootstat-debug.rc...
[   14.650794] init: Parsing file /system/etc/init/bootstat.rc...
[   14.661929] init: Parsing file /system/etc/init/bpfloader.rc...
[   14.669783] init: Parsing file /system/etc/init/cameraserver.rc...
[   14.676872] init: Parsing file /system/etc/init/clean_scratch_files.rc...
[   14.683448] init: Parsing file /system/etc/init/cppreopts.rc...
[   14.692617] init: Parsing file /system/etc/init/credstore.rc...
[   14.698155] init: Parsing file /system/etc/init/drmserver.rc...
[   14.704625] init: Parsing file /system/etc/init/dumpstate.rc...
[   14.710465] init: Parsing file /system/etc/init/flags_health_check.rc...
[   14.717610] init: Parsing file /system/etc/init/gatekeeperd.rc...
[   14.724669] init: Parsing file /system/etc/init/gpuservice.rc...
[   14.730120] init: Parsing file /system/etc/init/gsid.rc...
[   14.737460] init: Parsing file /system/etc/init/heapprofd.rc...
[   14.744071] init: Parsing file /system/etc/init/hwservicemanager.rc...
[   14.749093] init: Parsing file /system/etc/init/idmap2d.rc...
[   14.758155] init: Parsing file /system/etc/init/incidentd.rc...
[   14.764966] init: Parsing file /system/etc/init/init-debug.rc...
[   14.769970] init: Parsing file /system/etc/init/installd.rc...
[   14.779492] init: Parsing file /system/etc/init/iorapd.rc...
[   14.784232] init: Parsing file /system/etc/init/keystore.rc...
[   14.790211] init: Parsing file /system/etc/init/llkd-debuggable.rc...
[   14.797628] init: Parsing file /system/etc/init/llkd.rc...
[   14.803356] init: Parsing file /system/etc/init/lmkd.rc...
[   14.809604] init: Parsing file /system/etc/init/logcatd.rc...
[   14.818613] init: Parsing file /system/etc/init/logd.rc...
[   14.827225] init: Parsing file /system/etc/init/logtagd.rc...
[   14.834652] init: Parsing file /system/etc/init/lpdumpd.rc...
[   14.842090] init: Parsing file /system/etc/init/mdnsd.rc...
[   14.848352] init: Parsing file /system/etc/init/mediaextractor.rc...
[   14.857995] init: Parsing file /system/etc/init/mediametrics.rc...
[   14.866460] init: Parsing file /system/etc/init/mediaserver.rc...
[   14.876287] init: Parsing file /system/etc/init/mtpd.rc...
[   14.881148] init: Parsing file /system/etc/init/netd.rc...
[   14.887343] init: Parsing file /system/etc/init/otapreopt.rc...
[   14.891572] init: Parsing file /system/etc/init/perfetto.rc...
[   14.898185] init: Parsing file /system/etc/init/racoon.rc...
[   14.903801] init: Parsing file /system/etc/init/recovery-persist.rc...
[   14.909078] init: Parsing file /system/etc/init/recovery-refresh.rc...
[   14.913539] init: Parsing file /system/etc/init/rss_hwm_reset.rc...
[   14.920761] init: Parsing file /system/etc/init/servicemanager.rc...
[   14.928082] init: Parsing file /system/etc/init/storaged.rc...
[   14.938630] init: Parsing file /system/etc/init/surfaceflinger.rc...
[   14.946972] init: Parsing file /system/etc/init/tombstoned.rc...
[   14.961085] init: Parsing file /system/etc/init/traced_perf.rc...
[   14.969958] init: Parsing file /system/etc/init/traceur.rc...
[   14.974297] init: Parsing file /system/etc/init/uncrypt.rc...
[   14.983514] init: Parsing file /system/etc/init/update_engine.rc...
[   14.987431] init: Parsing file /system/etc/init/update_verifier.rc...
[   14.992201] init: Parsing file /system/etc/init/usbd.rc...
[   14.998790] init: Parsing file /system/etc/init/vdc.rc...
[   15.013932] init: Parsing file /system/etc/init/vold.rc...
[   15.021652] init: Parsing file /system/etc/init/wait_for_keymaster.rc...
[   15.026782] init: Parsing file /system/etc/init/wifi.rc...
[   15.040874] init: Parsing file /system/etc/init/wificond.rc...
[   15.050785] init: Parsing file /system_ext/etc/init...
[   15.053668] init: Unable to read config file '/system_ext/etc/init': open() failed: No such file or directory
[   15.056985] init: Parsing file /product/etc/init...
[   15.060158] init: Unable to read config file '/product/etc/init': open() failed: No such file or directory
[   15.062857] init: Parsing file /odm/etc/init...
[   15.065985] init: Unable to read config file '/odm/etc/init': open() failed: No such file or directory
[   15.068757] init: Parsing directory /vendor/etc/init...
[   15.084762] init: Parsing file /vendor/etc/init/android.hardware.atrace@1.0-service.rc...
[   15.090075] init: Parsing file /vendor/etc/init/android.hardware.audio.service.ranchu.rc...
[   15.095179] init: Parsing file /vendor/etc/init/android.hardware.authsecret@1.0-service.rc...
[   15.100833] init: Parsing file /vendor/etc/init/android.hardware.biometrics.face@1.0-service.rc...
[   15.105966] init: Parsing file /vendor/etc/init/android.hardware.biometrics.fingerprint@2.1-service.rc...
[   15.110833] init: Parsing file /vendor/etc/init/android.hardware.bluetooth@1.1-service.sim.rc...
[   15.116320] init: Parsing file /vendor/etc/init/android.hardware.camera.provider@2.4-service_64.rc...
[   15.124733] init: Parsing file /vendor/etc/init/android.hardware.camera.provider@2.6-service-google.rc...
[   15.129581] init: Parsing file /vendor/etc/init/android.hardware.contexthub@1.1-service.rc...
[   15.133844] init: Parsing file /vendor/etc/init/android.hardware.drm@1.0-service.rc...
[   15.138531] init: Parsing file /vendor/etc/init/android.hardware.drm@1.3-service.clearkey.rc...
[   15.143836] init: Parsing file /vendor/etc/init/android.hardware.drm@1.3-service.widevine.rc...
[   15.149857] init: Parsing file /vendor/etc/init/android.hardware.dumpstate@1.1-service.example.rc...
[   15.153619] init: Parsing file /vendor/etc/init/android.hardware.gatekeeper@1.0-service.software.rc...
[   15.157890] init: Parsing file /vendor/etc/init/android.hardware.gnss@2.0-service.ranchu.rc...
[   15.163394] init: Parsing file /vendor/etc/init/android.hardware.graphics.allocator@3.0-service.rc...
[   15.168317] init: Parsing file /vendor/etc/init/android.hardware.graphics.composer@2.3-service.rc...
[   15.172321] init: Parsing file /vendor/etc/init/android.hardware.health.storage@1.0-service.rc...
[   15.176346] init: Parsing file /vendor/etc/init/android.hardware.health@2.1-service.rc...
[   15.180452] init: Parsing file /vendor/etc/init/android.hardware.input.classifier@1.0-service.default.rc...
[   15.185582] init: Parsing file /vendor/etc/init/android.hardware.keymaster@4.1-service.rc...
[   15.190580] init: Parsing file /vendor/etc/init/android.hardware.media.omx@1.0-service.rc...
[   15.194895] init: Parsing file /vendor/etc/init/android.hardware.neuralnetworks@1.3-service-sample-all.rc...
[   15.201229] init: Parsing file /vendor/etc/init/android.hardware.neuralnetworks@1.3-service-sample-float-fast.rc...
[   15.206349] init: Parsing file /vendor/etc/init/android.hardware.neuralnetworks@1.3-service-sample-float-slow.rc...
[   15.211335] init: Parsing file /vendor/etc/init/android.hardware.neuralnetworks@1.3-service-sample-minimal.rc...
[   15.216050] init: Parsing file /vendor/etc/init/android.hardware.neuralnetworks@1.3-service-sample-quant.rc...
[   15.220002] init: Parsing file /vendor/etc/init/android.hardware.power.stats@1.0-service.rc...
[   15.223918] init: Parsing file /vendor/etc/init/android.hardware.sensors@2.1-service-multihal.rc...
[   15.227903] init: Parsing file /vendor/etc/init/android.hardware.thermal@2.0-service.rc...
[   15.233191] init: Parsing file /vendor/etc/init/android.hardware.usb@1.0-service.rc...
[   15.237741] init: Parsing file /vendor/etc/init/android.hardware.wifi@1.0-service.rc...
[   15.242800] init: Parsing file /vendor/etc/init/boringssl_self_test.rc...
[   15.249701] init: Parsing file /vendor/etc/init/hostapd.android.rc...
[   15.255781] init: Parsing file /vendor/etc/init/identity-default.rc...
[   15.259021] init: Parsing file /vendor/etc/init/lights-default.rc...
[   15.262692] init: Parsing file /vendor/etc/init/power-default.rc...
[   15.266509] init: Parsing file /vendor/etc/init/rebootescrow-default.rc...
[   15.273278] init: Parsing file /vendor/etc/init/rild_goldfish.rc...
[   15.276984] init: Parsing file /vendor/etc/init/vendor_flash_recovery.rc...
[   15.280724] init: Parsing file /vendor/etc/init/vibrator-default.rc...
[   15.304980] init: processing action (SetupCgroups) from (<Builtin Action>:0)
[   15.785537] cgroup1: Unknown subsys name 'schedtune'
[   15.786651] libprocessgroup: Failed to mount schedtune cgroup: Invalid argument
[   15.788076] libprocessgroup: Failed to setup schedtune cgroup
[   15.794073] init: Command 'SetupCgroups' action=SetupCgroups (<Builtin Action>:0) took 487ms and succeeded
[   15.831036] init: processing action (SetKptrRestrict) from (<Builtin Action>:0)
[   15.843396] init: processing action (TestPerfEventSelinux) from (<Builtin Action>:0)
[   15.857183] init: processing action (early-init) from (/system/etc/init/hw/init.rc:15)
[   15.945316] init: starting service 'exec 1 (/system/bin/linkerconfig --target /linkerconfig/bootstrap)'...
[   15.986303] init: SVC_EXEC service 'exec 1 (/system/bin/linkerconfig --target /linkerconfig/bootstrap)' pid 156 (uid 0 gid 0+0 context default) started; waiting...
[   15.989877] init: Command 'exec -- /system/bin/linkerconfig --target /linkerconfig/bootstrap' action=early-init (/system/etc/init/hw/init.rc:59) took 78ms and succeeded
[   16.118546] linkerconfig (156) used greatest stack depth: 11952 bytes left
[   16.123075] init: Service 'exec 1 (/system/bin/linkerconfig --target /linkerconfig/bootstrap)' (pid 156) exited with status 0 waiting took 0.162000 seconds
[   16.124109] init: Sending signal 9 to service 'exec 1 (/system/bin/linkerconfig --target /linkerconfig/bootstrap)' (pid 156) process group...
[   16.129085] libprocessgroup: Successfully killed process cgroup uid 0 pid 156 in 3ms
[   16.155563] init: starting service 'ueventd'...
[   16.160150] linkerconfig (156): highest shadow stack usage: 296 bytes
[   16.242800] init: Command 'start ueventd' action=early-init (/system/etc/init/hw/init.rc:67) took 84ms and succeeded
[   16.253197] init: starting service 'apexd-bootstrap'...
[   16.401364] init: SVC_EXEC service 'apexd-bootstrap' pid 158 (uid 0 gid 1000+0 context default) started; waiting...
[   16.405706] init: Command 'exec_start apexd-bootstrap' action=early-init (/system/etc/init/hw/init.rc:72) took 158ms and succeeded
[   16.999793] ueventd: ueventd started!
[   17.082024] selinux: SELinux: Loaded file_contexts
[   17.083012] selinux: 
[   17.093086] ueventd: Parsing file /system/etc/ueventd.rc...
[   17.116687] ueventd: Parsing file /vendor/ueventd.rc...
[   17.124832] ueventd: Parsing file /odm/ueventd.rc...
[   17.127159] ueventd: Unable to read config file '/odm/ueventd.rc': open() failed: No such file or directory
[   17.129187] ueventd: Parsing file /ueventd.ranchu.rc...
[   17.132194] ueventd: Unable to read config file '/ueventd.ranchu.rc': open() failed: No such file or directory
[   17.176866] apexd: Bootstrap subcommand detected
[   21.274743] ueventd: firmware: loading 'regulatory.db' for '/devices/platform/regulatory.0/firmware/regulatory.db'
[   21.483191] apexd: wait for '/dev/loop-control' took 3799ms
[   22.110809] ueventd: Coldboot took 4.949 seconds
[   22.182388] apexd: Pre-allocated 28 loopback devices
[   22.184671] apexd: Scanning /system/apex for preinstalled data
[   22.376189] apexd: Scanning /system_ext/apex for preinstalled data
[   22.377338] apexd: ... does not exist. Skipping
[   22.378101] apexd: Scanning /vendor/apex for preinstalled data
[   22.379294] apexd: ... does not exist. Skipping
[   22.381396] apexd: Scanning /system/apex looking for APEX packages.
[   22.389388] apexd: Found /system/apex/com.google.android.cellbroadcast.apex
[   22.397285] apexd: Found /system/apex/com.google.android.extservices.apex
[   22.404681] apexd: Found /system/apex/com.google.android.ipsec.apex
[   22.412344] apexd: Found /system/apex/com.google.android.tethering.apex
[   22.421368] apexd: Found /system/apex/com.google.android.mediaprovider.apex
[   22.430048] apexd: Found /system/apex/com.google.android.telephony.apex
[   22.438277] apexd: Found /system/apex/com.android.vndk.current.apex
[   22.446051] apexd: Found /system/apex/com.android.i18n.apex
[   22.453675] apexd: Found /system/apex/com.google.android.permission.apex
[   22.463036] apexd: Found /system/apex/com.google.android.tzdata2.apex
[   22.469898] apexd: Found /system/apex/com.google.android.neuralnetworks.apex
[   22.479679] apexd: Found /system/apex/com.google.android.resolv.apex
[   22.486540] apexd: Found /system/apex/com.google.android.sdkext.apex
[   22.492615] apexd: Found /system/apex/com.google.android.os.statsd.apex
[   22.498667] apexd: Found /system/apex/com.google.android.adbd.apex
[   22.505645] apexd: Found /system/apex/com.android.apex.cts.shim.apex
[   22.511124] apexd: Found /system/apex/com.google.android.wifi.apex
[   22.519227] apexd: Found /system/apex/com.android.runtime.apex
[   22.526175] apexd: Found /system/apex/com.google.android.media.swcodec.apex
[   22.533313] apexd: Found /system/apex/com.android.art.debug.apex
[   22.538198] apexd: Found /system/apex/com.google.android.media.apex
[   22.544246] apexd: Found /system/apex/com.google.android.conscrypt.apex
[   22.686873] EXT4-fs (loop0): mounted filesystem without journal. Opts: (null)
[   22.688649] apexd: Successfully mounted package /system/apex/com.android.vndk.current.apex on /apex/com.android.vndk.v30@1
[   22.840316] EXT4-fs (loop1): mounted filesystem without journal. Opts: (null)
[   22.841766] apexd: Successfully mounted package /system/apex/com.android.i18n.apex on /apex/com.android.i18n@1
[   22.956000] EXT4-fs (loop2): mounted filesystem without journal. Opts: (null)
[   22.957802] apexd: Successfully mounted package /system/apex/com.google.android.tzdata2.apex on /apex/com.android.tzdata@300900700
[   23.077455] EXT4-fs (loop3): mounted filesystem without journal. Opts: (null)
[   23.080296] apexd: Successfully mounted package /system/apex/com.google.android.os.statsd.apex on /apex/com.android.os.statsd@300900700
[   23.208284] EXT4-fs (loop4): mounted filesystem without journal. Opts: (null)
[   23.209767] apexd: Successfully mounted package /system/apex/com.android.runtime.apex on /apex/com.android.runtime@1
[   23.335819] EXT4-fs (loop5): mounted filesystem without journal. Opts: (null)
[   23.337382] apexd: Successfully mounted package /system/apex/com.android.art.debug.apex on /apex/com.android.art@1
[   23.350418] apexd: Activated 22 packages. Skipped: 0
[   23.352336] apexd: Scanning /system_ext/apex looking for APEX packages.
[   23.353552] apexd: ... does not exist. Skipping
[   23.386828] apexd: Activated 0 packages. Skipped: 0
[   23.387874] apexd: Scanning /vendor/apex looking for APEX packages.
[   23.388890] apexd: ... does not exist. Skipping
[   23.416373] apexd: Activated 0 packages. Skipped: 0
[   23.417001] apexd: Bootstrapping done
[   23.456593] init: Service 'apexd-bootstrap' (pid 158) exited with status 0 waiting took 7.170000 seconds
[   23.457769] init: Sending signal 9 to service 'apexd-bootstrap' (pid 158) process group...
[   23.461376] libprocessgroup: Successfully killed process cgroup uid 0 pid 158 in 1ms
[   23.521881] apexd (158): highest shadow stack usage: 328 bytes
[   23.754044] init: linkerconfig generated /linkerconfig with mounted APEX modules info
[   23.755992] init: Command 'update_linker_config' action=early-init (/system/etc/init/hw/init.rc:75) took 264ms and succeeded
[   23.792595] init: processing action (ro.product.cpu.abilist64=* && early-init) from (/system/etc/init/hw/init.rc:87)
[   23.800350] init: starting service 'boringssl_self_test64'...
[   23.886673] init: SVC_EXEC service 'boringssl_self_test64' pid 178 (uid 0 gid 0+0 context default) started; waiting...
[   23.890855] init: Command 'exec_start boringssl_self_test64' action=ro.product.cpu.abilist64=* && early-init (/system/etc/init/hw/init.rc:88) took 95ms and succeeded
[   24.287458] init: Service 'boringssl_self_test64' (pid 178) exited with status 0 waiting took 0.470000 seconds
[   24.288309] init: Sending signal 9 to service 'boringssl_self_test64' (pid 178) process group...
[   24.290739] libprocessgroup: Successfully killed process cgroup uid 0 pid 178 in 1ms
[   24.307891] init: processing action (early-init) from (/init.environ.rc:2)
[   24.312603] init: processing action (early-init) from (/vendor/etc/init/hw/init.ranchu.rc:12)
[   24.410823] init: Command 'mount proc proc /proc remount hidepid=2,gid=3009' action=early-init (/vendor/etc/init/hw/init.ranchu.rc:13) took 97ms and succeeded
[   24.442109] init: processing action (ro.product.cpu.abilist64=* && early-init) from (/vendor/etc/init/boringssl_self_test.rc:4)
[   24.451142] init: starting service 'boringssl_self_test64_vendor'...
[   24.521162] init: SVC_EXEC service 'boringssl_self_test64_vendor' pid 179 (uid 0 gid 0+0 context default) started; waiting...
[   24.524852] init: Command 'exec_start boringssl_self_test64_vendor' action=ro.product.cpu.abilist64=* && early-init (/vendor/etc/init/boringssl_self_test.rc:5) took 80ms and succeeded
[   24.814570] init: Service 'boringssl_self_test64_vendor' (pid 179) exited with status 0 waiting took 0.353000 seconds
[   24.816474] init: Sending signal 9 to service 'boringssl_self_test64_vendor' (pid 179) process group...
[   24.820275] libprocessgroup: Successfully killed process cgroup uid 0 pid 179 in 2ms
[   24.835382] init: processing action (wait_for_coldboot_done) from (<Builtin Action>:0)
[   24.836724] init: start_waiting_for_property("ro.cold_boot_done", "true"): already set
[   24.837890] init: processing action (MixHwrngIntoLinuxRng) from (<Builtin Action>:0)
[   24.856961] init: Mixed 512 bytes from /dev/hw_random into /dev/urandom
[   24.858494] init: processing action (SetMmapRndBits) from (<Builtin Action>:0)
[   24.878591] init: processing action (KeychordInit) from (<Builtin Action>:0)
[   24.884983] init: EVIOCSMASK not supported: Invalid argument
[   24.888971] init: processing action (init) from (/system/etc/init/hw/init.rc:114)
[   24.956855] init: Command 'write /dev/blkio/blkio.weight 1000' action=init (/system/etc/init/hw/init.rc:164) took 4ms and failed: Unable to write to file '/dev/blkio/blkio.weight': open() failed: Permission denied
[   24.961042] init: Command 'write /dev/blkio/background/blkio.weight 200' action=init (/system/etc/init/hw/init.rc:165) took 2ms and failed: Unable to write to file '/dev/blkio/background/blkio.weight': open() failed: Permission denied
[   24.965764] init: Command 'write /dev/blkio/blkio.group_idle 0' action=init (/system/etc/init/hw/init.rc:166) took 3ms and failed: Unable to write to file '/dev/blkio/blkio.group_idle': open() failed: Permission denied
[   24.970464] init: Command 'write /dev/blkio/background/blkio.group_idle 0' action=init (/system/etc/init/hw/init.rc:167) took 3ms and failed: Unable to write to file '/dev/blkio/background/blkio.group_idle': open() failed: Permission denied
[   25.071978] init: Command 'mount binder binder /dev/binderfs stats=global' action=init (/system/etc/init/hw/init.rc:177) took 72ms and succeeded
[   25.261124] init: Command 'write /dev/cpuctl/cpu.rt_period_us 1000000' action=init (/system/etc/init/hw/init.rc:271) took 4ms and failed: Unable to write to file '/dev/cpuctl/cpu.rt_period_us': open() failed: Permission denied
[   25.268415] init: Command 'write /dev/cpuctl/cpu.rt_runtime_us 950000' action=init (/system/etc/init/hw/init.rc:272) took 4ms and failed: Unable to write to file '/dev/cpuctl/cpu.rt_runtime_us': open() failed: Permission denied
[   25.477097] Registered swp emulation handler
[   25.489639] init: Command 'write /dev/cpu_variant:${ro.bionic.2nd_arch} ${ro.bionic.2nd_cpu_variant}' action=init (/system/etc/init/hw/init.rc:384) took 0ms and failed: property 'ro.bionic.2nd_arch' doesn't exist while expanding '/dev/cpu_variant:${ro.bionic.2nd_arch}'
[   25.491281] init: Command 'chmod 0444 /dev/cpu_variant:${ro.bionic.2nd_arch}' action=init (/system/etc/init/hw/init.rc:385) took 0ms and failed: property 'ro.bionic.2nd_arch' doesn't exist while expanding '/dev/cpu_variant:${ro.bionic.2nd_arch}'
[   25.504241] init: starting service 'logd'...
[   25.513555] init: Created socket '/dev/socket/logd', mode 666, user 1036, group 1036
[   25.521289] init: Created socket '/dev/socket/logdr', mode 666, user 1036, group 1036
[   25.528277] init: Created socket '/dev/socket/logdw', mode 222, user 1036, group 1036
[   25.529971] init: Opened file '/proc/kmsg', flags 0
[   25.531085] init: Opened file '/dev/kmsg', flags 1
[   25.580532] init: Command 'start logd' action=init (/system/etc/init/hw/init.rc:398) took 78ms and succeeded
[   25.590095] init: starting service 'lmkd'...
[   25.599471] init: Created socket '/dev/socket/lmkd', mode 660, user 1000, group 1000
[   25.772978] init: Command 'start lmkd' action=init (/system/etc/init/hw/init.rc:404) took 176ms and succeeded
[   25.799448] init: starting service 'servicemanager'...
[   26.094496] init: Command 'start servicemanager' action=init (/system/etc/init/hw/init.rc:407) took 308ms and succeeded
[   26.130657] init: starting service 'hwservicemanager'...
[   26.404717] init: Command 'start hwservicemanager' action=init (/system/etc/init/hw/init.rc:408) took 288ms and succeeded
[   26.414457] init: Command 'start vndservicemanager' action=init (/system/etc/init/hw/init.rc:409) took 2ms and failed: service vndservicemanager not found
[   26.420374] init: processing action (ro.debuggable=1 && init) from (/system/etc/init/hw/init.rc:1065)
[   26.446879] init: starting service 'console'...
[   26.750436] init: Command 'start console' action=ro.debuggable=1 && init (/system/etc/init/hw/init.rc:1066) took 304ms and succeeded
[   26.758809] init: processing action (init) from (/system/etc/init/hw/init.usb.rc:24)
[   26.819254] init: processing action (init) from (/vendor/etc/init/hw/init.ranchu.rc:17)
[   27.160078] init: Command 'symlink /dev/goldfish_pipe /dev/android_pipe' action=init (/vendor/etc/init/hw/init.ranchu.rc:21) took 326ms and succeeded
[   27.216686] init: Command 'symlink /dev/goldfish_pipe /dev/qemu_pipe' action=init (/vendor/etc/init/hw/init.ranchu.rc:22) took 52ms and succeeded
[   27.278208] init: Command 'write /sys/block/zram0/comp_algorithm lz4' action=init (/vendor/etc/init/hw/init.ranchu.rc:24) took 58ms and succeeded
[   27.412438] init: Command 'mkdir /dev/cpuctl/background' action=init (/vendor/etc/init/hw/init.ranchu.rc:31) took 53ms and succeeded
[   27.486651] init: Command 'mkdir /dev/cpuctl/top-app' action=init (/vendor/etc/init/hw/init.ranchu.rc:32) took 68ms and succeeded
[   27.770074] init: starting service 'qemu-props'...
[   28.211493] init: Command 'start qemu-props' action=init (/vendor/etc/init/hw/init.ranchu.rc:50) took 456ms and succeeded
[   28.244211] init: processing action (init) from (/system/etc/init/audioserver.rc:48)
[   28.324753] init: Command 'mkdir /dev/socket/audioserver 0775 audioserver audioserver' action=init (/system/etc/init/audioserver.rc:49) took 72ms and succeeded
[   28.333160] init: processing action (MixHwrngIntoLinuxRng) from (<Builtin Action>:0)
[   28.374023] init: Mixed 512 bytes from /dev/hw_random into /dev/urandom
console:/ $ [   28.406443] init: processing action (late-init) from (/system/etc/init/hw/init.rc:427)
[   28.423328] init: processing action (late-init) from (/system/etc/init/atrace.rc:3)
[   29.806873] init: processing action (late-init) from (/vendor/etc/init/android.hardware.atrace@1.0-service.rc:1)
[   29.834401] init: processing action (queue_property_triggers) from (<Builtin Action>:0)
[   29.836432] init: processing action (early-fs) from (/system/etc/init/hw/init.rc:463)
[   29.843598] init: starting service 'vold'...
[   29.967307] init: Command 'start vold' action=early-fs (/system/etc/init/hw/init.rc:465) took 125ms and succeeded
[   29.973752] init: processing action (early-fs) from (/vendor/etc/init/hw/init.ranchu.rc:1)
[   29.994462] init: processing action (fs) from (/vendor/etc/init/hw/init.ranchu.rc:4)
[   30.022323] init: starting service 'wait_for_keymaster'...
[   30.310740] init: SVC_EXEC service 'wait_for_keymaster' pid 189 (uid 0 gid 0+1 context default) started; waiting...
[   30.316681] init: Command 'exec_start wait_for_keymaster' action=fs (/vendor/etc/init/hw/init.ranchu.rc:5) took 318ms and succeeded
[   30.404420] logd.auditd: start
[   30.406377] logd.klogd: 29950912800
[   31.461830] wait_for_keymaster: Waiting for Keymaster device
[   32.338451] HidlServiceManagement: getService: Trying again for android.hardware.keymaster@4.0::IKeymasterDevice/default...
[   32.356794] init: starting service 'vendor.keymaster-4-1'...
[   32.571342] init: Control message: Processed ctl.interface_start for 'android.hardware.keymaster@4.0::IKeymasterDevice/default' from pid: 183 (/system/bin/hwservicemanager)
[   32.598692] init: Control message: Processed ctl.interface_start for 'android.hardware.keymaster@4.0::IKeymasterDevice/default' from pid: 183 (/system/bin/hwservicemanager)
[   33.345703] HidlServiceManagement: Waited one second for android.hardware.keymaster@4.0::IKeymasterDevice/default
[   33.369208] HidlServiceManagement: getService: Trying again for android.hardware.keymaster@4.0::IKeymasterDevice/default...
[   33.395641] init: Control message: Processed ctl.interface_start for 'android.hardware.keymaster@4.0::IKeymasterDevice/default' from pid: 183 (/system/bin/hwservicemanager)
[   34.339547] wait_for_keymaster: List of Keymaster HALs found:
[   34.359091] wait_for_keymaster: Keymaster HAL #1: SoftwareKeymasterDevice from Google SecurityLevel: SOFTWARE HAL: android.hardware.keymaster@4.1::IKeymasterDevice/default
[   34.424381] wait_for_keymaster: Using SoftwareKeymasterDevice from Google for encryption.  Security level: SOFTWARE, HAL: android.hardware.keymaster@4.1::IKeymasterDevice/default
[   34.427030] wait_for_keymaster: Keymaster device ready
[   34.489456] wait_for_keymas (189) used greatest stack depth: 11904 bytes left
[   34.539112] init: Service 'wait_for_keymaster' (pid 189) exited with status 0 waiting took 4.449000 seconds
[   34.542747] init: Sending signal 9 to service 'wait_for_keymaster' (pid 189) process group...
[   34.561768] libprocessgroup: Successfully killed process cgroup uid 0 pid 189 in 12ms
[   34.665214] init: [libfs_mgr]Invalid ext4 superblock on '/dev/block/vdc'
[   34.673758] init: [libfs_mgr]mount_with_alternatives(): skipping mount due to invalid magic, mountpoint=/data blk_dev=/dev/block/vdc rec[4].fs_type=ext4
[   34.689936] init: Calling: /system/bin/vdc cryptfs mountFstab /dev/block/vdc /data
[   36.776330] EXT4-fs (dm-4): Ignoring removed nomblk_io_submit option
[   36.777907] EXT4-fs (dm-4): Using encoding defined by superblock: utf8-12.1.0 with flags 0x0
[   38.305778] EXT4-fs (dm-4): 2 orphan inodes deleted
[   38.306219] EXT4-fs (dm-4): recovery complete
[   38.335834] EXT4-fs (dm-4): mounted filesystem with ordered data mode. Opts: errors=remount-ro,nomblk_io_submit
[   38.762883] e2fsck: e2fsck 1.45.4 (23-Sep-2019)
[   39.025530] e2fsck: Pass 1: Checking inodes, blocks, and sizes
[   39.562028] e2fsck: Pass 2: Checking directory structure
[   39.705753] e2fsck: Pass 3: Checking directory connectivity
[   39.715958] e2fsck: Pass 4: Checking reference counts
[   39.948451] e2fsck: Pass 5: Checking group summary information
[   40.125275] e2fsck: data: 239/524288 files (1.7% non-contiguous), 58913/2097152 blocks
[   40.274935] EXT4-fs (dm-4): Ignoring removed nomblk_io_submit option
[   40.275396] EXT4-fs (dm-4): Using encoding defined by superblock: utf8-12.1.0 with flags 0x0
[   40.299768] EXT4-fs (dm-4): mounted filesystem with ordered data mode. Opts: nomblk_io_submit,errors=panic
[   40.495636] init: Keyring created with id 104849773 in process 1
[   40.514548] init: Command 'mount_all /vendor/etc/fstab.ranchu' action=fs (/vendor/etc/init/hw/init.ranchu.rc:6) took 5897ms and succeeded
[   40.535849] init: processing action (fs) from (/system/etc/init/logd.rc:28)
[   40.544043] init: processing action (fs) from (/system/etc/init/wifi.rc:25)
[   40.552487] init: processing action (post-fs) from (/system/etc/init/hw/init.rc:467)
[   40.558471] init: starting service 'exec 2 (/system/bin/vdc checkpoint markBootAttempt)'...
[   40.588750] init: SVC_EXEC service 'exec 2 (/system/bin/vdc checkpoint markBootAttempt)' pid 218 (uid 1000 gid 1000+0 context default) started; waiting...
[   40.994946] init: Service 'exec 2 (/system/bin/vdc checkpoint markBootAttempt)' (pid 218) exited with status 0 waiting took 0.423000 seconds
[   40.996996] init: Sending signal 9 to service 'exec 2 (/system/bin/vdc checkpoint markBootAttempt)' (pid 218) process group...
[   41.001857] libprocessgroup: Successfully killed process cgroup uid 1000 pid 218 in 3ms
[   41.055443] selinux: SELinux:  Could not stat /sys/kernel/debug: No such file or directory.
[   41.056441] selinux: 
[   41.058684] init: Command 'chown system cache /cache' action=post-fs (/system/etc/init/hw/init.rc:479) took 0ms and failed: lchown() failed: Read-only file system
[   41.065838] init: Command 'chmod 0770 /cache' action=post-fs (/system/etc/init/hw/init.rc:480) took 3ms and failed: fchmodat() failed: Read-only file system
[   41.157619] selinux: SELinux:  setxattr failed: /cache:  Read-only file system
[   41.158349] selinux: 
[   41.159403] init: Command 'restorecon_recursive /cache' action=post-fs (/system/etc/init/hw/init.rc:482) took 91ms and succeeded
[   41.169720] init: Command 'mkdir /cache/recovery 0770 system cache' action=post-fs (/system/etc/init/hw/init.rc:486) took 6ms and failed: mkdir() failed on /cache/recovery: Read-only file system
[   41.177803] init: Command 'mkdir /cache/backup_stage 0700 system system' action=post-fs (/system/etc/init/hw/init.rc:489) took 3ms and failed: mkdir() failed on /cache/backup_stage: Read-only file system
[   41.185519] init: Command 'mkdir /cache/backup 0700 system system' action=post-fs (/system/etc/init/hw/init.rc:490) took 4ms and failed: mkdir() failed on /cache/backup: Read-only file system
[   41.210118] init: Command 'mkdir /cache/lost+found 0770 root root' action=post-fs (/system/etc/init/hw/init.rc:511) took 5ms and failed: mkdir() failed on /cache/lost+found: Read-only file system
[   41.235247] selinux: SELinux: Skipping restorecon on directory(/metadata)
[   41.236124] selinux: 
[   41.293231] selinux: SELinux: Skipping restorecon on directory(/metadata/apex)
[   41.294469] selinux: 
[   41.302093] init: processing action (post-fs) from (/system/etc/init/atrace_userdebug.rc:7)
[   41.336738] init: processing action (post-fs) from (/system/etc/init/gsid.rc:8)
[   41.343897] init: processing action (post-fs) from (/system/etc/init/recovery-refresh.rc:1)
[   41.360168] init: starting service 'exec 3 (/system/bin/recovery-refresh)'...
[   41.434689] init: Command 'exec_background - system log -- /system/bin/recovery-refresh' action=post-fs (/system/etc/init/recovery-refresh.rc:2) took 83ms and succeeded
[   41.450053] init: processing action (late-fs) from (/system/etc/init/hw/init.rc:531)
[   41.493592] init: starting service 'system_suspend'...
[   41.884808] init: starting service 'vendor.atrace-hal-1-0'...
[   42.155010] init: Command 'class_start early_hal' action=late-fs (/system/etc/init/hw/init.rc:538) took 674ms and succeeded
[   42.161450] init: processing action (late-fs) from (/vendor/etc/init/hw/init.ranchu.rc:8)
[   42.773222] init: Unable to set property 'ro.crypto.state' from uid:0 gid:0 pid:1: Read-only property was already set
[   42.785530] init: Command 'mount_all /vendor/etc/fstab.ranchu --late' action=late-fs (/vendor/etc/init/hw/init.ranchu.rc:10) took 602ms and succeeded
[   42.793382] init: Service 'exec 3 (/system/bin/recovery-refresh)' (pid 219) exited with status 254 oneshot service took 1.405000 seconds in background
[   42.795830] init: Sending signal 9 to service 'exec 3 (/system/bin/recovery-refresh)' (pid 219) process group...
[   42.806442] libprocessgroup: Successfully killed process cgroup uid 1000 pid 219 in 6ms
[   42.821187] init: processing action (post-fs-data) from (/system/etc/init/hw/init.rc:540)
[   42.835387] init: starting service 'exec 4 (/system/bin/vdc checkpoint prepareCheckpoint)'...
[   42.962170] init: SVC_EXEC service 'exec 4 (/system/bin/vdc checkpoint prepareCheckpoint)' pid 222 (uid 1000 gid 1000+0 context default) started; waiting...
[   42.967408] init: Command 'exec - system system -- /system/bin/vdc checkpoint prepareCheckpoint' action=post-fs-data (/system/etc/init/hw/init.rc:544) took 142ms and succeeded
[   43.953532] init: Service 'exec 4 (/system/bin/vdc checkpoint prepareCheckpoint)' (pid 222) exited with status 0 waiting took 1.039000 seconds
[   43.955028] init: Sending signal 9 to service 'exec 4 (/system/bin/vdc checkpoint prepareCheckpoint)' (pid 222) process group...
[   43.961236] libprocessgroup: Successfully killed process cgroup uid 1000 pid 222 in 2ms
[   44.002692] init: starting service 'exec 5 (/system/bin/vdc --wait cryptfs enablefilecrypto)'...
[   44.028722] init: SVC_EXEC service 'exec 5 (/system/bin/vdc --wait cryptfs enablefilecrypto)' pid 225 (uid 0 gid 0+0 context default) started; waiting...
[   44.033491] init: Command 'installkey /data' action=post-fs-data (/system/etc/init/hw/init.rc:553) took 54ms and succeeded
[   44.656026] init: Service 'exec 5 (/system/bin/vdc --wait cryptfs enablefilecrypto)' (pid 225) exited with status 0 waiting took 0.640000 seconds
[   44.657176] init: Sending signal 9 to service 'exec 5 (/system/bin/vdc --wait cryptfs enablefilecrypto)' (pid 225) process group...
[   44.662269] libprocessgroup: Successfully killed process cgroup uid 0 pid 225 in 3ms
[   44.689220] fscrypt: AES-256-CTS-CBC using implementation "cts-cbc-aes-ce"
[   44.693316] init: Verified that /data/bootchart has the encryption policy 49cb5fd2309ca5c7fc9bb1c4a93e8926 v2 modes 1/4 flags 0x2
[   44.705050] init: Switched to default mount namespace
[   44.708149] init: Not setting encryption policy on: /data/apex
[   44.750152] init: Not setting encryption policy on: /data/app-staging
[   44.760202] init: starting service 'apexd'...
[   44.848019] init: Command 'start apexd' action=post-fs-data (/system/etc/init/hw/init.rc:570) took 86ms and succeeded
[   44.865678] init: Command 'copy /data/system/entropy.dat /dev/urandom' action=post-fs-data (/system/etc/init/hw/init.rc:573) took 14ms and failed: Could not read input file '/data/system/entropy.dat': open() failed: No such file or directory
[   44.887916] init: Verified that /data/misc has the encryption policy 49cb5fd2309ca5c7fc9bb1c4a93e8926 v2 modes 1/4 flags 0x2
[   44.926460] fscrypt: AES-256-XTS using implementation "xts-aes-ce"
[   44.980495] init: Command 'copy /data/misc/recovery/ro.build.fingerprint /data/misc/recovery/ro.build.fingerprint.1' action=post-fs-data (/system/etc/init/hw/init.rc:578) took 65ms and succeeded
[   45.236969] init: Verified that /data/local has the encryption policy 49cb5fd2309ca5c7fc9bb1c4a93e8926 v2 modes 1/4 flags 0x2
[   45.402720] init: Not setting encryption policy on: /data/preloads
[   45.421036] init: Verified that /data/vendor has the encryption policy 49cb5fd2309ca5c7fc9bb1c4a93e8926 v2 modes 1/4 flags 0x2
[   45.424570] init: Not setting encryption policy on: /data/vendor_ce
[   45.429450] init: Not setting encryption policy on: /data/vendor_de
[   45.490081] init: Not setting encryption policy on: /data/data
[   45.515459] init: Verified that /data/app-private has the encryption policy 49cb5fd2309ca5c7fc9bb1c4a93e8926 v2 modes 1/4 flags 0x2
[   45.539707] init: Verified that /data/app-ephemeral has the encryption policy 49cb5fd2309ca5c7fc9bb1c4a93e8926 v2 modes 1/4 flags 0x2
[   45.560886] init: Verified that /data/app-asec has the encryption policy 49cb5fd2309ca5c7fc9bb1c4a93e8926 v2 modes 1/4 flags 0x2
[   45.588286] init: Verified that /data/app-lib has the encryption policy 49cb5fd2309ca5c7fc9bb1c4a93e8926 v2 modes 1/4 flags 0x2
[   45.612462] init: Verified that /data/app has the encryption policy 49cb5fd2309ca5c7fc9bb1c4a93e8926 v2 modes 1/4 flags 0x2
[   45.642201] init: Verified that /data/property has the encryption policy 49cb5fd2309ca5c7fc9bb1c4a93e8926 v2 modes 1/4 flags 0x2
[   45.660189] apexd: Scanning /system/apex for preinstalled data
[   45.669010] init: Verified that /data/tombstones has the encryption policy 49cb5fd2309ca5c7fc9bb1c4a93e8926 v2 modes 1/4 flags 0x2
[   45.709879] init: Verified that /data/dalvik-cache has the encryption policy 49cb5fd2309ca5c7fc9bb1c4a93e8926 v2 modes 1/4 flags 0x2
[   45.724209] init: Verified that /data/ota has the encryption policy 49cb5fd2309ca5c7fc9bb1c4a93e8926 v2 modes 1/4 flags 0x2
[   45.738828] init: Verified that /data/ota_package has the encryption policy 49cb5fd2309ca5c7fc9bb1c4a93e8926 v2 modes 1/4 flags 0x2
[   45.752974] init: Verified that /data/resource-cache has the encryption policy 49cb5fd2309ca5c7fc9bb1c4a93e8926 v2 modes 1/4 flags 0x2
[   45.758978] init: Not setting encryption policy on: /data/lost+found
[   45.775033] init: Verified that /data/drm has the encryption policy 49cb5fd2309ca5c7fc9bb1c4a93e8926 v2 modes 1/4 flags 0x2
[   45.789792] init: Verified that /data/mediadrm has the encryption policy 49cb5fd2309ca5c7fc9bb1c4a93e8926 v2 modes 1/4 flags 0x2
[   45.805446] init: Verified that /data/anr has the encryption policy 49cb5fd2309ca5c7fc9bb1c4a93e8926 v2 modes 1/4 flags 0x2
[   45.817412] init: Verified that /data/nfc has the encryption policy 49cb5fd2309ca5c7fc9bb1c4a93e8926 v2 modes 1/4 flags 0x2
[   45.840802] init: Verified that /data/backup has the encryption policy 49cb5fd2309ca5c7fc9bb1c4a93e8926 v2 modes 1/4 flags 0x2
[   45.852859] init: Verified that /data/ss has the encryption policy 49cb5fd2309ca5c7fc9bb1c4a93e8926 v2 modes 1/4 flags 0x2
[   45.860148] init: Verified that /data/system has the encryption policy 49cb5fd2309ca5c7fc9bb1c4a93e8926 v2 modes 1/4 flags 0x2
[   45.880498] init: Not setting encryption policy on: /data/system_de
[   45.883002] init: Not setting encryption policy on: /data/system_ce
[   45.886011] init: Not setting encryption policy on: /data/misc_de
[   45.889230] init: Not setting encryption policy on: /data/misc_ce
[   45.894682] init: Not setting encryption policy on: /data/user
[   45.897836] init: Not setting encryption policy on: /data/user_de
[   45.906422] init: Command 'rm /data/user/0' action=post-fs-data (/system/etc/init/hw/init.rc:718) took 6ms and failed: unlink() failed: Is a directory
[   45.914649] apexd: Scanning /system_ext/apex for preinstalled data
[   45.917177] apexd: ... does not exist. Skipping
[   45.918292] apexd: Scanning /product/apex for preinstalled data
[   45.919911] apexd: ... does not exist. Skipping
[   45.921020] apexd: Scanning /vendor/apex for preinstalled data
[   45.923179] apexd: ... does not exist. Skipping
[   45.924512] apexd: Populating APEX database from mounts...
[   45.942104] apexd: 0 packages restored.
[   45.962207] apexd: Marking APEXd as starting
[   46.000698] apexd: Scanning /metadata/apex/sessions looking for sessions to be activated.
[   46.015302] apexd: Scanning /data/apex/active looking for APEX packages.
[   46.026714] apexd: Activated 0 packages. Skipped: 0
[   46.028455] apexd: Scanning /system/apex looking for APEX packages.
[   46.046797] apexd: Found /system/apex/com.google.android.cellbroadcast.apex
[   46.062643] apexd: Found /system/apex/com.google.android.extservices.apex
[   46.095299] apexd: Found /system/apex/com.google.android.ipsec.apex
[   46.104608] init: Command 'mount tmpfs tmpfs /data_mirror nodev noexec nosuid mode=0700,uid=0,gid=1000' action=post-fs-data (/system/etc/init/hw/init.rc:726) took 136ms and succeeded
[   46.110254] apexd: Found /system/apex/com.google.android.tethering.apex
[   46.119102] apexd: Found /system/apex/com.google.android.mediaprovider.apex
[   46.129357] apexd: Found /system/apex/com.google.android.telephony.apex
[   46.138605] apexd: Found /system/apex/com.android.vndk.current.apex
[   46.148734] apexd: Found /system/apex/com.android.i18n.apex
[   46.157479] apexd: Found /system/apex/com.google.android.permission.apex
[   46.166972] apexd: Found /system/apex/com.google.android.tzdata2.apex
[   46.178952] apexd: Found /system/apex/com.google.android.neuralnetworks.apex
[   46.188934] apexd: Found /system/apex/com.google.android.resolv.apex
[   46.198473] apexd: Found /system/apex/com.google.android.sdkext.apex
[   46.209824] apexd: Found /system/apex/com.google.android.os.statsd.apex
[   46.219297] apexd: Found /system/apex/com.google.android.adbd.apex
[   46.231451] apexd: Found /system/apex/com.android.apex.cts.shim.apex
[   46.239452] apexd: Found /system/apex/com.google.android.wifi.apex
[   46.250504] apexd: Found /system/apex/com.android.runtime.apex
[   46.260133] apexd: Found /system/apex/com.google.android.media.swcodec.apex
[   46.274142] apexd: Found /system/apex/com.android.art.debug.apex
[   46.282288] init: Verified that /data/cache has the encryption policy 49cb5fd2309ca5c7fc9bb1c4a93e8926 v2 modes 1/4 flags 0x2
[   46.287875] apexd: Found /system/apex/com.google.android.media.apex
[   46.301030] apexd: Found /system/apex/com.google.android.conscrypt.apex
[   46.324567] init: Verified that /data/rollback has the encryption policy 49cb5fd2309ca5c7fc9bb1c4a93e8926 v2 modes 1/4 flags 0x2
[   46.343358] init: Verified that /data/rollback-observer has the encryption policy 49cb5fd2309ca5c7fc9bb1c4a93e8926 v2 modes 1/4 flags 0x2
[   46.360356] init: Verified that /data/incremental has the encryption policy 49cb5fd2309ca5c7fc9bb1c4a93e8926 v2 modes 1/4 flags 0x2
[   46.451039] EXT4-fs (loop6): mounted filesystem without journal. Opts: (null)
[   46.453968] apexd: Successfully mounted package /system/apex/com.google.android.cellbroadcast.apex on /apex/com.android.cellbroadcast@300900720
[   46.585749] EXT4-fs (loop7): mounted filesystem without journal. Opts: (null)
[   46.587665] apexd: Successfully mounted package /system/apex/com.google.android.extservices.apex on /apex/com.android.extservices@300900700
[   46.710978] EXT4-fs (loop8): mounted filesystem without journal. Opts: (null)
[   46.712899] apexd: Successfully mounted package /system/apex/com.google.android.ipsec.apex on /apex/com.android.ipsec@300900700
[   46.824720] EXT4-fs (loop9): mounted filesystem without journal. Opts: (null)
[   46.826095] apexd: Successfully mounted package /system/apex/com.google.android.tethering.apex on /apex/com.android.tethering@300900700
[   46.947933] EXT4-fs (loop10): mounted filesystem without journal. Opts: (null)
[   46.949297] apexd: Successfully mounted package /system/apex/com.google.android.mediaprovider.apex on /apex/com.android.mediaprovider@300900719
[   47.081384] EXT4-fs (loop11): mounted filesystem without journal. Opts: (null)
[   47.082502] apexd: Successfully mounted package /system/apex/com.google.android.telephony.apex on /apex/com.android.telephony@1
[   47.192252] EXT4-fs (loop12): mounted filesystem without journal. Opts: (null)
[   47.193337] apexd: Successfully mounted package /system/apex/com.android.vndk.current.apex on /apex/com.android.vndk.v30@1
[   47.292018] EXT4-fs (loop13): mounted filesystem without journal. Opts: (null)
[   47.293104] apexd: Successfully mounted package /system/apex/com.android.i18n.apex on /apex/com.android.i18n@1
[   47.421534] EXT4-fs (loop14): mounted filesystem without journal. Opts: (null)
[   47.422805] apexd: Successfully mounted package /system/apex/com.google.android.permission.apex on /apex/com.android.permission@300900706
[   47.530984] EXT4-fs (loop15): mounted filesystem without journal. Opts: (null)
[   47.533003] apexd: Successfully mounted package /system/apex/com.google.android.tzdata2.apex on /apex/com.android.tzdata@300900700
[   47.667657] EXT4-fs (loop16): mounted filesystem without journal. Opts: (null)
[   47.669185] apexd: Successfully mounted package /system/apex/com.google.android.neuralnetworks.apex on /apex/com.android.neuralnetworks@300900700
[   47.785178] EXT4-fs (loop17): mounted filesystem without journal. Opts: (null)
[   47.786238] apexd: Successfully mounted package /system/apex/com.google.android.resolv.apex on /apex/com.android.resolv@300900700
[   47.890843] EXT4-fs (loop18): mounted filesystem without journal. Opts: (null)
[   47.892263] apexd: Successfully mounted package /system/apex/com.google.android.sdkext.apex on /apex/com.android.sdkext@300900700
[   47.988630] EXT4-fs (loop19): mounted filesystem without journal. Opts: (null)
[   47.989673] apexd: Successfully mounted package /system/apex/com.google.android.os.statsd.apex on /apex/com.android.os.statsd@300900700
[   48.086043] EXT4-fs (loop20): mounted filesystem without journal. Opts: (null)
[   48.087868] apexd: Successfully mounted package /system/apex/com.google.android.adbd.apex on /apex/com.android.adbd@300900700
[   48.196113] EXT4-fs (loop21): mounted filesystem without journal. Opts: (null)
[   48.197078] apexd: Successfully mounted package /system/apex/com.android.apex.cts.shim.apex on /apex/com.android.apex.cts.shim@1
[   48.324030] EXT4-fs (loop22): mounted filesystem without journal. Opts: (null)
[   48.325174] apexd: Successfully mounted package /system/apex/com.google.android.wifi.apex on /apex/com.android.wifi@300900711
[   48.423957] EXT4-fs (loop23): mounted filesystem without journal. Opts: (null)
[   48.424967] apexd: Successfully mounted package /system/apex/com.android.runtime.apex on /apex/com.android.runtime@1
[   48.521849] EXT4-fs (loop24): mounted filesystem without journal. Opts: (null)
[   48.522769] apexd: Successfully mounted package /system/apex/com.google.android.media.swcodec.apex on /apex/com.android.media.swcodec@300900714
[   48.615079] EXT4-fs (loop25): mounted filesystem without journal. Opts: (null)
[   48.616034] apexd: Successfully mounted package /system/apex/com.android.art.debug.apex on /apex/com.android.art@1
[   48.728584] EXT4-fs (loop26): mounted filesystem without journal. Opts: (null)
[   48.729882] apexd: Successfully mounted package /system/apex/com.google.android.media.apex on /apex/com.android.media@300900700
[   48.852999] EXT4-fs (loop27): mounted filesystem without journal. Opts: (null)
[   48.857702] apexd: Successfully mounted package /system/apex/com.google.android.conscrypt.apex on /apex/com.android.conscrypt@300900703
[   48.874191] apexd: Activated 22 packages. Skipped: 0
[   48.876504] apexd: Scanning /system_ext/apex looking for APEX packages.
[   48.878614] apexd: ... does not exist. Skipping
[   49.023287] apexd: Activated 0 packages. Skipped: 0
[   49.024507] apexd: Scanning /product/apex looking for APEX packages.
[   49.025387] apexd: ... does not exist. Skipping
[   49.133178] apexd: Activated 0 packages. Skipped: 0
[   49.133837] apexd: Scanning /vendor/apex looking for APEX packages.
[   49.134638] apexd: ... does not exist. Skipping
[   49.225962] apexd: Activated 0 packages. Skipped: 0
[   49.229267] AidlLazyServiceRegistrar: Registering service apexservice
[   49.244394] apexd: Marking APEXd as activated
[   49.253256] init: Wait for property 'apexd.status=activated' took 2860ms
[   49.368115] init: Parsing file /apex/com.android.adbd/etc/init.rc...
[   49.372868] init: Parsing file /apex/com.android.media.swcodec/etc/init.rc...
[   49.376253] init: Parsing file /apex/com.android.os.statsd/etc/init.rc...
[   49.380446] init: Parsing file /apex/com.android.sdkext/etc/derive_sdk.rc...
[   49.636608] init: linkerconfig generated /linkerconfig with mounted APEX modules info
[   49.637963] init: Command 'perform_apex_config' action=post-fs-data (/system/etc/init/hw/init.rc:764) took 381ms and succeeded
[   49.642225] init: Not setting encryption policy on: /data/media
[   49.650245] init: starting service 'exec 6 (/system/bin/chattr +F /data/media)'...
[   49.677444] init: SVC_EXEC service 'exec 6 (/system/bin/chattr +F /data/media)' pid 278 (uid 1023 gid 1023+0 context default) started; waiting...
[   50.072347] init: Service 'exec 6 (/system/bin/chattr +F /data/media)' (pid 278) exited with status 0 waiting took 0.409000 seconds
[   50.073163] init: Sending signal 9 to service 'exec 6 (/system/bin/chattr +F /data/media)' (pid 278) process group...
[   50.076258] libprocessgroup: Successfully killed process cgroup uid 1023 pid 278 in 1ms
[   50.089041] init: Verified that /data/media/obb has the encryption policy 49cb5fd2309ca5c7fc9bb1c4a93e8926 v2 modes 1/4 flags 0x2
[   50.095100] init: starting service 'derive_sdk'...
[   50.157071] init: SVC_EXEC service 'derive_sdk' pid 279 (uid 9999 gid 9999+0 context default) started; waiting...
[   50.158732] init: Command 'exec_start derive_sdk' action=post-fs-data (/system/etc/init/hw/init.rc:771) took 67ms and succeeded
[   50.393561] init: Service 'derive_sdk' (pid 279) exited with status 0 waiting took 0.289000 seconds
[   50.394454] init: Sending signal 9 to service 'derive_sdk' (pid 279) process group...
[   50.398213] libprocessgroup: Successfully killed process cgroup uid 9999 pid 279 in 2ms
[   50.417914] init: starting service 'exec 7 (/system/bin/vdc --wait cryptfs init_user0)'...
[   50.446854] init: SVC_EXEC service 'exec 7 (/system/bin/vdc --wait cryptfs init_user0)' pid 280 (uid 0 gid 0+0 context default) started; waiting...
[   50.448416] derive_sdk (279): highest shadow stack usage: 336 bytes
[   51.763728] init: Service 'exec 7 (/system/bin/vdc --wait cryptfs init_user0)' (pid 280) exited with status 0 waiting took 1.331000 seconds
[   51.764591] init: Sending signal 9 to service 'exec 7 (/system/bin/vdc --wait cryptfs init_user0)' (pid 280) process group...
[   51.767251] libprocessgroup: Successfully killed process cgroup uid 0 pid 280 in 1ms
[   51.774872] init: starting service 'apexd-snapshotde'...
[   51.856065] init: SVC_EXEC service 'apexd-snapshotde' pid 283 (uid 0 gid 1000+0 context default) started; waiting...
[   51.860150] init: Command 'exec_start apexd-snapshotde' action=post-fs-data (/system/etc/init/hw/init.rc:779) took 87ms and succeeded
[   52.250038] apexd: Snapshot DE subcommand detected
[   52.274138] apexd: Marking APEXd as ready
[   52.321056] init: Service 'apexd-snapshotde' (pid 283) exited with status 0 waiting took 0.535000 seconds
[   52.321952] init: Sending signal 9 to service 'apexd-snapshotde' (pid 283) process group...
[   52.325463] libprocessgroup: Successfully killed process cgroup uid 0 pid 283 in 2ms
[   52.349340] selinux: SELinux: Skipping restorecon on directory(/data)
[   52.349779] selinux: 
[   52.356390] init: starting service 'exec 8 (/system/bin/tzdatacheck /apex/com.android.tzdata/etc/tz /data/misc/zoneinfo)'...
[   52.381480] init: SVC_EXEC service 'exec 8 (/system/bin/tzdatacheck /apex/com.android.tzdata/etc/tz /data/misc/zoneinfo)' pid 284 (uid 1000 gid 1000+0 context default) started; waiting...
[   52.613713] init: Service 'exec 8 (/system/bin/tzdatacheck /apex/com.android.tzdata/etc/tz /data/misc/zoneinfo)' (pid 284) exited with status 0 waiting took 0.246000 seconds
[   52.614720] init: Sending signal 9 to service 'exec 8 (/system/bin/tzdatacheck /apex/com.android.tzdata/etc/tz /data/misc/zoneinfo)' (pid 284) process group...
[   52.618292] libprocessgroup: Successfully killed process cgroup uid 1000 pid 284 in 1ms
[   52.637737] init: processing action (post-fs-data) from (/system/etc/init/hw/init.usb.rc:6)
[   52.653315] init: Verified that /data/adb has the encryption policy 49cb5fd2309ca5c7fc9bb1c4a93e8926 v2 modes 1/4 flags 0x2
[   52.655108] init: processing action (post-fs-data) from (/vendor/etc/init/hw/init.ranchu.rc:52)
[   52.682482] init: starting service 'create_router_ns'...
[   52.752670] init: Command 'start create_router_ns' action=post-fs-data (/vendor/etc/init/hw/init.ranchu.rc:57) took 70ms and succeeded
[   52.757490] init: processing action (post-fs-data) from (/system/etc/init/bootstat.rc:9)
[   52.827678] init: processing action (ro.debuggable=1 && post-fs-data) from (/system/etc/init/clean_scratch_files.rc:1)
[   52.848492] init: Command 'exec_background - root root -- /system/bin/clean_scratch_files' action=ro.debuggable=1 && post-fs-data (/system/etc/init/clean_scratch_files.rc:2) took 15ms and failed: Could not start exec background service: File /system/bin/clean_scratch_files(labeled "u:object_r:system_file:s0") has incorrect label or no domain transition from u:r:init:s0 to another SELinux domain defined. Have you configured your service correctly? https://source.android.com/security/selinux/device-policy#label_new_services_and_address_denials
[   52.853420] init: processing action (post-fs-data) from (/system/etc/init/gsid.rc:14)
[   52.855237] init: Not setting encryption policy on: /data/gsi
[   52.869012] init: processing action (post-fs-data) from (/system/etc/init/incidentd.rc:21)
[   52.877500] init: processing action (post-fs-data) from (/system/etc/init/iorapd.rc:28)
[   52.885333] init: processing action (post-fs-data) from (/system/etc/init/logtagd.rc:4)
[   52.929391] init: processing action (post-fs-data) from (/system/etc/init/otapreopt.rc:3)
[   52.936998] init: starting service 'exec 10 (/system/bin/otapreopt_slot)'...
[   52.985134] init: SVC_EXEC service 'exec 10 (/system/bin/otapreopt_slot)' pid 286 (uid 0 gid 0+0 context default) started; waiting...
[   52.990210] init: Command 'exec - root -- /system/bin/otapreopt_slot' action=post-fs-data (/system/etc/init/otapreopt.rc:4) took 56ms and succeeded
[   54.162850] init: Service 'exec 10 (/system/bin/otapreopt_slot)' (pid 286) exited with status 1 waiting took 1.199000 seconds
[   54.164484] init: Sending signal 9 to service 'exec 10 (/system/bin/otapreopt_slot)' (pid 286) process group...
[   54.168579] libprocessgroup: Successfully killed process cgroup uid 0 pid 286 in 1ms
[   54.178486] selinux: SELinux:  Could not stat /data/dalvik-cache/arm: No such file or directory.
[   54.179092] selinux: 
[   54.182392] selinux: SELinux:  Could not stat /data/dalvik-cache/arm64: No such file or directory.
[   54.183348] selinux: 
[   54.185295] selinux: SELinux:  Could not stat /data/dalvik-cache/mips: No such file or directory.
[   54.185889] selinux: 
[   54.188586] selinux: SELinux:  Could not stat /data/dalvik-cache/mips64: No such file or directory.
[   54.189145] selinux: 
[   54.191924] selinux: SELinux:  Could not stat /data/dalvik-cache/x86: No such file or directory.
[   54.192466] selinux: 
[   54.194239] selinux: SELinux:  Could not stat /data/dalvik-cache/x86_64: No such file or directory.
[   54.194854] selinux: 
[   54.196401] init: processing action (post-fs-data) from (/system/etc/init/perfetto.rc:67)
[   54.204140] init: Command 'rm /data/misc/perfetto-traces/.guardraildata' action=post-fs-data (/system/etc/init/perfetto.rc:68) took 6ms and failed: unlink() failed: No such file or directory
[   54.205370] init: processing action (post-fs-data) from (/system/etc/init/recovery-persist.rc:1)
[   54.211088] init: starting service 'exec 11 (/system/bin/recovery-persist)'...
[   54.241483] init: processing action (post-fs-data) from (/system/etc/init/tombstoned.rc:10)
[   54.253129] init: starting service 'tombstoned'...
[   54.276925] init: Created socket '/dev/socket/tombstoned_crash', mode 666, user 1000, group 1000
[   54.299287] init: Created socket '/dev/socket/tombstoned_intercept', mode 666, user 1000, group 1000
[   54.320945] init: Created socket '/dev/socket/tombstoned_java_trace', mode 666, user 1000, group 1000
[   54.434891] init: Command 'start tombstoned' action=post-fs-data (/system/etc/init/tombstoned.rc:11) took 188ms and succeeded
[   54.439573] init: processing action (post-fs-data) from (/system/etc/init/wifi.rc:18)
[   54.498106] selinux: SELinux: Skipping restorecon on directory(/data/misc/apexdata/com.android.wifi)
[   54.499649] selinux: 
[   54.503599] init: Command 'restorecon_recursive /data/misc/apexdata/com.android.wifi' action=post-fs-data (/system/etc/init/wifi.rc:19) took 59ms and succeeded
[   54.507474] init: processing action (post-fs-data) from (/vendor/etc/init/hostapd.android.rc:9)
[   54.570221] init: processing action (load_persist_props_action) from (/system/etc/init/hw/init.rc:417)
[   54.584475] init: Couldn't load property file '/data/local.prop': open() failed: No such file or directory: No such file or directory
[   54.656811] init: Wait for property 'ro.persistent_properties.ready=true' took 73ms
[   54.677596] init: starting service 'logd-reinit'...
[   54.895713] init: Command 'start logd-reinit' action=load_persist_props_action (/system/etc/init/hw/init.rc:420) took 217ms and succeeded
[   54.906017] init: processing action (load_persist_props_action) from (/system/etc/init/flags_health_check.rc:1)
[   54.915298] init: Top-level directory needs encryption action, eg mkdir /data/server_configurable_flags <mode> <uid> <gid> encryption=Require
[   54.958306] init: Verified that /data/server_configurable_flags has the encryption policy 49cb5fd2309ca5c7fc9bb1c4a93e8926 v2 modes 1/4 flags 0x2
[   54.963218] init: Command 'mkdir /data/server_configurable_flags 0775 system system' action=load_persist_props_action (/system/etc/init/flags_health_check.rc:4) took 52ms and succeeded
[   54.972057] init: Service 'exec 11 (/system/bin/recovery-persist)' (pid 289) exited with status 0 oneshot service took 0.747000 seconds in background
[   54.974721] init: Sending signal 9 to service 'exec 11 (/system/bin/recovery-persist)' (pid 289) process group...
[   54.990648] libprocessgroup: Successfully killed process cgroup uid 1000 pid 289 in 9ms
[   55.028326] init: starting service 'exec 12 (/system/bin/flags_health_check BOOT_FAILURE)'...
[   55.143683] init: SVC_EXEC service 'exec 12 (/system/bin/flags_health_check BOOT_FAILURE)' pid 292 (uid 1000 gid 1000+0 context default) started; waiting...
[   55.150730] init: Command 'exec - system system -- /system/bin/flags_health_check BOOT_FAILURE' action=load_persist_props_action (/system/etc/init/flags_health_check.rc:5) took 138ms and succeeded
[   55.555942] logd.daemon: reinit
[   55.585324] init: Service 'logd-reinit' (pid 291) exited with status 0 oneshot service took 0.839000 seconds in background
[   55.586434] init: Sending signal 9 to service 'logd-reinit' (pid 291) process group...
[   55.593745] libprocessgroup: Successfully killed process cgroup uid 1036 pid 291 in 3ms
[   55.737618] init: Service 'exec 12 (/system/bin/flags_health_check BOOT_FAILURE)' (pid 292) exited with status 0 waiting took 0.624000 seconds
[   55.738464] init: Sending signal 9 to service 'exec 12 (/system/bin/flags_health_check BOOT_FAILURE)' (pid 292) process group...
[   55.741094] libprocessgroup: Successfully killed process cgroup uid 1000 pid 292 in 1ms
[   55.744293] init: processing action (load_persist_props_action) from (/system/etc/init/logcatd.rc:29)
[   55.753681] init: processing action (load_bpf_programs) from (/system/etc/init/bpfloader.rc:20)
[   55.771274] init: starting service 'bpfloader'...
[   55.835642] init: Command 'start bpfloader' action=load_bpf_programs (/system/etc/init/bpfloader.rc:26) took 70ms and succeeded
[   55.837843] init: processing action (persist.sys.fuse=true && zygote-start) from (/system/etc/init/hw/init.rc:809)
[   55.879729] init: processing action (ro.crypto.state=encrypted && ro.crypto.type=file && zygote-start) from (/system/etc/init/hw/init.rc:840)
[   55.891953] init: starting service 'update_verifier_nonencrypted'...
[   56.024600] init: SVC_EXEC service 'update_verifier_nonencrypted' pid 294 (uid 0 gid 2001+1 context default) started; waiting...
[   56.027021] init: Command 'exec_start update_verifier_nonencrypted' action=ro.crypto.state=encrypted && ro.crypto.type=file && zygote-start (/system/etc/init/hw/init.rc:842) took 145ms and succeeded
[   56.658555] init: Service 'update_verifier_nonencrypted' (pid 294) exited with status 0 waiting took 0.739000 seconds
[   56.659674] init: Sending signal 9 to service 'update_verifier_nonencrypted' (pid 294) process group...
[   56.665432] libprocessgroup: Successfully killed process cgroup uid 0 pid 294 in 2ms
[   56.701855] init: starting service 'statsd'...
[   56.721187] init: Created socket '/dev/socket/statsdw', mode 222, user 1066, group 1066
[   56.855895] init: Command 'start statsd' action=ro.crypto.state=encrypted && ro.crypto.type=file && zygote-start (/system/etc/init/hw/init.rc:843) took 158ms and succeeded
[   56.880703] init: starting service 'netd'...
[   56.914433] init: Created socket '/dev/socket/dnsproxyd', mode 660, user 0, group 3003
[   56.952460] init: Created socket '/dev/socket/mdns', mode 660, user 0, group 1000
[   56.985899] init: Created socket '/dev/socket/fwmarkd', mode 660, user 0, group 3003
[   57.221417] init: Command 'start netd' action=ro.crypto.state=encrypted && ro.crypto.type=file && zygote-start (/system/etc/init/hw/init.rc:844) took 355ms and succeeded
[   57.249414] init: starting service 'zygote'...
[   57.310780] init: Created socket '/dev/socket/zygote', mode 660, user 0, group 1000
[   57.351502] init: Created socket '/dev/socket/usap_pool_primary', mode 660, user 0, group 1000
[   57.575143] init: Command 'start zygote' action=ro.crypto.state=encrypted && ro.crypto.type=file && zygote-start (/system/etc/init/hw/init.rc:845) took 337ms and succeeded
[   57.580001] init: Command 'start zygote_secondary' action=ro.crypto.state=encrypted && ro.crypto.type=file && zygote-start (/system/etc/init/hw/init.rc:846) took 0ms and failed: service zygote_secondary not found
[   57.589750] init: processing action (zygote-start) from (/vendor/etc/init/hw/init.ranchu.rc:59)
[   57.696607] init: processing action (firmware_mounts_complete) from (/system/etc/init/hw/init.rc:423)
[   57.713857] init: processing action (early-boot) from (/system/etc/init/installd.rc:5)
[   57.753561] ueventd: firmware: could not find firmware for regulatory.db
[   57.756801] ueventd: firmware: attempted /etc/firmware/regulatory.db, open failed: No such file or directory
[   57.768590] ueventd: firmware: attempted /odm/firmware/regulatory.db, open failed: No such file or directory
[   57.771182] ueventd: firmware: attempted /vendor/firmware/regulatory.db, open failed: No such file or directory
[   57.784361] ueventd: firmware: attempted /firmware/image/regulatory.db, open failed: No such file or directory
[   57.785587] init: Command 'mkdir /config/sdcardfs/extensions/1055' action=early-boot (/system/etc/init/installd.rc:6) took 55ms and succeeded
[   57.804369] cfg80211: failed to load regulatory.db
[   57.818235] ueventd: loading /devices/platform/regulatory.0/firmware/regulatory.db took 36579ms
[   57.916592] init: Untracked pid 163 exited with status 0
[   58.185338] init: Command 'mkdir /config/sdcardfs/extensions/1056/asf' action=early-boot (/system/etc/init/installd.rc:33) took 70ms and succeeded
[   58.726844] init: processing action (boot) from (/system/etc/init/hw/init.rc:848)
[   58.799817] init: Command 'ifup lo' action=boot (/system/etc/init/hw/init.rc:850) took 68ms and succeeded
[   58.957188] init: Command 'write /proc/sys/vm/overcommit_memory 1' action=boot (/system/etc/init/hw/init.rc:860) took 74ms and succeeded
[   59.036114] init: Command 'write /proc/sys/vm/min_free_order_shift 4' action=boot (/system/etc/init/hw/init.rc:861) took 61ms and succeeded
[   59.109892] init: Command 'write /sys/devices/virtual/block/${dev.mnt.blk.data}/queue/discard_max_bytes 134217728' action=boot (/system/etc/init/hw/init.rc:884) took 9ms and failed: Unable to write to file '/sys/devices/virtual/block/dm-4/queue/discard_max_bytes': Unable to write file contents: Invalid argument
[   59.474209] init: starting service 'hidl_memory'...
[   59.809076] init: starting service 'vendor.audio-hal'...
[   60.146116] init: starting service 'vendor.authsecret-1-0'...
[   60.694686] init: starting service 'vendor.bluetooth-1-1'...
[   61.253879] init: starting service 'vendor.camera-provider-2-4'...
[   62.177801] init: starting service 'vendor.camera-provider-2-6-google'...
[   62.407002] libprocessgroup: Failed to open /dev/cpuset/camera-daemon/tasks: No such file or directory: No such file or directory
[   62.425512] libprocessgroup: Failed to apply CameraServiceCapacity task profile: No such file or directory
[   62.790227] init: failed to write pid to files: couldn't write 306 to /dev/cpuset/camera-daemon/tasks: No such file or directory
[   63.012947] init: starting service 'vendor.contexthub-hal-1-1-mock'...
[   63.693488] init: starting service 'vendor.drm-hal-1-0'...
[   64.450370] init: starting service 'vendor.drm-clearkey-hal-1-3'...
[   65.364278] init: starting service 'vendor.drm-widevine-hal-1-3'...
[   66.245774] init: starting service 'vendor.gatekeeper-1-0'...
[   67.198482] init: starting service 'vendor.gralloc-3-0'...
[   68.247052] init: starting service 'vendor.hwcomposer-2-3'...
[   69.297282] init: starting service 'health-hal-2-1'...
[   69.318130] init: Opened file '/dev/kmsg', flags 1
[   70.748190] init: starting service 'neuralnetworks_hal_service_sample_all'...
[   72.294907] init: starting service 'neuralnetworks_hal_service_sample_float_fast'...
[   73.782542] init: starting service 'neuralnetworks_hal_service_sample_float_slow'...
[   75.220925] init: starting service 'neuralnetworks_hal_service_sample_minimal'...
[   76.633742] init: starting service 'neuralnetworks_hal_service_sample_quant'...
[   78.288356] init: starting service 'vendor.power.stats-hal-1-0-mock'...
[   80.109364] init: starting service 'vendor.sensors-hal-2-1-multihal'...
[   81.934973] init: starting service 'vendor.thermal-hal-2-0-mock'...
[   83.856853] init: starting service 'vendor.usb-hal-1-0'...
[   85.338383] init: starting service 'vendor.wifi_hal_legacy'...
[   86.737982] init: starting service 'vendor.identity-default'...
[   88.685162] init: starting service 'vendor.light-default'...
[   89.601009] healthd: batteryCapacityLevelPath not found
[   89.603256] healthd: batteryChargeTimeToFullNowPath. not found
[   89.656932] healthd: batteryFullChargeDesignCapacityUahPath. not found
[   91.421625] init: starting service 'vendor.power-default'...
[   94.537126] init: starting service 'vendor.rebootescrow-default'...
[   94.775336] healthd: battery none chg=a
[   96.952568] init: starting service 'vendor.vibrator-default'...
[   99.098609] init: Command 'class_start hal' action=boot (/system/etc/init/hw/init.rc:946) took 39581ms and succeeded
[   99.217488] init: Service 'bpfloader' (pid 293) exited with status 0 oneshot service took 43.355000 seconds in background
[   99.273701] init: Sending signal 9 to service 'bpfloader' (pid 293) process group...
[   99.422406] libprocessgroup: Successfully killed process cgroup uid 0 pid 293 in 89ms
[   99.941205] init: Service 'zygote' (pid 297) received signal 11
[   99.943181] init: Sending signal 9 to service 'zygote' (pid 297) process group...
[  100.058610] libprocessgroup: Successfully killed process cgroup uid 0 pid 297 in 72ms
[  100.470254] init: starting service 'exec 13 (/system/bin/vdc volume abort_fuse)'...
[  101.850264] init: Command 'exec_background - system system -- /system/bin/vdc volume abort_fuse' action=onrestart (<Service 'zygote' onrestart>:1) took 1513ms and succeeded
[  102.114264] init: Command 'write /sys/power/state on' action=onrestart (<Service 'zygote' onrestart>:2) took 203ms and failed: Unable to write to file '/sys/power/state': Unable to write file contents: Invalid argument
[  102.449581] init: starting service 'audioserver'...
[  104.645915] init: Command 'restart audioserver' action=onrestart (<Service 'zygote' onrestart>:3) took 2318ms and succeeded
[  104.715897] init: starting service 'cameraserver'...
[  105.891065] init: Command 'restart cameraserver' action=onrestart (<Service 'zygote' onrestart>:4) took 1190ms and succeeded
[  106.049945] init: starting service 'media'...
[  107.079076] libprocessgroup: Failed to open /dev/cpuset/camera-daemon/tasks: No such file or directory: No such file or directory
[  107.120574] libprocessgroup: Failed to apply CameraServiceCapacity task profile: No such file or directory
[  107.612797] init: Command 'restart media' action=onrestart (<Service 'zygote' onrestart>:5) took 1642ms and succeeded
[  107.664225] init: Sending signal 9 to service 'netd' (pid 296) process group...
[  108.519521] libprocessgroup: Successfully killed process cgroup uid 0 pid 296 in 832ms
[  108.788650] init: Command 'restart netd' action=onrestart (<Service 'zygote' onrestart>:6) took 1162ms and succeeded
[  109.001420] init: starting service 'wificond'...
[  110.468971] init: Command 'restart wificond' action=onrestart (<Service 'zygote' onrestart>:7) took 1637ms and succeeded
[  110.945304] init: Service 'netd' (pid 296) received signal 9
[  111.042011] init: Command 'restart zygote_secondary' action=onrestart (<Service 'netd' onrestart>:2) took 2ms and failed: service zygote_secondary not found
[  111.371592] init: Untracked pid 326 exited with status 0
[  111.396651] init: Untracked pid 329 exited with status 0
[  111.419137] init: Untracked pid 343 received signal 9
[  111.516932] init: Untracked pid 333 received signal 14
[  111.569758] init: Untracked pid 345 received signal 9
[  111.705712] init: Control message: Processed ctl.interface_start for 'android.hardware.graphics.allocator@3.0::IAllocator/default' from pid: 183 (/system/bin/hwservicemanager)
[  111.855062] init: starting service 'ranchu-setup'...
[  111.922537] android.hardwar (304) used greatest stack depth: 11696 bytes left
[  112.645088] init: starting service 'credstore'...
[  113.339063] init: starting service 'gpu'...
[  113.912848] init: starting service 'surfaceflinger'...
[  114.057413] init: Could not create socket 'pdx/system/vr/display/client': Failed to bind socket 'pdx/system/vr/display/client': No such file or directory
[  114.164784] init: Could not create socket 'pdx/system/vr/display/manager': Failed to bind socket 'pdx/system/vr/display/manager': No such file or directory
[  114.270406] init: Could not create socket 'pdx/system/vr/display/vsync': Failed to bind socket 'pdx/system/vr/display/vsync': No such file or directory
[  114.778264] init: Command 'class_start core' action=boot (/system/etc/init/hw/init.rc:948) took 3015ms and succeeded
[  114.847763] init: starting service 'zygote'...
[  114.974470] init: Created socket '/dev/socket/zygote', mode 660, user 0, group 1000
[  115.080373] init: Created socket '/dev/socket/usap_pool_primary', mode 660, user 0, group 1000
[  115.730607] init: starting service 'netd'...
[  115.950519] init: Created socket '/dev/socket/dnsproxyd', mode 660, user 0, group 3003
[  116.094587] init: Created socket '/dev/socket/mdns', mode 660, user 0, group 1000
[  116.193430] init: Created socket '/dev/socket/fwmarkd', mode 660, user 0, group 3003
[  116.726834] init: Service 'vendor.bluetooth-1-1' (pid 304) received signal 11
[  116.738159] init: Sending signal 9 to service 'vendor.bluetooth-1-1' (pid 304) process group...
[  116.817862] libprocessgroup: Successfully killed process cgroup uid 1002 pid 304 in 34ms
[  117.011997] init: Untracked pid 337 exited with status 0
[  117.041918] init: Service 'exec 13 (/system/bin/vdc volume abort_fuse)' (pid 369) exited with status 0 oneshot service took 15.691000 seconds in background
[  117.080072] init: Sending signal 9 to service 'exec 13 (/system/bin/vdc volume abort_fuse)' (pid 369) process group...
[  117.139594] libprocessgroup: Successfully killed process cgroup uid 1000 pid 369 in 23ms
[  117.257766] init: Control message: Processed ctl.interface_start for 'android.hardware.graphics.allocator@3.0::IAllocator/default' from pid: 183 (/system/bin/hwservicemanager)
[  117.400457] init: starting service 'exec 14 (/system/bin/fsverity_init)'...
[  117.786691] init: SVC_EXEC service 'exec 14 (/system/bin/fsverity_init)' pid 403 (uid 0 gid 0+0 context default) started; waiting...
[  117.799103] init: Command 'exec -- /system/bin/fsverity_init' action=boot (/system/etc/init/hw/init.rc:951) took 476ms and succeeded
[  117.869216] init: starting service 'vendor.bluetooth-1-1'...
[  118.535948] init: Control message: Processed ctl.interface_start for 'android.hardware.graphics.allocator@3.0::IAllocator/default' from pid: 183 (/system/bin/hwservicemanager)
[  118.620396] init: Control message: Processed ctl.interface_start for 'android.hardware.graphics.allocator@3.0::IAllocator/default' from pid: 183 (/system/bin/hwservicemanager)
[  118.683254] init: Control message: Processed ctl.interface_start for 'android.hardware.graphics.allocator@3.0::IAllocator/default' from pid: 183 (/system/bin/hwservicemanager)
[  118.750564] init: Control message: Processed ctl.interface_start for 'android.hardware.graphics.allocator@3.0::IAllocator/default' from pid: 183 (/system/bin/hwservicemanager)
[  118.857320] init: Control message: Processed ctl.interface_start for 'android.hardware.graphics.allocator@3.0::IAllocator/default' from pid: 183 (/system/bin/hwservicemanager)
[  118.963243] init: Control message: Processed ctl.interface_start for 'android.hardware.graphics.allocator@3.0::IAllocator/default' from pid: 183 (/system/bin/hwservicemanager)
[  122.516474] init: Service 'exec 14 (/system/bin/fsverity_init)' (pid 403) exited with status 0 waiting took 4.822000 seconds
[  122.519331] init: Sending signal 9 to service 'exec 14 (/system/bin/fsverity_init)' (pid 403) process group...
[  122.589030] libprocessgroup: Successfully killed process cgroup uid 0 pid 403 in 25ms
[  122.658658] init: processing action (persist.sys.usb.config=* && boot) from (/system/etc/init/hw/init.usb.rc:105)
[  122.752090] init: Command 'setprop sys.usb.config ${persist.sys.usb.config}' action=persist.sys.usb.config=* && boot (/system/etc/init/hw/init.usb.rc:106) took 70ms and succeeded
[  122.755476] init: processing action (boot) from (/vendor/etc/init/hw/init.ranchu.rc:65)
[  122.897064] init: Unable to set property 'ro.hardware.egl' from uid:0 gid:0 pid:155: Read-only property was already set
[  122.994207] init: Command 'setprop ro.hardware.egl emulation' action=boot (/vendor/etc/init/hw/init.ranchu.rc:66) took 179ms and succeeded
[  123.122366] init: Command 'setprop debug.sf.vsync_reactor 0' action=boot (/vendor/etc/init/hw/init.ranchu.rc:67) took 121ms and succeeded
[  123.232056] init: Command 'setprop debug.hwui.renderer opengl' action=boot (/vendor/etc/init/hw/init.ranchu.rc:68) took 92ms and succeeded
[  123.316921] init: Command 'setprop debug.hwui.renderer ${ro.kernel.qemu.uirenderer}' action=boot (/vendor/etc/init/hw/init.ranchu.rc:69) took 77ms and failed: property 'ro.kernel.qemu.uirenderer' doesn't exist while expanding '${ro.kernel.qemu.uirenderer}'
[  123.414006] init: Command 'setprop ro.opengles.version ${ro.kernel.qemu.opengles.version}' action=boot (/vendor/etc/init/hw/init.ranchu.rc:70) took 71ms and succeeded
[  123.503262] init: Command 'setprop ro.zygote.disable_gl_preload 1' action=boot (/vendor/etc/init/hw/init.ranchu.rc:71) took 74ms and succeeded
[  123.582131] init: Command 'setprop debug.stagefright.ccodec ${ro.kernel.qemu.media.ccodec}' action=boot (/vendor/etc/init/hw/init.ranchu.rc:77) took 58ms and succeeded
[  123.695128] init: Command 'setprop dalvik.vm.heapsize 192m' action=boot (/vendor/etc/init/hw/init.ranchu.rc:79) took 96ms and succeeded
[  123.717767] init: Command 'setprop dalvik.vm.heapsize ${ro.kernel.qemu.dalvik.vm.heapsize}' action=boot (/vendor/etc/init/hw/init.ranchu.rc:80) took 14ms and failed: property 'ro.kernel.qemu.dalvik.vm.heapsize' doesn't exist while expanding '${ro.kernel.qemu.dalvik.vm.heapsize}'
[  123.881469] init: Command 'setprop ro.hardware.audio.primary goldfish' action=boot (/vendor/etc/init/hw/init.ranchu.rc:83) took 84ms and succeeded
[  124.022282] init: Command 'setprop wifi.interface wlan0' action=boot (/vendor/etc/init/hw/init.ranchu.rc:85) took 119ms and succeeded
[  124.126882] init: Command 'setprop wifi.direct.interface p2p-dev-wlan0' action=boot (/vendor/etc/init/hw/init.ranchu.rc:86) took 89ms and succeeded
[  124.203598] init: starting service 'goldfish-logcat'...
[  124.695764] init: Command 'start goldfish-logcat' action=boot (/vendor/etc/init/hw/init.ranchu.rc:88) took 539ms and succeeded
[  124.817931] init: Command 'mkdir /config/usb_gadget/g1 0770 root root' action=boot (/vendor/etc/init/hw/init.ranchu.rc:91) took 114ms and succeeded
[  124.845194] init: processing action (boot) from (/system/etc/init/dumpstate.rc:1)
[  124.931143] init: processing action (boot) from (/system/etc/init/gsid.rc:20)
[  125.062787] init: starting service 'exec 15 (/system/bin/gsid run-startup-tasks)'...
[  125.785826] init: Command 'exec_background - root root -- /system/bin/gsid run-startup-tasks' action=boot (/system/etc/init/gsid.rc:21) took 778ms and succeeded
[  125.894213] init: processing action (enable_property_trigger) from (<Builtin Action>:0)
[  125.962924] init: processing action (apexd.status=ready && ro.product.cpu.abilist64=*) from (/system/etc/init/hw/init.rc:91)
[  126.337658] init: starting service 'boringssl_self_test_apex64'...
[  127.749248] init: SVC_EXEC service 'boringssl_self_test_apex64' pid 416 (uid 0 gid 0+0 context default) started; waiting...
[  127.789920] init: Command 'exec_start boringssl_self_test_apex64' action=apexd.status=ready && ro.product.cpu.abilist64=* (/system/etc/init/hw/init.rc:92) took 1769ms and succeeded
[  127.834301] init: Service 'ranchu-setup' (pid 391) exited with status 0 oneshot service took 15.559000 seconds in background
[  127.888504] init: Sending signal 9 to service 'ranchu-setup' (pid 391) process group...
[  127.999003] libprocessgroup: Successfully killed process cgroup uid 0 pid 391 in 51ms
[  130.181798] init: Service 'goldfish-logcat' (pid 410) exited with status 0 oneshot service took 5.881000 seconds in background
[  130.192223] init: Sending signal 9 to service 'goldfish-logcat' (pid 410) process group...
[  130.248454] libprocessgroup: Successfully killed process cgroup uid 1036 pid 410 in 18ms
[  132.018144] init: Service 'boringssl_self_test_apex64' (pid 416) exited with status 0 waiting took 4.973000 seconds
[  132.041669] init: Sending signal 9 to service 'boringssl_self_test_apex64' (pid 416) process group...
[  132.102164] libprocessgroup: Successfully killed process cgroup uid 0 pid 416 in 36ms
[  132.373187] init: processing action (sys.init.perf_lsm_hooks=1) from (/system/etc/init/hw/init.rc:1017)
[  132.503194] init: Command 'write /proc/sys/kernel/perf_event_paranoid -1' action=sys.init.perf_lsm_hooks=1 (/system/etc/init/hw/init.rc:1018) took 107ms and succeeded
[  132.525514] init: processing action (security.perf_harden=1) from (/system/etc/init/hw/init.rc:1031)
[  132.632256] init: processing action (ro.debuggable=1) from (/system/etc/init/hw/init.rc:1058)
[  132.712025] init: Command 'chmod 0773 /data/misc/trace' action=ro.debuggable=1 (/system/etc/init/hw/init.rc:1061) took 56ms and succeeded
[  132.755968] init: processing action (sys.usb.config=adb && sys.usb.configfs=0) from (/system/etc/init/hw/init.usb.rc:37)
[  132.796215] init: Command 'write /sys/class/android_usb/android0/enable 0' action=sys.usb.config=adb && sys.usb.configfs=0 (/system/etc/init/hw/init.usb.rc:38) took 17ms and failed: Unable to write to file '/sys/class/android_usb/android0/enable': open() failed: Permission denied
[  132.893891] init: Command 'write /sys/class/android_usb/android0/idVendor 18d1' action=sys.usb.config=adb && sys.usb.configfs=0 (/system/etc/init/hw/init.usb.rc:39) took 75ms and failed: Unable to write to file '/sys/class/android_usb/android0/idVendor': open() failed: Permission denied
[  132.956990] init: Command 'write /sys/class/android_usb/android0/idProduct 4EE7' action=sys.usb.config=adb && sys.usb.configfs=0 (/system/etc/init/hw/init.usb.rc:40) took 44ms and failed: Unable to write to file '/sys/class/android_usb/android0/idProduct': open() failed: Permission denied
[  133.012114] init: Command 'write /sys/class/android_usb/android0/functions ${sys.usb.config}' action=sys.usb.config=adb && sys.usb.configfs=0 (/system/etc/init/hw/init.usb.rc:41) took 31ms and failed: Unable to write to file '/sys/class/android_usb/android0/functions': open() failed: Permission denied
[  133.074898] init: Command 'write /sys/class/android_usb/android0/enable 1' action=sys.usb.config=adb && sys.usb.configfs=0 (/system/etc/init/hw/init.usb.rc:42) took 34ms and failed: Unable to write to file '/sys/class/android_usb/android0/enable': open() failed: Permission denied
[  133.204219] init: starting service 'adbd'...
[  133.406005] init: Created socket '/dev/socket/adbd', mode 660, user 1000, group 1000
[  134.036362] init: Command 'start adbd' action=sys.usb.config=adb && sys.usb.configfs=0 (/system/etc/init/hw/init.usb.rc:43) took 888ms and succeeded
[  134.060536] init: Service 'exec 15 (/system/bin/gsid run-startup-tasks)' (pid 412) exited with status 0 oneshot service took 8.634000 seconds in background
[  134.069908] init: Sending signal 9 to service 'exec 15 (/system/bin/gsid run-startup-tasks)' (pid 412) process group...
[  134.111637] libprocessgroup: Successfully killed process cgroup uid 0 pid 412 in 26ms
[  134.299797] init: Command 'setprop sys.usb.state ${sys.usb.config}' action=sys.usb.config=adb && sys.usb.configfs=0 (/system/etc/init/hw/init.usb.rc:44) took 103ms and succeeded
[  134.321566] init: processing action (qemu.networknamespace=ready) from (/vendor/etc/init/hw/init.ranchu.rc:109)
[  134.424694] init: starting service 'ranchu-net'...
[  135.102463] init: Command 'start ranchu-net' action=qemu.networknamespace=ready (/vendor/etc/init/hw/init.ranchu.rc:110) took 750ms and succeeded
[  135.126973] init: processing action (init.svc.audioserver=running) from (/system/etc/init/audioserver.rc:32)
[  135.152690] init: Command 'start vendor.audio-hal-4-0-msd' action=init.svc.audioserver=running (/system/etc/init/audioserver.rc:34) took 1ms and failed: service vendor.audio-hal-4-0-msd not found
[  135.187995] init: Command 'start vendor.audio-hal-2-0' action=init.svc.audioserver=running (/system/etc/init/audioserver.rc:36) took 0ms and failed: service vendor.audio-hal-2-0 not found
[  135.209417] init: Command 'start audio-hal-2-0' action=init.svc.audioserver=running (/system/etc/init/audioserver.rc:37) took 0ms and failed: service audio-hal-2-0 not found
[  135.217690] init: processing action (ro.persistent_properties.ready=true) from (/system/etc/init/bootstat.rc:67)
[  135.549473] init: Command 'setprop sys.bootstat.first_boot_completed 0' action=ro.persistent_properties.ready=true (/system/etc/init/bootstat.rc:68) took 322ms and succeeded
[  135.562265] init: processing action (ro.persistent_properties.ready=true) from (/system/etc/init/bootstat.rc:71)
[  135.785570] init: starting service 'exec 16 (/system/bin/bootstat --set_system_boot_reason)'...
[  136.423878] init: Command 'exec_background - system log -- /system/bin/bootstat --set_system_boot_reason' action=ro.persistent_properties.ready=true (/system/etc/init/bootstat.rc:74) took 812ms and succeeded
[  136.487243] init: processing action (persist.heapprofd.enable= && traced.lazy.heapprofd=) from (/system/etc/init/heapprofd.rc:34)
[  136.681011] init: Command 'stop heapprofd' action=persist.heapprofd.enable= && traced.lazy.heapprofd= (/system/etc/init/heapprofd.rc:35) took 178ms and succeeded
[  136.694620] init: processing action (ro.debuggable=1) from (/system/etc/init/llkd-debuggable.rc:1)
[  136.833297] init: Command 'setprop llk.enable ${ro.llk.enable:-1}' action=ro.debuggable=1 (/system/etc/init/llkd-debuggable.rc:2) took 111ms and succeeded
[  136.945548] init: Command 'setprop khungtask.enable ${ro.khungtask.enable:-1}' action=ro.debuggable=1 (/system/etc/init/llkd-debuggable.rc:3) took 66ms and succeeded
[  136.981699] init: processing action (ro.debuggable=*) from (/system/etc/init/llkd.rc:2)
[  137.038120] init: Command 'setprop llk.enable ${ro.llk.enable:-0}' action=ro.debuggable=* (/system/etc/init/llkd.rc:3) took 53ms and succeeded
[  137.122807] init: Command 'setprop khungtask.enable ${ro.khungtask.enable:-0}' action=ro.debuggable=* (/system/etc/init/llkd.rc:4) took 64ms and succeeded
[  137.146310] init: processing action (init.svc.media=*) from (/system/etc/init/mediaserver.rc:1)
[  137.213653] init: Command 'setprop init.svc.mediadrm ${init.svc.media}' action=init.svc.media=* (/system/etc/init/mediaserver.rc:2) took 62ms and succeeded
[  137.223148] init: processing action (debug.atrace.user_initiated= && persist.traced.enable=1) from (/system/etc/init/perfetto.rc:47)
[  137.313620] init: starting service 'traced_probes'...
[  137.324499] init: Opened file '/dev/kmsg', flags 1
[  138.333736] init: Command 'start traced_probes' action=debug.atrace.user_initiated= && persist.traced.enable=1 (/system/etc/init/perfetto.rc:48) took 1056ms and succeeded
[  138.403738] init: processing action (persist.traced.enable=1) from (/system/etc/init/perfetto.rc:50)
[  138.592453] init: starting service 'traced'...
[  138.801315] init: Created socket '/dev/socket/traced_consumer', mode 666, user 0, group 0
[  139.097520] init: Created socket '/dev/socket/traced_producer', mode 666, user 0, group 0
[  140.646420] init: Command 'start traced' action=persist.traced.enable=1 (/system/etc/init/perfetto.rc:59) took 2161ms and succeeded
[  140.758467] init: processing action (persist.traced_perf.enable= && sys.init.perf_lsm_hooks=1 && traced.lazy.traced_perf=) from (/system/etc/init/traced_perf.rc:43)
[  141.554952] init: Command 'stop traced_perf' action=persist.traced_perf.enable= && sys.init.perf_lsm_hooks=1 && traced.lazy.traced_perf= (/system/etc/init/traced_perf.rc:44) took 696ms and succeeded
[  141.650804] init: processing action (nonencrypted) from (/system/etc/init/hw/init.rc:953)
[  141.937608] init: starting service 'drm'...
[  143.966867] init: starting service 'idmap2d'...
[  147.642882] init: starting service 'incidentd'...
[  149.582270] init: starting service 'installd'...
[  150.662577] init: starting service 'iorapd'...
[  151.930687] init: starting service 'keystore'...
[  152.846957] init: starting service 'mediaextractor'...
[  153.672348] healthd: battery none chg=a
[  153.917016] init: starting service 'mediametrics'...
[  154.713161] init: starting service 'storaged'...
[  154.760624] init: Could not open file '/d/mmc0/mmc0:0001/ext_csd': Failed to open file '/d/mmc0/mmc0:0001/ext_csd': No such file or directory
[  155.758123] init: starting service 'vendor.media.omx'...
[  156.301024] selinux: SELinux:  Could not stat /sys/devices/virtual/net/ipsec_test: No such file or directory.
[  156.302847] selinux: 
[  156.536995] init: starting service 'vendor.ril-daemon'...
[  157.301832] init: Could not start service 'vendor_flash_recovery' as part of class 'main': Cannot find '/vendor/bin/install-recovery.sh': No such file or directory
[  157.397431] init: starting service 'media.swcodec'...
[  158.276282] init: Command 'class_start main' action=nonencrypted (/system/etc/init/hw/init.rc:954) took 16575ms and succeeded
[  158.291548] init: Service 'zygote' (pid 397) received signal 11
[  158.322100] init: Sending signal 9 to service 'zygote' (pid 397) process group...
[  158.387148] libprocessgroup: Successfully killed process cgroup uid 0 pid 397 in 46ms
[  158.580063] init: starting service 'exec 17 (/system/bin/vdc volume abort_fuse)'...
[  159.110434] init: Command 'exec_background - system system -- /system/bin/vdc volume abort_fuse' action=onrestart (<Service 'zygote' onrestart>:1) took 606ms and succeeded
[  159.210768] init: Command 'write /sys/power/state on' action=onrestart (<Service 'zygote' onrestart>:2) took 80ms and failed: Unable to write to file '/sys/power/state': Unable to write file contents: Invalid argument
[  159.271259] init: Sending signal 9 to service 'audioserver' (pid 373) process group...
[  160.105655] libprocessgroup: Successfully killed process cgroup uid 1041 pid 373 in 790ms
[  160.289905] init: Command 'restart audioserver' action=onrestart (<Service 'zygote' onrestart>:3) took 1035ms and succeeded
[  160.305742] init: Sending signal 9 to service 'cameraserver' (pid 376) process group...
[  161.293875] libprocessgroup: Successfully killed process cgroup uid 1047 pid 376 in 928ms
[  161.513732] init: Command 'restart cameraserver' action=onrestart (<Service 'zygote' onrestart>:4) took 1211ms and succeeded
[  161.542060] init: Sending signal 9 to service 'media' (pid 377) process group...
[  162.376393] libprocessgroup: Successfully killed process cgroup uid 1013 pid 377 in 781ms
[  162.551093] init: Command 'restart media' action=onrestart (<Service 'zygote' onrestart>:5) took 1028ms and succeeded
[  162.563017] init: Sending signal 9 to service 'netd' (pid 399) process group...
[  162.625304] Binder:399_4 (399) used greatest stack depth: 11392 bytes left
[  163.039573] libprocessgroup: Successfully killed process cgroup uid 0 pid 399 in 463ms
[  163.150113] init: Command 'restart netd' action=onrestart (<Service 'zygote' onrestart>:6) took 586ms and succeeded
[  163.154083] init: Sending signal 9 to service 'wificond' (pid 386) process group...
[  163.421290] wificond (386) used greatest stack depth: 11280 bytes left
[  163.439320] libprocessgroup: Successfully killed process cgroup uid 1010 pid 386 in 268ms
[  163.537291] init: Command 'restart wificond' action=onrestart (<Service 'zygote' onrestart>:7) took 383ms and succeeded
[  163.708859] init: Service 'audioserver' (pid 373) received signal 9
[  163.792101] init: Command 'setprop sys.audio.restart.hal 1' action=onrestart (<Service 'audioserver' onrestart>:1) took 75ms and succeeded
[  163.985118] init: Service 'cameraserver' (pid 376) received signal 9
[  164.176052] init: Service 'media' (pid 377) received signal 9
[  164.317541] init: Service 'wificond' (pid 386) received signal 9
[  164.417681] init: Service 'netd' (pid 399) received signal 9
[  164.460162] init: Command 'restart zygote_secondary' action=onrestart (<Service 'netd' onrestart>:2) took 0ms and failed: service zygote_secondary not found
[  164.465981] wificond (386): highest shadow stack usage: 344 bytes
[  164.541179] init: Untracked pid 413 exited with status 0
[  164.549130] init: Untracked pid 415 exited with status 0
[  164.558116] init: Service 'exec 16 (/system/bin/bootstat --set_system_boot_reason)' (pid 426) exited with status 0 oneshot service took 28.260000 seconds in background
[  164.565696] init: Sending signal 9 to service 'exec 16 (/system/bin/bootstat --set_system_boot_reason)' (pid 426) process group...
[  164.582549] libprocessgroup: Successfully killed process cgroup uid 1000 pid 426 in 10ms
[  164.605598] init: Untracked pid 474 received signal 9
[  164.609518] init: Untracked pid 482 received signal 9
[  164.615048] init: Untracked pid 488 received signal 9
[  164.618784] init: Untracked pid 495 received signal 9
[  164.621514] init: Untracked pid 417 received signal 9
[  164.626877] init: Untracked pid 418 received signal 9
[  164.680467] init: starting service 'mdnsd'...
[  164.753670] init: Created socket '/dev/socket/mdnsd', mode 660, user 1020, group 3003
[  165.179636] init: Control message: Processed ctl.start for 'mdnsd' from pid: 421 (/apex/com.android.adbd/bin/adbd --root_seclabel=u:r:su:s0)
[  165.257999] init: starting service 'gatekeeperd'...
[  165.749628] init: starting service 'usbd'...
[  166.337757] init: starting service 'vendor.face-hal-1-0-default'...
[  166.956882] init: starting service 'vendor.fps_hal'...
[  167.395390] init: Command 'class_start late_start' action=nonencrypted (/system/etc/init/hw/init.rc:955) took 2162ms and succeeded
[  167.497764] init: starting service 'zygote'...
[  167.632914] init: Created socket '/dev/socket/zygote', mode 660, user 0, group 1000
[  167.749790] init: Created socket '/dev/socket/usap_pool_primary', mode 660, user 0, group 1000
[  168.562076] init: starting service 'audioserver'...
[  169.551463] init: starting service 'cameraserver'...
[  170.350905] init: starting service 'media'...
[  171.068648] libprocessgroup: Failed to open /dev/cpuset/camera-daemon/tasks: No such file or directory: No such file or directory
[  171.071084] libprocessgroup: Failed to apply CameraServiceCapacity task profile: No such file or directory
[  171.175524] init: starting service 'netd'...
[  171.441354] init: Created socket '/dev/socket/dnsproxyd', mode 660, user 0, group 3003
[  171.761578] init: Created socket '/dev/socket/mdns', mode 660, user 0, group 1000
[  171.933938] init: Created socket '/dev/socket/fwmarkd', mode 660, user 0, group 3003
[  172.723785] init: starting service 'wificond'...
[  173.581165] init: Service 'exec 17 (/system/bin/vdc volume abort_fuse)' (pid 521) exited with status 0 oneshot service took 14.565000 seconds in background
[  173.600928] init: Sending signal 9 to service 'exec 17 (/system/bin/vdc volume abort_fuse)' (pid 521) process group...
[  173.656494] libprocessgroup: Successfully killed process cgroup uid 1000 pid 521 in 33ms
[  173.745054] init: Service 'usbd' (pid 530) exited with status 0 oneshot service took 7.784000 seconds in background
[  173.764300] init: Sending signal 9 to service 'usbd' (pid 530) process group...
[  173.813252] libprocessgroup: Successfully killed process cgroup uid 0 pid 530 in 32ms
[  174.306020] init: starting service 'bootanim'...
[  175.141184] init: Control message: Processed ctl.start for 'bootanim' from pid: 396 (/system/bin/surfaceflinger)
[  175.149397] init: processing action (nonencrypted) from (/system/etc/init/hw/init.rc:953)
[  175.233294] init: Command 'class_start main' action=nonencrypted (/system/etc/init/hw/init.rc:954) took 59ms and succeeded
[  175.322614] init: starting service 'dhcpclient_def'...
[  176.219820] init: Control message: Processed ctl.start for 'dhcpclient_def' from pid: 510 (setprop ctl.start dhcpclient_def)
[  176.347734] init: Command 'class_start late_start' action=nonencrypted (/system/etc/init/hw/init.rc:955) took 83ms and succeeded
[  176.441288] init: processing action (llk.enable=1) from (/system/etc/init/llkd.rc:9)
[  176.561596] init: Command 'setprop llk.enable true' action=llk.enable=1 (/system/etc/init/llkd.rc:10) took 115ms and succeeded
[  176.593203] init: processing action (khungtask.enable=1) from (/system/etc/init/llkd.rc:18)
[  176.740021] init: Command 'setprop khungtask.enable true' action=khungtask.enable=1 (/system/etc/init/llkd.rc:19) took 126ms and succeeded
[  176.770847] init: processing action (llk.enable=0) from (/system/etc/init/llkd.rc:12)
[  176.866127] init: Command 'setprop llk.enable false' action=llk.enable=0 (/system/etc/init/llkd.rc:13) took 76ms and succeeded
[  176.901249] init: processing action (khungtask.enable=0) from (/system/etc/init/llkd.rc:21)
[  177.038779] init: Command 'setprop khungtask.enable false' action=khungtask.enable=0 (/system/etc/init/llkd.rc:22) took 131ms and succeeded
[  177.080233] init: processing action (init.svc.mediadrm=running) from (/vendor/etc/init/android.hardware.drm@1.3-service.widevine.rc:1)
[  177.190927] init: Command 'mkdir /data/vendor/mediadrm 0770 media mediadrm' action=init.svc.mediadrm=running (/vendor/etc/init/android.hardware.drm@1.3-service.widevine.rc:2) took 82ms and succeeded
[  177.284896] init: Command 'start vendor.move_data_sh' action=init.svc.mediadrm=running (/vendor/etc/init/android.hardware.drm@1.3-service.widevine.rc:3) took 62ms and succeeded
[  177.402167] init: processing action (init.svc.media=*) from (/system/etc/init/mediaserver.rc:1)
[  177.545153] init: Command 'setprop init.svc.mediadrm ${init.svc.media}' action=init.svc.media=* (/system/etc/init/mediaserver.rc:2) took 109ms and succeeded
[  177.593974] init: processing action (sys.audio.restart.hal=1) from (/system/etc/init/audioserver.rc:39)
[  177.618439] init: Sending signal 9 to service 'vendor.audio-hal' (pid 302) process group...
[  178.398699] libprocessgroup: Successfully killed process cgroup uid 1041 pid 302 in 750ms
[  178.567471] init: Command 'restart vendor.audio-hal' action=sys.audio.restart.hal=1 (/system/etc/init/audioserver.rc:40) took 969ms and succeeded
[  178.590060] init: Service 'vendor.audio-hal' (pid 302) received signal 9
[  178.621819] init: Sending signal 9 to service 'audioserver' (pid 538) process group...
[  179.105453] libprocessgroup: Successfully killed process cgroup uid 1041 pid 538 in 463ms
[  179.217544] init: Command 'restart audioserver' action=onrestart (<Service 'vendor.audio-hal' onrestart>:1) took 597ms and succeeded
[  179.421312] init: Service 'audioserver' (pid 538) received signal 9
[  179.523092] init: Command 'setprop sys.audio.restart.hal 1' action=onrestart (<Service 'audioserver' onrestart>:1) took 96ms and succeeded
[  179.897502] init: Command 'restart vendor.audio-hal-4-0-msd' action=sys.audio.restart.hal=1 (/system/etc/init/audioserver.rc:41) took 0ms and failed: service vendor.audio-hal-4-0-msd not found
[  180.138652] init: starting service 'audioserver'...
[  180.855066] init: starting service 'vendor.audio-hal'...
[  181.869321] init: Command 'restart vendor.audio-hal-2-0' action=sys.audio.restart.hal=1 (/system/etc/init/audioserver.rc:43) took 1ms and failed: service vendor.audio-hal-2-0 not found
[  181.905761] init: Command 'restart audio-hal-2-0' action=sys.audio.restart.hal=1 (/system/etc/init/audioserver.rc:44) took 0ms and failed: service audio-hal-2-0 not found
[  182.049154] init: Command 'setprop sys.audio.restart.hal 0' action=sys.audio.restart.hal=1 (/system/etc/init/audioserver.rc:46) took 113ms and succeeded
[  182.121184] init: processing action (init.svc.media=*) from (/system/etc/init/mediaserver.rc:1)
[  182.246746] init: Command 'setprop init.svc.mediadrm ${init.svc.media}' action=init.svc.media=* (/system/etc/init/mediaserver.rc:2) took 121ms and succeeded
[  182.341331] init: processing action (init.svc.audioserver=running) from (/system/etc/init/audioserver.rc:32)
[  182.369503] init: Command 'start vendor.audio-hal-4-0-msd' action=init.svc.audioserver=running (/system/etc/init/audioserver.rc:34) took 0ms and failed: service vendor.audio-hal-4-0-msd not found
[  182.394592] init: Command 'start vendor.audio-hal-2-0' action=init.svc.audioserver=running (/system/etc/init/audioserver.rc:36) took 0ms and failed: service vendor.audio-hal-2-0 not found
[  182.456269] init: Command 'start audio-hal-2-0' action=init.svc.audioserver=running (/system/etc/init/audioserver.rc:37) took 0ms and failed: service audio-hal-2-0 not found
[  182.494342] init: processing action (init.svc.media=*) from (/system/etc/init/mediaserver.rc:1)
[  182.656161] init: Command 'setprop init.svc.mediadrm ${init.svc.media}' action=init.svc.media=* (/system/etc/init/mediaserver.rc:2) took 133ms and succeeded
[  182.765987] init: processing action (llk.enable=true) from (/system/etc/init/llkd.rc:34)
[  182.977916] init: starting service 'llkd-1'...
[  183.020918] init: Opened file '/dev/kmsg', flags 1
[  183.078499] init: Opened file '/proc/sysrq-trigger', flags 1
[  187.320731] init: Command 'start llkd-${ro.debuggable:-0}' action=llk.enable=true (/system/etc/init/llkd.rc:35) took 4269ms and succeeded
[  187.465322] init: Service 'ranchu-net' (pid 424) exited with status 0 oneshot service took 52.709999 seconds in background
[  187.470172] init: Sending signal 9 to service 'ranchu-net' (pid 424) process group...
[  187.634444] libprocessgroup: Successfully killed process cgroup uid 0 pid 424 in 102ms
[  188.041401] init: processing action (khungtask.enable=true) from (/system/etc/init/llkd.rc:25)
[  188.230974] init: Command 'write /proc/sys/kernel/hung_task_timeout_secs ${ro.khungtask.timeout:-720}' action=khungtask.enable=true (/system/etc/init/llkd.rc:26) took 167ms and succeeded
[  188.357729] init: processing action (khungtask.enable=false) from (/system/etc/init/llkd.rc:31)
[  188.406138] init: processing action (init.svc.mediadrm=running) from (/vendor/etc/init/android.hardware.drm@1.3-service.widevine.rc:1)
[  188.566063] init: Command 'mkdir /data/vendor/mediadrm 0770 media mediadrm' action=init.svc.mediadrm=running (/vendor/etc/init/android.hardware.drm@1.3-service.widevine.rc:2) took 146ms and succeeded
[  188.652583] init: processing action (sys.audio.restart.hal=1) from (/system/etc/init/audioserver.rc:39)
[  188.684894] init: Sending signal 9 to service 'vendor.audio-hal' (pid 566) process group...
[  188.853784] libprocessgroup: Successfully killed process cgroup uid 1041 pid 566 in 155ms
[  189.034389] init: Command 'restart vendor.audio-hal' action=sys.audio.restart.hal=1 (/system/etc/init/audioserver.rc:40) took 374ms and succeeded
[  189.050246] init: Service 'vendor.audio-hal' (pid 566) received signal 9
[  189.069360] init: Sending signal 9 to service 'audioserver' (pid 563) process group...
[  189.447700] libprocessgroup: Successfully killed process cgroup uid 1041 pid 563 in 335ms
[  189.600275] init: Command 'restart audioserver' action=onrestart (<Service 'vendor.audio-hal' onrestart>:1) took 504ms and succeeded
[  189.701853] init: Service 'audioserver' (pid 563) received signal 9
[  189.781857] init: Command 'setprop sys.audio.restart.hal 1' action=onrestart (<Service 'audioserver' onrestart>:1) took 60ms and succeeded
[  189.944209] init: Command 'restart vendor.audio-hal-4-0-msd' action=sys.audio.restart.hal=1 (/system/etc/init/audioserver.rc:41) took 1ms and failed: service vendor.audio-hal-4-0-msd not found
[  190.066708] init: starting service 'audioserver'...
[  190.931454] init: starting service 'vendor.audio-hal'...
[  191.950904] init: Command 'restart vendor.audio-hal-2-0' action=sys.audio.restart.hal=1 (/system/etc/init/audioserver.rc:43) took 1ms and failed: service vendor.audio-hal-2-0 not found
[  191.994879] init: Command 'restart audio-hal-2-0' action=sys.audio.restart.hal=1 (/system/etc/init/audioserver.rc:44) took 0ms and failed: service audio-hal-2-0 not found
[  192.137503] init: Command 'setprop sys.audio.restart.hal 0' action=sys.audio.restart.hal=1 (/system/etc/init/audioserver.rc:46) took 120ms and succeeded
[  192.182724] init: processing action (init.svc.audioserver=running) from (/system/etc/init/audioserver.rc:32)
[  192.217041] init: Command 'start vendor.audio-hal-4-0-msd' action=init.svc.audioserver=running (/system/etc/init/audioserver.rc:34) took 1ms and failed: service vendor.audio-hal-4-0-msd not found
[  192.256991] init: Command 'start vendor.audio-hal-2-0' action=init.svc.audioserver=running (/system/etc/init/audioserver.rc:36) took 1ms and failed: service vendor.audio-hal-2-0 not found
[  192.297852] init: Command 'start audio-hal-2-0' action=init.svc.audioserver=running (/system/etc/init/audioserver.rc:37) took 17ms and failed: service audio-hal-2-0 not found
[  192.345336] init: processing action (init.svc.mediadrm=running) from (/vendor/etc/init/android.hardware.drm@1.3-service.widevine.rc:1)
[  192.410172] init: processing action (init.svc.mediadrm=running) from (/vendor/etc/init/android.hardware.drm@1.3-service.widevine.rc:1)
[  192.493735] init: processing action (sys.audio.restart.hal=1) from (/system/etc/init/audioserver.rc:39)
[  192.513188] init: Sending signal 9 to service 'vendor.audio-hal' (pid 585) process group...
[  192.945517] libprocessgroup: Successfully killed process cgroup uid 1041 pid 585 in 401ms
[  193.050484] init: Command 'restart vendor.audio-hal' action=sys.audio.restart.hal=1 (/system/etc/init/audioserver.rc:40) took 552ms and succeeded
[  193.077381] init: Service 'vendor.audio-hal' (pid 585) received signal 9
[  193.113710] init: Sending signal 9 to service 'audioserver' (pid 580) process group...
[  193.192726] libprocessgroup: Successfully killed process cgroup uid 1041 pid 580 in 47ms
[  193.284299] init: Command 'restart audioserver' action=onrestart (<Service 'vendor.audio-hal' onrestart>:1) took 202ms and succeeded
[  193.370149] init: Service 'audioserver' (pid 580) received signal 9
[  193.449021] init: Command 'setprop sys.audio.restart.hal 1' action=onrestart (<Service 'audioserver' onrestart>:1) took 75ms and succeeded
[  193.565580] init: Command 'restart vendor.audio-hal-4-0-msd' action=sys.audio.restart.hal=1 (/system/etc/init/audioserver.rc:41) took 0ms and failed: service vendor.audio-hal-4-0-msd not found
[  193.594362] init: Command 'restart vendor.audio-hal-2-0' action=sys.audio.restart.hal=1 (/system/etc/init/audioserver.rc:43) took 0ms and failed: service vendor.audio-hal-2-0 not found
[  193.599536] init: Command 'restart audio-hal-2-0' action=sys.audio.restart.hal=1 (/system/etc/init/audioserver.rc:44) took 1ms and failed: service audio-hal-2-0 not found
[  193.683516] init: Command 'setprop sys.audio.restart.hal 0' action=sys.audio.restart.hal=1 (/system/etc/init/audioserver.rc:46) took 52ms and succeeded
[  193.699730] init: processing action (init.svc.audioserver=running) from (/system/etc/init/audioserver.rc:32)
[  193.751103] init: starting service 'vendor.audio-hal'...
[  194.250064] init: Command 'start vendor.audio-hal' action=init.svc.audioserver=running (/system/etc/init/audioserver.rc:33) took 540ms and succeeded
[  194.274682] init: Command 'start vendor.audio-hal-4-0-msd' action=init.svc.audioserver=running (/system/etc/init/audioserver.rc:34) took 0ms and failed: service vendor.audio-hal-4-0-msd not found
[  194.310100] init: Command 'start vendor.audio-hal-2-0' action=init.svc.audioserver=running (/system/etc/init/audioserver.rc:36) took 0ms and failed: service vendor.audio-hal-2-0 not found
[  194.336122] init: Command 'start audio-hal-2-0' action=init.svc.audioserver=running (/system/etc/init/audioserver.rc:37) took 0ms and failed: service audio-hal-2-0 not found
[  194.371509] init: processing action (sys.audio.restart.hal=1) from (/system/etc/init/audioserver.rc:39)
[  194.375761] init: Sending signal 9 to service 'vendor.audio-hal' (pid 588) process group...
[  194.662082] libprocessgroup: Successfully killed process cgroup uid 1041 pid 588 in 268ms
[  194.751719] init: Command 'restart vendor.audio-hal' action=sys.audio.restart.hal=1 (/system/etc/init/audioserver.rc:40) took 377ms and succeeded
[  194.772216] init: Service 'vendor.audio-hal' (pid 588) received signal 9
[  194.845571] init: Command 'restart vendor.audio-hal-4-0-msd' action=sys.audio.restart.hal=1 (/system/etc/init/audioserver.rc:41) took 0ms and failed: service vendor.audio-hal-4-0-msd not found
[  194.862658] init: Command 'restart vendor.audio-hal-2-0' action=sys.audio.restart.hal=1 (/system/etc/init/audioserver.rc:43) took 0ms and failed: service vendor.audio-hal-2-0 not found
[  194.893904] init: Command 'restart audio-hal-2-0' action=sys.audio.restart.hal=1 (/system/etc/init/audioserver.rc:44) took 0ms and failed: service audio-hal-2-0 not found
[  195.537257] init: starting service 'audioserver'...
[  195.993244] init: processing action (init.svc.audioserver=running) from (/system/etc/init/audioserver.rc:32)
[  196.051875] init: starting service 'vendor.audio-hal'...
[  196.410309] init: Command 'start vendor.audio-hal' action=init.svc.audioserver=running (/system/etc/init/audioserver.rc:33) took 409ms and succeeded
[  196.426023] init: Command 'start vendor.audio-hal-4-0-msd' action=init.svc.audioserver=running (/system/etc/init/audioserver.rc:34) took 0ms and failed: service vendor.audio-hal-4-0-msd not found
[  196.439631] init: Command 'start vendor.audio-hal-2-0' action=init.svc.audioserver=running (/system/etc/init/audioserver.rc:36) took 0ms and failed: service vendor.audio-hal-2-0 not found
[  196.442941] init: Command 'start audio-hal-2-0' action=init.svc.audioserver=running (/system/etc/init/audioserver.rc:37) took 0ms and failed: service audio-hal-2-0 not found
[  200.717376] init: Untracked pid 558 exited with status 0
[  200.841868] init: Untracked pid 562 exited with status 0
[  200.914812] init: Service 'zygote' (pid 537) received signal 11
[  200.924153] init: Sending signal 9 to service 'zygote' (pid 537) process group...
[  200.969912] libprocessgroup: Successfully killed process cgroup uid 0 pid 537 in 31ms
[  201.067980] init: starting service 'exec 18 (/system/bin/vdc volume abort_fuse)'...
[  201.374396] init: Command 'exec_background - system system -- /system/bin/vdc volume abort_fuse' action=onrestart (<Service 'zygote' onrestart>:1) took 362ms and succeeded
[  201.527970] init: Command 'write /sys/power/state on' action=onrestart (<Service 'zygote' onrestart>:2) took 141ms and failed: Unable to write to file '/sys/power/state': Unable to write file contents: Invalid argument
[  201.560375] init: Sending signal 9 to service 'audioserver' (pid 589) process group...
[  201.818901] libprocessgroup: Successfully killed process cgroup uid 1041 pid 589 in 253ms
[  201.904966] init: Command 'restart audioserver' action=onrestart (<Service 'zygote' onrestart>:3) took 372ms and succeeded
[  201.922969] init: Sending signal 9 to service 'cameraserver' (pid 539) process group...
[  202.475215] libprocessgroup: Successfully killed process cgroup uid 1047 pid 539 in 540ms
[  202.576967] init: Command 'restart cameraserver' action=onrestart (<Service 'zygote' onrestart>:4) took 662ms and succeeded
[  202.592885] init: Sending signal 9 to service 'media' (pid 540) process group...
[  203.013878] libprocessgroup: Successfully killed process cgroup uid 1013 pid 540 in 408ms
[  203.083676] init: Command 'restart media' action=onrestart (<Service 'zygote' onrestart>:5) took 503ms and succeeded
[  203.111666] init: Sending signal 9 to service 'netd' (pid 541) process group...
[  203.354090] libprocessgroup: Successfully killed process cgroup uid 0 pid 541 in 238ms
[  203.402092] init: Command 'restart netd' action=onrestart (<Service 'zygote' onrestart>:6) took 311ms and succeeded
[  203.405476] init: Sending signal 9 to service 'wificond' (pid 544) process group...
[  203.661523] libprocessgroup: Successfully killed process cgroup uid 1010 pid 544 in 251ms
[  203.724352] init: Command 'restart wificond' action=onrestart (<Service 'zygote' onrestart>:7) took 317ms and succeeded
[  203.870140] init: Service 'cameraserver' (pid 539) received signal 9
[  203.977778] init: Service 'media' (pid 540) received signal 9
[  204.080776] init: Service 'netd' (pid 541) received signal 9
[  204.093046] init: Command 'restart zygote_secondary' action=onrestart (<Service 'netd' onrestart>:2) took 0ms and failed: service zygote_secondary not found
[  204.166153] init: Service 'wificond' (pid 544) received signal 9
[  204.212628] init: Service 'audioserver' (pid 589) received signal 9
[  204.304326] init: Command 'setprop sys.audio.restart.hal 1' action=onrestart (<Service 'audioserver' onrestart>:1) took 87ms and succeeded
[  204.426762] init: Untracked pid 579 received signal 9
[  204.450578] init: Untracked pid 581 received signal 9
[  204.488776] init: processing action (init.svc.media=*) from (/system/etc/init/mediaserver.rc:1)
[  204.570897] init: Command 'setprop init.svc.mediadrm ${init.svc.media}' action=init.svc.media=* (/system/etc/init/mediaserver.rc:2) took 78ms and succeeded
[  204.627643] init: starting service 'zygote'...
[  204.733724] init: Created socket '/dev/socket/zygote', mode 660, user 0, group 1000
[  204.788984] init: Created socket '/dev/socket/usap_pool_primary', mode 660, user 0, group 1000
[  205.212179] init: starting service 'audioserver'...
[  205.734685] init: starting service 'cameraserver'...
[  206.142246] init: starting service 'media'...
[  206.576013] init: starting service 'netd'...
[  206.621524] libprocessgroup: Failed to open /dev/cpuset/camera-daemon/tasks: No such file or directory: No such file or directory
[  206.636809] libprocessgroup: Failed to apply CameraServiceCapacity task profile: No such file or directory
[  206.681882] init: Created socket '/dev/socket/dnsproxyd', mode 660, user 0, group 3003
[  206.800380] init: Created socket '/dev/socket/mdns', mode 660, user 0, group 1000
[  206.899994] init: Created socket '/dev/socket/fwmarkd', mode 660, user 0, group 3003
[  207.460619] init: starting service 'wificond'...
[  208.037044] init: Service 'exec 18 (/system/bin/vdc volume abort_fuse)' (pid 599) exited with status 0 oneshot service took 6.764000 seconds in background
[  208.062566] init: Sending signal 9 to service 'exec 18 (/system/bin/vdc volume abort_fuse)' (pid 599) process group...
[  208.126298] libprocessgroup: Successfully killed process cgroup uid 1000 pid 599 in 28ms
[  208.231627] init: processing action (init.svc.media=*) from (/system/etc/init/mediaserver.rc:1)
[  208.312138] init: Command 'setprop init.svc.mediadrm ${init.svc.media}' action=init.svc.media=* (/system/etc/init/mediaserver.rc:2) took 61ms and succeeded
[  208.349000] init: processing action (sys.audio.restart.hal=1) from (/system/etc/init/audioserver.rc:39)
[  208.352010] init: Sending signal 9 to service 'vendor.audio-hal' (pid 590) process group...
[  208.985889] libprocessgroup: Successfully killed process cgroup uid 1041 pid 590 in 626ms
[  209.111030] init: Command 'restart vendor.audio-hal' action=sys.audio.restart.hal=1 (/system/etc/init/audioserver.rc:40) took 758ms and succeeded
[  209.124008] init: Service 'vendor.audio-hal' (pid 590) received signal 9
[  209.146634] init: Sending signal 9 to service 'audioserver' (pid 608) process group...
[  209.289705] libprocessgroup: Successfully killed process cgroup uid 1041 pid 608 in 122ms
[  209.387531] init: Command 'restart audioserver' action=onrestart (<Service 'vendor.audio-hal' onrestart>:1) took 251ms and succeeded
[  209.472807] init: Service 'audioserver' (pid 608) received signal 9
[  209.549152] init: Command 'setprop sys.audio.restart.hal 1' action=onrestart (<Service 'audioserver' onrestart>:1) took 72ms and succeeded
[  209.621619] init: Command 'restart vendor.audio-hal-4-0-msd' action=sys.audio.restart.hal=1 (/system/etc/init/audioserver.rc:41) took 0ms and failed: service vendor.audio-hal-4-0-msd not found
[  209.688472] init: starting service 'vendor.audio-hal'...
[  210.132542] init: Command 'restart vendor.audio-hal-2-0' action=sys.audio.restart.hal=1 (/system/etc/init/audioserver.rc:43) took 0ms and failed: service vendor.audio-hal-2-0 not found
[  210.153120] init: Command 'restart audio-hal-2-0' action=sys.audio.restart.hal=1 (/system/etc/init/audioserver.rc:44) took 0ms and failed: service audio-hal-2-0 not found
[  210.229258] init: processing action (init.svc.audioserver=running) from (/system/etc/init/audioserver.rc:32)
[  210.249442] init: Command 'start vendor.audio-hal-4-0-msd' action=init.svc.audioserver=running (/system/etc/init/audioserver.rc:34) took 0ms and failed: service vendor.audio-hal-4-0-msd not found
[  210.266842] init: Command 'start vendor.audio-hal-2-0' action=init.svc.audioserver=running (/system/etc/init/audioserver.rc:36) took 0ms and failed: service vendor.audio-hal-2-0 not found
[  210.289528] init: Command 'start audio-hal-2-0' action=init.svc.audioserver=running (/system/etc/init/audioserver.rc:37) took 0ms and failed: service audio-hal-2-0 not found
[  210.308691] init: processing action (init.svc.media=*) from (/system/etc/init/mediaserver.rc:1)
[  210.363083] init: Command 'setprop init.svc.mediadrm ${init.svc.media}' action=init.svc.media=* (/system/etc/init/mediaserver.rc:2) took 51ms and succeeded
[  210.370275] init: processing action (init.svc.mediadrm=running) from (/vendor/etc/init/android.hardware.drm@1.3-service.widevine.rc:1)
[  210.411029] init: processing action (sys.audio.restart.hal=1) from (/system/etc/init/audioserver.rc:39)
[  210.417710] init: Sending signal 9 to service 'vendor.audio-hal' (pid 614) process group...
[  210.569128] libprocessgroup: Successfully killed process cgroup uid 1041 pid 614 in 130ms
[  210.633254] init: Command 'restart vendor.audio-hal' action=sys.audio.restart.hal=1 (/system/etc/init/audioserver.rc:40) took 215ms and succeeded
[  210.669927] init: starting service 'audioserver'...
[  211.022120] init: Service 'vendor.audio-hal' (pid 614) received signal 9
[  211.037515] init: Sending signal 9 to service 'audioserver' (pid 615) process group...
[  211.265674] libprocessgroup: Successfully killed process cgroup uid 1041 pid 615 in 207ms
[  211.357246] init: Command 'restart audioserver' action=onrestart (<Service 'vendor.audio-hal' onrestart>:1) took 322ms and succeeded
[  211.465387] init: Service 'audioserver' (pid 615) received signal 9
[  211.581737] init: Command 'setprop sys.audio.restart.hal 1' action=onrestart (<Service 'audioserver' onrestart>:1) took 111ms and succeeded
[  211.688817] init: Command 'restart vendor.audio-hal-4-0-msd' action=sys.audio.restart.hal=1 (/system/etc/init/audioserver.rc:41) took 0ms and failed: service vendor.audio-hal-4-0-msd not found
[  211.718727] init: Command 'restart vendor.audio-hal-2-0' action=sys.audio.restart.hal=1 (/system/etc/init/audioserver.rc:43) took 25ms and failed: service vendor.audio-hal-2-0 not found
[  211.741635] init: Command 'restart audio-hal-2-0' action=sys.audio.restart.hal=1 (/system/etc/init/audioserver.rc:44) took 0ms and failed: service audio-hal-2-0 not found
[  211.807832] init: Command 'setprop sys.audio.restart.hal 0' action=sys.audio.restart.hal=1 (/system/etc/init/audioserver.rc:46) took 53ms and succeeded
[  211.834810] init: processing action (init.svc.mediadrm=running) from (/vendor/etc/init/android.hardware.drm@1.3-service.widevine.rc:1)
[  211.891227] init: processing action (init.svc.audioserver=running) from (/system/etc/init/audioserver.rc:32)
[  211.959060] init: starting service 'vendor.audio-hal'...
[  212.451200] init: Command 'start vendor.audio-hal' action=init.svc.audioserver=running (/system/etc/init/audioserver.rc:33) took 547ms and succeeded
[  212.482577] init: Command 'start vendor.audio-hal-4-0-msd' action=init.svc.audioserver=running (/system/etc/init/audioserver.rc:34) took 0ms and failed: service vendor.audio-hal-4-0-msd not found
[  212.509534] init: Command 'start vendor.audio-hal-2-0' action=init.svc.audioserver=running (/system/etc/init/audioserver.rc:36) took 0ms and failed: service vendor.audio-hal-2-0 not found
[  212.532577] init: Command 'start audio-hal-2-0' action=init.svc.audioserver=running (/system/etc/init/audioserver.rc:37) took 0ms and failed: service audio-hal-2-0 not found
[  212.560240] init: processing action (sys.audio.restart.hal=1) from (/system/etc/init/audioserver.rc:39)
[  212.562843] init: Sending signal 9 to service 'vendor.audio-hal' (pid 617) process group...
[  212.883084] libprocessgroup: Successfully killed process cgroup uid 1041 pid 617 in 303ms
[  213.046601] init: Command 'restart vendor.audio-hal' action=sys.audio.restart.hal=1 (/system/etc/init/audioserver.rc:40) took 476ms and succeeded
[  213.092564] init: Service 'vendor.audio-hal' (pid 617) received signal 9
[  213.221790] init: Command 'restart vendor.audio-hal-4-0-msd' action=sys.audio.restart.hal=1 (/system/etc/init/audioserver.rc:41) took 0ms and failed: service vendor.audio-hal-4-0-msd not found
[  213.258010] init: Command 'restart vendor.audio-hal-2-0' action=sys.audio.restart.hal=1 (/system/etc/init/audioserver.rc:43) took 0ms and failed: service vendor.audio-hal-2-0 not found
[  213.279197] init: Command 'restart audio-hal-2-0' action=sys.audio.restart.hal=1 (/system/etc/init/audioserver.rc:44) took 0ms and failed: service audio-hal-2-0 not found
[  213.410876] init: Command 'setprop sys.audio.restart.hal 0' action=sys.audio.restart.hal=1 (/system/etc/init/audioserver.rc:46) took 90ms and succeeded
[  213.574909] healthd: battery none chg=a
[  215.872879] init: starting service 'audioserver'...
[  216.546473] init: processing action (init.svc.audioserver=running) from (/system/etc/init/audioserver.rc:32)
[  216.638607] init: starting service 'vendor.audio-hal'...
[  217.249729] init: Command 'start vendor.audio-hal' action=init.svc.audioserver=running (/system/etc/init/audioserver.rc:33) took 674ms and succeeded
[  217.287059] init: Command 'start vendor.audio-hal-4-0-msd' action=init.svc.audioserver=running (/system/etc/init/audioserver.rc:34) took 0ms and failed: service vendor.audio-hal-4-0-msd not found
[  217.329324] init: Command 'start vendor.audio-hal-2-0' action=init.svc.audioserver=running (/system/etc/init/audioserver.rc:36) took 0ms and failed: service vendor.audio-hal-2-0 not found
[  217.334515] init: Command 'start audio-hal-2-0' action=init.svc.audioserver=running (/system/etc/init/audioserver.rc:37) took 0ms and failed: service audio-hal-2-0 not found
[  218.561045] init: Untracked pid 572 received signal 14
[  219.089721] init: Service 'mediaextractor' (pid 487) received signal 11
[  219.125136] init: Sending signal 9 to service 'mediaextractor' (pid 487) process group...
[  219.274182] libprocessgroup: Successfully killed process cgroup uid 1040 pid 487 in 97ms
[  219.642612] init: Untracked pid 578 exited with status 0
[  219.771045] init: starting service 'mediaextractor'...
[  221.149962] init: Untracked pid 584 received signal 14
[  221.469290] init: Untracked pid 587 exited with status 0
[  221.709848] init: Service 'media.swcodec' (pid 513) received signal 11
[  221.737461] init: Sending signal 9 to service 'media.swcodec' (pid 513) process group...
[  221.794975] libprocessgroup: Successfully killed process cgroup uid 1046 pid 513 in 30ms
[  222.041862] init: starting service 'media.swcodec'...
[  234.759492] init: Untracked pid 625 exited with status 0
[  234.824510] init: Service 'zygote' (pid 604) received signal 11
[  234.826734] init: Sending signal 9 to service 'zygote' (pid 604) process group...
[  234.928199] libprocessgroup: Successfully killed process cgroup uid 0 pid 604 in 65ms
[  235.076413] init: starting service 'exec 19 (/system/bin/vdc volume abort_fuse)'...
[  235.373673] init: Command 'exec_background - system system -- /system/bin/vdc volume abort_fuse' action=onrestart (<Service 'zygote' onrestart>:1) took 348ms and succeeded
[  235.473387] init: Command 'write /sys/power/state on' action=onrestart (<Service 'zygote' onrestart>:2) took 82ms and failed: Unable to write to file '/sys/power/state': Unable to write file contents: Invalid argument
[  235.492266] init: Sending signal 9 to service 'audioserver' (pid 628) process group...
[  235.873774] binder: undelivered TRANSACTION_COMPLETE
[  235.874765] binder: undelivered transaction 2181, process died.
[  235.919204] libprocessgroup: Successfully killed process cgroup uid 1041 pid 628 in 421ms
[  236.049459] init: Command 'restart audioserver' action=onrestart (<Service 'zygote' onrestart>:3) took 558ms and succeeded
[  236.057427] init: Sending signal 9 to service 'cameraserver' (pid 609) process group...
[  236.693238] libprocessgroup: Successfully killed process cgroup uid 1047 pid 609 in 601ms
[  236.810851] init: Command 'restart cameraserver' action=onrestart (<Service 'zygote' onrestart>:4) took 753ms and succeeded
[  236.831473] init: Sending signal 9 to service 'media' (pid 611) process group...
[  237.446624] libprocessgroup: Successfully killed process cgroup uid 1013 pid 611 in 610ms
[  237.558278] init: Command 'restart media' action=onrestart (<Service 'zygote' onrestart>:5) took 738ms and succeeded
[  237.577236] init: Sending signal 9 to service 'netd' (pid 612) process group...
[  237.614586] netd (612) used greatest stack depth: 10784 bytes left
[  237.846071] libprocessgroup: Successfully killed process cgroup uid 0 pid 612 in 254ms
[  237.926784] init: Command 'restart netd' action=onrestart (<Service 'zygote' onrestart>:6) took 344ms and succeeded
[  237.930641] init: Sending signal 9 to service 'wificond' (pid 613) process group...
[  238.337336] libprocessgroup: Successfully killed process cgroup uid 1010 pid 613 in 371ms
[  238.449002] init: Command 'restart wificond' action=onrestart (<Service 'zygote' onrestart>:7) took 499ms and succeeded
[  238.710166] init: Service 'cameraserver' (pid 609) received signal 9
[  238.908857] init: Service 'media' (pid 611) received signal 9
[  239.119067] init: Service 'netd' (pid 612) received signal 9
[  239.164944] init: Command 'restart zygote_secondary' action=onrestart (<Service 'netd' onrestart>:2) took 0ms and failed: service zygote_secondary not found
[  239.254471] init: Service 'wificond' (pid 613) received signal 9
[  239.331424] netd (612): highest shadow stack usage: 376 bytes
[  239.384452] init: Untracked pid 627 exited with status 0
[  239.399902] init: Service 'audioserver' (pid 628) received signal 9
[  239.550881] init: Service 'exec 19 (/system/bin/vdc volume abort_fuse)' (pid 663) exited with status 0 oneshot service took 4.271000 seconds in background
[  239.554953] init: Sending signal 9 to service 'exec 19 (/system/bin/vdc volume abort_fuse)' (pid 663) process group...
[  239.574453] libprocessgroup: Successfully killed process cgroup uid 1000 pid 663 in 7ms
[  239.597878] init: Untracked pid 654 exited with status 0
[  239.617759] init: Untracked pid 666 exited with status 0
[  239.624445] init: Untracked pid 662 received signal 9
[  239.630456] init: Untracked pid 668 received signal 9
[  239.650780] init: Untracked pid 664 received signal 9
[  239.657146] init: Untracked pid 669 received signal 9
[  239.665945] init: Untracked pid 633 received signal 9
[  239.700186] init: Untracked pid 634 received signal 9
[  239.746566] init: processing action (init.svc.media=*) from (/system/etc/init/mediaserver.rc:1)
[  239.805963] init: Command 'setprop init.svc.mediadrm ${init.svc.media}' action=init.svc.media=* (/system/etc/init/mediaserver.rc:2) took 52ms and succeeded
[  239.861369] init: starting service 'zygote'...
[  239.934791] init: Created socket '/dev/socket/zygote', mode 660, user 0, group 1000
[  240.000139] init: Created socket '/dev/socket/usap_pool_primary', mode 660, user 0, group 1000
[  240.474364] init: starting service 'audioserver'...
[  240.913004] init: starting service 'cameraserver'...
[  241.415161] init: starting service 'media'...
[  241.953366] init: starting service 'netd'...
[  241.957681] libprocessgroup: Failed to open /dev/cpuset/camera-daemon/tasks: No such file or directory: No such file or directory
[  241.968254] libprocessgroup: Failed to apply CameraServiceCapacity task profile: No such file or directory
[  242.074729] init: Created socket '/dev/socket/dnsproxyd', mode 660, user 0, group 3003
[  242.170213] init: Created socket '/dev/socket/mdns', mode 660, user 0, group 1000
[  242.324033] init: Created socket '/dev/socket/fwmarkd', mode 660, user 0, group 3003
[  242.867903] init: starting service 'wificond'...
[  243.346035] init: processing action (init.svc.media=*) from (/system/etc/init/mediaserver.rc:1)
[  243.460428] init: Command 'setprop init.svc.mediadrm ${init.svc.media}' action=init.svc.media=* (/system/etc/init/mediaserver.rc:2) took 91ms and succeeded
[  243.489248] init: processing action (sys.audio.restart.hal=1) from (/system/etc/init/audioserver.rc:39)
[  243.508849] init: Sending signal 9 to service 'vendor.audio-hal' (pid 630) process group...
[  243.901845] libprocessgroup: Successfully killed process cgroup uid 1041 pid 630 in 378ms
[  244.013848] init: Command 'restart vendor.audio-hal' action=sys.audio.restart.hal=1 (/system/etc/init/audioserver.rc:40) took 521ms and succeeded
[  244.026074] init: Service 'vendor.audio-hal' (pid 630) received signal 9
[  244.059839] init: Sending signal 9 to service 'audioserver' (pid 686) process group...
[  244.162109] libprocessgroup: Successfully killed process cgroup uid 1041 pid 686 in 97ms
[  244.284598] init: Command 'restart audioserver' action=onrestart (<Service 'vendor.audio-hal' onrestart>:1) took 250ms and succeeded
[  244.369098] init: Service 'audioserver' (pid 686) received signal 9
[  244.427467] init: Command 'setprop sys.audio.restart.hal 1' action=onrestart (<Service 'audioserver' onrestart>:1) took 54ms and succeeded
[  244.503770] init: Command 'restart vendor.audio-hal-4-0-msd' action=sys.audio.restart.hal=1 (/system/etc/init/audioserver.rc:41) took 0ms and failed: service vendor.audio-hal-4-0-msd not found
[  244.546190] init: starting service 'vendor.audio-hal'...
[  244.917349] init: Command 'restart vendor.audio-hal-2-0' action=sys.audio.restart.hal=1 (/system/etc/init/audioserver.rc:43) took 1ms and failed: service vendor.audio-hal-2-0 not found
[  244.960606] init: Command 'restart audio-hal-2-0' action=sys.audio.restart.hal=1 (/system/etc/init/audioserver.rc:44) took 0ms and failed: service audio-hal-2-0 not found
[  245.058041] init: Command 'setprop sys.audio.restart.hal 0' action=sys.audio.restart.hal=1 (/system/etc/init/audioserver.rc:46) took 86ms and succeeded
[  245.116098] init: processing action (init.svc.audioserver=running) from (/system/etc/init/audioserver.rc:32)
[  245.145215] init: Command 'start vendor.audio-hal-4-0-msd' action=init.svc.audioserver=running (/system/etc/init/audioserver.rc:34) took 0ms and failed: service vendor.audio-hal-4-0-msd not found
[  245.178088] init: Command 'start vendor.audio-hal-2-0' action=init.svc.audioserver=running (/system/etc/init/audioserver.rc:36) took 14ms and failed: service vendor.audio-hal-2-0 not found
[  245.187073] init: Command 'start audio-hal-2-0' action=init.svc.audioserver=running (/system/etc/init/audioserver.rc:37) took 0ms and failed: service audio-hal-2-0 not found
[  245.241688] init: processing action (init.svc.media=*) from (/system/etc/init/mediaserver.rc:1)
[  245.301073] init: Command 'setprop init.svc.mediadrm ${init.svc.media}' action=init.svc.media=* (/system/etc/init/mediaserver.rc:2) took 56ms and succeeded
[  245.349086] init: processing action (init.svc.mediadrm=running) from (/vendor/etc/init/android.hardware.drm@1.3-service.widevine.rc:1)
[  245.428759] init: processing action (sys.audio.restart.hal=1) from (/system/etc/init/audioserver.rc:39)
[  245.443840] init: Sending signal 9 to service 'vendor.audio-hal' (pid 693) process group...
[  245.772951] libprocessgroup: Successfully killed process cgroup uid 1041 pid 693 in 312ms
[  245.888981] init: Command 'restart vendor.audio-hal' action=sys.audio.restart.hal=1 (/system/etc/init/audioserver.rc:40) took 456ms and succeeded
[  245.951031] init: starting service 'audioserver'...
[  246.494095] init: Service 'vendor.audio-hal' (pid 693) received signal 9
[  246.503097] init: Sending signal 9 to service 'audioserver' (pid 698) process group...
[  246.652324] libprocessgroup: Successfully killed process cgroup uid 1041 pid 698 in 122ms
[  246.745964] init: Command 'restart audioserver' action=onrestart (<Service 'vendor.audio-hal' onrestart>:1) took 247ms and succeeded
[  246.817689] init: Service 'audioserver' (pid 698) received signal 9
[  246.882920] init: Command 'setprop sys.audio.restart.hal 1' action=onrestart (<Service 'audioserver' onrestart>:1) took 62ms and succeeded
[  246.934545] init: Command 'restart vendor.audio-hal-4-0-msd' action=sys.audio.restart.hal=1 (/system/etc/init/audioserver.rc:41) took 0ms and failed: service vendor.audio-hal-4-0-msd not found
[  246.950271] init: Command 'restart vendor.audio-hal-2-0' action=sys.audio.restart.hal=1 (/system/etc/init/audioserver.rc:43) took 0ms and failed: service vendor.audio-hal-2-0 not found
[  246.955650] init: Command 'restart audio-hal-2-0' action=sys.audio.restart.hal=1 (/system/etc/init/audioserver.rc:44) took 0ms and failed: service audio-hal-2-0 not found
[  247.003774] init: processing action (init.svc.mediadrm=running) from (/vendor/etc/init/android.hardware.drm@1.3-service.widevine.rc:1)
[  247.042302] init: processing action (init.svc.audioserver=running) from (/system/etc/init/audioserver.rc:32)
[  247.099714] init: starting service 'vendor.audio-hal'...
[  247.528932] init: Command 'start vendor.audio-hal' action=init.svc.audioserver=running (/system/etc/init/audioserver.rc:33) took 457ms and succeeded
[  247.569588] init: Command 'start vendor.audio-hal-4-0-msd' action=init.svc.audioserver=running (/system/etc/init/audioserver.rc:34) took 26ms and failed: service vendor.audio-hal-4-0-msd not found
[  247.582980] init: Command 'start vendor.audio-hal-2-0' action=init.svc.audioserver=running (/system/etc/init/audioserver.rc:36) took 0ms and failed: service vendor.audio-hal-2-0 not found
[  247.603417] init: Command 'start audio-hal-2-0' action=init.svc.audioserver=running (/system/etc/init/audioserver.rc:37) took 0ms and failed: service audio-hal-2-0 not found
[  247.625239] init: processing action (sys.audio.restart.hal=1) from (/system/etc/init/audioserver.rc:39)
[  247.627352] init: Sending signal 9 to service 'vendor.audio-hal' (pid 699) process group...
[  247.805482] libprocessgroup: Successfully killed process cgroup uid 1041 pid 699 in 165ms
[  247.885743] init: Command 'restart vendor.audio-hal' action=sys.audio.restart.hal=1 (/system/etc/init/audioserver.rc:40) took 255ms and succeeded
[  247.909188] init: Service 'vendor.audio-hal' (pid 699) received signal 9
[  248.024792] init: Command 'restart vendor.audio-hal-4-0-msd' action=sys.audio.restart.hal=1 (/system/etc/init/audioserver.rc:41) took 0ms and failed: service vendor.audio-hal-4-0-msd not found
[  248.049606] init: Command 'restart vendor.audio-hal-2-0' action=sys.audio.restart.hal=1 (/system/etc/init/audioserver.rc:43) took 0ms and failed: service vendor.audio-hal-2-0 not found
[  248.053846] init: Command 'restart audio-hal-2-0' action=sys.audio.restart.hal=1 (/system/etc/init/audioserver.rc:44) took 0ms and failed: service audio-hal-2-0 not found
[  248.169871] init: Command 'setprop sys.audio.restart.hal 0' action=sys.audio.restart.hal=1 (/system/etc/init/audioserver.rc:46) took 89ms and succeeded
[  248.400770] init: Untracked pid 631 received signal 14
[  248.768071] init: Untracked pid 636 exited with status 0
[  249.022957] init: Service 'bootanim' (pid 547) received signal 11 oneshot service took 74.275002 seconds in background
[  249.030955] init: Sending signal 9 to service 'bootanim' (pid 547) process group...
[  249.065429] libprocessgroup: Successfully killed process cgroup uid 1003 pid 547 in 16ms
[  251.269354] init: starting service 'audioserver'...
[  251.974258] init: processing action (init.svc.audioserver=running) from (/system/etc/init/audioserver.rc:32)
[  252.110364] init: starting service 'vendor.audio-hal'...
[  252.682028] init: Command 'start vendor.audio-hal' action=init.svc.audioserver=running (/system/etc/init/audioserver.rc:33) took 672ms and succeeded
[  252.690146] init: Command 'start vendor.audio-hal-4-0-msd' action=init.svc.audioserver=running (/system/etc/init/audioserver.rc:34) took 0ms and failed: service vendor.audio-hal-4-0-msd not found
[  252.704923] init: Command 'start vendor.audio-hal-2-0' action=init.svc.audioserver=running (/system/etc/init/audioserver.rc:36) took 1ms and failed: service vendor.audio-hal-2-0 not found
[  252.712886] init: Command 'start audio-hal-2-0' action=init.svc.audioserver=running (/system/etc/init/audioserver.rc:37) took 0ms and failed: service audio-hal-2-0 not found
[  267.070851] selinux: SELinux:  Could not stat /sys/devices/virtual/net/ipsec_test/queues/rx-0: No such file or directory.
[  267.073245] selinux: 
[  269.923199] init: Untracked pid 681 received signal 14
[  270.111564] init: Untracked pid 684 exited with status 0
[  270.365513] init: Service 'media.swcodec' (pid 642) received signal 11
[  270.382371] init: Sending signal 9 to service 'media.swcodec' (pid 642) process group...
[  270.422653] libprocessgroup: Successfully killed process cgroup uid 1046 pid 642 in 32ms
[  270.704652] init: starting service 'media.swcodec'...
[  271.186385] init: Untracked pid 685 received signal 14
[  271.218197] init: Service 'mediaextractor' (pid 637) received signal 11
[  271.249299] init: Sending signal 9 to service 'mediaextractor' (pid 637) process group...
[  271.301734] libprocessgroup: Successfully killed process cgroup uid 1040 pid 637 in 46ms
[  271.480784] init: Untracked pid 689 exited with status 0
[  271.566577] init: starting service 'mediaextractor'...
[  273.248148] healthd: battery none chg=a
[  279.209891] init: Untracked pid 707 exited with status 0
[  279.330737] init: Service 'zygote' (pid 683) received signal 11
[  279.338050] init: Sending signal 9 to service 'zygote' (pid 683) process group...
[  279.415823] libprocessgroup: Successfully killed process cgroup uid 0 pid 683 in 72ms
[  279.462286] init: updatable process 'zygote' exited 4 times before boot completed
[  279.608329] apexd: Native process 'zygote' is crashing. Attempting a revert
[  279.651093] apexd: Revert failed : Revert requested, when there are no active sessions.
[  279.653377] init: starting service 'exec 20 (/system/bin/vdc volume abort_fuse)'...
[  279.774222] init: Command 'exec_background - system system -- /system/bin/vdc volume abort_fuse' action=onrestart (<Service 'zygote' onrestart>:1) took 187ms and succeeded
[  279.812557] init: Command 'write /sys/power/state on' action=onrestart (<Service 'zygote' onrestart>:2) took 29ms and failed: Unable to write to file '/sys/power/state': Unable to write file contents: Invalid argument
[  279.818846] init: Sending signal 9 to service 'audioserver' (pid 704) process group...
[  280.548044] libprocessgroup: Successfully killed process cgroup uid 1041 pid 704 in 720ms
[  280.603869] init: Command 'restart audioserver' action=onrestart (<Service 'zygote' onrestart>:3) took 779ms and succeeded
[  280.608396] init: Sending signal 9 to service 'cameraserver' (pid 687) process group...
[  281.101342] libprocessgroup: Successfully killed process cgroup uid 1047 pid 687 in 485ms
[  281.191414] init: Command 'restart cameraserver' action=onrestart (<Service 'zygote' onrestart>:4) took 581ms and succeeded
[  281.195523] init: Sending signal 9 to service 'media' (pid 690) process group...
[  281.737922] libprocessgroup: Successfully killed process cgroup uid 1013 pid 690 in 532ms
[  281.814941] init: Command 'restart media' action=onrestart (<Service 'zygote' onrestart>:5) took 617ms and succeeded
[  281.822206] init: Sending signal 9 to service 'netd' (pid 691) process group...
[  282.229847] libprocessgroup: Successfully killed process cgroup uid 0 pid 691 in 402ms
[  282.291552] init: Command 'restart netd' action=onrestart (<Service 'zygote' onrestart>:6) took 470ms and succeeded
[  282.295183] init: Sending signal 9 to service 'wificond' (pid 692) process group...
[  282.537878] libprocessgroup: Successfully killed process cgroup uid 1010 pid 692 in 228ms
[  282.627018] init: Command 'restart wificond' action=onrestart (<Service 'zygote' onrestart>:7) took 332ms and succeeded
[  282.794434] init: Service 'cameraserver' (pid 687) received signal 9
[  282.912899] init: Service 'media' (pid 690) received signal 9
[  283.014266] init: Service 'netd' (pid 691) received signal 9
[  283.034058] init: Command 'restart zygote_secondary' action=onrestart (<Service 'netd' onrestart>:2) took 0ms and failed: service zygote_secondary not found
[  283.121953] init: Service 'wificond' (pid 692) received signal 9
[  283.174734] init: Service 'audioserver' (pid 704) received signal 9
[  283.264515] init: Untracked pid 710 exited with status 0
[  283.271635] init: Untracked pid 731 received signal 9
[  283.275058] init: Untracked pid 734 received signal 9
[  283.284678] init: Untracked pid 733 received signal 9
[  283.287132] init: Untracked pid 736 received signal 9
[  283.290235] init: Service 'exec 20 (/system/bin/vdc volume abort_fuse)' (pid 790) exited with status 0 oneshot service took 3.553000 seconds in background
[  283.293760] init: Sending signal 9 to service 'exec 20 (/system/bin/vdc volume abort_fuse)' (pid 790) process group...
[  283.303489] libprocessgroup: Successfully killed process cgroup uid 1000 pid 790 in 5ms
[  283.316473] init: Untracked pid 703 received signal 9
[  283.333112] init: Untracked pid 705 received signal 9
[  283.348889] init: processing action (sys.init.updatable_crashing=1) from (/system/etc/init/flags_health_check.rc:10)
[  283.370192] init: starting service 'exec 21 (/system/bin/flags_health_check UPDATABLE_CRASHING)'...
[  283.496114] init: SVC_EXEC service 'exec 21 (/system/bin/flags_health_check UPDATABLE_CRASHING)' pid 796 (uid 1000 gid 1000+0 context default) started; waiting...
[  283.502722] init: Command 'exec - system system -- /system/bin/flags_health_check UPDATABLE_CRASHING' action=sys.init.updatable_crashing=1 (/system/etc/init/flags_health_check.rc:11) took 148ms and succeeded
[  283.546858] init: starting service 'zygote'...
[  283.648550] init: Created socket '/dev/socket/zygote', mode 660, user 0, group 1000
[  283.737728] init: Created socket '/dev/socket/usap_pool_primary', mode 660, user 0, group 1000
[  284.194794] init: starting service 'audioserver'...
[  284.629097] init: starting service 'cameraserver'...
[  285.177406] init: starting service 'media'...
[  285.425392] libprocessgroup: Failed to open /dev/cpuset/camera-daemon/tasks: No such file or directory: No such file or directory
[  285.448691] libprocessgroup: Failed to apply CameraServiceCapacity task profile: No such file or directory
[  285.736552] init: starting service 'netd'...
[  285.855500] init: Created socket '/dev/socket/dnsproxyd', mode 660, user 0, group 3003
[  285.973047] init: Created socket '/dev/socket/mdns', mode 660, user 0, group 1000
[  286.049620] init: Created socket '/dev/socket/fwmarkd', mode 660, user 0, group 3003
[  286.530878] init: starting service 'wificond'...
[  287.998506] init: Service 'exec 21 (/system/bin/flags_health_check UPDATABLE_CRASHING)' (pid 796) exited with status 0 waiting took 4.547000 seconds
[  288.014325] init: Sending signal 9 to service 'exec 21 (/system/bin/flags_health_check UPDATABLE_CRASHING)' (pid 796) process group...
[  288.084035] libprocessgroup: Successfully killed process cgroup uid 1000 pid 796 in 37ms
[  288.176912] init: processing action (init.svc.media=*) from (/system/etc/init/mediaserver.rc:1)
[  288.233711] init: Command 'setprop init.svc.mediadrm ${init.svc.media}' action=init.svc.media=* (/system/etc/init/mediaserver.rc:2) took 53ms and succeeded
[  288.249097] init: processing action (init.svc.media=*) from (/system/etc/init/mediaserver.rc:1)
[  288.348839] init: Command 'setprop init.svc.mediadrm ${init.svc.media}' action=init.svc.media=* (/system/etc/init/mediaserver.rc:2) took 96ms and succeeded
[  288.366012] init: processing action (sys.audio.restart.hal=1) from (/system/etc/init/audioserver.rc:39)
[  288.380736] init: Sending signal 9 to service 'vendor.audio-hal' (pid 709) process group...
[  288.745638] libprocessgroup: Successfully killed process cgroup uid 1041 pid 709 in 359ms
[  288.818476] init: Command 'restart vendor.audio-hal' action=sys.audio.restart.hal=1 (/system/etc/init/audioserver.rc:40) took 448ms and succeeded
[  288.849266] init: Service 'vendor.audio-hal' (pid 709) received signal 9
[  288.889090] init: Sending signal 9 to service 'audioserver' (pid 803) process group...
[  289.032907] libprocessgroup: Successfully killed process cgroup uid 1041 pid 803 in 126ms
[  289.073125] init: Command 'restart audioserver' action=onrestart (<Service 'vendor.audio-hal' onrestart>:1) took 219ms and succeeded
[  289.128971] init: Service 'audioserver' (pid 803) received signal 9
[  289.232176] init: Command 'restart vendor.audio-hal-4-0-msd' action=sys.audio.restart.hal=1 (/system/etc/init/audioserver.rc:41) took 0ms and failed: service vendor.audio-hal-4-0-msd not found
[  289.284391] init: starting service 'vendor.audio-hal'...
[  289.549932] init: Untracked pid 715 received signal 14
[  289.571761] init: Command 'restart vendor.audio-hal-2-0' action=sys.audio.restart.hal=1 (/system/etc/init/audioserver.rc:43) took 0ms and failed: service vendor.audio-hal-2-0 not found
[  289.619155] init: starting service 'audioserver'...
[  290.006279] init: Command 'restart audio-hal-2-0' action=sys.audio.restart.hal=1 (/system/etc/init/audioserver.rc:44) took 0ms and failed: service audio-hal-2-0 not found
[  290.061759] init: processing action (init.svc.audioserver=running) from (/system/etc/init/audioserver.rc:32)
[  290.073348] init: Command 'start vendor.audio-hal-4-0-msd' action=init.svc.audioserver=running (/system/etc/init/audioserver.rc:34) took 0ms and failed: service vendor.audio-hal-4-0-msd not found
[  290.097040] init: Command 'start vendor.audio-hal-2-0' action=init.svc.audioserver=running (/system/etc/init/audioserver.rc:36) took 0ms and failed: service vendor.audio-hal-2-0 not found
[  290.101107] init: Command 'start audio-hal-2-0' action=init.svc.audioserver=running (/system/etc/init/audioserver.rc:37) took 0ms and failed: service audio-hal-2-0 not found
[  290.121494] init: processing action (init.svc.media=*) from (/system/etc/init/mediaserver.rc:1)
[  290.180470] init: Command 'setprop init.svc.mediadrm ${init.svc.media}' action=init.svc.media=* (/system/etc/init/mediaserver.rc:2) took 55ms and succeeded
[  290.182986] init: Untracked pid 729 exited with status 0
[  290.211523] init: processing action (init.svc.mediadrm=running) from (/vendor/etc/init/android.hardware.drm@1.3-service.widevine.rc:1)
[  290.243742] init: processing action (init.svc.mediadrm=running) from (/vendor/etc/init/android.hardware.drm@1.3-service.widevine.rc:1)
[  290.296649] init: processing action (sys.audio.restart.hal=1) from (/system/etc/init/audioserver.rc:39)
[  290.305544] init: Sending signal 9 to service 'vendor.audio-hal' (pid 810) process group...
[  290.381240] libprocessgroup: Successfully killed process cgroup uid 1041 pid 810 in 72ms
[  290.490232] init: Command 'restart vendor.audio-hal' action=sys.audio.restart.hal=1 (/system/etc/init/audioserver.rc:40) took 190ms and succeeded
[  290.498661] init: Service 'vendor.audio-hal' (pid 810) received signal 9
[  290.517799] init: Sending signal 9 to service 'audioserver' (pid 811) process group...
[  290.682105] libprocessgroup: Successfully killed process cgroup uid 1041 pid 811 in 155ms
[  290.721356] init: Command 'restart audioserver' action=onrestart (<Service 'vendor.audio-hal' onrestart>:1) took 209ms and succeeded
[  290.790503] init: Service 'storaged' (pid 494) received signal 11
[  290.801892] init: Sending signal 9 to service 'storaged' (pid 494) process group...
[  290.814175] libprocessgroup: Successfully killed process cgroup uid 0 pid 494 in 4ms
[  290.921420] init: Service 'audioserver' (pid 811) received signal 9
[  290.999753] init: Command 'setprop sys.audio.restart.hal 1' action=onrestart (<Service 'audioserver' onrestart>:1) took 74ms and succeeded
[  291.064652] init: Command 'restart vendor.audio-hal-4-0-msd' action=sys.audio.restart.hal=1 (/system/etc/init/audioserver.rc:41) took 0ms and failed: service vendor.audio-hal-4-0-msd not found
[  291.097833] init: starting service 'storaged'...
[  291.110515] init: Could not open file '/d/mmc0/mmc0:0001/ext_csd': Failed to open file '/d/mmc0/mmc0:0001/ext_csd': No such file or directory
[  291.486977] init: Command 'restart vendor.audio-hal-2-0' action=sys.audio.restart.hal=1 (/system/etc/init/audioserver.rc:43) took 2ms and failed: service vendor.audio-hal-2-0 not found
[  291.528759] init: Command 'restart audio-hal-2-0' action=sys.audio.restart.hal=1 (/system/etc/init/audioserver.rc:44) took 19ms and failed: service audio-hal-2-0 not found
[  291.629617] init: Command 'setprop sys.audio.restart.hal 0' action=sys.audio.restart.hal=1 (/system/etc/init/audioserver.rc:46) took 75ms and succeeded
[  291.658669] init: processing action (init.svc.audioserver=running) from (/system/etc/init/audioserver.rc:32)
[  291.713390] init: starting service 'vendor.audio-hal'...
[  292.318556] init: Command 'start vendor.audio-hal' action=init.svc.audioserver=running (/system/etc/init/audioserver.rc:33) took 616ms and succeeded
[  292.361727] init: Command 'start vendor.audio-hal-4-0-msd' action=init.svc.audioserver=running (/system/etc/init/audioserver.rc:34) took 0ms and failed: service vendor.audio-hal-4-0-msd not found
[  292.408728] init: Command 'start vendor.audio-hal-2-0' action=init.svc.audioserver=running (/system/etc/init/audioserver.rc:36) took 0ms and failed: service vendor.audio-hal-2-0 not found
[  292.430630] init: Command 'start audio-hal-2-0' action=init.svc.audioserver=running (/system/etc/init/audioserver.rc:37) took 16ms and failed: service audio-hal-2-0 not found
[  292.458504] init: processing action (init.svc.mediadrm=running) from (/vendor/etc/init/android.hardware.drm@1.3-service.widevine.rc:1)
[  292.552022] init: processing action (sys.audio.restart.hal=1) from (/system/etc/init/audioserver.rc:39)
[  292.554040] init: Sending signal 9 to service 'vendor.audio-hal' (pid 816) process group...
[  292.773988] libprocessgroup: Successfully killed process cgroup uid 1041 pid 816 in 172ms
[  292.882373] init: Command 'restart vendor.audio-hal' action=sys.audio.restart.hal=1 (/system/etc/init/audioserver.rc:40) took 326ms and succeeded
[  292.915353] init: Service 'vendor.audio-hal' (pid 816) received signal 9
[  292.998326] init: Command 'restart vendor.audio-hal-4-0-msd' action=sys.audio.restart.hal=1 (/system/etc/init/audioserver.rc:41) took 0ms and failed: service vendor.audio-hal-4-0-msd not found
[  293.061890] init: Command 'restart vendor.audio-hal-2-0' action=sys.audio.restart.hal=1 (/system/etc/init/audioserver.rc:43) took 0ms and failed: service vendor.audio-hal-2-0 not found
[  293.074906] init: Command 'restart audio-hal-2-0' action=sys.audio.restart.hal=1 (/system/etc/init/audioserver.rc:44) took 0ms and failed: service audio-hal-2-0 not found
[  293.185922] init: Command 'setprop sys.audio.restart.hal 0' action=sys.audio.restart.hal=1 (/system/etc/init/audioserver.rc:46) took 92ms and succeeded
[  294.886019] init: starting service 'audioserver'...
[  295.482321] init: processing action (init.svc.audioserver=running) from (/system/etc/init/audioserver.rc:32)
[  295.538978] init: starting service 'vendor.audio-hal'...
[  296.466532] init: Command 'start vendor.audio-hal' action=init.svc.audioserver=running (/system/etc/init/audioserver.rc:33) took 974ms and succeeded
[  296.483896] init: Command 'start vendor.audio-hal-4-0-msd' action=init.svc.audioserver=running (/system/etc/init/audioserver.rc:34) took 0ms and failed: service vendor.audio-hal-4-0-msd not found
[  296.487373] init: Command 'start vendor.audio-hal-2-0' action=init.svc.audioserver=running (/system/etc/init/audioserver.rc:36) took 0ms and failed: service vendor.audio-hal-2-0 not found
[  296.525558] init: Command 'start audio-hal-2-0' action=init.svc.audioserver=running (/system/etc/init/audioserver.rc:37) took 0ms and failed: service audio-hal-2-0 not found
[  309.870420] selinux: SELinux:  Could not stat /sys/devices/virtual/net/ipsec_test/queues/tx-0: No such file or directory.
[  309.872160] selinux: 
[  311.847093] init: Untracked pid 791 received signal 14
[  312.038147] init: Untracked pid 793 exited with status 0
[  312.095754] init: Service 'media.swcodec' (pid 765) received signal 11
[  312.099461] init: Sending signal 9 to service 'media.swcodec' (pid 765) process group...
[  312.137576] libprocessgroup: Successfully killed process cgroup uid 1046 pid 765 in 7ms
[  312.275632] init: starting service 'media.swcodec'...
[  314.262004] init: Untracked pid 802 received signal 14
[  314.490780] init: Untracked pid 806 exited with status 0
[  314.580416] init: Service 'mediaextractor' (pid 766) received signal 11
[  314.583274] init: Sending signal 9 to service 'mediaextractor' (pid 766) process group...
[  314.640961] libprocessgroup: Successfully killed process cgroup uid 1040 pid 766 in 32ms
[  314.857939] init: starting service 'mediaextractor'...
[  321.523377] init: Untracked pid 825 exited with status 0
[  321.545301] init: Service 'zygote' (pid 800) received signal 11
[  321.549761] init: Sending signal 9 to service 'zygote' (pid 800) process group...
[  321.631014] libprocessgroup: Successfully killed process cgroup uid 0 pid 800 in 39ms
[  321.665688] init: updatable process 'zygote' exited 4 times before boot completed
[  321.920025] init: starting service 'exec 22 (/system/bin/vdc volume abort_fuse)'...
[  322.089853] init: Command 'exec_background - system system -- /system/bin/vdc volume abort_fuse' action=onrestart (<Service 'zygote' onrestart>:1) took 226ms and succeeded
[  322.158350] init: Command 'write /sys/power/state on' action=onrestart (<Service 'zygote' onrestart>:2) took 58ms and failed: Unable to write to file '/sys/power/state': Unable to write file contents: Invalid argument
[  322.162991] init: Sending signal 9 to service 'audioserver' (pid 824) process group...
[  322.430092] libprocessgroup: Successfully killed process cgroup uid 1041 pid 824 in 259ms
[  322.512502] init: Command 'restart audioserver' action=onrestart (<Service 'zygote' onrestart>:3) took 349ms and succeeded
[  322.514559] init: Sending signal 9 to service 'cameraserver' (pid 805) process group...
[  322.988880] libprocessgroup: Successfully killed process cgroup uid 1047 pid 805 in 459ms
[  323.061335] init: Command 'restart cameraserver' action=onrestart (<Service 'zygote' onrestart>:4) took 543ms and succeeded
[  323.067037] init: Sending signal 9 to service 'media' (pid 807) process group...
[  323.344585] libprocessgroup: Successfully killed process cgroup uid 1013 pid 807 in 252ms
[  323.426138] init: Command 'restart media' action=onrestart (<Service 'zygote' onrestart>:5) took 361ms and succeeded
[  323.438463] init: Sending signal 9 to service 'netd' (pid 808) process group...
[  323.878441] libprocessgroup: Successfully killed process cgroup uid 0 pid 808 in 425ms
[  323.953071] init: Command 'restart netd' action=onrestart (<Service 'zygote' onrestart>:6) took 508ms and succeeded
[  323.963382] init: Sending signal 9 to service 'wificond' (pid 809) process group...
[  324.146626] libprocessgroup: Successfully killed process cgroup uid 1010 pid 809 in 179ms
[  324.218894] init: Command 'restart wificond' action=onrestart (<Service 'zygote' onrestart>:7) took 259ms and succeeded
[  324.378202] init: Service 'cameraserver' (pid 805) received signal 9
[  324.532439] init: Service 'media' (pid 807) received signal 9
[  324.623168] init: Service 'netd' (pid 808) received signal 9
[  324.637417] init: Command 'restart zygote_secondary' action=onrestart (<Service 'netd' onrestart>:2) took 0ms and failed: service zygote_secondary not found
[  324.713452] init: Service 'wificond' (pid 809) received signal 9
[  324.792700] init: Service 'audioserver' (pid 824) received signal 9
[  324.943910] init: Untracked pid 828 exited with status 0
[  324.947512] init: Untracked pid 842 received signal 9
[  324.957215] init: Untracked pid 848 received signal 9
[  324.978982] init: Untracked pid 843 received signal 9
[  324.989455] init: Untracked pid 851 received signal 9
[  325.009575] init: Service 'exec 22 (/system/bin/vdc volume abort_fuse)' (pid 892) exited with status 0 oneshot service took 2.949000 seconds in background
[  325.033208] init: Sending signal 9 to service 'exec 22 (/system/bin/vdc volume abort_fuse)' (pid 892) process group...
[  325.066116] libprocessgroup: Successfully killed process cgroup uid 1000 pid 892 in 9ms
[  325.106528] init: Untracked pid 819 received signal 9
[  325.121563] init: Untracked pid 820 received signal 9
[  325.139171] init: processing action (sys.init.updatable_crashing=1) from (/system/etc/init/flags_health_check.rc:10)
[  325.186326] init: starting service 'exec 23 (/system/bin/flags_health_check UPDATABLE_CRASHING)'...
[  325.332988] init: SVC_EXEC service 'exec 23 (/system/bin/flags_health_check UPDATABLE_CRASHING)' pid 904 (uid 1000 gid 1000+0 context default) started; waiting...
[  325.342301] init: Command 'exec - system system -- /system/bin/flags_health_check UPDATABLE_CRASHING' action=sys.init.updatable_crashing=1 (/system/etc/init/flags_health_check.rc:11) took 198ms and succeeded
[  325.361296] init: starting service 'zygote'...
[  325.395763] init: Created socket '/dev/socket/zygote', mode 660, user 0, group 1000
[  325.429246] init: Created socket '/dev/socket/usap_pool_primary', mode 660, user 0, group 1000
[  325.882477] init: starting service 'audioserver'...
[  326.494871] init: starting service 'cameraserver'...
[  326.990119] init: starting service 'media'...
[  327.442713] libprocessgroup: Failed to open /dev/cpuset/camera-daemon/tasks: No such file or directory: No such file or directory
[  327.457769] libprocessgroup: Failed to apply CameraServiceCapacity task profile: No such file or directory
[  327.490710] init: starting service 'netd'...
[  327.587270] init: Created socket '/dev/socket/dnsproxyd', mode 660, user 0, group 3003
[  327.706761] init: Created socket '/dev/socket/mdns', mode 660, user 0, group 1000
[  327.785884] init: Created socket '/dev/socket/fwmarkd', mode 660, user 0, group 3003
[  328.557504] init: starting service 'wificond'...
[  330.594665] init: Service 'exec 23 (/system/bin/flags_health_check UPDATABLE_CRASHING)' (pid 904) exited with status 0 waiting took 5.303000 seconds
[  330.600076] init: Sending signal 9 to service 'exec 23 (/system/bin/flags_health_check UPDATABLE_CRASHING)' (pid 904) process group...
[  330.617921] libprocessgroup: Successfully killed process cgroup uid 1000 pid 904 in 14ms
[  330.665592] init: processing action (init.svc.media=*) from (/system/etc/init/mediaserver.rc:1)
[  330.702782] init: processing action (init.svc.media=*) from (/system/etc/init/mediaserver.rc:1)
[  330.752274] init: processing action (sys.audio.restart.hal=1) from (/system/etc/init/audioserver.rc:39)
[  330.753976] init: Sending signal 9 to service 'vendor.audio-hal' (pid 826) process group...
[  331.025773] libprocessgroup: Successfully killed process cgroup uid 1041 pid 826 in 255ms
[  331.100999] init: Command 'restart vendor.audio-hal' action=sys.audio.restart.hal=1 (/system/etc/init/audioserver.rc:40) took 345ms and succeeded
[  331.116551] init: Service 'vendor.audio-hal' (pid 826) received signal 9
[  331.147102] init: Sending signal 9 to service 'audioserver' (pid 908) process group...
[  331.361170] libprocessgroup: Successfully killed process cgroup uid 1041 pid 908 in 191ms
[  331.432200] init: Command 'restart audioserver' action=onrestart (<Service 'vendor.audio-hal' onrestart>:1) took 312ms and succeeded
[  331.504806] init: Service 'audioserver' (pid 908) received signal 9
[  331.661675] init: Command 'restart vendor.audio-hal-4-0-msd' action=sys.audio.restart.hal=1 (/system/etc/init/audioserver.rc:41) took 0ms and failed: service vendor.audio-hal-4-0-msd not found
[  331.694020] init: starting service 'audioserver'...
[  332.037711] init: starting service 'vendor.audio-hal'...
[  332.523643] init: Command 'restart vendor.audio-hal-2-0' action=sys.audio.restart.hal=1 (/system/etc/init/audioserver.rc:43) took 1ms and failed: service vendor.audio-hal-2-0 not found
[  332.568090] init: Command 'restart audio-hal-2-0' action=sys.audio.restart.hal=1 (/system/etc/init/audioserver.rc:44) took 0ms and failed: service audio-hal-2-0 not found
[  332.678882] init: Command 'setprop sys.audio.restart.hal 0' action=sys.audio.restart.hal=1 (/system/etc/init/audioserver.rc:46) took 104ms and succeeded
[  332.702831] init: processing action (init.svc.audioserver=running) from (/system/etc/init/audioserver.rc:32)
[  332.724160] init: Command 'start vendor.audio-hal-4-0-msd' action=init.svc.audioserver=running (/system/etc/init/audioserver.rc:34) took 0ms and failed: service vendor.audio-hal-4-0-msd not found
[  332.741565] init: Command 'start vendor.audio-hal-2-0' action=init.svc.audioserver=running (/system/etc/init/audioserver.rc:36) took 0ms and failed: service vendor.audio-hal-2-0 not found
[  332.772081] init: Command 'start audio-hal-2-0' action=init.svc.audioserver=running (/system/etc/init/audioserver.rc:37) took 5ms and failed: service audio-hal-2-0 not found
[  332.775937] init: processing action (init.svc.media=*) from (/system/etc/init/mediaserver.rc:1)
[  332.849812] init: Command 'setprop init.svc.mediadrm ${init.svc.media}' action=init.svc.media=* (/system/etc/init/mediaserver.rc:2) took 64ms and succeeded
[  332.894483] init: processing action (init.svc.mediadrm=running) from (/vendor/etc/init/android.hardware.drm@1.3-service.widevine.rc:1)
[  332.982039] init: processing action (init.svc.mediadrm=running) from (/vendor/etc/init/android.hardware.drm@1.3-service.widevine.rc:1)
[  333.065072] init: processing action (sys.audio.restart.hal=1) from (/system/etc/init/audioserver.rc:39)
[  333.067473] init: Sending signal 9 to service 'vendor.audio-hal' (pid 921) process group...
[  333.375065] libprocessgroup: Successfully killed process cgroup uid 1041 pid 921 in 302ms
[  333.522775] init: Command 'restart vendor.audio-hal' action=sys.audio.restart.hal=1 (/system/etc/init/audioserver.rc:40) took 452ms and succeeded
[  333.533038] healthd: battery none chg=a
[  333.561352] init: Service 'vendor.audio-hal' (pid 921) received signal 9
[  333.582688] init: Sending signal 9 to service 'audioserver' (pid 917) process group...
[  333.694993] libprocessgroup: Successfully killed process cgroup uid 1041 pid 917 in 91ms
[  333.837393] init: Command 'restart audioserver' action=onrestart (<Service 'vendor.audio-hal' onrestart>:1) took 261ms and succeeded
[  333.911149] init: Service 'audioserver' (pid 917) received signal 9
[  334.015092] init: Command 'setprop sys.audio.restart.hal 1' action=onrestart (<Service 'audioserver' onrestart>:1) took 87ms and succeeded
[  334.149118] init: Command 'restart vendor.audio-hal-4-0-msd' action=sys.audio.restart.hal=1 (/system/etc/init/audioserver.rc:41) took 1ms and failed: service vendor.audio-hal-4-0-msd not found
[  334.167640] init: Command 'restart vendor.audio-hal-2-0' action=sys.audio.restart.hal=1 (/system/etc/init/audioserver.rc:43) took 13ms and failed: service vendor.audio-hal-2-0 not found
[  334.194841] init: Command 'restart audio-hal-2-0' action=sys.audio.restart.hal=1 (/system/etc/init/audioserver.rc:44) took 0ms and failed: service audio-hal-2-0 not found
[  334.291036] init: Command 'setprop sys.audio.restart.hal 0' action=sys.audio.restart.hal=1 (/system/etc/init/audioserver.rc:46) took 66ms and succeeded
[  334.312689] init: processing action (init.svc.audioserver=running) from (/system/etc/init/audioserver.rc:32)
[  334.395803] init: starting service 'vendor.audio-hal'...
[  335.121668] init: Command 'start vendor.audio-hal' action=init.svc.audioserver=running (/system/etc/init/audioserver.rc:33) took 782ms and succeeded
[  335.162571] init: Command 'start vendor.audio-hal-4-0-msd' action=init.svc.audioserver=running (/system/etc/init/audioserver.rc:34) took 12ms and failed: service vendor.audio-hal-4-0-msd not found
[  335.174586] init: Command 'start vendor.audio-hal-2-0' action=init.svc.audioserver=running (/system/etc/init/audioserver.rc:36) took 0ms and failed: service vendor.audio-hal-2-0 not found
[  335.206287] init: Command 'start audio-hal-2-0' action=init.svc.audioserver=running (/system/etc/init/audioserver.rc:37) took 0ms and failed: service audio-hal-2-0 not found
[  335.233875] init: processing action (init.svc.mediadrm=running) from (/vendor/etc/init/android.hardware.drm@1.3-service.widevine.rc:1)
[  335.350973] init: processing action (sys.audio.restart.hal=1) from (/system/etc/init/audioserver.rc:39)
[  335.365243] init: Sending signal 9 to service 'vendor.audio-hal' (pid 924) process group...
[  335.622519] libprocessgroup: Successfully killed process cgroup uid 1041 pid 924 in 237ms
[  335.808638] init: Command 'restart vendor.audio-hal' action=sys.audio.restart.hal=1 (/system/etc/init/audioserver.rc:40) took 429ms and succeeded
[  335.822498] init: Service 'vendor.audio-hal' (pid 924) received signal 9
[  335.963452] init: Command 'restart vendor.audio-hal-4-0-msd' action=sys.audio.restart.hal=1 (/system/etc/init/audioserver.rc:41) took 0ms and failed: service vendor.audio-hal-4-0-msd not found
[  336.046181] init: Command 'restart vendor.audio-hal-2-0' action=sys.audio.restart.hal=1 (/system/etc/init/audioserver.rc:43) took 1ms and failed: service vendor.audio-hal-2-0 not found
[  336.071713] init: Command 'restart audio-hal-2-0' action=sys.audio.restart.hal=1 (/system/etc/init/audioserver.rc:44) took 1ms and failed: service audio-hal-2-0 not found
[  336.183818] init: Command 'setprop sys.audio.restart.hal 0' action=sys.audio.restart.hal=1 (/system/etc/init/audioserver.rc:46) took 102ms and succeeded
[  336.920540] init: starting service 'audioserver'...
[  337.428950] init: processing action (init.svc.audioserver=running) from (/system/etc/init/audioserver.rc:32)
[  337.524586] init: starting service 'vendor.audio-hal'...
[  338.086633] init: Command 'start vendor.audio-hal' action=init.svc.audioserver=running (/system/etc/init/audioserver.rc:33) took 628ms and succeeded
[  338.119181] init: Command 'start vendor.audio-hal-4-0-msd' action=init.svc.audioserver=running (/system/etc/init/audioserver.rc:34) took 0ms and failed: service vendor.audio-hal-4-0-msd not found
[  338.142314] init: Command 'start vendor.audio-hal-2-0' action=init.svc.audioserver=running (/system/etc/init/audioserver.rc:36) took 0ms and failed: service vendor.audio-hal-2-0 not found
[  338.176337] init: Command 'start audio-hal-2-0' action=init.svc.audioserver=running (/system/etc/init/audioserver.rc:37) took 0ms and failed: service audio-hal-2-0 not found
[  355.370422] init: Untracked pid 902 received signal 14
[  355.524605] init: Untracked pid 907 exited with status 0
[  355.706253] init: Service 'media.swcodec' (pid 873) received signal 11
[  355.714223] init: Sending signal 9 to service 'media.swcodec' (pid 873) process group...
[  355.732660] libprocessgroup: Successfully killed process cgroup uid 1046 pid 873 in 13ms
[  355.995960] init: starting service 'media.swcodec'...
[  356.511345] init: Service 'zygote' (pid 906) received signal 11
[  356.519682] init: Sending signal 9 to service 'zygote' (pid 906) process group...
[  356.539800] libprocessgroup: Successfully killed process cgroup uid 0 pid 906 in 10ms
[  356.565245] init: updatable process 'zygote' exited 4 times before boot completed
[  356.691811] init: starting service 'exec 24 (/system/bin/vdc volume abort_fuse)'...
[  356.759316] selinux: SELinux:  Could not stat /sys/devices/virtual/net/ipsec_test/queues/rx-0: No such file or directory.
[  356.769880] selinux: 
[  356.921582] init: Command 'exec_background - system system -- /system/bin/vdc volume abort_fuse' action=onrestart (<Service 'zygote' onrestart>:1) took 232ms and succeeded
[  356.997134] init: Command 'write /sys/power/state on' action=onrestart (<Service 'zygote' onrestart>:2) took 58ms and failed: Unable to write to file '/sys/power/state': Unable to write file contents: Invalid argument
[  357.017749] init: Sending signal 9 to service 'audioserver' (pid 934) process group...
[  357.485248] libprocessgroup: Successfully killed process cgroup uid 1041 pid 934 in 460ms
[  357.611421] init: Command 'restart audioserver' action=onrestart (<Service 'zygote' onrestart>:3) took 586ms and succeeded
[  357.613783] init: Sending signal 9 to service 'cameraserver' (pid 909) process group...
[  358.006160] libprocessgroup: Successfully killed process cgroup uid 1047 pid 909 in 363ms
[  358.096146] init: Command 'restart cameraserver' action=onrestart (<Service 'zygote' onrestart>:4) took 480ms and succeeded
[  358.113967] init: Sending signal 9 to service 'media' (pid 910) process group...
[  358.503932] libprocessgroup: Successfully killed process cgroup uid 1013 pid 910 in 383ms
[  358.567154] init: Command 'restart media' action=onrestart (<Service 'zygote' onrestart>:5) took 466ms and succeeded
[  358.576741] init: Sending signal 9 to service 'netd' (pid 912) process group...
[  358.839576] libprocessgroup: Successfully killed process cgroup uid 0 pid 912 in 254ms
[  358.930194] init: Command 'restart netd' action=onrestart (<Service 'zygote' onrestart>:6) took 351ms and succeeded
[  358.934032] init: Sending signal 9 to service 'wificond' (pid 913) process group...
[  359.155249] libprocessgroup: Successfully killed process cgroup uid 1010 pid 913 in 205ms
[  359.249478] init: Command 'restart wificond' action=onrestart (<Service 'zygote' onrestart>:7) took 316ms and succeeded
[  359.453551] init: Service 'cameraserver' (pid 909) received signal 9
[  359.612236] init: Service 'media' (pid 910) received signal 9
[  359.802441] init: Service 'netd' (pid 912) received signal 9
[  359.856744] init: Command 'restart zygote_secondary' action=onrestart (<Service 'netd' onrestart>:2) took 23ms and failed: service zygote_secondary not found
[  359.942003] init: Service 'wificond' (pid 913) received signal 9
[  360.052110] init: Untracked pid 927 exited with status 0
[  360.065655] init: Untracked pid 930 exited with status 0
[  360.069648] init: Service 'audioserver' (pid 934) received signal 9
[  360.126172] init: Command 'setprop sys.audio.restart.hal 1' action=onrestart (<Service 'audioserver' onrestart>:1) took 53ms and succeeded
[  360.246964] init: Untracked pid 956 received signal 9
[  360.270008] init: Untracked pid 960 received signal 9
[  360.275142] init: Untracked pid 962 received signal 9
[  360.279539] init: Untracked pid 967 received signal 9
[  360.290921] init: Service 'exec 24 (/system/bin/vdc volume abort_fuse)' (pid 968) exited with status 0 oneshot service took 3.467000 seconds in background
[  360.297266] init: Sending signal 9 to service 'exec 24 (/system/bin/vdc volume abort_fuse)' (pid 968) process group...
[  360.307141] libprocessgroup: Successfully killed process cgroup uid 1000 pid 968 in 6ms
[  360.330551] init: Untracked pid 938 received signal 9
[  360.337251] init: Untracked pid 939 received signal 9
[  360.351786] init: processing action (sys.init.updatable_crashing=1) from (/system/etc/init/flags_health_check.rc:10)
[  360.410608] init: starting service 'exec 25 (/system/bin/flags_health_check UPDATABLE_CRASHING)'...
[  360.565795] init: SVC_EXEC service 'exec 25 (/system/bin/flags_health_check UPDATABLE_CRASHING)' pid 986 (uid 1000 gid 1000+0 context default) started; waiting...
[  360.577975] init: Command 'exec - system system -- /system/bin/flags_health_check UPDATABLE_CRASHING' action=sys.init.updatable_crashing=1 (/system/etc/init/flags_health_check.rc:11) took 217ms and succeeded
[  360.610915] init: starting service 'zygote'...
[  360.688421] init: Created socket '/dev/socket/zygote', mode 660, user 0, group 1000
[  360.733232] init: Created socket '/dev/socket/usap_pool_primary', mode 660, user 0, group 1000
[  361.159997] init: starting service 'audioserver'...
[  361.904258] init: starting service 'cameraserver'...
[  362.380120] init: starting service 'media'...
[  362.884301] libprocessgroup: Failed to open /dev/cpuset/camera-daemon/tasks: No such file or directory: No such file or directory
[  362.896124] libprocessgroup: Failed to apply CameraServiceCapacity task profile: No such file or directory
[  362.911045] init: starting service 'netd'...
[  362.995285] init: Created socket '/dev/socket/dnsproxyd', mode 660, user 0, group 3003
[  363.098318] init: Created socket '/dev/socket/mdns', mode 660, user 0, group 1000
[  363.245960] init: Created socket '/dev/socket/fwmarkd', mode 660, user 0, group 3003
[  363.973932] init: starting service 'wificond'...
[  366.157261] init: Service 'exec 25 (/system/bin/flags_health_check UPDATABLE_CRASHING)' (pid 986) exited with status 0 waiting took 5.639000 seconds
[  366.229286] init: Sending signal 9 to service 'exec 25 (/system/bin/flags_health_check UPDATABLE_CRASHING)' (pid 986) process group...
[  366.313645] libprocessgroup: Successfully killed process cgroup uid 1000 pid 986 in 46ms
[  366.403112] init: processing action (init.svc.media=*) from (/system/etc/init/mediaserver.rc:1)
[  366.495044] init: processing action (init.svc.media=*) from (/system/etc/init/mediaserver.rc:1)
[  366.616742] init: Command 'setprop init.svc.mediadrm ${init.svc.media}' action=init.svc.media=* (/system/etc/init/mediaserver.rc:2) took 104ms and succeeded
[  366.661184] init: processing action (sys.audio.restart.hal=1) from (/system/etc/init/audioserver.rc:39)
[  366.666451] init: Sending signal 9 to service 'vendor.audio-hal' (pid 937) process group...
[  367.195583] libprocessgroup: Successfully killed process cgroup uid 1041 pid 937 in 508ms
[  367.315733] init: Command 'restart vendor.audio-hal' action=sys.audio.restart.hal=1 (/system/etc/init/audioserver.rc:40) took 640ms and succeeded
[  367.372071] init: Service 'vendor.audio-hal' (pid 937) received signal 9
[  367.378360] init: Sending signal 9 to service 'audioserver' (pid 990) process group...
[  367.471293] libprocessgroup: Successfully killed process cgroup uid 1041 pid 990 in 73ms
[  367.542206] init: Command 'restart audioserver' action=onrestart (<Service 'vendor.audio-hal' onrestart>:1) took 167ms and succeeded
[  367.596324] init: Service 'mediaextractor' (pid 874) received signal 11
[  367.598415] init: Sending signal 9 to service 'mediaextractor' (pid 874) process group...
[  367.648797] libprocessgroup: Successfully killed process cgroup uid 1040 pid 874 in 19ms
[  367.754575] init: Untracked pid 929 received signal 14
[  367.800710] init: Untracked pid 935 exited with status 0
[  367.804462] init: Service 'audioserver' (pid 990) received signal 9
[  367.869989] init: Command 'setprop sys.audio.restart.hal 1' action=onrestart (<Service 'audioserver' onrestart>:1) took 62ms and succeeded
[  367.950156] init: Command 'restart vendor.audio-hal-4-0-msd' action=sys.audio.restart.hal=1 (/system/etc/init/audioserver.rc:41) took 0ms and failed: service vendor.audio-hal-4-0-msd not found
[  367.992554] init: starting service 'audioserver'...
[  368.337324] init: starting service 'mediaextractor'...
[  368.718665] init: starting service 'vendor.audio-hal'...
[  369.292356] init: Command 'restart vendor.audio-hal-2-0' action=sys.audio.restart.hal=1 (/system/etc/init/audioserver.rc:43) took 20ms and failed: service vendor.audio-hal-2-0 not found
[  369.325068] init: Command 'restart audio-hal-2-0' action=sys.audio.restart.hal=1 (/system/etc/init/audioserver.rc:44) took 17ms and failed: service audio-hal-2-0 not found
[  369.431043] init: Command 'setprop sys.audio.restart.hal 0' action=sys.audio.restart.hal=1 (/system/etc/init/audioserver.rc:46) took 86ms and succeeded
[  369.481702] init: processing action (init.svc.audioserver=running) from (/system/etc/init/audioserver.rc:32)
[  369.496707] init: Command 'start vendor.audio-hal-4-0-msd' action=init.svc.audioserver=running (/system/etc/init/audioserver.rc:34) took 0ms and failed: service vendor.audio-hal-4-0-msd not found
[  369.537110] init: Command 'start vendor.audio-hal-2-0' action=init.svc.audioserver=running (/system/etc/init/audioserver.rc:36) took 34ms and failed: service vendor.audio-hal-2-0 not found
[  369.566232] init: Command 'start audio-hal-2-0' action=init.svc.audioserver=running (/system/etc/init/audioserver.rc:37) took 0ms and failed: service audio-hal-2-0 not found
[  369.601051] init: processing action (init.svc.media=*) from (/system/etc/init/mediaserver.rc:1)
[  369.674167] init: Command 'setprop init.svc.mediadrm ${init.svc.media}' action=init.svc.media=* (/system/etc/init/mediaserver.rc:2) took 70ms and succeeded
[  369.728548] init: processing action (init.svc.mediadrm=running) from (/vendor/etc/init/android.hardware.drm@1.3-service.widevine.rc:1)
[  369.781547] init: processing action (init.svc.mediadrm=running) from (/vendor/etc/init/android.hardware.drm@1.3-service.widevine.rc:1)
[  369.877067] init: processing action (sys.audio.restart.hal=1) from (/system/etc/init/audioserver.rc:39)
[  369.891425] init: Sending signal 9 to service 'vendor.audio-hal' (pid 1003) process group...
[  370.110666] libprocessgroup: Successfully killed process cgroup uid 1041 pid 1003 in 214ms
[  370.284279] init: Command 'restart vendor.audio-hal' action=sys.audio.restart.hal=1 (/system/etc/init/audioserver.rc:40) took 402ms and succeeded
[  370.289238] init: Service 'vendor.audio-hal' (pid 1003) received signal 9
[  370.330643] init: Sending signal 9 to service 'audioserver' (pid 1000) process group...
[  370.478072] libprocessgroup: Successfully killed process cgroup uid 1041 pid 1000 in 113ms
[  370.644746] init: Command 'restart audioserver' action=onrestart (<Service 'vendor.audio-hal' onrestart>:1) took 352ms and succeeded
[  370.716860] init: Service 'audioserver' (pid 1000) received signal 9
[  370.805339] init: Command 'setprop sys.audio.restart.hal 1' action=onrestart (<Service 'audioserver' onrestart>:1) took 77ms and succeeded
[  370.877726] init: Command 'restart vendor.audio-hal-4-0-msd' action=sys.audio.restart.hal=1 (/system/etc/init/audioserver.rc:41) took 0ms and failed: service vendor.audio-hal-4-0-msd not found
[  370.916066] init: Command 'restart vendor.audio-hal-2-0' action=sys.audio.restart.hal=1 (/system/etc/init/audioserver.rc:43) took 3ms and failed: service vendor.audio-hal-2-0 not found
[  370.928032] init: Command 'restart audio-hal-2-0' action=sys.audio.restart.hal=1 (/system/etc/init/audioserver.rc:44) took 0ms and failed: service audio-hal-2-0 not found
[  371.068620] init: Command 'setprop sys.audio.restart.hal 0' action=sys.audio.restart.hal=1 (/system/etc/init/audioserver.rc:46) took 100ms and succeeded
[  371.090097] init: processing action (init.svc.audioserver=running) from (/system/etc/init/audioserver.rc:32)
[  371.233277] init: starting service 'vendor.audio-hal'...
[  372.009857] init: Command 'start vendor.audio-hal' action=init.svc.audioserver=running (/system/etc/init/audioserver.rc:33) took 881ms and succeeded
[  372.073736] init: Command 'start vendor.audio-hal-4-0-msd' action=init.svc.audioserver=running (/system/etc/init/audioserver.rc:34) took 21ms and failed: service vendor.audio-hal-4-0-msd not found
[  372.117331] init: Command 'start vendor.audio-hal-2-0' action=init.svc.audioserver=running (/system/etc/init/audioserver.rc:36) took 0ms and failed: service vendor.audio-hal-2-0 not found
[  372.137073] init: Command 'start audio-hal-2-0' action=init.svc.audioserver=running (/system/etc/init/audioserver.rc:37) took 0ms and failed: service audio-hal-2-0 not found
[  372.181962] init: processing action (init.svc.mediadrm=running) from (/vendor/etc/init/android.hardware.drm@1.3-service.widevine.rc:1)
[  372.234669] init: processing action (sys.audio.restart.hal=1) from (/system/etc/init/audioserver.rc:39)
[  372.249820] init: Sending signal 9 to service 'vendor.audio-hal' (pid 1007) process group...
[  372.520438] libprocessgroup: Successfully killed process cgroup uid 1041 pid 1007 in 238ms
[  372.649389] init: Command 'restart vendor.audio-hal' action=sys.audio.restart.hal=1 (/system/etc/init/audioserver.rc:40) took 359ms and succeeded
[  372.664457] init: Service 'vendor.audio-hal' (pid 1007) received signal 9
[  372.835990] init: Command 'restart vendor.audio-hal-4-0-msd' action=sys.audio.restart.hal=1 (/system/etc/init/audioserver.rc:41) took 0ms and failed: service vendor.audio-hal-4-0-msd not found
[  372.846586] init: Command 'restart vendor.audio-hal-2-0' action=sys.audio.restart.hal=1 (/system/etc/init/audioserver.rc:43) took 0ms and failed: service vendor.audio-hal-2-0 not found
[  372.888724] init: Command 'restart audio-hal-2-0' action=sys.audio.restart.hal=1 (/system/etc/init/audioserver.rc:44) took 0ms and failed: service audio-hal-2-0 not found
[  373.014166] init: Command 'setprop sys.audio.restart.hal 0' action=sys.audio.restart.hal=1 (/system/etc/init/audioserver.rc:46) took 118ms and succeeded
[  373.220777] init: starting service 'audioserver'...
[  373.606311] init: processing action (init.svc.audioserver=running) from (/system/etc/init/audioserver.rc:32)
[  373.628171] init: starting service 'vendor.audio-hal'...
[  373.972867] init: Command 'start vendor.audio-hal' action=init.svc.audioserver=running (/system/etc/init/audioserver.rc:33) took 358ms and succeeded
[  373.997112] init: Command 'start vendor.audio-hal-4-0-msd' action=init.svc.audioserver=running (/system/etc/init/audioserver.rc:34) took 0ms and failed: service vendor.audio-hal-4-0-msd not found
[  374.014143] init: Command 'start vendor.audio-hal-2-0' action=init.svc.audioserver=running (/system/etc/init/audioserver.rc:36) took 0ms and failed: service vendor.audio-hal-2-0 not found
[  374.045201] init: Command 'start audio-hal-2-0' action=init.svc.audioserver=running (/system/etc/init/audioserver.rc:37) took 0ms and failed: service audio-hal-2-0 not found
[  393.358260] healthd: battery none chg=a
[  394.068364] init: Untracked pid 987 received signal 14
[  394.314876] init: Untracked pid 999 exited with status 0
[  395.457448] init: Service 'storaged' (pid 812) received signal 11
[  395.473256] init: Sending signal 9 to service 'storaged' (pid 812) process group...
[  395.552388] libprocessgroup: Successfully killed process cgroup uid 0 pid 812 in 45ms
[  395.958516] init: starting service 'storaged'...
[  395.989971] init: Could not open file '/d/mmc0/mmc0:0001/ext_csd': Failed to open file '/d/mmc0/mmc0:0001/ext_csd': No such file or directory
[  401.957590] init: Untracked pid 1011 exited with status 0
[  402.052450] init: Service 'zygote' (pid 988) received signal 11
[  402.055219] init: Sending signal 9 to service 'zygote' (pid 988) process group...
[  402.134187] libprocessgroup: Successfully killed process cgroup uid 0 pid 988 in 57ms
[  402.166553] init: updatable process 'zygote' exited 4 times before boot completed
[  402.314058] init: starting service 'exec 26 (/system/bin/vdc volume abort_fuse)'...
[  402.458867] init: Command 'exec_background - system system -- /system/bin/vdc volume abort_fuse' action=onrestart (<Service 'zygote' onrestart>:1) took 172ms and succeeded
[  402.542442] init: Command 'write /sys/power/state on' action=onrestart (<Service 'zygote' onrestart>:2) took 64ms and failed: Unable to write to file '/sys/power/state': Unable to write file contents: Invalid argument
[  402.563385] init: Sending signal 9 to service 'audioserver' (pid 1013) process group...
[  403.078790] libprocessgroup: Successfully killed process cgroup uid 1041 pid 1013 in 511ms
[  403.171540] init: Command 'restart audioserver' action=onrestart (<Service 'zygote' onrestart>:3) took 608ms and succeeded
[  403.173485] init: Sending signal 9 to service 'cameraserver' (pid 992) process group...
[  403.631665] libprocessgroup: Successfully killed process cgroup uid 1047 pid 992 in 434ms
[  403.699334] init: Command 'restart cameraserver' action=onrestart (<Service 'zygote' onrestart>:4) took 523ms and succeeded
[  403.725433] init: Sending signal 9 to service 'media' (pid 993) process group...
[  404.299549] libprocessgroup: Successfully killed process cgroup uid 1013 pid 993 in 556ms
[  404.362261] init: Command 'restart media' action=onrestart (<Service 'zygote' onrestart>:5) took 636ms and succeeded
[  404.381704] init: Sending signal 9 to service 'netd' (pid 994) process group...
[  404.682073] libprocessgroup: Successfully killed process cgroup uid 0 pid 994 in 269ms
[  404.754528] init: Command 'restart netd' action=onrestart (<Service 'zygote' onrestart>:6) took 371ms and succeeded
[  404.763735] init: Sending signal 9 to service 'wificond' (pid 995) process group...
[  405.018960] libprocessgroup: Successfully killed process cgroup uid 1010 pid 995 in 238ms
[  405.125116] init: Command 'restart wificond' action=onrestart (<Service 'zygote' onrestart>:7) took 352ms and succeeded
[  405.267973] init: Service 'media.swcodec' (pid 966) received signal 11
[  405.270735] init: Sending signal 9 to service 'media.swcodec' (pid 966) process group...
[  405.288556] libprocessgroup: Successfully killed process cgroup uid 1046 pid 966 in 8ms
[  405.298025] init: updatable process 'media.swcodec' exited 4 times before boot completed
[  405.505765] init: Service 'cameraserver' (pid 992) received signal 9
[  405.619206] init: Service 'media' (pid 993) received signal 9
[  405.690012] init: Service 'netd' (pid 994) received signal 9
[  405.705740] init: Command 'restart zygote_secondary' action=onrestart (<Service 'netd' onrestart>:2) took 1ms and failed: service zygote_secondary not found
[  405.779970] init: Service 'wificond' (pid 995) received signal 9
[  405.826006] init: Service 'audioserver' (pid 1013) received signal 9
[  405.884526] init: Command 'setprop sys.audio.restart.hal 1' action=onrestart (<Service 'audioserver' onrestart>:1) took 55ms and succeeded
[  405.941258] init: Untracked pid 1014 exited with status 0
[  405.946942] init: Untracked pid 1021 exited with status 0
[  405.952666] init: Untracked pid 1015 received signal 14
[  405.961898] init: Untracked pid 1038 received signal 9
[  405.966850] init: Untracked pid 1041 received signal 9
[  405.976632] init: Untracked pid 1042 received signal 9
[  405.980287] init: Untracked pid 1046 received signal 9
[  405.986207] init: Service 'exec 26 (/system/bin/vdc volume abort_fuse)' (pid 1090) exited with status 0 oneshot service took 3.592000 seconds in background
[  405.989237] init: Sending signal 9 to service 'exec 26 (/system/bin/vdc volume abort_fuse)' (pid 1090) process group...
[  405.999815] libprocessgroup: Successfully killed process cgroup uid 1000 pid 1090 in 4ms
[  406.021442] init: Untracked pid 1018 received signal 9
[  406.030019] init: Untracked pid 1019 received signal 9
[  406.049484] init: processing action (sys.init.updatable_crashing=1) from (/system/etc/init/flags_health_check.rc:10)
[  406.070682] init: starting service 'exec 27 (/system/bin/flags_health_check UPDATABLE_CRASHING)'...
[  406.158934] init: SVC_EXEC service 'exec 27 (/system/bin/flags_health_check UPDATABLE_CRASHING)' pid 1094 (uid 1000 gid 1000+0 context default) started; waiting...
[  406.171833] init: Command 'exec - system system -- /system/bin/flags_health_check UPDATABLE_CRASHING' action=sys.init.updatable_crashing=1 (/system/etc/init/flags_health_check.rc:11) took 114ms and succeeded
[  406.202379] init: starting service 'zygote'...
[  406.279381] init: Created socket '/dev/socket/zygote', mode 660, user 0, group 1000
[  406.330143] init: Created socket '/dev/socket/usap_pool_primary', mode 660, user 0, group 1000
[  406.559296] init: starting service 'audioserver'...
[  406.933743] init: starting service 'cameraserver'...
[  407.316653] init: starting service 'media'...
[  407.716345] init: starting service 'netd'...
[  407.828887] libprocessgroup: Failed to open /dev/cpuset/camera-daemon/tasks: No such file or directory: No such file or directory
[  407.837455] libprocessgroup: Failed to apply CameraServiceCapacity task profile: No such file or directory
[  407.838818] init: Created socket '/dev/socket/dnsproxyd', mode 660, user 0, group 3003
[  407.895054] init: Created socket '/dev/socket/mdns', mode 660, user 0, group 1000
[  407.972514] init: Created socket '/dev/socket/fwmarkd', mode 660, user 0, group 3003
[  408.418997] init: starting service 'wificond'...
[  409.080813] init: starting service 'media.swcodec'...
[  410.715468] init: Service 'exec 27 (/system/bin/flags_health_check UPDATABLE_CRASHING)' (pid 1094) exited with status 0 waiting took 4.578000 seconds
[  410.718481] init: Sending signal 9 to service 'exec 27 (/system/bin/flags_health_check UPDATABLE_CRASHING)' (pid 1094) process group...
[  410.766089] libprocessgroup: Successfully killed process cgroup uid 1000 pid 1094 in 13ms
[  410.827682] init: processing action (init.svc.media=*) from (/system/etc/init/mediaserver.rc:1)
[  410.897450] init: processing action (sys.init.updatable_crashing=1) from (/system/etc/init/flags_health_check.rc:10)
[  410.947218] init: starting service 'exec 28 (/system/bin/flags_health_check UPDATABLE_CRASHING)'...
[  411.259571] init: SVC_EXEC service 'exec 28 (/system/bin/flags_health_check UPDATABLE_CRASHING)' pid 1102 (uid 1000 gid 1000+0 context default) started; waiting...
[  411.284354] init: Command 'exec - system system -- /system/bin/flags_health_check UPDATABLE_CRASHING' action=sys.init.updatable_crashing=1 (/system/etc/init/flags_health_check.rc:11) took 363ms and succeeded
[  416.532984] init: Service 'exec 28 (/system/bin/flags_health_check UPDATABLE_CRASHING)' (pid 1102) exited with status 0 waiting took 5.395000 seconds
[  416.546757] init: Sending signal 9 to service 'exec 28 (/system/bin/flags_health_check UPDATABLE_CRASHING)' (pid 1102) process group...
[  416.608611] libprocessgroup: Successfully killed process cgroup uid 1000 pid 1102 in 35ms
[  416.670654] init: processing action (init.svc.media=*) from (/system/etc/init/mediaserver.rc:1)
[  416.782823] init: Command 'setprop init.svc.mediadrm ${init.svc.media}' action=init.svc.media=* (/system/etc/init/mediaserver.rc:2) took 87ms and succeeded
[  416.802782] init: processing action (sys.audio.restart.hal=1) from (/system/etc/init/audioserver.rc:39)
[  416.828063] init: Sending signal 9 to service 'vendor.audio-hal' (pid 1016) process group...
[  417.366072] libprocessgroup: Successfully killed process cgroup uid 1041 pid 1016 in 532ms
[  417.462555] init: Command 'restart vendor.audio-hal' action=sys.audio.restart.hal=1 (/system/etc/init/audioserver.rc:40) took 645ms and succeeded
[  417.478284] init: Service 'vendor.audio-hal' (pid 1016) received signal 9
[  417.548936] init: Sending signal 9 to service 'audioserver' (pid 1096) process group...
[  418.057148] libprocessgroup: Successfully killed process cgroup uid 1041 pid 1096 in 478ms
[  418.203150] init: Command 'restart audioserver' action=onrestart (<Service 'vendor.audio-hal' onrestart>:1) took 713ms and succeeded
[  418.364634] init: Untracked pid 1043 received signal 14
[  418.386260] init: Untracked pid 1048 exited with status 0
[  418.411417] init: Service 'audioserver' (pid 1096) received signal 9
[  418.491706] init: Command 'setprop sys.audio.restart.hal 1' action=onrestart (<Service 'audioserver' onrestart>:1) took 75ms and succeeded
[  418.609412] init: Service 'mediaextractor' (pid 1002) received signal 11
[  418.612951] init: Sending signal 9 to service 'mediaextractor' (pid 1002) process group...
[  418.674673] libprocessgroup: Successfully killed process cgroup uid 1040 pid 1002 in 27ms
[  418.717432] init: updatable process 'mediaextractor' exited 4 times before boot completed
[  419.132195] init: Command 'restart vendor.audio-hal-4-0-msd' action=sys.audio.restart.hal=1 (/system/etc/init/audioserver.rc:41) took 0ms and failed: service vendor.audio-hal-4-0-msd not found
[  419.196645] init: starting service 'audioserver'...
[  419.928637] init: starting service 'mediaextractor'...
[  420.629256] init: starting service 'vendor.audio-hal'...
[  421.362067] init: Command 'restart vendor.audio-hal-2-0' action=sys.audio.restart.hal=1 (/system/etc/init/audioserver.rc:43) took 6ms and failed: service vendor.audio-hal-2-0 not found
[  421.378665] init: Command 'restart audio-hal-2-0' action=sys.audio.restart.hal=1 (/system/etc/init/audioserver.rc:44) took 0ms and failed: service audio-hal-2-0 not found
[  421.502630] init: Command 'setprop sys.audio.restart.hal 0' action=sys.audio.restart.hal=1 (/system/etc/init/audioserver.rc:46) took 65ms and succeeded
[  421.571887] init: processing action (init.svc.audioserver=running) from (/system/etc/init/audioserver.rc:32)
[  421.629860] init: Command 'start vendor.audio-hal-4-0-msd' action=init.svc.audioserver=running (/system/etc/init/audioserver.rc:34) took 28ms and failed: service vendor.audio-hal-4-0-msd not found
[  421.662105] init: Command 'start vendor.audio-hal-2-0' action=init.svc.audioserver=running (/system/etc/init/audioserver.rc:36) took 1ms and failed: service vendor.audio-hal-2-0 not found
[  421.691301] init: Command 'start audio-hal-2-0' action=init.svc.audioserver=running (/system/etc/init/audioserver.rc:37) took 1ms and failed: service audio-hal-2-0 not found
[  421.726082] init: processing action (init.svc.media=*) from (/system/etc/init/mediaserver.rc:1)
[  421.860919] init: Command 'setprop init.svc.mediadrm ${init.svc.media}' action=init.svc.media=* (/system/etc/init/mediaserver.rc:2) took 120ms and succeeded
[  421.928724] init: processing action (init.svc.mediadrm=running) from (/vendor/etc/init/android.hardware.drm@1.3-service.widevine.rc:1)
[  421.990992] init: Command 'mkdir /data/vendor/mediadrm 0770 media mediadrm' action=init.svc.mediadrm=running (/vendor/etc/init/android.hardware.drm@1.3-service.widevine.rc:2) took 58ms and succeeded
[  422.042999] init: processing action (init.svc.mediadrm=running) from (/vendor/etc/init/android.hardware.drm@1.3-service.widevine.rc:1)
[  422.090045] init: processing action (sys.audio.restart.hal=1) from (/system/etc/init/audioserver.rc:39)
[  422.110633] init: Sending signal 9 to service 'vendor.audio-hal' (pid 1119) process group...
[  422.377584] libprocessgroup: Successfully killed process cgroup uid 1041 pid 1119 in 219ms
[  422.472663] init: Command 'restart vendor.audio-hal' action=sys.audio.restart.hal=1 (/system/etc/init/audioserver.rc:40) took 360ms and succeeded
[  422.481037] init: Service 'vendor.audio-hal' (pid 1119) received signal 9
[  422.501303] init: Sending signal 9 to service 'audioserver' (pid 1116) process group...
[  422.544875] libprocessgroup: Successfully killed process cgroup uid 1041 pid 1116 in 38ms
[  422.624334] init: Command 'restart audioserver' action=onrestart (<Service 'vendor.audio-hal' onrestart>:1) took 140ms and succeeded
[  422.650039] init: Service 'audioserver' (pid 1116) received signal 9
[  422.745772] init: Command 'restart vendor.audio-hal-4-0-msd' action=sys.audio.restart.hal=1 (/system/etc/init/audioserver.rc:41) took 0ms and failed: service vendor.audio-hal-4-0-msd not found
[  422.750402] init: Command 'restart vendor.audio-hal-2-0' action=sys.audio.restart.hal=1 (/system/etc/init/audioserver.rc:43) took 0ms and failed: service vendor.audio-hal-2-0 not found
[  422.771838] init: Command 'restart audio-hal-2-0' action=sys.audio.restart.hal=1 (/system/etc/init/audioserver.rc:44) took 0ms and failed: service audio-hal-2-0 not found
[  422.830386] init: processing action (sys.init.updatable_crashing=1) from (/system/etc/init/flags_health_check.rc:10)
[  422.870697] init: starting service 'exec 29 (/system/bin/flags_health_check UPDATABLE_CRASHING)'...
[  423.113139] init: SVC_EXEC service 'exec 29 (/system/bin/flags_health_check UPDATABLE_CRASHING)' pid 1121 (uid 1000 gid 1000+0 context default) started; waiting...
[  423.129062] init: Command 'exec - system system -- /system/bin/flags_health_check UPDATABLE_CRASHING' action=sys.init.updatable_crashing=1 (/system/etc/init/flags_health_check.rc:11) took 285ms and succeeded
[  424.560871] init: starting service 'audioserver'...
[  426.181188] type=1400 audit(1790541871.424:4): avc: denied { getattr } for comm=73796E6320737663203138 path="/data/tombstones" dev="dm-4" ino=24578 scontext=u:r:adbd:s0 tcontext=u:object_r:tombstone_data_file:s0 tclass=dir permissive=0
[  426.297147] init: starting service 'vendor.audio-hal'...
[  427.233937] init: Service 'adbd' (pid 421) exited with status 1
[  427.265776] init: Sending signal 9 to service 'adbd' (pid 421) process group...
[  427.303526] libprocessgroup: Successfully killed process cgroup uid 0 pid 421 in 19ms
[  427.534296] init: starting service 'adbd'...
[  427.695701] init: Created socket '/dev/socket/adbd', mode 660, user 1000, group 1000
[  429.913468] init: Service 'exec 29 (/system/bin/flags_health_check UPDATABLE_CRASHING)' (pid 1121) exited with status 0 waiting took 6.862000 seconds
[  429.933842] init: Sending signal 9 to service 'exec 29 (/system/bin/flags_health_check UPDATABLE_CRASHING)' (pid 1121) process group...
[  430.006409] libprocessgroup: Successfully killed process cgroup uid 1000 pid 1121 in 45ms
[  430.113936] init: processing action (init.svc.audioserver=running) from (/system/etc/init/audioserver.rc:32)
[  430.145786] init: Command 'start vendor.audio-hal-4-0-msd' action=init.svc.audioserver=running (/system/etc/init/audioserver.rc:34) took 1ms and failed: service vendor.audio-hal-4-0-msd not found
[  430.179335] init: Command 'start vendor.audio-hal-2-0' action=init.svc.audioserver=running (/system/etc/init/audioserver.rc:36) took 0ms and failed: service vendor.audio-hal-2-0 not found
[  430.200864] init: Command 'start audio-hal-2-0' action=init.svc.audioserver=running (/system/etc/init/audioserver.rc:37) took 0ms and failed: service audio-hal-2-0 not found
[  430.237071] init: processing action (init.svc.mediadrm=running) from (/vendor/etc/init/android.hardware.drm@1.3-service.widevine.rc:1)
[  430.337555] init: processing action (sys.audio.restart.hal=1) from (/system/etc/init/audioserver.rc:39)
[  430.389023] init: Sending signal 9 to service 'vendor.audio-hal' (pid 1127) process group...
[  430.506014] libprocessgroup: Successfully killed process cgroup uid 1041 pid 1127 in 88ms
[  430.629899] init: Command 'restart vendor.audio-hal' action=sys.audio.restart.hal=1 (/system/etc/init/audioserver.rc:40) took 285ms and succeeded
[  430.676140] init: Service 'vendor.audio-hal' (pid 1127) received signal 9
[  430.694537] init: Sending signal 9 to service 'audioserver' (pid 1123) process group...
[  430.881716] libprocessgroup: Successfully killed process cgroup uid 1041 pid 1123 in 155ms
[  431.017053] init: Command 'restart audioserver' action=onrestart (<Service 'vendor.audio-hal' onrestart>:1) took 337ms and succeeded
[  431.114766] init: Service 'audioserver' (pid 1123) received signal 9
[  431.250914] init: Command 'setprop sys.audio.restart.hal 1' action=onrestart (<Service 'audioserver' onrestart>:1) took 121ms and succeeded
[  431.548234] init: Command 'restart vendor.audio-hal-4-0-msd' action=sys.audio.restart.hal=1 (/system/etc/init/audioserver.rc:41) took 43ms and failed: service vendor.audio-hal-4-0-msd not found
[  431.625783] init: starting service 'audioserver'...
[  432.136189] init: starting service 'vendor.audio-hal'...
[  432.612519] init: Command 'restart vendor.audio-hal-2-0' action=sys.audio.restart.hal=1 (/system/etc/init/audioserver.rc:43) took 1ms and failed: service vendor.audio-hal-2-0 not found
[  432.633244] init: Command 'restart audio-hal-2-0' action=sys.audio.restart.hal=1 (/system/etc/init/audioserver.rc:44) took 1ms and failed: service audio-hal-2-0 not found
[  432.711917] init: Command 'setprop sys.audio.restart.hal 0' action=sys.audio.restart.hal=1 (/system/etc/init/audioserver.rc:46) took 74ms and succeeded
[  432.747043] init: processing action (init.svc.audioserver=running) from (/system/etc/init/audioserver.rc:32)
[  432.774042] init: Command 'start vendor.audio-hal-4-0-msd' action=init.svc.audioserver=running (/system/etc/init/audioserver.rc:34) took 10ms and failed: service vendor.audio-hal-4-0-msd not found
[  432.791086] init: Command 'start vendor.audio-hal-2-0' action=init.svc.audioserver=running (/system/etc/init/audioserver.rc:36) took 0ms and failed: service vendor.audio-hal-2-0 not found
[  432.799527] init: Command 'start audio-hal-2-0' action=init.svc.audioserver=running (/system/etc/init/audioserver.rc:37) took 0ms and failed: service audio-hal-2-0 not found
[  432.826454] init: processing action (sys.audio.restart.hal=1) from (/system/etc/init/audioserver.rc:39)
[  432.854339] init: Sending signal 9 to service 'vendor.audio-hal' (pid 1135) process group...
[  433.104167] libprocessgroup: Successfully killed process cgroup uid 1041 pid 1135 in 228ms
[  433.205438] init: Command 'restart vendor.audio-hal' action=sys.audio.restart.hal=1 (/system/etc/init/audioserver.rc:40) took 351ms and succeeded
[  433.228593] init: Service 'vendor.audio-hal' (pid 1135) received signal 9
[  433.247370] init: Sending signal 9 to service 'audioserver' (pid 1134) process group...
[  433.330556] libprocessgroup: Successfully killed process cgroup uid 1041 pid 1134 in 57ms
[  433.411064] init: Command 'restart audioserver' action=onrestart (<Service 'vendor.audio-hal' onrestart>:1) took 179ms and succeeded
[  433.469142] init: Service 'audioserver' (pid 1134) received signal 9
[  433.557263] init: Command 'setprop sys.audio.restart.hal 1' action=onrestart (<Service 'audioserver' onrestart>:1) took 85ms and succeeded
[  433.641763] init: Command 'restart vendor.audio-hal-4-0-msd' action=sys.audio.restart.hal=1 (/system/etc/init/audioserver.rc:41) took 0ms and failed: service vendor.audio-hal-4-0-msd not found
[  433.655168] init: Command 'restart vendor.audio-hal-2-0' action=sys.audio.restart.hal=1 (/system/etc/init/audioserver.rc:43) took 0ms and failed: service vendor.audio-hal-2-0 not found
[  433.673710] init: Command 'restart audio-hal-2-0' action=sys.audio.restart.hal=1 (/system/etc/init/audioserver.rc:44) took 0ms and failed: service audio-hal-2-0 not found
[  433.735399] init: processing action (init.svc.audioserver=running) from (/system/etc/init/audioserver.rc:32)
[  433.784634] init: starting service 'vendor.audio-hal'...
[  434.168181] init: Command 'start vendor.audio-hal' action=init.svc.audioserver=running (/system/etc/init/audioserver.rc:33) took 401ms and succeeded
[  434.189842] init: Command 'start vendor.audio-hal-4-0-msd' action=init.svc.audioserver=running (/system/etc/init/audioserver.rc:34) took 17ms and failed: service vendor.audio-hal-4-0-msd not found
[  434.202657] init: Command 'start vendor.audio-hal-2-0' action=init.svc.audioserver=running (/system/etc/init/audioserver.rc:36) took 0ms and failed: service vendor.audio-hal-2-0 not found
[  434.222086] init: Command 'start audio-hal-2-0' action=init.svc.audioserver=running (/system/etc/init/audioserver.rc:37) took 0ms and failed: service audio-hal-2-0 not found
[  434.235195] init: processing action (sys.audio.restart.hal=1) from (/system/etc/init/audioserver.rc:39)
[  434.253160] init: Sending signal 9 to service 'vendor.audio-hal' (pid 1136) process group...
[  434.507402] libprocessgroup: Successfully killed process cgroup uid 1041 pid 1136 in 250ms
[  434.650526] init: Command 'restart vendor.audio-hal' action=sys.audio.restart.hal=1 (/system/etc/init/audioserver.rc:40) took 395ms and succeeded
[  434.688507] init: Service 'vendor.audio-hal' (pid 1136) received signal 9
[  434.764134] init: Command 'restart vendor.audio-hal-4-0-msd' action=sys.audio.restart.hal=1 (/system/etc/init/audioserver.rc:41) took 7ms and failed: service vendor.audio-hal-4-0-msd not found
[  434.777491] init: Command 'restart vendor.audio-hal-2-0' action=sys.audio.restart.hal=1 (/system/etc/init/audioserver.rc:43) took 0ms and failed: service vendor.audio-hal-2-0 not found
[  434.791011] init: Command 'restart audio-hal-2-0' action=sys.audio.restart.hal=1 (/system/etc/init/audioserver.rc:44) took 0ms and failed: service audio-hal-2-0 not found
[  434.846330] init: Command 'setprop sys.audio.restart.hal 0' action=sys.audio.restart.hal=1 (/system/etc/init/audioserver.rc:46) took 51ms and succeeded
[  436.869467] init: starting service 'audioserver'...
[  437.303456] init: processing action (init.svc.audioserver=running) from (/system/etc/init/audioserver.rc:32)
[  437.369850] init: starting service 'vendor.audio-hal'...
[  437.925904] selinux: SELinux:  Could not stat /sys/devices/virtual/net/ipsec_test/queues/tx-0: No such file or directory.
[  437.942502] selinux: 
[  437.954819] init: Command 'start vendor.audio-hal' action=init.svc.audioserver=running (/system/etc/init/audioserver.rc:33) took 623ms and succeeded
[  438.003568] init: Command 'start vendor.audio-hal-4-0-msd' action=init.svc.audioserver=running (/system/etc/init/audioserver.rc:34) took 9ms and failed: service vendor.audio-hal-4-0-msd not found
[  438.032595] init: Command 'start vendor.audio-hal-2-0' action=init.svc.audioserver=running (/system/etc/init/audioserver.rc:36) took 1ms and failed: service vendor.audio-hal-2-0 not found
[  438.038171] init: Command 'start audio-hal-2-0' action=init.svc.audioserver=running (/system/etc/init/audioserver.rc:37) took 0ms and failed: service audio-hal-2-0 not found
[  438.992069] init: Untracked pid 1110 exited with status 0
[  439.108703] init: Untracked pid 1112 exited with status 0
[  439.176197] init: Service 'zygote' (pid 1095) received signal 11
[  439.188878] init: Sending signal 9 to service 'zygote' (pid 1095) process group...
[  439.250897] libprocessgroup: Successfully killed process cgroup uid 0 pid 1095 in 40ms
[  439.278269] init: updatable process 'zygote' exited 4 times before boot completed
[  439.574900] init: starting service 'exec 30 (/system/bin/vdc volume abort_fuse)'...
[  439.863236] init: Command 'exec_background - system system -- /system/bin/vdc volume abort_fuse' action=onrestart (<Service 'zygote' onrestart>:1) took 361ms and succeeded
[  440.001294] init: Command 'write /sys/power/state on' action=onrestart (<Service 'zygote' onrestart>:2) took 109ms and failed: Unable to write to file '/sys/power/state': Unable to write file contents: Invalid argument
[  440.019126] init: Sending signal 9 to service 'audioserver' (pid 1156) process group...
[  440.104818] libprocessgroup: Successfully killed process cgroup uid 1041 pid 1156 in 71ms
[  440.212750] init: Command 'restart audioserver' action=onrestart (<Service 'zygote' onrestart>:3) took 184ms and succeeded
[  440.218091] init: Sending signal 9 to service 'cameraserver' (pid 1097) process group...
[  440.797759] libprocessgroup: Successfully killed process cgroup uid 1047 pid 1097 in 550ms
[  440.894533] init: Command 'restart cameraserver' action=onrestart (<Service 'zygote' onrestart>:4) took 677ms and succeeded
[  440.908318] init: Sending signal 9 to service 'media' (pid 1098) process group...
[  441.453022] libprocessgroup: Successfully killed process cgroup uid 1013 pid 1098 in 538ms
[  441.598198] init: Command 'restart media' action=onrestart (<Service 'zygote' onrestart>:5) took 688ms and succeeded
[  441.614118] init: Sending signal 9 to service 'netd' (pid 1099) process group...
[  442.003433] libprocessgroup: Successfully killed process cgroup uid 0 pid 1099 in 372ms
[  442.085842] init: Command 'restart netd' action=onrestart (<Service 'zygote' onrestart>:6) took 483ms and succeeded
[  442.102330] init: Sending signal 9 to service 'wificond' (pid 1100) process group...
[  442.301123] libprocessgroup: Successfully killed process cgroup uid 1010 pid 1100 in 185ms
[  442.385177] init: Command 'restart wificond' action=onrestart (<Service 'zygote' onrestart>:7) took 283ms and succeeded
[  442.563849] init: Service 'cameraserver' (pid 1097) received signal 9
[  442.758189] init: Service 'media' (pid 1098) received signal 9
[  442.933944] init: Service 'netd' (pid 1099) received signal 9
[  442.954279] init: Command 'restart zygote_secondary' action=onrestart (<Service 'netd' onrestart>:2) took 1ms and failed: service zygote_secondary not found
[  443.089053] init: Service 'wificond' (pid 1100) received signal 9
[  443.180309] init: Untracked pid 1150 received signal 9
[  443.184668] init: Untracked pid 1154 received signal 9
[  443.199454] init: Service 'audioserver' (pid 1156) received signal 9
[  443.296134] init: Command 'setprop sys.audio.restart.hal 1' action=onrestart (<Service 'audioserver' onrestart>:1) took 54ms and succeeded
[  443.405578] init: Untracked pid 1160 received signal 9
[  443.410675] init: Untracked pid 1174 received signal 9
[  443.425820] init: Service 'exec 30 (/system/bin/vdc volume abort_fuse)' (pid 1176) exited with status 0 oneshot service took 3.649000 seconds in background
[  443.429184] init: Sending signal 9 to service 'exec 30 (/system/bin/vdc volume abort_fuse)' (pid 1176) process group...
[  443.449535] libprocessgroup: Successfully killed process cgroup uid 1000 pid 1176 in 10ms
[  443.481374] init: Untracked pid 1113 received signal 9
[  443.510355] init: Untracked pid 1114 received signal 9
[  443.566765] init: processing action (sys.init.updatable_crashing=1) from (/system/etc/init/flags_health_check.rc:10)
[  443.620100] init: starting service 'exec 31 (/system/bin/flags_health_check UPDATABLE_CRASHING)'...
[  443.780147] init: SVC_EXEC service 'exec 31 (/system/bin/flags_health_check UPDATABLE_CRASHING)' pid 1188 (uid 1000 gid 1000+0 context default) started; waiting...
[  443.792756] init: Command 'exec - system system -- /system/bin/flags_health_check UPDATABLE_CRASHING' action=sys.init.updatable_crashing=1 (/system/etc/init/flags_health_check.rc:11) took 214ms and succeeded
[  443.830370] init: starting service 'zygote'...
[  443.898557] init: Created socket '/dev/socket/zygote', mode 660, user 0, group 1000
[  443.964400] init: Created socket '/dev/socket/usap_pool_primary', mode 660, user 0, group 1000
[  444.327505] init: starting service 'audioserver'...
[  444.888406] init: starting service 'cameraserver'...
[  445.318280] init: starting service 'media'...
[  445.825827] libprocessgroup: Failed to open /dev/cpuset/camera-daemon/tasks: No such file or directory: No such file or directory
[  445.842455] libprocessgroup: Failed to apply CameraServiceCapacity task profile: No such file or directory
[  445.874104] init: starting service 'netd'...
[  446.036679] init: Created socket '/dev/socket/dnsproxyd', mode 660, user 0, group 3003
[  446.152747] init: Created socket '/dev/socket/mdns', mode 660, user 0, group 1000
[  446.283677] init: Created socket '/dev/socket/fwmarkd', mode 660, user 0, group 3003
[  447.103932] init: starting service 'wificond'...
[  449.884543] init: Service 'exec 31 (/system/bin/flags_health_check UPDATABLE_CRASHING)' (pid 1188) exited with status 0 waiting took 6.147000 seconds
[  449.886633] init: Sending signal 9 to service 'exec 31 (/system/bin/flags_health_check UPDATABLE_CRASHING)' (pid 1188) process group...
[  449.940873] libprocessgroup: Successfully killed process cgroup uid 1000 pid 1188 in 4ms
[  450.021708] init: processing action (init.svc.media=*) from (/system/etc/init/mediaserver.rc:1)
[  450.089903] init: Command 'setprop init.svc.mediadrm ${init.svc.media}' action=init.svc.media=* (/system/etc/init/mediaserver.rc:2) took 65ms and succeeded
[  450.102802] init: processing action (init.svc.media=*) from (/system/etc/init/mediaserver.rc:1)
[  450.149744] init: processing action (sys.audio.restart.hal=1) from (/system/etc/init/audioserver.rc:39)
[  450.174283] init: Sending signal 9 to service 'vendor.audio-hal' (pid 1158) process group...
[  450.454880] libprocessgroup: Successfully killed process cgroup uid 1041 pid 1158 in 277ms
[  450.510944] init: Command 'restart vendor.audio-hal' action=sys.audio.restart.hal=1 (/system/etc/init/audioserver.rc:40) took 336ms and succeeded
[  450.514852] init: Service 'vendor.audio-hal' (pid 1158) received signal 9
[  450.534183] init: Sending signal 9 to service 'audioserver' (pid 1191) process group...
[  450.724329] libprocessgroup: Successfully killed process cgroup uid 1041 pid 1191 in 170ms
[  450.824938] init: Command 'restart audioserver' action=onrestart (<Service 'vendor.audio-hal' onrestart>:1) took 280ms and succeeded
[  450.919736] init: Service 'audioserver' (pid 1191) received signal 9
[  451.021682] init: Command 'setprop sys.audio.restart.hal 1' action=onrestart (<Service 'audioserver' onrestart>:1) took 99ms and succeeded
[  451.236705] init: Command 'restart vendor.audio-hal-4-0-msd' action=sys.audio.restart.hal=1 (/system/etc/init/audioserver.rc:41) took 0ms and failed: service vendor.audio-hal-4-0-msd not found
[  451.329760] init: starting service 'audioserver'...
[  452.052465] init: starting service 'vendor.audio-hal'...
[  452.763934] init: Command 'restart vendor.audio-hal-2-0' action=sys.audio.restart.hal=1 (/system/etc/init/audioserver.rc:43) took 2ms and failed: service vendor.audio-hal-2-0 not found
[  452.800344] init: Command 'restart audio-hal-2-0' action=sys.audio.restart.hal=1 (/system/etc/init/audioserver.rc:44) took 30ms and failed: service audio-hal-2-0 not found
[  452.921722] init: Command 'setprop sys.audio.restart.hal 0' action=sys.audio.restart.hal=1 (/system/etc/init/audioserver.rc:46) took 117ms and succeeded
[  452.966967] init: processing action (init.svc.audioserver=running) from (/system/etc/init/audioserver.rc:32)
[  453.035275] init: Command 'start vendor.audio-hal-4-0-msd' action=init.svc.audioserver=running (/system/etc/init/audioserver.rc:34) took 0ms and failed: service vendor.audio-hal-4-0-msd not found
[  453.062534] init: Command 'start vendor.audio-hal-2-0' action=init.svc.audioserver=running (/system/etc/init/audioserver.rc:36) took 0ms and failed: service vendor.audio-hal-2-0 not found
[  453.073474] init: Command 'start audio-hal-2-0' action=init.svc.audioserver=running (/system/etc/init/audioserver.rc:37) took 0ms and failed: service audio-hal-2-0 not found
[  453.092846] init: processing action (init.svc.media=*) from (/system/etc/init/mediaserver.rc:1)
[  453.197017] init: Command 'setprop init.svc.mediadrm ${init.svc.media}' action=init.svc.media=* (/system/etc/init/mediaserver.rc:2) took 95ms and succeeded
[  453.249664] init: processing action (init.svc.mediadrm=running) from (/vendor/etc/init/android.hardware.drm@1.3-service.widevine.rc:1)
[  453.363977] init: Command 'start vendor.move_data_sh' action=init.svc.mediadrm=running (/vendor/etc/init/android.hardware.drm@1.3-service.widevine.rc:3) took 58ms and succeeded
[  453.383498] init: processing action (init.svc.mediadrm=running) from (/vendor/etc/init/android.hardware.drm@1.3-service.widevine.rc:1)
[  453.480898] init: processing action (sys.audio.restart.hal=1) from (/system/etc/init/audioserver.rc:39)
[  453.492587] init: Sending signal 9 to service 'vendor.audio-hal' (pid 1198) process group...
[  453.591014] healthd: battery none chg=a
[  453.977467] libprocessgroup: Successfully killed process cgroup uid 1041 pid 1198 in 444ms
[  454.068760] init: Command 'restart vendor.audio-hal' action=sys.audio.restart.hal=1 (/system/etc/init/audioserver.rc:40) took 585ms and succeeded
[  454.093106] init: Service 'vendor.audio-hal' (pid 1198) received signal 9
[  454.124212] init: Sending signal 9 to service 'audioserver' (pid 1197) process group...
[  454.216905] libprocessgroup: Successfully killed process cgroup uid 1041 pid 1197 in 89ms
[  454.338373] init: Command 'restart audioserver' action=onrestart (<Service 'vendor.audio-hal' onrestart>:1) took 242ms and succeeded
[  454.450044] init: Service 'audioserver' (pid 1197) received signal 9
[  454.531576] init: Command 'setprop sys.audio.restart.hal 1' action=onrestart (<Service 'audioserver' onrestart>:1) took 69ms and succeeded
[  454.578476] init: Command 'restart vendor.audio-hal-4-0-msd' action=sys.audio.restart.hal=1 (/system/etc/init/audioserver.rc:41) took 0ms and failed: service vendor.audio-hal-4-0-msd not found
[  454.586096] init: Command 'restart vendor.audio-hal-2-0' action=sys.audio.restart.hal=1 (/system/etc/init/audioserver.rc:43) took 1ms and failed: service vendor.audio-hal-2-0 not found
[  454.592971] init: Command 'restart audio-hal-2-0' action=sys.audio.restart.hal=1 (/system/etc/init/audioserver.rc:44) took 0ms and failed: service audio-hal-2-0 not found
[  454.648829] init: processing action (init.svc.audioserver=running) from (/system/etc/init/audioserver.rc:32)
[  454.708870] init: starting service 'vendor.audio-hal'...
[  455.315747] init: Command 'start vendor.audio-hal' action=init.svc.audioserver=running (/system/etc/init/audioserver.rc:33) took 647ms and succeeded
[  455.331344] init: Command 'start vendor.audio-hal-4-0-msd' action=init.svc.audioserver=running (/system/etc/init/audioserver.rc:34) took 0ms and failed: service vendor.audio-hal-4-0-msd not found
[  455.348984] init: Command 'start vendor.audio-hal-2-0' action=init.svc.audioserver=running (/system/etc/init/audioserver.rc:36) took 0ms and failed: service vendor.audio-hal-2-0 not found
[  455.410038] init: Command 'start audio-hal-2-0' action=init.svc.audioserver=running (/system/etc/init/audioserver.rc:37) took 0ms and failed: service audio-hal-2-0 not found
[  455.437059] init: processing action (init.svc.mediadrm=running) from (/vendor/etc/init/android.hardware.drm@1.3-service.widevine.rc:1)
[  455.531561] init: processing action (sys.audio.restart.hal=1) from (/system/etc/init/audioserver.rc:39)
[  455.533576] init: Sending signal 9 to service 'vendor.audio-hal' (pid 1205) process group...
[  455.753068] libprocessgroup: Successfully killed process cgroup uid 1041 pid 1205 in 195ms
[  455.893754] init: Command 'restart vendor.audio-hal' action=sys.audio.restart.hal=1 (/system/etc/init/audioserver.rc:40) took 359ms and succeeded
[  455.935258] init: Service 'vendor.audio-hal' (pid 1205) received signal 9
[  456.082973] init: Command 'restart vendor.audio-hal-4-0-msd' action=sys.audio.restart.hal=1 (/system/etc/init/audioserver.rc:41) took 0ms and failed: service vendor.audio-hal-4-0-msd not found
[  456.129877] init: Command 'restart vendor.audio-hal-2-0' action=sys.audio.restart.hal=1 (/system/etc/init/audioserver.rc:43) took 0ms and failed: service vendor.audio-hal-2-0 not found
[  456.146577] init: Command 'restart audio-hal-2-0' action=sys.audio.restart.hal=1 (/system/etc/init/audioserver.rc:44) took 0ms and failed: service audio-hal-2-0 not found
[  456.273404] init: Command 'setprop sys.audio.restart.hal 0' action=sys.audio.restart.hal=1 (/system/etc/init/audioserver.rc:46) took 109ms and succeeded
[  456.630655] init: starting service 'audioserver'...
[  457.259881] init: processing action (init.svc.audioserver=running) from (/system/etc/init/audioserver.rc:32)
[  457.342853] init: starting service 'vendor.audio-hal'...
[  458.003789] init: Command 'start vendor.audio-hal' action=init.svc.audioserver=running (/system/etc/init/audioserver.rc:33) took 715ms and succeeded
[  458.019924] init: Command 'start vendor.audio-hal-4-0-msd' action=init.svc.audioserver=running (/system/etc/init/audioserver.rc:34) took 5ms and failed: service vendor.audio-hal-4-0-msd not found
[  458.053649] init: Command 'start vendor.audio-hal-2-0' action=init.svc.audioserver=running (/system/etc/init/audioserver.rc:36) took 0ms and failed: service vendor.audio-hal-2-0 not found
[  458.058412] init: Command 'start audio-hal-2-0' action=init.svc.audioserver=running (/system/etc/init/audioserver.rc:37) took 0ms and failed: service audio-hal-2-0 not found
[  460.801384] init: Untracked pid 1129 received signal 14
[  461.115152] init: Untracked pid 1132 exited with status 0
[  461.390628] init: Service 'media.swcodec' (pid 1101) received signal 11
[  461.393522] init: Sending signal 9 to service 'media.swcodec' (pid 1101) process group...
[  461.426227] libprocessgroup: Successfully killed process cgroup uid 1046 pid 1101 in 15ms
[  461.517719] init: updatable process 'media.swcodec' exited 4 times before boot completed
[  461.953492] init: processing action (sys.init.updatable_crashing=1) from (/system/etc/init/flags_health_check.rc:10)
[  462.042062] init: starting service 'exec 32 (/system/bin/flags_health_check UPDATABLE_CRASHING)'...
[  462.472481] init: SVC_EXEC service 'exec 32 (/system/bin/flags_health_check UPDATABLE_CRASHING)' pid 1216 (uid 1000 gid 1000+0 context default) started; waiting...
[  462.493203] init: Command 'exec - system system -- /system/bin/flags_health_check UPDATABLE_CRASHING' action=sys.init.updatable_crashing=1 (/system/etc/init/flags_health_check.rc:11) took 520ms and succeeded
[  462.589116] init: starting service 'media.swcodec'...
[  468.653351] init: Service 'exec 32 (/system/bin/flags_health_check UPDATABLE_CRASHING)' (pid 1216) exited with status 0 waiting took 6.279000 seconds
[  468.680715] init: Sending signal 9 to service 'exec 32 (/system/bin/flags_health_check UPDATABLE_CRASHING)' (pid 1216) process group...
[  468.707071] libprocessgroup: Successfully killed process cgroup uid 1000 pid 1216 in 21ms
[  474.242916] init: Untracked pid 1187 received signal 14
[  474.471120] init: Untracked pid 1192 exited with status 0
[  474.549877] init: Untracked pid 1202 exited with status 0
[  474.683992] init: Service 'zygote' (pid 1189) received signal 11
[  474.691607] init: Sending signal 9 to service 'zygote' (pid 1189) process group...
[  474.769772] libprocessgroup: Successfully killed process cgroup uid 0 pid 1189 in 60ms
[  474.803098] init: updatable process 'zygote' exited 4 times before boot completed
[  475.077689] init: starting service 'exec 33 (/system/bin/vdc volume abort_fuse)'...
[  475.340435] init: Command 'exec_background - system system -- /system/bin/vdc volume abort_fuse' action=onrestart (<Service 'zygote' onrestart>:1) took 335ms and succeeded
[  475.423565] init: Command 'write /sys/power/state on' action=onrestart (<Service 'zygote' onrestart>:2) took 60ms and failed: Unable to write to file '/sys/power/state': Unable to write file contents: Invalid argument
[  475.431963] init: Sending signal 9 to service 'audioserver' (pid 1208) process group...
[  475.775053] libprocessgroup: Successfully killed process cgroup uid 1041 pid 1208 in 336ms
[  475.912265] init: Command 'restart audioserver' action=onrestart (<Service 'zygote' onrestart>:3) took 475ms and succeeded
[  475.920938] init: Sending signal 9 to service 'cameraserver' (pid 1193) process group...
[  476.320386] libprocessgroup: Successfully killed process cgroup uid 1047 pid 1193 in 384ms
[  476.425863] init: Command 'restart cameraserver' action=onrestart (<Service 'zygote' onrestart>:4) took 509ms and succeeded
[  476.436538] init: Sending signal 9 to service 'media' (pid 1194) process group...
[  476.853667] libprocessgroup: Successfully killed process cgroup uid 1013 pid 1194 in 403ms
[  476.909264] init: Command 'restart media' action=onrestart (<Service 'zygote' onrestart>:5) took 472ms and succeeded
[  476.915129] init: Sending signal 9 to service 'netd' (pid 1195) process group...
[  477.074673] libprocessgroup: Successfully killed process cgroup uid 0 pid 1195 in 154ms
[  477.128825] init: Command 'restart netd' action=onrestart (<Service 'zygote' onrestart>:6) took 214ms and succeeded
[  477.146523] init: Sending signal 9 to service 'wificond' (pid 1196) process group...
[  477.293682] libprocessgroup: Successfully killed process cgroup uid 1010 pid 1196 in 126ms
[  477.347504] init: Command 'restart wificond' action=onrestart (<Service 'zygote' onrestart>:7) took 214ms and succeeded
[  477.491362] init: Service 'mediaextractor' (pid 1117) received signal 11
[  477.516488] init: Sending signal 9 to service 'mediaextractor' (pid 1117) process group...
[  477.532616] libprocessgroup: Successfully killed process cgroup uid 1040 pid 1117 in 7ms
[  477.542186] init: updatable process 'mediaextractor' exited 4 times before boot completed
[  477.727428] init: Service 'cameraserver' (pid 1193) received signal 9
[  477.861480] init: Service 'media' (pid 1194) received signal 9
[  478.030186] init: Service 'netd' (pid 1195) received signal 9
[  478.038438] init: Command 'restart zygote_secondary' action=onrestart (<Service 'netd' onrestart>:2) took 0ms and failed: service zygote_secondary not found
[  478.090730] init: Service 'wificond' (pid 1196) received signal 9
[  478.169772] init: Untracked pid 1204 exited with status 0
[  478.181826] init: Service 'audioserver' (pid 1208) received signal 9
[  478.239964] init: Command 'setprop sys.audio.restart.hal 1' action=onrestart (<Service 'audioserver' onrestart>:1) took 52ms and succeeded
[  478.319942] init: Service 'exec 33 (/system/bin/vdc volume abort_fuse)' (pid 1233) exited with status 0 oneshot service took 3.055000 seconds in background
[  478.330142] init: Sending signal 9 to service 'exec 33 (/system/bin/vdc volume abort_fuse)' (pid 1233) process group...
[  478.346394] libprocessgroup: Successfully killed process cgroup uid 1000 pid 1233 in 4ms
[  478.365138] init: Untracked pid 1232 received signal 9
[  478.369449] init: Untracked pid 1237 received signal 9
[  478.388427] init: Untracked pid 1225 exited with status 0
[  478.401497] init: Untracked pid 1235 exited with status 0
[  478.405868] init: Untracked pid 1234 received signal 9
[  478.410644] init: Untracked pid 1238 received signal 9
[  478.418639] init: Untracked pid 1228 exited with status 0
[  478.426642] init: Untracked pid 1236 exited with status 0
[  478.436099] init: Untracked pid 1211 received signal 9
[  478.442822] init: Untracked pid 1212 received signal 9
[  478.453026] init: processing action (sys.init.updatable_crashing=1) from (/system/etc/init/flags_health_check.rc:10)
[  478.477886] init: starting service 'exec 34 (/system/bin/flags_health_check UPDATABLE_CRASHING)'...
[  478.615658] init: SVC_EXEC service 'exec 34 (/system/bin/flags_health_check UPDATABLE_CRASHING)' pid 1244 (uid 1000 gid 1000+0 context default) started; waiting...
[  478.625638] init: Command 'exec - system system -- /system/bin/flags_health_check UPDATABLE_CRASHING' action=sys.init.updatable_crashing=1 (/system/etc/init/flags_health_check.rc:11) took 162ms and succeeded
[  478.660487] init: starting service 'zygote'...
[  478.713478] init: Created socket '/dev/socket/zygote', mode 660, user 0, group 1000
[  478.756972] init: Created socket '/dev/socket/usap_pool_primary', mode 660, user 0, group 1000
[  479.122151] init: starting service 'audioserver'...
[  479.523933] init: starting service 'cameraserver'...
[  479.841923] init: starting service 'mediaextractor'...
[  480.265145] libprocessgroup: Failed to open /dev/cpuset/camera-daemon/tasks: No such file or directory: No such file or directory
[  480.272598] init: starting service 'media'...
[  480.277138] libprocessgroup: Failed to apply CameraServiceCapacity task profile: No such file or directory
[  480.806176] init: starting service 'netd'...
[  480.918974] init: Created socket '/dev/socket/dnsproxyd', mode 660, user 0, group 3003
[  481.017251] init: Created socket '/dev/socket/mdns', mode 660, user 0, group 1000
[  481.079253] init: Created socket '/dev/socket/fwmarkd', mode 660, user 0, group 3003
[  481.792482] init: starting service 'wificond'...
[  482.232810] init: Service 'exec 34 (/system/bin/flags_health_check UPDATABLE_CRASHING)' (pid 1244) exited with status 0 waiting took 3.653000 seconds
[  482.249248] init: Sending signal 9 to service 'exec 34 (/system/bin/flags_health_check UPDATABLE_CRASHING)' (pid 1244) process group...
[  482.325304] libprocessgroup: Successfully killed process cgroup uid 1000 pid 1244 in 43ms
[  482.416570] init: processing action (init.svc.media=*) from (/system/etc/init/mediaserver.rc:1)
[  482.497915] init: Command 'setprop init.svc.mediadrm ${init.svc.media}' action=init.svc.media=* (/system/etc/init/mediaserver.rc:2) took 71ms and succeeded
[  482.520877] init: processing action (sys.init.updatable_crashing=1) from (/system/etc/init/flags_health_check.rc:10)
[  482.599114] init: starting service 'exec 35 (/system/bin/flags_health_check UPDATABLE_CRASHING)'...
[  482.929896] init: SVC_EXEC service 'exec 35 (/system/bin/flags_health_check UPDATABLE_CRASHING)' pid 1252 (uid 1000 gid 1000+0 context default) started; waiting...
[  482.970295] init: Command 'exec - system system -- /system/bin/flags_health_check UPDATABLE_CRASHING' action=sys.init.updatable_crashing=1 (/system/etc/init/flags_health_check.rc:11) took 405ms and succeeded
[  486.601746] init: Untracked pid 1201 received signal 14
[  486.958158] init: Untracked pid 1215 exited with status 0
[  487.353699] init: Service 'exec 35 (/system/bin/flags_health_check UPDATABLE_CRASHING)' (pid 1252) exited with status 0 waiting took 4.526000 seconds
[  487.370830] init: Sending signal 9 to service 'exec 35 (/system/bin/flags_health_check UPDATABLE_CRASHING)' (pid 1252) process group...
[  487.426199] libprocessgroup: Successfully killed process cgroup uid 1000 pid 1252 in 36ms
[  487.522153] init: processing action (init.svc.media=*) from (/system/etc/init/mediaserver.rc:1)
[  487.654009] init: Command 'setprop init.svc.mediadrm ${init.svc.media}' action=init.svc.media=* (/system/etc/init/mediaserver.rc:2) took 112ms and succeeded
[  487.693457] init: processing action (sys.audio.restart.hal=1) from (/system/etc/init/audioserver.rc:39)
[  487.701918] init: Sending signal 9 to service 'vendor.audio-hal' (pid 1209) process group...
[  488.151118] libprocessgroup: Successfully killed process cgroup uid 1041 pid 1209 in 443ms
[  488.299585] init: Command 'restart vendor.audio-hal' action=sys.audio.restart.hal=1 (/system/etc/init/audioserver.rc:40) took 601ms and succeeded
[  488.324693] init: Service 'vendor.audio-hal' (pid 1209) received signal 9
[  488.365000] init: Sending signal 9 to service 'audioserver' (pid 1246) process group...
[  489.102765] libprocessgroup: Successfully killed process cgroup uid 1041 pid 1246 in 721ms
[  489.317923] init: Command 'restart audioserver' action=onrestart (<Service 'vendor.audio-hal' onrestart>:1) took 988ms and succeeded
[  489.489836] init: Service 'audioserver' (pid 1246) received signal 9
[  489.568612] init: Command 'setprop sys.audio.restart.hal 1' action=onrestart (<Service 'audioserver' onrestart>:1) took 61ms and succeeded
[  489.809338] init: Command 'restart vendor.audio-hal-4-0-msd' action=sys.audio.restart.hal=1 (/system/etc/init/audioserver.rc:41) took 0ms and failed: service vendor.audio-hal-4-0-msd not found
[  489.873397] init: starting service 'audioserver'...
[  490.584003] init: starting service 'vendor.audio-hal'...
[  491.463650] init: Service 'storaged' (pid 1073) received signal 11
[  491.496520] init: Sending signal 9 to service 'storaged' (pid 1073) process group...
[  491.578284] libprocessgroup: Successfully killed process cgroup uid 0 pid 1073 in 70ms
[  491.756946] init: Command 'restart vendor.audio-hal-2-0' action=sys.audio.restart.hal=1 (/system/etc/init/audioserver.rc:43) took 1ms and failed: service vendor.audio-hal-2-0 not found
[  491.884064] init: starting service 'storaged'...
[  491.903174] init: Could not open file '/d/mmc0/mmc0:0001/ext_csd': Failed to open file '/d/mmc0/mmc0:0001/ext_csd': No such file or directory
[  492.719966] init: Command 'restart audio-hal-2-0' action=sys.audio.restart.hal=1 (/system/etc/init/audioserver.rc:44) took 31ms and failed: service audio-hal-2-0 not found
[  492.814812] init: Command 'setprop sys.audio.restart.hal 0' action=sys.audio.restart.hal=1 (/system/etc/init/audioserver.rc:46) took 92ms and succeeded
[  492.834530] init: processing action (init.svc.audioserver=running) from (/system/etc/init/audioserver.rc:32)
[  492.872650] init: Command 'start vendor.audio-hal-4-0-msd' action=init.svc.audioserver=running (/system/etc/init/audioserver.rc:34) took 1ms and failed: service vendor.audio-hal-4-0-msd not found
[  492.888301] init: Command 'start vendor.audio-hal-2-0' action=init.svc.audioserver=running (/system/etc/init/audioserver.rc:36) took 0ms and failed: service vendor.audio-hal-2-0 not found
[  492.922215] init: Command 'start audio-hal-2-0' action=init.svc.audioserver=running (/system/etc/init/audioserver.rc:37) took 0ms and failed: service audio-hal-2-0 not found
[  492.966199] init: processing action (init.svc.media=*) from (/system/etc/init/mediaserver.rc:1)
[  493.064087] init: Command 'setprop init.svc.mediadrm ${init.svc.media}' action=init.svc.media=* (/system/etc/init/mediaserver.rc:2) took 85ms and succeeded
[  493.105966] init: processing action (init.svc.mediadrm=running) from (/vendor/etc/init/android.hardware.drm@1.3-service.widevine.rc:1)
[  493.147422] init: processing action (init.svc.mediadrm=running) from (/vendor/etc/init/android.hardware.drm@1.3-service.widevine.rc:1)
[  493.222039] init: processing action (sys.audio.restart.hal=1) from (/system/etc/init/audioserver.rc:39)
[  493.239394] init: Sending signal 9 to service 'vendor.audio-hal' (pid 1263) process group...
[  493.391723] libprocessgroup: Successfully killed process cgroup uid 1041 pid 1263 in 129ms
[  493.476612] init: Command 'restart vendor.audio-hal' action=sys.audio.restart.hal=1 (/system/etc/init/audioserver.rc:40) took 252ms and succeeded
[  493.489588] init: Service 'vendor.audio-hal' (pid 1263) received signal 9
[  493.509452] init: Sending signal 9 to service 'audioserver' (pid 1259) process group...
[  493.645210] libprocessgroup: Successfully killed process cgroup uid 1041 pid 1259 in 108ms
[  493.748137] init: Command 'restart audioserver' action=onrestart (<Service 'vendor.audio-hal' onrestart>:1) took 255ms and succeeded
[  493.826514] init: Service 'audioserver' (pid 1259) received signal 9
[  493.888330] init: Command 'setprop sys.audio.restart.hal 1' action=onrestart (<Service 'audioserver' onrestart>:1) took 59ms and succeeded
[  493.948630] init: Command 'restart vendor.audio-hal-4-0-msd' action=sys.audio.restart.hal=1 (/system/etc/init/audioserver.rc:41) took 0ms and failed: service vendor.audio-hal-4-0-msd not found
[  493.966391] init: Command 'restart vendor.audio-hal-2-0' action=sys.audio.restart.hal=1 (/system/etc/init/audioserver.rc:43) took 14ms and failed: service vendor.audio-hal-2-0 not found
[  493.970560] init: Command 'restart audio-hal-2-0' action=sys.audio.restart.hal=1 (/system/etc/init/audioserver.rc:44) took 0ms and failed: service audio-hal-2-0 not found
[  494.052568] init: Command 'setprop sys.audio.restart.hal 0' action=sys.audio.restart.hal=1 (/system/etc/init/audioserver.rc:46) took 65ms and succeeded
[  494.069416] init: processing action (init.svc.audioserver=running) from (/system/etc/init/audioserver.rc:32)
[  494.110223] init: starting service 'vendor.audio-hal'...
[  494.521122] init: Command 'start vendor.audio-hal' action=init.svc.audioserver=running (/system/etc/init/audioserver.rc:33) took 446ms and succeeded
[  494.542019] init: Command 'start vendor.audio-hal-4-0-msd' action=init.svc.audioserver=running (/system/etc/init/audioserver.rc:34) took 1ms and failed: service vendor.audio-hal-4-0-msd not found
[  494.572962] init: Command 'start vendor.audio-hal-2-0' action=init.svc.audioserver=running (/system/etc/init/audioserver.rc:36) took 0ms and failed: service vendor.audio-hal-2-0 not found
[  494.586484] init: Command 'start audio-hal-2-0' action=init.svc.audioserver=running (/system/etc/init/audioserver.rc:37) took 0ms and failed: service audio-hal-2-0 not found
[  494.610760] init: processing action (init.svc.mediadrm=running) from (/vendor/etc/init/android.hardware.drm@1.3-service.widevine.rc:1)
[  494.662721] init: processing action (sys.audio.restart.hal=1) from (/system/etc/init/audioserver.rc:39)
[  494.676701] init: Sending signal 9 to service 'vendor.audio-hal' (pid 1270) process group...
[  494.907343] libprocessgroup: Successfully killed process cgroup uid 1041 pid 1270 in 226ms
[  495.013430] init: Command 'restart vendor.audio-hal' action=sys.audio.restart.hal=1 (/system/etc/init/audioserver.rc:40) took 336ms and succeeded
[  495.026930] init: Service 'vendor.audio-hal' (pid 1270) received signal 9
[  495.101985] init: Command 'restart vendor.audio-hal-4-0-msd' action=sys.audio.restart.hal=1 (/system/etc/init/audioserver.rc:41) took 0ms and failed: service vendor.audio-hal-4-0-msd not found
[  495.123925] init: Command 'restart vendor.audio-hal-2-0' action=sys.audio.restart.hal=1 (/system/etc/init/audioserver.rc:43) took 0ms and failed: service vendor.audio-hal-2-0 not found
[  495.140527] init: Command 'restart audio-hal-2-0' action=sys.audio.restart.hal=1 (/system/etc/init/audioserver.rc:44) took 0ms and failed: service audio-hal-2-0 not found
[  495.240842] init: starting service 'audioserver'...
[  495.636592] init: processing action (init.svc.audioserver=running) from (/system/etc/init/audioserver.rc:32)
[  495.694005] init: starting service 'vendor.audio-hal'...
[  496.240671] init: Command 'start vendor.audio-hal' action=init.svc.audioserver=running (/system/etc/init/audioserver.rc:33) took 589ms and succeeded
[  496.254823] init: Command 'start vendor.audio-hal-4-0-msd' action=init.svc.audioserver=running (/system/etc/init/audioserver.rc:34) took 0ms and failed: service vendor.audio-hal-4-0-msd not found
[  496.278409] init: Command 'start vendor.audio-hal-2-0' action=init.svc.audioserver=running (/system/etc/init/audioserver.rc:36) took 0ms and failed: service vendor.audio-hal-2-0 not found
[  496.292052] init: Command 'start audio-hal-2-0' action=init.svc.audioserver=running (/system/etc/init/audioserver.rc:37) took 0ms and failed: service audio-hal-2-0 not found
[  508.551402] init: Untracked pid 1241 received signal 14
[  508.785799] init: Untracked pid 1243 exited with status 0
[  508.934577] init: Service 'media.swcodec' (pid 1217) received signal 11
[  508.968455] init: Sending signal 9 to service 'media.swcodec' (pid 1217) process group...
[  509.017195] libprocessgroup: Successfully killed process cgroup uid 1046 pid 1217 in 34ms
[  509.057398] init: updatable process 'media.swcodec' exited 4 times before boot completed
[  509.361870] init: processing action (sys.init.updatable_crashing=1) from (/system/etc/init/flags_health_check.rc:10)
[  509.390186] init: starting service 'exec 36 (/system/bin/flags_health_check UPDATABLE_CRASHING)'...
[  509.696008] init: SVC_EXEC service 'exec 36 (/system/bin/flags_health_check UPDATABLE_CRASHING)' pid 1300 (uid 1000 gid 1000+0 context default) started; waiting...
[  509.718936] init: Command 'exec - system system -- /system/bin/flags_health_check UPDATABLE_CRASHING' action=sys.init.updatable_crashing=1 (/system/etc/init/flags_health_check.rc:11) took 348ms and succeeded
[  509.789582] init: starting service 'media.swcodec'...
[  510.863145] init: Untracked pid 1260 exited with status 0
[  510.985816] init: Service 'zygote' (pid 1245) received signal 11
[  511.000674] init: Sending signal 9 to service 'zygote' (pid 1245) process group...
[  511.076821] libprocessgroup: Successfully killed process cgroup uid 0 pid 1245 in 45ms
[  511.088245] init: updatable process 'zygote' exited 4 times before boot completed
[  511.096289] selinux: SELinux: Could not get canonical path for /sys/devices/virtual/net/ipsec_test/queues/rx-0 restorecon: No such file or directory.
[  511.098466] selinux: 
[  511.121792] ueventd: selinux_android_restorecon(/sys/devices/virtual/net/ipsec_test/queues/rx-0) failed: No such file or directory
[  511.340253] init: starting service 'exec 37 (/system/bin/vdc volume abort_fuse)'...
[  511.669273] init: Command 'exec_background - system system -- /system/bin/vdc volume abort_fuse' action=onrestart (<Service 'zygote' onrestart>:1) took 351ms and succeeded
[  511.788079] init: Command 'write /sys/power/state on' action=onrestart (<Service 'zygote' onrestart>:2) took 108ms and failed: Unable to write to file '/sys/power/state': Unable to write file contents: Invalid argument
[  511.791922] init: Sending signal 9 to service 'audioserver' (pid 1271) process group...
[  512.219529] libprocessgroup: Successfully killed process cgroup uid 1041 pid 1271 in 423ms
[  512.329314] init: Command 'restart audioserver' action=onrestart (<Service 'zygote' onrestart>:3) took 535ms and succeeded
[  512.341423] init: Sending signal 9 to service 'cameraserver' (pid 1247) process group...
[  512.860586] libprocessgroup: Successfully killed process cgroup uid 1047 pid 1247 in 505ms
[  512.899520] init: Command 'restart cameraserver' action=onrestart (<Service 'zygote' onrestart>:4) took 566ms and succeeded
[  512.902710] init: Sending signal 9 to service 'media' (pid 1249) process group...
[  513.317724] libprocessgroup: Successfully killed process cgroup uid 1013 pid 1249 in 404ms
[  513.374487] healthd: battery none chg=a
[  513.377682] init: Command 'restart media' action=onrestart (<Service 'zygote' onrestart>:5) took 475ms and succeeded
[  513.396952] init: Sending signal 9 to service 'netd' (pid 1250) process group...
[  513.721091] libprocessgroup: Successfully killed process cgroup uid 0 pid 1250 in 310ms
[  513.782195] init: Command 'restart netd' action=onrestart (<Service 'zygote' onrestart>:6) took 400ms and succeeded
[  513.798319] init: Sending signal 9 to service 'wificond' (pid 1251) process group...
[  514.002940] libprocessgroup: Successfully killed process cgroup uid 1010 pid 1251 in 190ms
[  514.097777] init: Command 'restart wificond' action=onrestart (<Service 'zygote' onrestart>:7) took 297ms and succeeded
[  514.309838] init: Service 'cameraserver' (pid 1247) received signal 9
[  514.421421] init: Service 'media' (pid 1249) received signal 9
[  514.587896] init: Service 'netd' (pid 1250) received signal 9
[  514.626656] init: Command 'restart zygote_secondary' action=onrestart (<Service 'netd' onrestart>:2) took 0ms and failed: service zygote_secondary not found
[  514.737347] init: Service 'wificond' (pid 1251) received signal 9
[  514.854372] init: Untracked pid 1262 exited with status 0
[  514.872523] init: Service 'audioserver' (pid 1271) received signal 9
[  514.933871] init: Command 'setprop sys.audio.restart.hal 1' action=onrestart (<Service 'audioserver' onrestart>:1) took 58ms and succeeded
[  515.090196] init: Untracked pid 1293 received signal 9
[  515.097980] init: Untracked pid 1296 received signal 9
[  515.108516] init: Service 'exec 36 (/system/bin/flags_health_check UPDATABLE_CRASHING)' (pid 1300) exited with status 0 waiting took 5.612000 seconds
[  515.110914] init: Sending signal 9 to service 'exec 36 (/system/bin/flags_health_check UPDATABLE_CRASHING)' (pid 1300) process group...
[  515.124168] libprocessgroup: Successfully killed process cgroup uid 1000 pid 1300 in 7ms
[  515.144261] init: Untracked pid 1294 received signal 9
[  515.149229] init: Untracked pid 1299 received signal 9
[  515.160889] init: Service 'exec 37 (/system/bin/vdc volume abort_fuse)' (pid 1310) exited with status 0 oneshot service took 3.676000 seconds in background
[  515.164074] init: Sending signal 9 to service 'exec 37 (/system/bin/vdc volume abort_fuse)' (pid 1310) process group...
[  515.182800] libprocessgroup: Successfully killed process cgroup uid 1000 pid 1310 in 9ms
[  515.217319] init: Untracked pid 1264 received signal 9
[  515.229000] init: Untracked pid 1266 received signal 9
[  515.246409] init: processing action (sys.init.updatable_crashing=1) from (/system/etc/init/flags_health_check.rc:10)
[  515.269140] init: starting service 'exec 38 (/system/bin/flags_health_check UPDATABLE_CRASHING)'...
[  515.374599] init: SVC_EXEC service 'exec 38 (/system/bin/flags_health_check UPDATABLE_CRASHING)' pid 1322 (uid 1000 gid 1000+0 context default) started; waiting...
[  515.387047] init: Command 'exec - system system -- /system/bin/flags_health_check UPDATABLE_CRASHING' action=sys.init.updatable_crashing=1 (/system/etc/init/flags_health_check.rc:11) took 129ms and succeeded
[  515.415920] init: starting service 'zygote'...
[  515.488001] init: Created socket '/dev/socket/zygote', mode 660, user 0, group 1000
[  515.540477] init: Created socket '/dev/socket/usap_pool_primary', mode 660, user 0, group 1000
[  515.929138] init: starting service 'audioserver'...
[  516.392355] init: starting service 'cameraserver'...
[  516.793402] init: starting service 'media'...
[  517.264384] libprocessgroup: Failed to open /dev/cpuset/camera-daemon/tasks: No such file or directory: No such file or directory
[  517.279984] libprocessgroup: Failed to apply CameraServiceCapacity task profile: No such file or directory
[  517.299439] init: starting service 'netd'...
[  517.468383] init: Created socket '/dev/socket/dnsproxyd', mode 660, user 0, group 3003
[  517.623775] init: Created socket '/dev/socket/mdns', mode 660, user 0, group 1000
[  517.729440] init: Created socket '/dev/socket/fwmarkd', mode 660, user 0, group 3003
[  518.209802] init: starting service 'wificond'...
[  520.210043] init: Service 'exec 38 (/system/bin/flags_health_check UPDATABLE_CRASHING)' (pid 1322) exited with status 0 waiting took 4.835000 seconds
[  520.225533] init: Sending signal 9 to service 'exec 38 (/system/bin/flags_health_check UPDATABLE_CRASHING)' (pid 1322) process group...
[  520.301104] libprocessgroup: Successfully killed process cgroup uid 1000 pid 1322 in 35ms
[  520.381318] init: processing action (init.svc.media=*) from (/system/etc/init/mediaserver.rc:1)
[  520.441705] init: Command 'setprop init.svc.mediadrm ${init.svc.media}' action=init.svc.media=* (/system/etc/init/mediaserver.rc:2) took 55ms and succeeded
[  520.463874] init: processing action (init.svc.media=*) from (/system/etc/init/mediaserver.rc:1)
[  520.537413] init: processing action (sys.audio.restart.hal=1) from (/system/etc/init/audioserver.rc:39)
[  520.538913] init: Sending signal 9 to service 'vendor.audio-hal' (pid 1272) process group...
[  520.881289] libprocessgroup: Successfully killed process cgroup uid 1041 pid 1272 in 316ms
[  520.969242] init: Command 'restart vendor.audio-hal' action=sys.audio.restart.hal=1 (/system/etc/init/audioserver.rc:40) took 427ms and succeeded
[  520.980872] init: Service 'vendor.audio-hal' (pid 1272) received signal 9
[  521.005395] init: Sending signal 9 to service 'audioserver' (pid 1324) process group...
[  521.187147] libprocessgroup: Successfully killed process cgroup uid 1041 pid 1324 in 153ms
[  521.296211] init: Command 'restart audioserver' action=onrestart (<Service 'vendor.audio-hal' onrestart>:1) took 311ms and succeeded
[  521.404740] init: Service 'audioserver' (pid 1324) received signal 9
[  521.591131] init: Command 'restart vendor.audio-hal-4-0-msd' action=sys.audio.restart.hal=1 (/system/etc/init/audioserver.rc:41) took 0ms and failed: service vendor.audio-hal-4-0-msd not found
[  521.714404] init: starting service 'audioserver'...
[  522.186651] init: starting service 'vendor.audio-hal'...
[  522.508525] init: Command 'restart vendor.audio-hal-2-0' action=sys.audio.restart.hal=1 (/system/etc/init/audioserver.rc:43) took 1ms and failed: service vendor.audio-hal-2-0 not found
[  522.516357] init: Command 'restart audio-hal-2-0' action=sys.audio.restart.hal=1 (/system/etc/init/audioserver.rc:44) took 3ms and failed: service audio-hal-2-0 not found
[  522.586356] init: processing action (init.svc.audioserver=running) from (/system/etc/init/audioserver.rc:32)
[  522.589474] init: Command 'start vendor.audio-hal-4-0-msd' action=init.svc.audioserver=running (/system/etc/init/audioserver.rc:34) took 0ms and failed: service vendor.audio-hal-4-0-msd not found
[  522.609372] init: Command 'start vendor.audio-hal-2-0' action=init.svc.audioserver=running (/system/etc/init/audioserver.rc:36) took 0ms and failed: service vendor.audio-hal-2-0 not found
[  522.620808] init: Command 'start audio-hal-2-0' action=init.svc.audioserver=running (/system/etc/init/audioserver.rc:37) took 0ms and failed: service audio-hal-2-0 not found
[  522.657581] init: processing action (init.svc.media=*) from (/system/etc/init/mediaserver.rc:1)
[  522.761107] init: Command 'setprop init.svc.mediadrm ${init.svc.media}' action=init.svc.media=* (/system/etc/init/mediaserver.rc:2) took 76ms and succeeded
[  522.800754] init: processing action (init.svc.mediadrm=running) from (/vendor/etc/init/android.hardware.drm@1.3-service.widevine.rc:1)
[  522.876359] init: processing action (init.svc.mediadrm=running) from (/vendor/etc/init/android.hardware.drm@1.3-service.widevine.rc:1)
[  522.936164] init: processing action (sys.audio.restart.hal=1) from (/system/etc/init/audioserver.rc:39)
[  522.938495] init: Sending signal 9 to service 'vendor.audio-hal' (pid 1334) process group...
[  523.286728] libprocessgroup: Successfully killed process cgroup uid 1041 pid 1334 in 315ms
[  523.389088] init: Command 'restart vendor.audio-hal' action=sys.audio.restart.hal=1 (/system/etc/init/audioserver.rc:40) took 449ms and succeeded
[  523.403449] init: Service 'vendor.audio-hal' (pid 1334) received signal 9
[  523.421053] init: Sending signal 9 to service 'audioserver' (pid 1333) process group...
[  523.508725] libprocessgroup: Successfully killed process cgroup uid 1041 pid 1333 in 68ms
[  523.608371] init: Command 'restart audioserver' action=onrestart (<Service 'vendor.audio-hal' onrestart>:1) took 201ms and succeeded
[  523.675041] init: Service 'audioserver' (pid 1333) received signal 9
[  523.755410] init: Command 'setprop sys.audio.restart.hal 1' action=onrestart (<Service 'audioserver' onrestart>:1) took 67ms and succeeded
[  523.871707] init: Command 'restart vendor.audio-hal-4-0-msd' action=sys.audio.restart.hal=1 (/system/etc/init/audioserver.rc:41) took 0ms and failed: service vendor.audio-hal-4-0-msd not found
[  523.897360] init: Command 'restart vendor.audio-hal-2-0' action=sys.audio.restart.hal=1 (/system/etc/init/audioserver.rc:43) took 0ms and failed: service vendor.audio-hal-2-0 not found
[  523.906050] init: Command 'restart audio-hal-2-0' action=sys.audio.restart.hal=1 (/system/etc/init/audioserver.rc:44) took 1ms and failed: service audio-hal-2-0 not found
[  524.026306] init: Command 'setprop sys.audio.restart.hal 0' action=sys.audio.restart.hal=1 (/system/etc/init/audioserver.rc:46) took 101ms and succeeded
[  524.046199] init: processing action (init.svc.audioserver=running) from (/system/etc/init/audioserver.rc:32)
[  524.171352] init: starting service 'vendor.audio-hal'...
[  524.877685] init: Command 'start vendor.audio-hal' action=init.svc.audioserver=running (/system/etc/init/audioserver.rc:33) took 783ms and succeeded
[  524.949780] init: Command 'start vendor.audio-hal-4-0-msd' action=init.svc.audioserver=running (/system/etc/init/audioserver.rc:34) took 1ms and failed: service vendor.audio-hal-4-0-msd not found
[  524.983401] init: Command 'start vendor.audio-hal-2-0' action=init.svc.audioserver=running (/system/etc/init/audioserver.rc:36) took 0ms and failed: service vendor.audio-hal-2-0 not found
[  525.006029] init: Command 'start audio-hal-2-0' action=init.svc.audioserver=running (/system/etc/init/audioserver.rc:37) took 0ms and failed: service audio-hal-2-0 not found
[  525.038019] init: processing action (init.svc.mediadrm=running) from (/vendor/etc/init/android.hardware.drm@1.3-service.widevine.rc:1)
[  525.117963] init: processing action (sys.audio.restart.hal=1) from (/system/etc/init/audioserver.rc:39)
[  525.141984] init: Sending signal 9 to service 'vendor.audio-hal' (pid 1335) process group...
[  525.496987] libprocessgroup: Successfully killed process cgroup uid 1041 pid 1335 in 327ms
[  525.697829] init: Command 'restart vendor.audio-hal' action=sys.audio.restart.hal=1 (/system/etc/init/audioserver.rc:40) took 549ms and succeeded
[  525.714551] init: Service 'vendor.audio-hal' (pid 1335) received signal 9
[  525.878761] init: Command 'restart vendor.audio-hal-4-0-msd' action=sys.audio.restart.hal=1 (/system/etc/init/audioserver.rc:41) took 1ms and failed: service vendor.audio-hal-4-0-msd not found
[  525.900135] init: Command 'restart vendor.audio-hal-2-0' action=sys.audio.restart.hal=1 (/system/etc/init/audioserver.rc:43) took 10ms and failed: service vendor.audio-hal-2-0 not found
[  525.964646] init: Command 'restart audio-hal-2-0' action=sys.audio.restart.hal=1 (/system/etc/init/audioserver.rc:44) took 4ms and failed: service audio-hal-2-0 not found
[  526.077528] init: Command 'setprop sys.audio.restart.hal 0' action=sys.audio.restart.hal=1 (/system/etc/init/audioserver.rc:46) took 105ms and succeeded
[  527.134295] init: starting service 'audioserver'...
[  527.565892] init: processing action (init.svc.audioserver=running) from (/system/etc/init/audioserver.rc:32)
[  527.673516] init: starting service 'vendor.audio-hal'...
[  528.241737] init: Command 'start vendor.audio-hal' action=init.svc.audioserver=running (/system/etc/init/audioserver.rc:33) took 625ms and succeeded
[  528.258478] init: Command 'start vendor.audio-hal-4-0-msd' action=init.svc.audioserver=running (/system/etc/init/audioserver.rc:34) took 9ms and failed: service vendor.audio-hal-4-0-msd not found
[  528.274915] init: Command 'start vendor.audio-hal-2-0' action=init.svc.audioserver=running (/system/etc/init/audioserver.rc:36) took 0ms and failed: service vendor.audio-hal-2-0 not found
[  528.312846] init: Command 'start audio-hal-2-0' action=init.svc.audioserver=running (/system/etc/init/audioserver.rc:37) took 1ms and failed: service audio-hal-2-0 not found
[  536.351685] init: Untracked pid 1287 received signal 14
[  536.613865] init: Untracked pid 1291 exited with status 0
[  536.784700] init: Service 'mediaextractor' (pid 1248) received signal 11
[  536.798282] init: Sending signal 9 to service 'mediaextractor' (pid 1248) process group...
[  536.843433] libprocessgroup: Successfully killed process cgroup uid 1040 pid 1248 in 25ms
[  536.929296] init: updatable process 'mediaextractor' exited 4 times before boot completed
[  537.286587] init: processing action (sys.init.updatable_crashing=1) from (/system/etc/init/flags_health_check.rc:10)
[  537.351702] init: starting service 'exec 39 (/system/bin/flags_health_check UPDATABLE_CRASHING)'...
[  537.653258] init: SVC_EXEC service 'exec 39 (/system/bin/flags_health_check UPDATABLE_CRASHING)' pid 1367 (uid 1000 gid 1000+0 context default) started; waiting...
[  537.692530] init: Command 'exec - system system -- /system/bin/flags_health_check UPDATABLE_CRASHING' action=sys.init.updatable_crashing=1 (/system/etc/init/flags_health_check.rc:11) took 366ms and succeeded
[  537.776758] init: starting service 'mediaextractor'...
[  543.237987] init: Service 'exec 39 (/system/bin/flags_health_check UPDATABLE_CRASHING)' (pid 1367) exited with status 0 waiting took 5.724000 seconds
[  543.262409] init: Sending signal 9 to service 'exec 39 (/system/bin/flags_health_check UPDATABLE_CRASHING)' (pid 1367) process group...
[  543.333328] libprocessgroup: Successfully killed process cgroup uid 1000 pid 1367 in 28ms
[  543.916540] selinux: SELinux:  Could not stat /sys/devices/virtual/net/ipsec_test/queues/rx-0: No such file or directory.
[  543.918675] selinux: 
[  555.187689] init: Untracked pid 1336 received signal 14
[  555.338570] init: Untracked pid 1341 exited with status 0
[  555.558983] init: Service 'media.swcodec' (pid 1303) received signal 11
[  555.562280] init: Sending signal 9 to service 'media.swcodec' (pid 1303) process group...
[  555.607752] libprocessgroup: Successfully killed process cgroup uid 1046 pid 1303 in 29ms
[  555.629397] init: updatable process 'media.swcodec' exited 4 times before boot completed
[  555.889425] init: processing action (sys.init.updatable_crashing=1) from (/system/etc/init/flags_health_check.rc:10)
[  555.952784] init: starting service 'exec 40 (/system/bin/flags_health_check UPDATABLE_CRASHING)'...
[  556.122622] init: SVC_EXEC service 'exec 40 (/system/bin/flags_health_check UPDATABLE_CRASHING)' pid 1414 (uid 1000 gid 1000+0 context default) started; waiting...
[  556.131295] init: Command 'exec - system system -- /system/bin/flags_health_check UPDATABLE_CRASHING' action=sys.init.updatable_crashing=1 (/system/etc/init/flags_health_check.rc:11) took 235ms and succeeded
[  556.199496] init: starting service 'media.swcodec'...
[  556.774312] init: Untracked pid 1344 received signal 14
[  556.921529] init: Untracked pid 1346 exited with status 0
[  557.006497] init: Service 'zygote' (pid 1323) received signal 11
[  557.022308] init: Sending signal 9 to service 'zygote' (pid 1323) process group...
[  557.096265] libprocessgroup: Successfully killed process cgroup uid 0 pid 1323 in 49ms
[  557.174388] init: updatable process 'zygote' exited 4 times before boot completed
[  557.439608] init: starting service 'exec 41 (/system/bin/vdc volume abort_fuse)'...
[  557.725729] init: Command 'exec_background - system system -- /system/bin/vdc volume abort_fuse' action=onrestart (<Service 'zygote' onrestart>:1) took 392ms and succeeded
[  557.814345] init: Command 'write /sys/power/state on' action=onrestart (<Service 'zygote' onrestart>:2) took 84ms and failed: Unable to write to file '/sys/power/state': Unable to write file contents: Invalid argument
[  557.821447] init: Sending signal 9 to service 'audioserver' (pid 1347) process group...
[  558.443576] libprocessgroup: Successfully killed process cgroup uid 1041 pid 1347 in 604ms
[  558.545770] init: Command 'restart audioserver' action=onrestart (<Service 'zygote' onrestart>:3) took 725ms and succeeded
[  558.559776] init: Sending signal 9 to service 'cameraserver' (pid 1325) process group...
[  559.852229] libprocessgroup: Successfully killed process cgroup uid 1047 pid 1325 in 1277ms
[  559.963107] init: Command 'restart cameraserver' action=onrestart (<Service 'zygote' onrestart>:4) took 1404ms and succeeded
[  559.966709] init: Sending signal 9 to service 'media' (pid 1326) process group...
[  560.369043] libprocessgroup: Successfully killed process cgroup uid 1013 pid 1326 in 367ms
[  560.509680] init: Command 'restart media' action=onrestart (<Service 'zygote' onrestart>:5) took 518ms and succeeded
[  560.513472] init: Sending signal 9 to service 'netd' (pid 1327) process group...
[  560.968395] libprocessgroup: Successfully killed process cgroup uid 0 pid 1327 in 442ms
[  561.111812] init: Command 'restart netd' action=onrestart (<Service 'zygote' onrestart>:6) took 559ms and succeeded
[  561.113650] init: Sending signal 9 to service 'wificond' (pid 1328) process group...
[  561.206633] libprocessgroup: Successfully killed process cgroup uid 1010 pid 1328 in 86ms
[  561.332416] init: Command 'restart wificond' action=onrestart (<Service 'zygote' onrestart>:7) took 217ms and succeeded
[  561.482360] init: Service 'cameraserver' (pid 1325) received signal 9
[  561.669938] init: Service 'media' (pid 1326) received signal 9
[  561.840244] init: Service 'netd' (pid 1327) received signal 9
[  561.905277] init: Command 'restart zygote_secondary' action=onrestart (<Service 'netd' onrestart>:2) took 1ms and failed: service zygote_secondary not found
[  562.014491] init: Service 'wificond' (pid 1328) received signal 9
[  562.098525] init: Service 'audioserver' (pid 1347) received signal 9
[  562.271842] init: Untracked pid 1374 received signal 9
[  562.292559] init: Untracked pid 1376 received signal 9
[  562.313678] init: Untracked pid 1377 received signal 9
[  562.330608] init: Untracked pid 1379 received signal 9
[  562.347112] init: Service 'exec 40 (/system/bin/flags_health_check UPDATABLE_CRASHING)' (pid 1414) exited with status 0 waiting took 6.291000 seconds
[  562.360201] init: Sending signal 9 to service 'exec 40 (/system/bin/flags_health_check UPDATABLE_CRASHING)' (pid 1414) process group...
[  562.386825] libprocessgroup: Successfully killed process cgroup uid 1000 pid 1414 in 4ms
[  562.414337] init: Service 'exec 41 (/system/bin/vdc volume abort_fuse)' (pid 1423) exited with status 0 oneshot service took 4.806000 seconds in background
[  562.416980] init: Sending signal 9 to service 'exec 41 (/system/bin/vdc volume abort_fuse)' (pid 1423) process group...
[  562.452312] libprocessgroup: Successfully killed process cgroup uid 1000 pid 1423 in 4ms
[  562.489301] init: Untracked pid 1348 received signal 9
[  562.504132] init: Untracked pid 1349 received signal 9
[  562.539356] init: processing action (sys.init.updatable_crashing=1) from (/system/etc/init/flags_health_check.rc:10)
[  562.581250] init: starting service 'exec 42 (/system/bin/flags_health_check UPDATABLE_CRASHING)'...
[  562.843141] init: SVC_EXEC service 'exec 42 (/system/bin/flags_health_check UPDATABLE_CRASHING)' pid 1428 (uid 1000 gid 1000+0 context default) started; waiting...
[  562.856601] init: Command 'exec - system system -- /system/bin/flags_health_check UPDATABLE_CRASHING' action=sys.init.updatable_crashing=1 (/system/etc/init/flags_health_check.rc:11) took 303ms and succeeded
[  562.896568] init: starting service 'zygote'...
[  562.960228] init: Created socket '/dev/socket/zygote', mode 660, user 0, group 1000
[  563.024880] init: Created socket '/dev/socket/usap_pool_primary', mode 660, user 0, group 1000
[  563.408333] init: starting service 'audioserver'...
[  563.881112] init: starting service 'cameraserver'...
[  564.346776] init: starting service 'media'...
[  564.865499] init: starting service 'netd'...
[  564.878260] libprocessgroup: Failed to open /dev/cpuset/camera-daemon/tasks: No such file or directory: No such file or directory
[  564.881566] libprocessgroup: Failed to apply CameraServiceCapacity task profile: No such file or directory
[  565.047747] init: Created socket '/dev/socket/dnsproxyd', mode 660, user 0, group 3003
[  565.199806] init: Created socket '/dev/socket/mdns', mode 660, user 0, group 1000
[  565.287948] init: Created socket '/dev/socket/fwmarkd', mode 660, user 0, group 3003
[  565.937505] init: starting service 'wificond'...
[  566.648689] init: Service 'iorapd' (pid 484) received signal 6
[  566.672791] init: Sending signal 9 to service 'iorapd' (pid 484) process group...
[  566.758648] libprocessgroup: Successfully killed process cgroup uid 1071 pid 484 in 60ms
[  566.902522] init: Untracked pid 1360 received signal 14
[  566.942062] init: Untracked pid 1363 exited with status 0
[  567.050914] init: starting service 'iorapd'...
[  568.746713] init: Service 'exec 42 (/system/bin/flags_health_check UPDATABLE_CRASHING)' (pid 1428) exited with status 0 waiting took 6.033000 seconds
[  568.766453] init: Sending signal 9 to service 'exec 42 (/system/bin/flags_health_check UPDATABLE_CRASHING)' (pid 1428) process group...
[  568.816886] libprocessgroup: Successfully killed process cgroup uid 1000 pid 1428 in 46ms
[  568.883963] init: processing action (init.svc.media=*) from (/system/etc/init/mediaserver.rc:1)
[  568.958808] init: Command 'setprop init.svc.mediadrm ${init.svc.media}' action=init.svc.media=* (/system/etc/init/mediaserver.rc:2) took 67ms and succeeded
[  568.974773] init: processing action (init.svc.media=*) from (/system/etc/init/mediaserver.rc:1)
[  569.073871] init: Command 'setprop init.svc.mediadrm ${init.svc.media}' action=init.svc.media=* (/system/etc/init/mediaserver.rc:2) took 95ms and succeeded
[  569.110365] init: processing action (sys.audio.restart.hal=1) from (/system/etc/init/audioserver.rc:39)
[  569.160532] init: Sending signal 9 to service 'vendor.audio-hal' (pid 1351) process group...
[  569.559075] libprocessgroup: Successfully killed process cgroup uid 1041 pid 1351 in 395ms
[  569.699011] init: Command 'restart vendor.audio-hal' action=sys.audio.restart.hal=1 (/system/etc/init/audioserver.rc:40) took 555ms and succeeded
[  569.730293] init: Service 'vendor.audio-hal' (pid 1351) received signal 9
[  569.765210] init: Sending signal 9 to service 'audioserver' (pid 1430) process group...
[  569.978213] libprocessgroup: Successfully killed process cgroup uid 1041 pid 1430 in 209ms
[  570.146502] init: Command 'restart audioserver' action=onrestart (<Service 'vendor.audio-hal' onrestart>:1) took 411ms and succeeded
[  570.290563] init: Service 'audioserver' (pid 1430) received signal 9
[  570.391147] init: Command 'setprop sys.audio.restart.hal 1' action=onrestart (<Service 'audioserver' onrestart>:1) took 75ms and succeeded
[  570.632467] init: Command 'restart vendor.audio-hal-4-0-msd' action=sys.audio.restart.hal=1 (/system/etc/init/audioserver.rc:41) took 0ms and failed: service vendor.audio-hal-4-0-msd not found
[  570.712118] init: starting service 'audioserver'...
[  571.617457] init: starting service 'vendor.audio-hal'...
[  572.134361] init: Command 'restart vendor.audio-hal-2-0' action=sys.audio.restart.hal=1 (/system/etc/init/audioserver.rc:43) took 0ms and failed: service vendor.audio-hal-2-0 not found
[  572.165785] init: Command 'restart audio-hal-2-0' action=sys.audio.restart.hal=1 (/system/etc/init/audioserver.rc:44) took 9ms and failed: service audio-hal-2-0 not found
[  572.281004] init: Command 'setprop sys.audio.restart.hal 0' action=sys.audio.restart.hal=1 (/system/etc/init/audioserver.rc:46) took 111ms and succeeded
[  572.303937] init: processing action (init.svc.audioserver=running) from (/system/etc/init/audioserver.rc:32)
[  572.309318] init: Command 'start vendor.audio-hal-4-0-msd' action=init.svc.audioserver=running (/system/etc/init/audioserver.rc:34) took 0ms and failed: service vendor.audio-hal-4-0-msd not found
[  572.338003] init: Command 'start vendor.audio-hal-2-0' action=init.svc.audioserver=running (/system/etc/init/audioserver.rc:36) took 0ms and failed: service vendor.audio-hal-2-0 not found
[  572.358688] init: Command 'start audio-hal-2-0' action=init.svc.audioserver=running (/system/etc/init/audioserver.rc:37) took 0ms and failed: service audio-hal-2-0 not found
[  572.379347] init: processing action (init.svc.media=*) from (/system/etc/init/mediaserver.rc:1)
[  572.461868] init: Command 'setprop init.svc.mediadrm ${init.svc.media}' action=init.svc.media=* (/system/etc/init/mediaserver.rc:2) took 73ms and succeeded
[  572.506276] init: processing action (init.svc.mediadrm=running) from (/vendor/etc/init/android.hardware.drm@1.3-service.widevine.rc:1)
[  572.617562] init: Command 'start vendor.move_data_sh' action=init.svc.mediadrm=running (/vendor/etc/init/android.hardware.drm@1.3-service.widevine.rc:3) took 71ms and succeeded
[  572.631565] init: processing action (init.svc.mediadrm=running) from (/vendor/etc/init/android.hardware.drm@1.3-service.widevine.rc:1)
[  572.699857] init: processing action (sys.audio.restart.hal=1) from (/system/etc/init/audioserver.rc:39)
[  572.718483] init: Sending signal 9 to service 'vendor.audio-hal' (pid 1443) process group...
[  573.006866] libprocessgroup: Successfully killed process cgroup uid 1041 pid 1443 in 271ms
[  573.153798] init: Command 'restart vendor.audio-hal' action=sys.audio.restart.hal=1 (/system/etc/init/audioserver.rc:40) took 449ms and succeeded
[  573.200759] init: Service 'vendor.audio-hal' (pid 1443) received signal 9
[  573.275143] init: Sending signal 9 to service 'audioserver' (pid 1439) process group...
[  573.343631] libprocessgroup: Successfully killed process cgroup uid 1041 pid 1439 in 64ms
[  573.636898] init: Command 'restart audioserver' action=onrestart (<Service 'vendor.audio-hal' onrestart>:1) took 431ms and succeeded
[  573.783014] healthd: battery none chg=a
[  573.846238] init: Service 'audioserver' (pid 1439) received signal 9
[  573.958692] init: Command 'setprop sys.audio.restart.hal 1' action=onrestart (<Service 'audioserver' onrestart>:1) took 106ms and succeeded
[  574.152604] init: Command 'restart vendor.audio-hal-4-0-msd' action=sys.audio.restart.hal=1 (/system/etc/init/audioserver.rc:41) took 32ms and failed: service vendor.audio-hal-4-0-msd not found
[  574.163981] init: Command 'restart vendor.audio-hal-2-0' action=sys.audio.restart.hal=1 (/system/etc/init/audioserver.rc:43) took 0ms and failed: service vendor.audio-hal-2-0 not found
[  574.209740] init: Command 'restart audio-hal-2-0' action=sys.audio.restart.hal=1 (/system/etc/init/audioserver.rc:44) took 42ms and failed: service audio-hal-2-0 not found
[  574.317592] init: Command 'setprop sys.audio.restart.hal 0' action=sys.audio.restart.hal=1 (/system/etc/init/audioserver.rc:46) took 97ms and succeeded
[  574.383165] init: processing action (init.svc.audioserver=running) from (/system/etc/init/audioserver.rc:32)
[  574.429319] init: starting service 'vendor.audio-hal'...
[  575.080274] init: Command 'start vendor.audio-hal' action=init.svc.audioserver=running (/system/etc/init/audioserver.rc:33) took 665ms and succeeded
[  575.137676] init: Command 'start vendor.audio-hal-4-0-msd' action=init.svc.audioserver=running (/system/etc/init/audioserver.rc:34) took 0ms and failed: service vendor.audio-hal-4-0-msd not found
[  575.146959] init: Command 'start vendor.audio-hal-2-0' action=init.svc.audioserver=running (/system/etc/init/audioserver.rc:36) took 1ms and failed: service vendor.audio-hal-2-0 not found
[  575.173771] init: Command 'start audio-hal-2-0' action=init.svc.audioserver=running (/system/etc/init/audioserver.rc:37) took 1ms and failed: service audio-hal-2-0 not found
[  575.240374] init: processing action (init.svc.mediadrm=running) from (/vendor/etc/init/android.hardware.drm@1.3-service.widevine.rc:1)
[  575.412710] init: Command 'start vendor.move_data_sh' action=init.svc.mediadrm=running (/vendor/etc/init/android.hardware.drm@1.3-service.widevine.rc:3) took 115ms and succeeded
[  575.419324] init: processing action (sys.audio.restart.hal=1) from (/system/etc/init/audioserver.rc:39)
[  575.440969] init: Sending signal 9 to service 'vendor.audio-hal' (pid 1449) process group...
[  575.732732] libprocessgroup: Successfully killed process cgroup uid 1041 pid 1449 in 239ms
[  575.889742] init: Command 'restart vendor.audio-hal' action=sys.audio.restart.hal=1 (/system/etc/init/audioserver.rc:40) took 459ms and succeeded
[  575.922442] init: Service 'vendor.audio-hal' (pid 1449) received signal 9
[  576.011388] init: Command 'restart vendor.audio-hal-4-0-msd' action=sys.audio.restart.hal=1 (/system/etc/init/audioserver.rc:41) took 0ms and failed: service vendor.audio-hal-4-0-msd not found
[  576.027686] init: Command 'restart vendor.audio-hal-2-0' action=sys.audio.restart.hal=1 (/system/etc/init/audioserver.rc:43) took 0ms and failed: service vendor.audio-hal-2-0 not found
[  576.032626] init: Command 'restart audio-hal-2-0' action=sys.audio.restart.hal=1 (/system/etc/init/audioserver.rc:44) took 0ms and failed: service audio-hal-2-0 not found
[  576.203538] init: Command 'setprop sys.audio.restart.hal 0' action=sys.audio.restart.hal=1 (/system/etc/init/audioserver.rc:46) took 145ms and succeeded
[  576.266101] init: starting service 'audioserver'...
[  577.092620] init: processing action (init.svc.audioserver=running) from (/system/etc/init/audioserver.rc:32)
[  577.193224] init: starting service 'vendor.audio-hal'...
[  577.978790] init: Command 'start vendor.audio-hal' action=init.svc.audioserver=running (/system/etc/init/audioserver.rc:33) took 871ms and succeeded
[  578.020005] init: Command 'start vendor.audio-hal-4-0-msd' action=init.svc.audioserver=running (/system/etc/init/audioserver.rc:34) took 0ms and failed: service vendor.audio-hal-4-0-msd not found
[  578.051515] init: Command 'start vendor.audio-hal-2-0' action=init.svc.audioserver=running (/system/etc/init/audioserver.rc:36) took 0ms and failed: service vendor.audio-hal-2-0 not found
[  578.077954] init: Command 'start audio-hal-2-0' action=init.svc.audioserver=running (/system/etc/init/audioserver.rc:37) took 0ms and failed: service audio-hal-2-0 not found
[  579.794244] apexd: Boot never completed
[  579.830932] AidlLazyServiceRegistrar: Trying to shut down the service. No clients in use for any service in process.
[  580.161147] AidlLazyServiceRegistrar: Unregistered all clients and exiting
[  581.010206] init: Service 'apexd' (pid 230) exited with status 0 oneshot service took 536.237000 seconds in background
[  581.013758] init: Sending signal 9 to service 'apexd' (pid 230) process group...
[  581.087805] libprocessgroup: Successfully killed process cgroup uid 0 pid 230 in 58ms
[  590.725860] init: Untracked pid 1424 received signal 14
[  591.050004] init: Service 'mediaextractor' (pid 1369) received signal 11
[  591.054042] init: Sending signal 9 to service 'mediaextractor' (pid 1369) process group...
[  591.276406] libprocessgroup: Successfully killed process cgroup uid 1040 pid 1369 in 208ms
[  591.315162] init: updatable process 'mediaextractor' exited 4 times before boot completed
[  591.578277] init: Untracked pid 1426 exited with status 0
[  591.620782] init: processing action (sys.init.updatable_crashing=1) from (/system/etc/init/flags_health_check.rc:10)
[  591.718755] init: starting service 'exec 43 (/system/bin/flags_health_check UPDATABLE_CRASHING)'...
[  592.041140] init: SVC_EXEC service 'exec 43 (/system/bin/flags_health_check UPDATABLE_CRASHING)' pid 1468 (uid 1000 gid 1000+0 context default) started; waiting...
[  592.089876] init: Command 'exec - system system -- /system/bin/flags_health_check UPDATABLE_CRASHING' action=sys.init.updatable_crashing=1 (/system/etc/init/flags_health_check.rc:11) took 445ms and succeeded
[  592.155742] init: starting service 'mediaextractor'...
[  598.149618] init: Service 'exec 43 (/system/bin/flags_health_check UPDATABLE_CRASHING)' (pid 1468) exited with status 0 waiting took 6.171000 seconds
[  598.168886] init: Sending signal 9 to service 'exec 43 (/system/bin/flags_health_check UPDATABLE_CRASHING)' (pid 1468) process group...
[  598.230368] libprocessgroup: Successfully killed process cgroup uid 1000 pid 1468 in 33ms
[  598.839043] selinux: SELinux: Could not get canonical path for /sys/devices/virtual/net/ipsec_test/queues/tx-0 restorecon: No such file or directory.
[  598.849936] selinux: 
[  598.857918] ueventd: selinux_android_restorecon(/sys/devices/virtual/net/ipsec_test/queues/tx-0) failed: No such file or directory
[  599.206160] init: Untracked pid 1444 exited with status 0
[  599.310576] init: Service 'zygote' (pid 1429) received signal 11
[  599.314515] init: Sending signal 9 to service 'zygote' (pid 1429) process group...
[  599.379442] libprocessgroup: Successfully killed process cgroup uid 0 pid 1429 in 40ms
[  599.397938] init: updatable process 'zygote' exited 4 times before boot completed
[  599.564002] init: starting service 'exec 44 (/system/bin/vdc volume abort_fuse)'...
[  599.840182] init: Command 'exec_background - system system -- /system/bin/vdc volume abort_fuse' action=onrestart (<Service 'zygote' onrestart>:1) took 323ms and succeeded
[  599.940220] init: Command 'write /sys/power/state on' action=onrestart (<Service 'zygote' onrestart>:2) took 51ms and failed: Unable to write to file '/sys/power/state': Unable to write file contents: Invalid argument
[  599.944656] init: Sending signal 9 to service 'audioserver' (pid 1450) process group...
[  600.594175] libprocessgroup: Successfully killed process cgroup uid 1041 pid 1450 in 635ms
[  600.674591] init: Command 'restart audioserver' action=onrestart (<Service 'zygote' onrestart>:3) took 730ms and succeeded
[  600.680745] init: Sending signal 9 to service 'cameraserver' (pid 1433) process group...
[  601.215356] libprocessgroup: Successfully killed process cgroup uid 1047 pid 1433 in 529ms
[  601.282505] init: Command 'restart cameraserver' action=onrestart (<Service 'zygote' onrestart>:4) took 602ms and succeeded
[  601.294846] init: Sending signal 9 to service 'media' (pid 1434) process group...
[  601.722747] libprocessgroup: Successfully killed process cgroup uid 1013 pid 1434 in 424ms
[  601.791393] init: Command 'restart media' action=onrestart (<Service 'zygote' onrestart>:5) took 497ms and succeeded
[  601.794328] init: Sending signal 9 to service 'netd' (pid 1435) process group...
[  602.080945] libprocessgroup: Successfully killed process cgroup uid 0 pid 1435 in 282ms
[  602.146661] init: Command 'restart netd' action=onrestart (<Service 'zygote' onrestart>:6) took 352ms and succeeded
[  602.153464] init: Sending signal 9 to service 'wificond' (pid 1436) process group...
[  602.312537] libprocessgroup: Successfully killed process cgroup uid 1010 pid 1436 in 154ms
[  602.341259] init: Command 'restart wificond' action=onrestart (<Service 'zygote' onrestart>:7) took 188ms and succeeded
[  602.418851] init: Service 'cameraserver' (pid 1433) received signal 9
[  602.487405] init: Service 'media' (pid 1434) received signal 9
[  602.587006] init: Service 'netd' (pid 1435) received signal 9
[  602.597780] init: Command 'restart zygote_secondary' action=onrestart (<Service 'netd' onrestart>:2) took 5ms and failed: service zygote_secondary not found
[  602.685946] init: Service 'wificond' (pid 1436) received signal 9
[  602.738648] init: Untracked pid 1446 exited with status 0
[  602.745698] init: Service 'audioserver' (pid 1450) received signal 9
[  602.874540] init: Untracked pid 1480 received signal 9
[  602.889428] init: Untracked pid 1485 received signal 9
[  602.913631] init: Service 'exec 44 (/system/bin/vdc volume abort_fuse)' (pid 1493) exited with status 0 oneshot service took 3.144000 seconds in background
[  602.921084] init: Sending signal 9 to service 'exec 44 (/system/bin/vdc volume abort_fuse)' (pid 1493) process group...
[  602.932162] libprocessgroup: Successfully killed process cgroup uid 1000 pid 1493 in 5ms
[  602.950490] init: Untracked pid 1486 received signal 9
[  602.957092] init: Untracked pid 1500 received signal 9
[  602.963891] init: Untracked pid 1456 received signal 9
[  602.979899] init: Untracked pid 1457 received signal 9
[  603.027039] init: processing action (sys.init.updatable_crashing=1) from (/system/etc/init/flags_health_check.rc:10)
[  603.063289] init: starting service 'exec 45 (/system/bin/flags_health_check UPDATABLE_CRASHING)'...
[  603.153956] init: SVC_EXEC service 'exec 45 (/system/bin/flags_health_check UPDATABLE_CRASHING)' pid 1502 (uid 1000 gid 1000+0 context default) started; waiting...
[  603.160309] init: Command 'exec - system system -- /system/bin/flags_health_check UPDATABLE_CRASHING' action=sys.init.updatable_crashing=1 (/system/etc/init/flags_health_check.rc:11) took 118ms and succeeded
[  603.184580] init: starting service 'zygote'...
[  603.224842] init: Created socket '/dev/socket/zygote', mode 660, user 0, group 1000
[  603.266507] init: Created socket '/dev/socket/usap_pool_primary', mode 660, user 0, group 1000
[  603.616376] init: starting service 'audioserver'...
[  603.976844] init: starting service 'cameraserver'...
[  604.353618] init: starting service 'media'...
[  604.732470] libprocessgroup: Failed to open /dev/cpuset/camera-daemon/tasks: No such file or directory: No such file or directory
[  604.744640] libprocessgroup: Failed to apply CameraServiceCapacity task profile: No such file or directory
[  604.749986] init: starting service 'netd'...
[  604.917809] init: Created socket '/dev/socket/dnsproxyd', mode 660, user 0, group 3003
[  605.046513] init: Created socket '/dev/socket/mdns', mode 660, user 0, group 1000
[  605.161732] init: Created socket '/dev/socket/fwmarkd', mode 660, user 0, group 3003
[  605.982788] init: starting service 'wificond'...
[  607.674928] init: Untracked pid 1452 received signal 14
[  607.908366] init: Untracked pid 1455 exited with status 0
[  608.217066] init: Service 'media.swcodec' (pid 1417) received signal 11
[  608.237598] init: Sending signal 9 to service 'media.swcodec' (pid 1417) process group...
[  608.284133] libprocessgroup: Successfully killed process cgroup uid 1046 pid 1417 in 25ms
[  608.311668] init: updatable process 'media.swcodec' exited 4 times before boot completed
[  608.575944] init: Service 'exec 45 (/system/bin/flags_health_check UPDATABLE_CRASHING)' (pid 1502) exited with status 0 waiting took 5.442000 seconds
[  608.578525] init: Sending signal 9 to service 'exec 45 (/system/bin/flags_health_check UPDATABLE_CRASHING)' (pid 1502) process group...
[  608.606348] libprocessgroup: Successfully killed process cgroup uid 1000 pid 1502 in 12ms
[  608.676866] init: processing action (init.svc.media=*) from (/system/etc/init/mediaserver.rc:1)
[  608.740546] init: starting service 'media.swcodec'...
[  609.017919] init: processing action (init.svc.media=*) from (/system/etc/init/mediaserver.rc:1)
[  609.082852] init: processing action (sys.audio.restart.hal=1) from (/system/etc/init/audioserver.rc:39)
[  609.102645] init: Sending signal 9 to service 'vendor.audio-hal' (pid 1453) process group...
[  609.382551] libprocessgroup: Successfully killed process cgroup uid 1041 pid 1453 in 267ms
[  609.757662] init: Command 'restart vendor.audio-hal' action=sys.audio.restart.hal=1 (/system/etc/init/audioserver.rc:40) took 340ms and succeeded
[  609.789127] init: Service 'vendor.audio-hal' (pid 1453) received signal 9
[  609.852693] init: Sending signal 9 to service 'audioserver' (pid 1504) process group...
[  610.126038] libprocessgroup: Successfully killed process cgroup uid 1041 pid 1504 in 249ms
[  610.347136] init: Command 'restart audioserver' action=onrestart (<Service 'vendor.audio-hal' onrestart>:1) took 551ms and succeeded
[  610.451085] init: Service 'audioserver' (pid 1504) received signal 9
[  610.660500] init: Command 'restart vendor.audio-hal-4-0-msd' action=sys.audio.restart.hal=1 (/system/etc/init/audioserver.rc:41) took 1ms and failed: service vendor.audio-hal-4-0-msd not found
[  610.781336] init: starting service 'audioserver'...
[  611.904585] init: starting service 'vendor.audio-hal'...
[  612.507627] init: Command 'restart vendor.audio-hal-2-0' action=sys.audio.restart.hal=1 (/system/etc/init/audioserver.rc:43) took 1ms and failed: service vendor.audio-hal-2-0 not found
[  612.543612] init: Command 'restart audio-hal-2-0' action=sys.audio.restart.hal=1 (/system/etc/init/audioserver.rc:44) took 14ms and failed: service audio-hal-2-0 not found
[  612.630444] init: Command 'setprop sys.audio.restart.hal 0' action=sys.audio.restart.hal=1 (/system/etc/init/audioserver.rc:46) took 82ms and succeeded
[  612.678097] init: processing action (init.svc.audioserver=running) from (/system/etc/init/audioserver.rc:32)
[  612.701284] init: Command 'start vendor.audio-hal-4-0-msd' action=init.svc.audioserver=running (/system/etc/init/audioserver.rc:34) took 1ms and failed: service vendor.audio-hal-4-0-msd not found
[  612.729731] init: Command 'start vendor.audio-hal-2-0' action=init.svc.audioserver=running (/system/etc/init/audioserver.rc:36) took 1ms and failed: service vendor.audio-hal-2-0 not found
[  612.747143] init: Command 'start audio-hal-2-0' action=init.svc.audioserver=running (/system/etc/init/audioserver.rc:37) took 0ms and failed: service audio-hal-2-0 not found
[  612.781519] init: processing action (init.svc.media=*) from (/system/etc/init/mediaserver.rc:1)
[  612.904585] init: Command 'setprop init.svc.mediadrm ${init.svc.media}' action=init.svc.media=* (/system/etc/init/mediaserver.rc:2) took 116ms and succeeded
[  612.936399] init: processing action (sys.init.updatable_crashing=1) from (/system/etc/init/flags_health_check.rc:10)
[  613.052523] init: starting service 'exec 46 (/system/bin/flags_health_check UPDATABLE_CRASHING)'...
[  613.651115] init: SVC_EXEC service 'exec 46 (/system/bin/flags_health_check UPDATABLE_CRASHING)' pid 1517 (uid 1000 gid 1000+0 context default) started; waiting...
[  613.674379] init: Command 'exec - system system -- /system/bin/flags_health_check UPDATABLE_CRASHING' action=sys.init.updatable_crashing=1 (/system/etc/init/flags_health_check.rc:11) took 717ms and succeeded
