INFO         | Feature 'RefCountPipe' (61) is overridden to 'disabled'
INFO         | Guest Driver: Auto (ext controls)
INFO         | emuglConfig_init: vulkan_mode_selected:host gles_mode_selected:host
INFO         | emuglConfig_get_vulkan_hardware_gpu_support_info: Found physical GPU 'NVIDIA GeForce RTX 2060', type: VK_PHYSICAL_DEVICE_TYPE_DISCRETE_GPU, apiVersion: 1.4.303, driverVersion: 576.80

INFO         | Initializing gfxstream backend
INFO         | startOpenglesRendererImpl: gpu info
INFO         | GPU #1
  Make: 10de
  Model: NVIDIA GeForce RTX 2060
  Device ID: 1f08

INFO         | Disabling implicit Vulkan layers to avoid compatibility issues. Set VK_LOADER_LAYERS_DISABLE manually to disable this behavior.
INFO         | SharedLibrary::open for [C:\Android\Sdk\emulator\qemu\windows-x86_64\lib64\vulkan\vulkan-1.dll]
INFO         | SharedLibrary::open for [C:\Android\Sdk\emulator\qemu\windows-x86_64\lib64\vulkan\vulkan-1.dll]
INFO         | SharedLibrary::open for [vulkan-1.dll]
INFO         | Added library: vulkan-1.dll
INFO         | Selecting Vulkan device: NVIDIA GeForce RTX 2060, Version: 1.4.303
INFO         | Using Vulkan externalMemoryMode: OpaqueWin32 for VkEmulation
INFO         | Initializing VkEmulation features:
INFO         |     glInteropSupported: true
INFO         |     useDeferredCommands: true
INFO         |     createResourceWithRequirements: true
INFO         |     useVulkanComposition: false
INFO         |     useVulkanNativeSwapchain: false
INFO         |     enable guestRenderDoc: false
INFO         |     ASTC LDR emulation mode: Gpu
INFO         |     enable ETC2 emulation: true
INFO         |     enable Ycbcr emulation: false
INFO         |     guestVulkanOnly: false
INFO         |     useDedicatedAllocations: false
INFO         |     guestVulkanMaxApiVersion: 1.3.0
INFO         |     enableProtectedMemoryEmulation: false
INFO         | Graphics Adapter Vendor Google (NVIDIA Corporation)
INFO         | Graphics Adapter Android Emulator OpenGL ES Translator (NVIDIA GeForce RTX 2060/PCIe/SSE2)
INFO         | Graphics API Version OpenGL ES 3.0 (4.5.0 NVIDIA 576.80)
INFO         | Graphics API Extensions GL_OES_EGL_sync GL_OES_EGL_image GL_OES_EGL_image_external GL_OES_depth24 GL_OES_depth32 GL_OES_element_index_uint GL_OES_texture_float GL_OES_texture_float_linear GL_OES_compressed_paletted_texture GL_OES_compressed_ETC1_RGB8_texture GL_OES_depth_texture GL_OES_texture_half_float GL_OES_texture_half_float_linear GL_OES_packed_depth_stencil GL_OES_vertex_half_float GL_OES_texture_npot GL_OES_rgb8_rgba8 GL_OVR_multiview2 GL_EXT_multiview_texture_multisample GL_EXT_color_buffer_float GL_EXT_color_buffer_half_float GL_EXT_texture_format_BGRA8888 GL_APPLE_texture_format_BGRA8888 GL_EXT_texture_buffer 
INFO         | Graphics Device Extensions N/A
INFO         | Disabling sparse binding feature support
INFO         | Feature 'GLAsyncSwap' (50) is overridden to 'disabled'
[    0.000000] Booting Linux on physical CPU 0x0000000000 [0x411fd070]
[    0.000000] Linux version 5.4.249-android11-2-00004-g212a7aaded26-ab10688362 (build-user@build-host) (Android (7284624, based on r416183b) clang version 12.0.5 (https://android.googlesource.com/toolchain/llvm-project c935d99d7cf2016289302412d708641d52d2f7ee), LLD 12.0.5 (/buildbot/src/android/llvm-toolchain/out/llvm-project/lld c935d99d7cf2016289302412d708641d52d2f7ee)) #1 SMP PREEMPT Mon Aug 21 12:17:45 UTC 2023
[    0.000000] Machine model: linux,ranchu
[    0.000000] printk: debug: skip boot console de-registration.
[    0.000000] efi: Getting EFI parameters from FDT:
[    0.000000] efi: UEFI not found.
[    0.000000] cma: Reserved 16 MiB at 0x00000000ff000000
[    0.000000] psci: probing for conduit method from DT.
[    0.000000] psci: PSCIv0.2 detected in firmware.
[    0.000000] psci: Using standard PSCI v0.2 function IDs
[    0.000000] psci: Trusted OS migration not required
[    0.000000] percpu: Embedded 32 pages/cpu s90264 r8192 d32616 u131072
[    0.000000] Detected PIPT I-cache on CPU0
[    0.000000] CPU features: detected: ARM erratum 832075
[    0.000000] CPU features: detected: EL2 vector hardening
[    0.000000] ARM_SMCCC_ARCH_WORKAROUND_1 missing from firmware
[    0.000000] CPU features: detected: Spectre-BHB
[    0.000000] CPU features: detected: ARM erratum 1742098
[    0.000000] Built 1 zonelists, mobility grouping on.  Total pages: 1032192
[    0.000000] Kernel command line: 8250.nr_uarts=1 no_timer_check console=ttyAMA0,38400 keep_bootcon earlyprintk=ttyAMA0 loop.max_part=7 printk.devkmsg=on android.qemud=1 androidboot.boot_devices=a003600.virtio_mmio androidboot.logical_partitions=1 androidboot.hardware=ranchu androidboot.serialno=WARBOTARM64 androidboot.vbmeta.digest=15e6b2e26d1523b6c38c0a60d5ac8f8cf547364c343d16e58338814e45faa6a8 androidboot.vbmeta.hash_alg=sha256 androidboot.vbmeta.size=6720 qemu=1 androidboot.qemu=1 qemu.encrypt=1 qemu.gles=1 qemu.media.ccodec=0 qemu.gltransport=pipe qemu.opengles.version=131072 qemu.skin=1060x2376 qemu.virtiowifi=0 qemu.vsync=60
[    0.000000] Dentry cache hash table entries: 524288 (order: 10, 4194304 bytes, linear)
[    0.000000] Inode-cache hash table entries: 262144 (order: 9, 2097152 bytes, linear)
[    0.000000] mem auto-init: stack:all(zero), heap alloc:on, heap free:off
[    0.000000] software IO TLB: mapped [mem 0xfb000000-0xff000000] (64MB)
[    0.000000] Memory: 4003180K/4194304K available (14164K kernel code, 1192K rwdata, 9688K rodata, 1216K init, 552K bss, 174740K reserved, 16384K cma-reserved)
[    0.000000] SLUB: HWalign=64, Order=0-3, MinObjects=0, CPUs=1, Nodes=1
[    0.000000] rcu: Preemptible hierarchical RCU implementation.
[    0.000000] rcu: 	RCU dyntick-idle grace-period acceleration is enabled.
[    0.000000] rcu: 	RCU restricting CPUs from NR_CPUS=32 to nr_cpu_ids=1.
[    0.000000] 	Tasks RCU enabled.
[    0.000000] rcu: RCU calculated value of scheduler-enlistment delay is 25 jiffies.
[    0.000000] rcu: Adjusting geometry for rcu_fanout_leaf=16, nr_cpu_ids=1
[    0.000000] NR_IRQS: 64, nr_irqs: 64, preallocated irqs: 0
[    0.000000] GICv2m: range[mem 0x08020000-0x08020fff], SPI[96:159]
[    0.000000] rcu: 	Offload RCU callbacks from CPUs: (none).
[    0.000000] arch_timer: cp15 timer(s) running at 62.50MHz (virt).
[    0.000000] clocksource: arch_sys_counter: mask: 0xffffffffffffff max_cycles: 0x1cd42e208c, max_idle_ns: 881590405314 ns
[    0.000052] sched_clock: 56 bits at 62MHz, resolution 16ns, wraps every 4398046511096ns
[    0.006565] Calibrating delay loop (skipped), value calculated using timer frequency.. 125.00 BogoMIPS (lpj=250000)
[    0.006730] pid_max: default: 32768 minimum: 301
[    0.008084] LSM: Security Framework initializing
[    0.008988] SELinux:  Initializing.
[    0.010300] Mount-cache hash table entries: 8192 (order: 4, 65536 bytes, linear)
[    0.010369] Mountpoint-cache hash table entries: 8192 (order: 4, 65536 bytes, linear)
[    0.043144] ASID allocator initialised with 32768 entries
[    0.044621] rcu: Hierarchical SRCU implementation.
[    0.047237] dynamic_debug:dynamic_debug_init: Ignore empty _ddebug table in a CONFIG_DYNAMIC_DEBUG_CORE build
[    0.047886] EFI services will not be available.
[    0.051188] smp: Bringing up secondary CPUs ...
[    0.051336] smp: Brought up 1 node, 1 CPU
[    0.051381] SMP: Total of 1 processors activated.
[    0.051510] CPU features: detected: 32-bit EL0 Support
[    0.051607] CPU features: detected: CRC32 instructions
[    0.698407] CPU features: emulated: Privileged Access Never (PAN) using TTBR0_EL1 switching
[    0.698623] CPU: All CPU(s) started at EL1
[    0.698883] alternatives: patching kernel code
[    0.702163] CPU0: update max cpu_capacity 1024
[    0.722796] Registered cp15_barrier emulation handler
[    0.722944] Registered setend emulation handler
[    0.725505] clocksource: jiffies: mask: 0xffffffff max_cycles: 0xffffffff, max_idle_ns: 7645041785100000 ns
[    0.725713] futex hash table entries: 256 (order: 2, 16384 bytes, linear)
[    0.730428] pinctrl core: initialized pinctrl subsystem
[    0.732821] regulator: Failed to create debugfs directory
[    0.737061] regulator-dummy: Failed to create debugfs directory
[    0.742346] NET: Registered protocol family 16
[    0.750001] DMA: preallocated 256 KiB pool for atomic allocations
[    0.750277] audit: initializing netlink subsys (disabled)
[    0.757167] audit: type=2000 audit(0.616:1): state=initialized audit_enabled=0 res=1
[    0.757568] cpuidle: using governor menu
[    0.759328] hw-breakpoint: found 6 breakpoint and 4 watchpoint registers.
[    0.760702] Serial: AMBA PL011 UART driver
[    0.810794] 9000000.pl011: ttyAMA0 at MMIO 0x9000000 (irq = 44, base_baud = 0) is a PL011 rev1
[    0.829891] printk: console [ttyAMA0] enabled
[    0.896215] cryptomgr_test (21) used greatest stack depth: 15120 bytes left
[    0.909148] cryptomgr_test (21): highest shadow stack usage: 112 bytes
[    0.910252] cryptd: max_cpu_qlen set to 1000
[    0.934259] cryptomgr_test (63) used greatest stack depth: 14976 bytes left
[    0.947039] iommu: Default domain type: Translated 
[    0.953486] SCSI subsystem initialized
[    0.954794] usbcore: registered new interface driver usbfs
[    0.955364] usbcore: registered new interface driver hub
[    0.955775] usbcore: registered new device driver usb
[    0.958279] mc: Linux media interface: v0.10
[    0.958784] videodev: Linux video capture interface: v2.00
[    0.959441] EDAC MC: Ver: 3.0.0
[    0.971771] Advanced Linux Sound Architecture Driver Initialized.
[    0.979927] Bluetooth: Core ver 2.22
[    0.980286] NET: Registered protocol family 31
[    0.980456] Bluetooth: HCI device and connection manager initialized
[    0.980845] Bluetooth: HCI socket layer initialized
[    0.981086] Bluetooth: L2CAP socket layer initialized
[    0.981364] Bluetooth: SCO socket layer initialized
[    0.987070] clocksource: Switched to clocksource arch_sys_counter
[    1.307796] VFS: Disk quotas dquot_6.6.0
[    1.308281] VFS: Dquot-cache hash table entries: 512 (order 0, 4096 bytes)
[    1.311248] thermal_sys: Registered thermal governor 'step_wise'
[    1.311305] thermal_sys: Registered thermal governor 'user_space'
[    1.311586] thermal_sys: Registered thermal governor 'power_allocator'
[    1.313918] NET: Registered protocol family 2
[    1.316123] IP idents hash table entries: 65536 (order: 7, 524288 bytes, linear)
[    1.323135] tcp_listen_portaddr_hash hash table entries: 2048 (order: 3, 32768 bytes, linear)
[    1.324468] TCP established hash table entries: 32768 (order: 6, 262144 bytes, linear)
[    1.325317] TCP bind hash table entries: 32768 (order: 7, 524288 bytes, linear)
[    1.325914] TCP: Hash tables configured (established 32768 bind 32768)
[    1.327346] UDP hash table entries: 2048 (order: 4, 65536 bytes, linear)
[    1.327812] UDP-Lite hash table entries: 2048 (order: 4, 65536 bytes, linear)
[    1.329388] NET: Registered protocol family 1
[    1.331913] NET: Registered protocol family 44
[    1.332911] PCI: CLS 0 bytes, default 64
[    1.345770] Trying to unpack rootfs image as initramfs...
[    1.489826] Freeing initrd memory: 1620K
[    1.494168] hw perfevents: enabled with armv8_pmuv3 PMU driver, 1 counters available
[    1.513497] Initialise system trusted keyrings
[    1.515122] workingset: timestamp_bits=46 max_order=20 bucket_order=0
[    1.560685] fuse: init (API version 7.31)
[    1.585210] Key type asymmetric registered
[    1.585515] Asymmetric key parser 'x509' registered
[    1.586098] Block layer SCSI generic (bsg) driver version 0.4 loaded (major 244)
[    1.586476] io scheduler mq-deadline registered
[    1.586725] io scheduler kyber registered
[    1.593586] pl061_gpio 9030000.pl061: PL061 GPIO chip registered
[    1.595390] pci-host-generic 3f000000.pcie: host bridge /pcie@10000000 ranges:
[    1.596000] pci-host-generic 3f000000.pcie:    IO 0x3eff0000..0x3effffff -> 0x00000000
[    1.597145] pci-host-generic 3f000000.pcie:   MEM 0x10000000..0x3efeffff -> 0x10000000
[    1.597534] pci-host-generic 3f000000.pcie:   MEM 0x8000000000..0xffffffffff -> 0x8000000000
[    1.598488] pci-host-generic 3f000000.pcie: ECAM at [mem 0x3f000000-0x3fffffff] for [bus 00-0f]
[    1.599771] pci-host-generic 3f000000.pcie: PCI host bridge to bus 0000:00
[    1.600158] pci_bus 0000:00: root bus resource [bus 00-0f]
[    1.600728] pci_bus 0000:00: root bus resource [io  0x0000-0xffff]
[    1.600964] pci_bus 0000:00: root bus resource [mem 0x10000000-0x3efeffff]
[    1.601208] pci_bus 0000:00: root bus resource [mem 0x8000000000-0xffffffffff]
[    1.602272] pci 0000:00:00.0: [1b36:0008] type 00 class 0x060000
[    1.605877] pci 0000:00:0b.0: [607d:f153] type 00 class 0x00ff00
[    1.606370] pci 0000:00:0b.0: reg 0x10: [mem 0x00000000-0x00000fff]
[    1.606698] pci 0000:00:0b.0: reg 0x14: [mem 0x00000000-0x3ffffffff 64bit]
[    1.609917] pci 0000:00:0b.0: BAR 1: assigned [mem 0x8000000000-0x83ffffffff 64bit]
[    1.610417] pci 0000:00:0b.0: BAR 0: assigned [mem 0x10000000-0x10000fff]
[    1.617393] Serial: 8250/16550 driver, 1 ports, IRQ sharing disabled
[    1.625586] cacheinfo: Unable to detect cache hierarchy for CPU 0
[    1.668309] brd: module loaded
[    1.714592] loop: module loaded
[    1.717190] zram: Added device: zram0
[    1.723874] tun: Universal TUN/TAP device driver, 1.6
[    1.724766] PPP generic driver version 2.4.2
[    1.725486] PPP BSD Compression module registered
[    1.725721] PPP Deflate Compression module registered
[    1.726053] PPP MPPE Compression module registered
[    1.726258] NET: Registered protocol family 24
[    1.726446] PPTP driver version 0.8.5
[    1.727398] usbcore: registered new interface driver r8152
[    1.727771] usbcore: registered new interface driver asix
[    1.728112] usbcore: registered new interface driver ax88179_178a
[    1.728591] usbcore: registered new interface driver cdc_ether
[    1.729009] ehci_hcd: USB 2.0 'Enhanced' Host Controller (EHCI) Driver
[    1.729311] ehci-pci: EHCI PCI platform driver
[    1.729661] ehci-platform: EHCI generic platform driver
[    1.730902] usbcore: registered new interface driver uas
[    1.731472] usbcore: registered new interface driver usb-storage
[    1.733870] dummy_hcd dummy_hcd.0: USB Host+Gadget Emulator, driver 02 May 2005
[    1.734480] dummy_hcd dummy_hcd.0: Dummy host controller
[    1.734863] dummy_hcd dummy_hcd.0: new USB bus registered, assigned bus number 1
[    1.742170] hub 1-0:1.0: USB hub found
[    1.742811] hub 1-0:1.0: 1 port detected
[    1.752066] usbcore: registered new interface driver xpad
[    1.755889] rtc-pl031 9010000.pl031: registered as rtc0
[    1.757391] rtc-pl031 9010000.pl031: setting system clock to 2026-09-27T21:19:23 UTC (1790543963)
[    1.759141] uvcvideo: Unable to create debugfs directory
[    1.759806] usbcore: registered new interface driver uvcvideo
[    1.760137] USB Video Class driver (1.1.1)
[    1.760401] gspca_main: v2.14.0 registered
[    1.762196] device-mapper: uevent: version 1.0.3
[    1.764549] device-mapper: ioctl: 4.41.0-ioctl (2019-09-16) initialised: dm-devel@redhat.com
[    1.767626] Bluetooth: HCI UART driver ver 2.3
[    1.767923] Bluetooth: HCI UART protocol H4 registered
[    1.768245] Bluetooth: HCI UART protocol LL registered
[    1.768930] Bluetooth: HCI UART protocol Broadcom registered
[    1.769234] Bluetooth: HCI UART protocol QCA registered
[    1.770422] sdhci: Secure Digital Host Controller Interface driver
[    1.770656] sdhci: Copyright(c) Pierre Ossman
[    1.770826] sdhci-pltfm: SDHCI platform and OF driver helper
[    1.772038] hidraw: raw HID events driver (C) Jiri Kosina
[    1.777849] usbcore: registered new interface driver usbhid
[    1.778098] usbhid: USB HID core driver
[    1.779216] ashmem: initialized
[    1.782297] gnss: GNSS driver registered with major 237
[    1.784567] usbcore: registered new interface driver snd-usb-audio
[    1.786799] u32 classifier
[    1.786971]     input device check on
[    1.787152]     Actions configured
[    1.797035] xt_time: kernel timezone is -0000
[    1.797765] ipip: IPv4 and MPLS over IPv4 tunneling driver
[    1.800887] gre: GRE over IPv4 demultiplexor driver
[    1.801137] ip_gre: GRE over IPv4 tunneling driver
[    1.806038] IPv4 over IPsec tunneling driver
[    1.813922] Initializing XFRM netlink socket
[    1.814761] IPsec XFRM device driver
[    1.818986] NET: Registered protocol family 10
[    1.830596] Segment Routing with IPv6
[    1.832586] mip6: Mobile IPv6
[    1.837844] sit: IPv6, IPv4 and MPLS over IPv4 tunneling driver
[    1.845107] ip6_gre: GRE over IPv6 tunneling driver
[    1.848078] NET: Registered protocol family 17
[    1.848667] NET: Registered protocol family 15
[    1.850319] Bluetooth: RFCOMM TTY layer initialized
[    1.850898] Bluetooth: RFCOMM socket layer initialized
[    1.851222] Bluetooth: RFCOMM ver 1.11
[    1.851494] Bluetooth: HIDP (Human Interface Emulation) ver 1.2
[    1.851869] Bluetooth: HIDP socket layer initialized
[    1.853972] l2tp_core: L2TP core driver, V2.0
[    1.854281] l2tp_ppp: PPPoL2TP kernel driver, V2.0
[    1.854488] tipc: Activated (version 2.0.0)
[    1.856096] NET: Registered protocol family 30
[    1.858636] tipc: Started in single node mode
[    1.860654] registered taskstats version 1
[    1.860848] Loading compiled-in X.509 certificates
[    1.861576] Key type ._fscrypt registered
[    1.861743] Key type .fscrypt registered
[    1.861892] Key type fscrypt-provisioning registered
[    1.865231] Failed to find error inject entry at (____ptrval____)
[    1.865497] Failed to find error inject entry at (____ptrval____)
[    1.865705] Failed to find error inject entry at (____ptrval____)
[    1.865910] Failed to find error inject entry at (____ptrval____)
[    1.866153] Failed to find error inject entry at (____ptrval____)
[    1.866362] Failed to find error inject entry at (____ptrval____)
[    1.866566] Failed to find error inject entry at (____ptrval____)
[    1.866772] Failed to find error inject entry at (____ptrval____)
[    1.866981] Failed to find error inject entry at (____ptrval____)
[    1.867187] Failed to find error inject entry at (____ptrval____)
[    1.867390] Failed to find error inject entry at (____ptrval____)
[    1.867596] Failed to find error inject entry at (____ptrval____)
[    1.867804] Failed to find error inject entry at (____ptrval____)
[    1.868038] Failed to find error inject entry at (____ptrval____)
[    1.868539] Failed to find error inject entry at (____ptrval____)
[    1.868745] Failed to find error inject entry at (____ptrval____)
[    1.868956] Failed to find error inject entry at (____ptrval____)
[    1.869163] Failed to find error inject entry at (____ptrval____)
[    1.869368] Failed to find error inject entry at (____ptrval____)
[    1.869574] Failed to find error inject entry at (____ptrval____)
[    1.869779] Failed to find error inject entry at (____ptrval____)
[    1.870002] Failed to find error inject entry at (____ptrval____)
[    1.870209] Failed to find error inject entry at (____ptrval____)
[    1.870412] Failed to find error inject entry at (____ptrval____)
[    1.870616] Failed to find error inject entry at (____ptrval____)
[    1.870820] Failed to find error inject entry at (____ptrval____)
[    1.871029] Failed to find error inject entry at (____ptrval____)
[    1.871234] Failed to find error inject entry at (____ptrval____)
[    1.871436] Failed to find error inject entry at (____ptrval____)
[    1.871639] Failed to find error inject entry at (____ptrval____)
[    1.871845] Failed to find error inject entry at (____ptrval____)
[    1.872142] Failed to find error inject entry at (____ptrval____)
[    1.872360] Failed to find error inject entry at (____ptrval____)
[    1.872754] Failed to find error inject entry at (____ptrval____)
[    1.873731] Failed to find error inject entry at (____ptrval____)
[    1.873986] Failed to find error inject entry at (____ptrval____)
[    1.874196] Failed to find error inject entry at (____ptrval____)
[    1.874401] Failed to find error inject entry at (____ptrval____)
[    1.874700] Failed to find error inject entry at (____ptrval____)
[    1.875049] Failed to find error inject entry at (____ptrval____)
[    1.875258] Failed to find error inject entry at (____ptrval____)
[    1.875464] Failed to find error inject entry at (____ptrval____)
[    1.875671] Failed to find error inject entry at (____ptrval____)
[    1.875930] Failed to find error inject entry at (____ptrval____)
[    1.876140] Failed to find error inject entry at (____ptrval____)
[    1.876347] Failed to find error inject entry at (____ptrval____)
[    1.876554] Failed to find error inject entry at (____ptrval____)
[    1.876823] Failed to find error inject entry at (____ptrval____)
[    1.877047] Failed to find error inject entry at (____ptrval____)
[    1.877256] Failed to find error inject entry at (____ptrval____)
[    1.877847] Failed to find error inject entry at (____ptrval____)
[    1.878081] Failed to find error inject entry at (____ptrval____)
[    1.878286] Failed to find error inject entry at (____ptrval____)
[    1.878490] Failed to find error inject entry at (____ptrval____)
[    1.878698] Failed to find error inject entry at (____ptrval____)
[    1.878913] Failed to find error inject entry at (____ptrval____)
[    1.879117] Failed to find error inject entry at (____ptrval____)
[    1.879320] Failed to find error inject entry at (____ptrval____)
[    1.879524] Failed to find error inject entry at (____ptrval____)
[    1.879754] Failed to find error inject entry at (____ptrval____)
[    1.880049] Failed to find error inject entry at (____ptrval____)
[    1.880260] Failed to find error inject entry at (____ptrval____)
[    1.880462] Failed to find error inject entry at (____ptrval____)
[    1.880672] Failed to find error inject entry at (____ptrval____)
[    1.880928] Failed to find error inject entry at (____ptrval____)
[    1.881137] Failed to find error inject entry at (____ptrval____)
[    1.881343] Failed to find error inject entry at (____ptrval____)
[    1.881686] Failed to find error inject entry at (____ptrval____)
[    1.881911] Failed to find error inject entry at (____ptrval____)
[    1.882118] Failed to find error inject entry at (____ptrval____)
[    1.882322] Failed to find error inject entry at (____ptrval____)
[    1.882525] Failed to find error inject entry at (____ptrval____)
[    1.882804] Failed to find error inject entry at (____ptrval____)
[    1.883015] Failed to find error inject entry at (____ptrval____)
[    1.883221] Failed to find error inject entry at (____ptrval____)
[    1.883425] Failed to find error inject entry at (____ptrval____)
[    1.883634] Failed to find error inject entry at (____ptrval____)
[    1.883846] Failed to find error inject entry at (____ptrval____)
[    1.884050] Failed to find error inject entry at (____ptrval____)
[    1.884278] Failed to find error inject entry at (____ptrval____)
[    1.884636] Failed to find error inject entry at (____ptrval____)
[    1.884844] Failed to find error inject entry at (____ptrval____)
[    1.885048] Failed to find error inject entry at (____ptrval____)
[    1.885252] Failed to find error inject entry at (____ptrval____)
[    1.885454] Failed to find error inject entry at (____ptrval____)
[    1.885665] Failed to find error inject entry at (____ptrval____)
[    1.885875] Failed to find error inject entry at (____ptrval____)
[    1.886078] Failed to find error inject entry at (____ptrval____)
[    1.886282] Failed to find error inject entry at (____ptrval____)
[    1.886490] Failed to find error inject entry at (____ptrval____)
[    1.886699] Failed to find error inject entry at (____ptrval____)
[    1.886902] Failed to find error inject entry at (____ptrval____)
[    1.887174] Failed to find error inject entry at (____ptrval____)
[    1.887385] Failed to find error inject entry at (____ptrval____)
[    1.887877] Failed to find error inject entry at (____ptrval____)
[    1.888113] Failed to find error inject entry at (____ptrval____)
[    1.888316] Failed to find error inject entry at (____ptrval____)
[    1.888585] Failed to find error inject entry at (____ptrval____)
[    1.888807] Failed to find error inject entry at (____ptrval____)
[    1.889014] Failed to find error inject entry at (____ptrval____)
[    1.889252] Failed to find error inject entry at (____ptrval____)
[    1.889480] Failed to find error inject entry at (____ptrval____)
[    1.889708] Failed to find error inject entry at (____ptrval____)
[    1.889912] Failed to find error inject entry at (____ptrval____)
[    1.890113] Failed to find error inject entry at (____ptrval____)
[    1.890315] Failed to find error inject entry at (____ptrval____)
[    1.890539] Failed to find error inject entry at (____ptrval____)
[    1.890745] Failed to find error inject entry at (____ptrval____)
[    1.890948] Failed to find error inject entry at (____ptrval____)
[    1.891151] Failed to find error inject entry at (____ptrval____)
[    1.891353] Failed to find error inject entry at (____ptrval____)
[    1.891867] Failed to find error inject entry at (____ptrval____)
[    1.892122] Failed to find error inject entry at (____ptrval____)
[    1.892328] Failed to find error inject entry at (____ptrval____)
[    1.892535] Failed to find error inject entry at (____ptrval____)
[    1.892737] Failed to find error inject entry at (____ptrval____)
[    1.893039] Failed to find error inject entry at (____ptrval____)
[    1.893282] Failed to find error inject entry at (____ptrval____)
[    1.893518] Failed to find error inject entry at (____ptrval____)
[    1.893752] Failed to find error inject entry at (____ptrval____)
[    1.894027] Failed to find error inject entry at (____ptrval____)
[    1.894264] Failed to find error inject entry at (____ptrval____)
[    1.894498] Failed to find error inject entry at (____ptrval____)
[    1.894730] Failed to find error inject entry at (____ptrval____)
[    1.894970] Failed to find error inject entry at (____ptrval____)
[    1.895205] Failed to find error inject entry at (____ptrval____)
[    1.895438] Failed to find error inject entry at (____ptrval____)
[    1.895671] Failed to find error inject entry at (____ptrval____)
[    1.896069] Failed to find error inject entry at (____ptrval____)
[    1.896281] Failed to find error inject entry at (____ptrval____)
[    1.896484] Failed to find error inject entry at (____ptrval____)
[    1.896687] Failed to find error inject entry at (____ptrval____)
[    1.896895] Failed to find error inject entry at (____ptrval____)
[    1.897099] Failed to find error inject entry at (____ptrval____)
[    1.897303] Failed to find error inject entry at (____ptrval____)
[    1.897508] Failed to find error inject entry at (____ptrval____)
[    1.897712] Failed to find error inject entry at (____ptrval____)
[    1.897920] Failed to find error inject entry at (____ptrval____)
[    1.898124] Failed to find error inject entry at (____ptrval____)
[    1.898327] Failed to find error inject entry at (____ptrval____)
[    1.898529] Failed to find error inject entry at (____ptrval____)
[    1.898732] Failed to find error inject entry at (____ptrval____)
[    1.898938] Failed to find error inject entry at (____ptrval____)
[    1.899144] Failed to find error inject entry at (____ptrval____)
[    1.899347] Failed to find error inject entry at (____ptrval____)
[    1.899549] Failed to find error inject entry at (____ptrval____)
[    1.899782] Failed to find error inject entry at (____ptrval____)
[    1.900103] Failed to find error inject entry at (____ptrval____)
[    1.900328] Failed to find error inject entry at (____ptrval____)
[    1.900538] Failed to find error inject entry at (____ptrval____)
[    1.900744] Failed to find error inject entry at (____ptrval____)
[    1.900947] Failed to find error inject entry at (____ptrval____)
[    1.901152] Failed to find error inject entry at (____ptrval____)
[    1.901361] Failed to find error inject entry at (____ptrval____)
[    1.901566] Failed to find error inject entry at (____ptrval____)
[    1.901769] Failed to find error inject entry at (____ptrval____)
[    1.901985] Failed to find error inject entry at (____ptrval____)
[    1.902190] Failed to find error inject entry at (____ptrval____)
[    1.902403] Failed to find error inject entry at (____ptrval____)
[    1.902608] Failed to find error inject entry at (____ptrval____)
[    1.902813] Failed to find error inject entry at (____ptrval____)
[    1.903018] Failed to find error inject entry at (____ptrval____)
[    1.903290] Failed to find error inject entry at (____ptrval____)
[    1.903683] Failed to find error inject entry at (____ptrval____)
[    1.903899] Failed to find error inject entry at (____ptrval____)
[    1.904104] Failed to find error inject entry at (____ptrval____)
[    1.904312] Failed to find error inject entry at (____ptrval____)
[    1.904521] Failed to find error inject entry at (____ptrval____)
[    1.904728] Failed to find error inject entry at (____ptrval____)
[    1.904930] Failed to find error inject entry at (____ptrval____)
[    1.905136] Failed to find error inject entry at (____ptrval____)
[    1.905341] Failed to find error inject entry at (____ptrval____)
[    1.905543] Failed to find error inject entry at (____ptrval____)
[    1.905747] Failed to find error inject entry at (____ptrval____)
[    1.905949] Failed to find error inject entry at (____ptrval____)
[    1.906162] Failed to find error inject entry at (____ptrval____)
[    1.906477] Failed to find error inject entry at (____ptrval____)
[    1.906697] Failed to find error inject entry at (____ptrval____)
[    1.906901] Failed to find error inject entry at (____ptrval____)
[    1.907113] Failed to find error inject entry at (____ptrval____)
[    1.907319] Failed to find error inject entry at (____ptrval____)
[    1.907524] Failed to find error inject entry at (____ptrval____)
[    1.907731] Failed to find error inject entry at (____ptrval____)
[    1.907935] Failed to find error inject entry at (____ptrval____)
[    1.908195] Failed to find error inject entry at (____ptrval____)
[    1.908513] Failed to find error inject entry at (____ptrval____)
[    1.908719] Failed to find error inject entry at (____ptrval____)
[    1.908922] Failed to find error inject entry at (____ptrval____)
[    1.909139] Failed to find error inject entry at (____ptrval____)
[    1.909347] Failed to find error inject entry at (____ptrval____)
[    1.909554] Failed to find error inject entry at (____ptrval____)
[    1.909755] Failed to find error inject entry at (____ptrval____)
[    1.909954] Failed to find error inject entry at (____ptrval____)
[    1.910158] Failed to find error inject entry at (____ptrval____)
[    1.910360] Failed to find error inject entry at (____ptrval____)
[    1.910567] Failed to find error inject entry at (____ptrval____)
[    1.910769] Failed to find error inject entry at (____ptrval____)
[    1.910970] Failed to find error inject entry at (____ptrval____)
[    1.911170] Failed to find error inject entry at (____ptrval____)
[    1.911372] Failed to find error inject entry at (____ptrval____)
[    1.911613] Failed to find error inject entry at (____ptrval____)
[    1.911893] Failed to find error inject entry at (____ptrval____)
[    1.912098] Failed to find error inject entry at (____ptrval____)
[    1.912300] Failed to find error inject entry at (____ptrval____)
[    1.912507] Failed to find error inject entry at (____ptrval____)
[    1.912717] Failed to find error inject entry at (____ptrval____)
[    1.912919] Failed to find error inject entry at (____ptrval____)
[    1.913122] Failed to find error inject entry at (____ptrval____)
[    1.913323] Failed to find error inject entry at (____ptrval____)
[    1.913586] Failed to find error inject entry at (____ptrval____)
[    1.913800] Failed to find error inject entry at (____ptrval____)
[    1.914007] Failed to find error inject entry at (____ptrval____)
[    1.914232] Failed to find error inject entry at (____ptrval____)
[    1.914451] Failed to find error inject entry at (____ptrval____)
[    1.914658] Failed to find error inject entry at (____ptrval____)
[    1.914911] Failed to find error inject entry at (____ptrval____)
[    1.915130] Failed to find error inject entry at (____ptrval____)
[    1.915340] Failed to find error inject entry at (____ptrval____)
[    1.915618] Failed to find error inject entry at (____ptrval____)
[    1.915940] Failed to find error inject entry at (____ptrval____)
[    1.916153] Failed to find error inject entry at (____ptrval____)
[    1.916355] Failed to find error inject entry at (____ptrval____)
[    1.916572] Failed to find error inject entry at (____ptrval____)
[    1.916776] Failed to find error inject entry at (____ptrval____)
[    1.916984] Failed to find error inject entry at (____ptrval____)
[    1.917441] Failed to find error inject entry at (____ptrval____)
[    1.917657] Failed to find error inject entry at (____ptrval____)
[    1.917861] Failed to find error inject entry at (____ptrval____)
[    1.918064] Failed to find error inject entry at (____ptrval____)
[    1.918267] Failed to find error inject entry at (____ptrval____)
[    1.918475] Failed to find error inject entry at (____ptrval____)
[    1.918681] Failed to find error inject entry at (____ptrval____)
[    1.918884] Failed to find error inject entry at (____ptrval____)
[    1.919086] Failed to find error inject entry at (____ptrval____)
[    1.919290] Failed to find error inject entry at (____ptrval____)
[    1.919497] Failed to find error inject entry at (____ptrval____)
[    1.919702] Failed to find error inject entry at (____ptrval____)
[    1.919905] Failed to find error inject entry at (____ptrval____)
[    1.920111] Failed to find error inject entry at (____ptrval____)
[    1.920332] Failed to find error inject entry at (____ptrval____)
[    1.920594] Failed to find error inject entry at (____ptrval____)
[    1.920799] Failed to find error inject entry at (____ptrval____)
[    1.921002] Failed to find error inject entry at (____ptrval____)
[    1.921204] Failed to find error inject entry at (____ptrval____)
[    1.921410] Failed to find error inject entry at (____ptrval____)
[    1.921614] Failed to find error inject entry at (____ptrval____)
[    1.921816] Failed to find error inject entry at (____ptrval____)
[    1.922018] Failed to find error inject entry at (____ptrval____)
[    1.922220] Failed to find error inject entry at (____ptrval____)
[    1.922454] Failed to find error inject entry at (____ptrval____)
[    1.922728] Failed to find error inject entry at (____ptrval____)
[    1.922936] Failed to find error inject entry at (____ptrval____)
[    1.923140] Failed to find error inject entry at (____ptrval____)
[    1.923352] Failed to find error inject entry at (____ptrval____)
[    1.923557] Failed to find error inject entry at (____ptrval____)
[    1.923760] Failed to find error inject entry at (____ptrval____)
[    1.923963] Failed to find error inject entry at (____ptrval____)
[    1.924168] Failed to find error inject entry at (____ptrval____)
[    1.924591] Failed to find error inject entry at (____ptrval____)
[    1.924820] Failed to find error inject entry at (____ptrval____)
[    1.925025] Failed to find error inject entry at (____ptrval____)
[    1.925235] Failed to find error inject entry at (____ptrval____)
[    1.925442] Failed to find error inject entry at (____ptrval____)
[    1.925646] Failed to find error inject entry at (____ptrval____)
[    1.925851] Failed to find error inject entry at (____ptrval____)
[    1.926054] Failed to find error inject entry at (____ptrval____)
[    1.926289] Failed to find error inject entry at (____ptrval____)
[    1.926496] Failed to find error inject entry at (____ptrval____)
[    1.926700] Failed to find error inject entry at (____ptrval____)
[    1.926904] Failed to find error inject entry at (____ptrval____)
[    1.927108] Failed to find error inject entry at (____ptrval____)
[    1.927317] Failed to find error inject entry at (____ptrval____)
[    1.927521] Failed to find error inject entry at (____ptrval____)
[    1.927737] Failed to find error inject entry at (____ptrval____)
[    1.927942] Failed to find error inject entry at (____ptrval____)
[    1.928153] Failed to find error inject entry at (____ptrval____)
[    1.928357] Failed to find error inject entry at (____ptrval____)
[    1.928639] Failed to find error inject entry at (____ptrval____)
[    1.928853] Failed to find error inject entry at (____ptrval____)
[    1.929058] Failed to find error inject entry at (____ptrval____)
[    1.929356] Failed to find error inject entry at (____ptrval____)
[    1.929574] Failed to find error inject entry at (____ptrval____)
[    1.929784] Failed to find error inject entry at (____ptrval____)
[    1.929992] Failed to find error inject entry at (____ptrval____)
[    1.930229] Failed to find error inject entry at (____ptrval____)
[    1.930438] Failed to find error inject entry at (____ptrval____)
[    1.930645] Failed to find error inject entry at (____ptrval____)
[    1.931029] Failed to find error inject entry at (____ptrval____)
[    1.931289] Failed to find error inject entry at (____ptrval____)
[    1.931527] Failed to find error inject entry at (____ptrval____)
[    1.931761] Failed to find error inject entry at (____ptrval____)
[    1.931995] Failed to find error inject entry at (____ptrval____)
[    1.932247] Failed to find error inject entry at (____ptrval____)
[    1.932589] Failed to find error inject entry at (____ptrval____)
[    1.932805] Failed to find error inject entry at (____ptrval____)
[    1.933017] Failed to find error inject entry at (____ptrval____)
[    1.933222] Failed to find error inject entry at (____ptrval____)
[    1.933425] Failed to find error inject entry at (____ptrval____)
[    1.933628] Failed to find error inject entry at (____ptrval____)
[    1.933833] Failed to find error inject entry at (____ptrval____)
[    1.934041] Failed to find error inject entry at (____ptrval____)
[    1.934245] Failed to find error inject entry at (____ptrval____)
[    1.934450] Failed to find error inject entry at (____ptrval____)
[    1.934654] Failed to find error inject entry at (____ptrval____)
[    1.934857] Failed to find error inject entry at (____ptrval____)
[    1.935123] Failed to find error inject entry at (____ptrval____)
[    1.935330] Failed to find error inject entry at (____ptrval____)
[    1.935533] Failed to find error inject entry at (____ptrval____)
[    1.935736] Failed to find error inject entry at (____ptrval____)
[    1.935950] Failed to find error inject entry at (____ptrval____)
[    1.936300] Failed to find error inject entry at (____ptrval____)
[    1.936508] Failed to find error inject entry at (____ptrval____)
[    1.936712] Failed to find error inject entry at (____ptrval____)
[    1.936919] Failed to find error inject entry at (____ptrval____)
[    1.937123] Failed to find error inject entry at (____ptrval____)
[    1.937332] Failed to find error inject entry at (____ptrval____)
[    1.937537] Failed to find error inject entry at (____ptrval____)
[    1.937741] Failed to find error inject entry at (____ptrval____)
[    1.937948] Failed to find error inject entry at (____ptrval____)
[    1.938152] Failed to find error inject entry at (____ptrval____)
[    1.938356] Failed to find error inject entry at (____ptrval____)
[    1.938577] Failed to find error inject entry at (____ptrval____)
[    1.938780] Failed to find error inject entry at (____ptrval____)
[    1.938983] Failed to find error inject entry at (____ptrval____)
[    1.939186] Failed to find error inject entry at (____ptrval____)
[    1.939390] Failed to find error inject entry at (____ptrval____)
[    1.939806] Failed to find error inject entry at (____ptrval____)
[    1.940029] Failed to find error inject entry at (____ptrval____)
[    1.940234] Failed to find error inject entry at (____ptrval____)
[    1.940442] Failed to find error inject entry at (____ptrval____)
[    1.940675] Failed to find error inject entry at (____ptrval____)
[    1.940885] Failed to find error inject entry at (____ptrval____)
[    1.941104] Failed to find error inject entry at (____ptrval____)
[    1.941311] Failed to find error inject entry at (____ptrval____)
[    1.941522] Failed to find error inject entry at (____ptrval____)
[    1.941728] Failed to find error inject entry at (____ptrval____)
[    1.941932] Failed to find error inject entry at (____ptrval____)
[    1.942137] Failed to find error inject entry at (____ptrval____)
[    1.942341] Failed to find error inject entry at (____ptrval____)
[    1.942552] Failed to find error inject entry at (____ptrval____)
[    1.942765] Failed to find error inject entry at (____ptrval____)
[    1.942982] Failed to find error inject entry at (____ptrval____)
[    1.943188] Failed to find error inject entry at (____ptrval____)
[    1.943398] Failed to find error inject entry at (____ptrval____)
[    1.943605] Failed to find error inject entry at (____ptrval____)
[    1.943813] Failed to find error inject entry at (____ptrval____)
[    1.944019] Failed to find error inject entry at (____ptrval____)
[    1.944225] Failed to find error inject entry at (____ptrval____)
[    1.944606] Failed to find error inject entry at (____ptrval____)
[    1.944820] Failed to find error inject entry at (____ptrval____)
[    1.945023] Failed to find error inject entry at (____ptrval____)
[    1.945225] Failed to find error inject entry at (____ptrval____)
[    1.945499] Failed to find error inject entry at (____ptrval____)
[    1.945706] Failed to find error inject entry at (____ptrval____)
[    1.945916] Failed to find error inject entry at (____ptrval____)
[    1.946133] Failed to find error inject entry at (____ptrval____)
[    1.946337] Failed to find error inject entry at (____ptrval____)
[    1.946539] Failed to find error inject entry at (____ptrval____)
[    1.946745] Failed to find error inject entry at (____ptrval____)
[    1.946954] Failed to find error inject entry at (____ptrval____)
[    1.947158] Failed to find error inject entry at (____ptrval____)
[    1.947369] Failed to find error inject entry at (____ptrval____)
[    1.947601] Failed to find error inject entry at (____ptrval____)
[    1.947870] Failed to find error inject entry at (____ptrval____)
[    1.948464] Failed to find error inject entry at (____ptrval____)
[    1.948691] Failed to find error inject entry at (____ptrval____)
[    1.948923] Failed to find error inject entry at (____ptrval____)
[    1.949138] Failed to find error inject entry at (____ptrval____)
[    1.949493] Failed to find error inject entry at (____ptrval____)
[    1.949798] Failed to find error inject entry at (____ptrval____)
[    1.950049] Failed to find error inject entry at (____ptrval____)
[    1.950261] Failed to find error inject entry at (____ptrval____)
[    1.950467] Failed to find error inject entry at (____ptrval____)
[    1.950671] Failed to find error inject entry at (____ptrval____)
[    1.950887] Failed to find error inject entry at (____ptrval____)
[    1.951095] Failed to find error inject entry at (____ptrval____)
[    1.951301] Failed to find error inject entry at (____ptrval____)
[    1.951509] Failed to find error inject entry at (____ptrval____)
[    1.951727] Failed to find error inject entry at (____ptrval____)
[    1.951958] Failed to find error inject entry at (____ptrval____)
[    1.952354] Failed to find error inject entry at (____ptrval____)
[    1.952575] Failed to find error inject entry at (____ptrval____)
[    1.952785] Failed to find error inject entry at (____ptrval____)
[    1.952990] Failed to find error inject entry at (____ptrval____)
[    1.953194] Failed to find error inject entry at (____ptrval____)
[    1.953397] Failed to find error inject entry at (____ptrval____)
[    1.953601] Failed to find error inject entry at (____ptrval____)
[    1.953819] Failed to find error inject entry at (____ptrval____)
[    1.954024] Failed to find error inject entry at (____ptrval____)
[    1.954227] Failed to find error inject entry at (____ptrval____)
[    1.954441] Failed to find error inject entry at (____ptrval____)
[    1.954646] Failed to find error inject entry at (____ptrval____)
[    1.954908] Failed to find error inject entry at (____ptrval____)
[    1.955311] Failed to find error inject entry at (____ptrval____)
[    1.955672] Failed to find error inject entry at (____ptrval____)
[    1.956530] Failed to find error inject entry at (____ptrval____)
[    1.956925] Failed to find error inject entry at (____ptrval____)
[    1.957326] Failed to find error inject entry at (____ptrval____)
[    1.957534] Failed to find error inject entry at (____ptrval____)
[    1.957833] Failed to find error inject entry at (____ptrval____)
[    1.958043] Failed to find error inject entry at (____ptrval____)
[    1.958336] Failed to find error inject entry at (____ptrval____)
[    1.958546] Failed to find error inject entry at (____ptrval____)
[    1.958772] Failed to find error inject entry at (____ptrval____)
[    1.958978] Failed to find error inject entry at (____ptrval____)
[    1.959182] Failed to find error inject entry at (____ptrval____)
[    1.959386] Failed to find error inject entry at (____ptrval____)
[    1.959711] Failed to find error inject entry at (____ptrval____)
[    1.960190] Failed to find error inject entry at (____ptrval____)
[    1.960402] Failed to find error inject entry at (____ptrval____)
[    1.960614] Failed to find error inject entry at (____ptrval____)
[    1.960820] Failed to find error inject entry at (____ptrval____)
[    1.961024] Failed to find error inject entry at (____ptrval____)
[    1.961230] Failed to find error inject entry at (____ptrval____)
[    1.961434] Failed to find error inject entry at (____ptrval____)
[    1.961642] Failed to find error inject entry at (____ptrval____)
[    1.961849] Failed to find error inject entry at (____ptrval____)
[    1.962054] Failed to find error inject entry at (____ptrval____)
[    1.962257] Failed to find error inject entry at (____ptrval____)
[    1.962466] Failed to find error inject entry at (____ptrval____)
[    1.962676] Failed to find error inject entry at (____ptrval____)
[    1.962881] Failed to find error inject entry at (____ptrval____)
[    1.963085] Failed to find error inject entry at (____ptrval____)
[    1.963289] Failed to find error inject entry at (____ptrval____)
[    1.963498] Failed to find error inject entry at (____ptrval____)
[    1.963860] Failed to find error inject entry at (____ptrval____)
[    1.964076] Failed to find error inject entry at (____ptrval____)
[    1.964433] Failed to find error inject entry at (____ptrval____)
[    1.964697] Failed to find error inject entry at (____ptrval____)
[    1.964905] Failed to find error inject entry at (____ptrval____)
[    1.965111] Failed to find error inject entry at (____ptrval____)
[    1.965317] Failed to find error inject entry at (____ptrval____)
[    1.965528] Failed to find error inject entry at (____ptrval____)
[    1.965734] Failed to find error inject entry at (____ptrval____)
[    1.965939] Failed to find error inject entry at (____ptrval____)
[    1.966144] Failed to find error inject entry at (____ptrval____)
[    1.966350] Failed to find error inject entry at (____ptrval____)
[    1.966645] Failed to find error inject entry at (____ptrval____)
[    1.966857] Failed to find error inject entry at (____ptrval____)
[    1.967062] Failed to find error inject entry at (____ptrval____)
[    1.967269] Failed to find error inject entry at (____ptrval____)
[    1.967804] Failed to find error inject entry at (____ptrval____)
[    1.968104] Failed to find error inject entry at (____ptrval____)
[    1.968316] Failed to find error inject entry at (____ptrval____)
[    1.968526] Failed to find error inject entry at (____ptrval____)
[    1.968731] Failed to find error inject entry at (____ptrval____)
[    1.968936] Failed to find error inject entry at (____ptrval____)
[    1.969142] Failed to find error inject entry at (____ptrval____)
[    1.969347] Failed to find error inject entry at (____ptrval____)
[    1.969602] Failed to find error inject entry at (____ptrval____)
[    1.969809] Failed to find error inject entry at (____ptrval____)
[    1.977622] input: gpio-keys as /devices/platform/gpio-keys/input/input0
[    1.979600] cfg80211: Loading compiled-in X.509 certificates for regulatory database
[    1.988607] cryptomgr_probe (107) used greatest stack depth: 14376 bytes left
[    1.991221] cfg80211: Loaded X.509 cert 'sforshee: 00b28ddf47aef9cea7'
[    1.993554] platform regulatory.0: Direct firmware load for regulatory.db failed with error -2
[    1.994000] platform regulatory.0: Falling back to sysfs fallback for: regulatory.db
[    1.995186] ALSA device list:
[    1.995396]   No soundcards found.
[    1.998732] uart-pl011 9000000.pl011: no DMA platform data
[    1.999555] cryptomgr_probe (107): highest shadow stack usage: 168 bytes
[    2.230093] Freeing unused kernel memory: 1216K
[    2.232370] Run /init as init process
[    2.626006] init: init first stage started!
[    2.666729] init: Loading module /lib/modules/btintel.ko with args ""
[    2.697373] init: Loaded kernel module /lib/modules/btintel.ko
[    2.699584] init: Loading module /lib/modules/btrtl.ko with args ""
[    2.725786] init: Loaded kernel module /lib/modules/btrtl.ko
[    2.727206] init: Loading module /lib/modules/btusb.ko with args ""
[    2.753952] usbcore: registered new interface driver btusb
[    2.754912] init: Loaded kernel module /lib/modules/btusb.ko
[    2.756638] init: Loading module /lib/modules/dummy-cpufreq.ko with args ""
[    2.787708] init: Loaded kernel module /lib/modules/dummy-cpufreq.ko
[    2.789384] init: Loading module /lib/modules/failover.ko with args ""
[    2.810938] init: Loaded kernel module /lib/modules/failover.ko
[    2.812775] init: Loading module /lib/modules/goldfish_address_space.ko with args ""
[    2.813516] goldfish_address_space: loading out-of-tree module taints kernel.
[    2.840643] goldfish_address_space 0000:00:0b.0: enabling device (0000 -> 0002)
[    2.843805] init: Loaded kernel module /lib/modules/goldfish_address_space.ko
[    2.845723] init: Loading module /lib/modules/goldfish_battery.ko with args ""
[    2.875582] init: Loaded kernel module /lib/modules/goldfish_battery.ko
[    2.877053] init: Loading module /lib/modules/goldfish_pipe.ko with args ""
[    2.902320] init: Loaded kernel module /lib/modules/goldfish_pipe.ko
[    2.903501] init: Loading module /lib/modules/goldfish_sync.ko with args ""
[    2.931147] init: Loaded kernel module /lib/modules/goldfish_sync.ko
[    2.932735] init: Loading module /lib/modules/hci_vhci.ko with args ""
[    2.958998] init: Loaded kernel module /lib/modules/hci_vhci.ko
[    2.962609] init: Loading module /lib/modules/incrementalfs.ko with args ""
[    3.017201] init: Loaded kernel module /lib/modules/incrementalfs.ko
[    3.019240] init: Loading module /lib/modules/mac80211_hwsim.ko with args ""
[    3.049556] mac80211_hwsim: initializing netlink
[    3.086983] init: Loaded kernel module /lib/modules/mac80211_hwsim.ko
[    3.089638] init: Loading module /lib/modules/md-mod.ko with args ""
[    3.169740] init: Loaded kernel module /lib/modules/md-mod.ko
[    3.170993] init: Loading module /lib/modules/nd_virtio.ko with args ""
[    3.198706] init: Loaded kernel module /lib/modules/nd_virtio.ko
[    3.200930] init: Loading module /lib/modules/net_failover.ko with args ""
[    3.225362] init: Loaded kernel module /lib/modules/net_failover.ko
[    3.226519] init: Loading module /lib/modules/rtc-test.ko with args ""
[    3.270805] rtc-test rtc-test.0: registered as rtc1
[    3.298642] rtc rtc2: invalid alarm value: 18446744073704833238-04-05T10:56:39
[    3.299609] rtc-test rtc-test.1: registered as rtc2
[    3.318902] rtc rtc3: invalid alarm value: 18446744073704833238-04-05T10:56:39
[    3.319690] rtc-test rtc-test.2: registered as rtc3
[    3.320906] init: Loaded kernel module /lib/modules/rtc-test.ko
[    3.322530] init: Loading module /lib/modules/snd-hda-core.ko with args ""
[    3.351356] init: Loaded kernel module /lib/modules/snd-hda-core.ko
[    3.352826] init: Loading module /lib/modules/snd-hda-codec.ko with args ""
[    3.403411] init: Loaded kernel module /lib/modules/snd-hda-codec.ko
[    3.404829] init: Loading module /lib/modules/snd-hda-codec-generic.ko with args ""
[    3.416935] init: Loaded kernel module /lib/modules/snd-hda-codec-generic.ko
[    3.418684] init: Loading module /lib/modules/snd-hda-intel.ko with args ""
[    3.447875] init: Loaded kernel module /lib/modules/snd-hda-intel.ko
[    3.451798] init: Loading module /lib/modules/test_meminit.ko with args ""
[    3.521231] test_meminit: all 10 tests in test_pages passed
[    3.563687] test_meminit: all 40 tests in test_kvmalloc passed
[    6.258544] test_meminit: all 70 tests in test_kmemcache passed
[    6.564363] test_meminit: all 10 tests in test_rcu_persistent passed
[    6.564708] test_meminit: all 130 tests passed!
[    6.565664] init: Loaded kernel module /lib/modules/test_meminit.ko
[    6.566966] init: Loading module /lib/modules/test_stackinit.ko with args ""
[    6.594021] test_stackinit: u8_zero ok
[    6.594492] test_stackinit: u16_zero ok
[    6.594914] test_stackinit: u32_zero ok
[    6.595343] test_stackinit: u64_zero ok
[    6.595913] test_stackinit: char_array_zero ok
[    6.596237] test_stackinit: small_hole_zero ok
[    6.596588] test_stackinit: big_hole_zero ok
[    6.597114] test_stackinit: trailing_hole_zero ok
[    6.597570] test_stackinit: packed_zero ok
[    6.597987] test_stackinit: small_hole_dynamic_partial ok
[    6.598458] test_stackinit: big_hole_dynamic_partial ok
[    6.598925] test_stackinit: trailing_hole_dynamic_partial ok
[    6.599426] test_stackinit: packed_dynamic_partial ok
[    6.600101] test_stackinit: small_hole_static_partial ok
[    6.600629] test_stackinit: big_hole_static_partial ok
[    6.601068] test_stackinit: trailing_hole_static_partial ok
[    6.601535] test_stackinit: packed_static_partial ok
[    6.601974] test_stackinit: small_hole_static_all ok
[    6.602419] test_stackinit: big_hole_static_all ok
[    6.602853] test_stackinit: trailing_hole_static_all ok
[    6.603302] test_stackinit: packed_static_all ok
[    6.604013] test_stackinit: small_hole_dynamic_all ok
[    6.604465] test_stackinit: big_hole_dynamic_all ok
[    6.604934] test_stackinit: trailing_hole_dynamic_all ok
[    6.605719] test_stackinit: packed_dynamic_all ok
[    6.606410] test_stackinit: small_hole_runtime_partial ok
[    6.607038] test_stackinit: big_hole_runtime_partial ok
[    6.608579] test_stackinit: trailing_hole_runtime_partial ok
[    6.610191] test_stackinit: packed_runtime_partial ok
[    6.612564] test_stackinit: small_hole_runtime_all ok
[    6.613281] test_stackinit: big_hole_runtime_all ok
[    6.613755] test_stackinit: trailing_hole_runtime_all ok
[    6.615025] test_stackinit: packed_runtime_all ok
[    6.616261] test_stackinit: u8_none ok
[    6.616752] test_stackinit: u16_none ok
[    6.617237] test_stackinit: u32_none ok
[    6.617591] test_stackinit: u64_none ok
[    6.617942] test_stackinit: char_array_none ok
[    6.618351] test_stackinit: switch_1_none XFAIL (uninit bytes: 3)
[    6.618806] test_stackinit: switch_2_none XFAIL (uninit bytes: 3)
[    6.619252] test_stackinit: small_hole_none ok
[    6.619600] test_stackinit: big_hole_none ok
[    6.619963] test_stackinit: trailing_hole_none ok
[    6.620334] test_stackinit: packed_none ok
[    6.620958] test_stackinit: user ok
[    6.621168] test_stackinit: all tests passed!
[    6.622184] init: Loaded kernel module /lib/modules/test_stackinit.ko
[    6.623498] init: Loading module /lib/modules/usbip-core.ko with args ""
[    6.650818] init: Loaded kernel module /lib/modules/usbip-core.ko
[    6.652267] init: Loading module /lib/modules/vhci-hcd.ko with args ""
[    6.711322] vhci_hcd vhci_hcd.0: USB/IP Virtual Host Controller
[    6.711703] vhci_hcd vhci_hcd.0: new USB bus registered, assigned bus number 2
[    6.712937] vhci_hcd: created sysfs vhci_hcd.0
[    6.715996] hub 2-0:1.0: USB hub found
[    6.716794] hub 2-0:1.0: 8 ports detected
[    6.722578] vhci_hcd vhci_hcd.0: USB/IP Virtual Host Controller
[    6.722946] vhci_hcd vhci_hcd.0: new USB bus registered, assigned bus number 3
[    6.723855] usb usb3: We don't know the algorithms for LPM for this host, disabling LPM.
[    6.726398] hub 3-0:1.0: USB hub found
[    6.726817] hub 3-0:1.0: 8 ports detected
[    6.734208] init: Loaded kernel module /lib/modules/vhci-hcd.ko
[    6.735337] init: Loading module /lib/modules/virtio-gpu.ko with args ""
[    6.792890] init: Loaded kernel module /lib/modules/virtio-gpu.ko
[    6.794027] init: Loading module /lib/modules/virtio-rng.ko with args ""
[    6.837515] init: Loaded kernel module /lib/modules/virtio-rng.ko
[    6.838657] init: Loading module /lib/modules/virtio_blk.ko with args ""
[    6.866069] init: Loaded kernel module /lib/modules/virtio_blk.ko
[    6.867240] init: Loading module /lib/modules/virtio_console.ko with args ""
[    6.894652] init: Loaded kernel module /lib/modules/virtio_console.ko
[    6.896184] init: Loading module /lib/modules/virtio_input.ko with args ""
[    6.921664] init: Loaded kernel module /lib/modules/virtio_input.ko
[    6.923120] init: Loading module /lib/modules/virtio_mmio.ko with args ""
[    6.970460] random: crng init done
[    6.973596] virtio_blk virtio2: [vda] 6313984 512-byte logical blocks (3.23 GB/3.01 GiB)
[    7.026957]  vda: vda1 vda2
[    7.037694] virtio_blk virtio3: [vdb] 524288 512-byte logical blocks (268 MB/256 MiB)
[    7.062346] virtio_blk virtio4: [vdc] 16777216 512-byte logical blocks (8.59 GB/8.00 GiB)
[    7.092818] virtio_blk virtio5: [vdd] 36864 512-byte logical blocks (18.9 MB/18.0 MiB)
[    7.130121]  vdd: vdd1
[    7.139304] virtio_blk virtio6: [vde] 174080 512-byte logical blocks (89.1 MB/85.0 MiB)
[    7.181270]  vde: vde1
[    7.190900] init: Loaded kernel module /lib/modules/virtio_mmio.ko
[    7.193255] init: Loading module /lib/modules/virtio_net.ko with args ""
[    7.256759] init: Loaded kernel module /lib/modules/virtio_net.ko
[    7.258120] init: Loading module /lib/modules/virtio_pci.ko with args ""
[    7.286855] init: Loaded kernel module /lib/modules/virtio_pci.ko
[    7.291244] init: Loading module /lib/modules/virtio_pmem.ko with args ""
[    7.311352] init: Loaded kernel module /lib/modules/virtio_pmem.ko
[    7.312896] init: Loading module /lib/modules/virtio_wifi.ko with args ""
[    7.328047] init: Loaded kernel module /lib/modules/virtio_wifi.ko
[    7.330381] init: Loading module /lib/modules/xhci-hcd.ko with args ""
[    7.400236] init: Loaded kernel module /lib/modules/xhci-hcd.ko
[    7.401799] init: Loading module /lib/modules/xhci-pci.ko with args ""
[    7.426628] init: Loaded kernel module /lib/modules/xhci-pci.ko
[    7.474717] init: Using Android DT directory /proc/device-tree/firmware/android/
[    8.118375] init: [libfs_mgr]superblock s_max_mnt_count:65535,/dev/block/platform/a003c00.virtio_mmio/by-name/metadata
[    8.189118] EXT4-fs (vdd1): mounted filesystem with ordered data mode. Opts: 
[    8.190494] init: [libfs_mgr]__mount(source=/dev/block/platform/a003c00.virtio_mmio/by-name/metadata,target=/metadata,type=ext4)=0: Success
[    8.200089] init: Failed to copy /avb into /metadata/gsi/dsu/avb/: No such file or directory
[    8.230744] init: [libfs_mgr]Created logical partition system on device /dev/block/dm-0
[    8.237893] init: [libfs_mgr]Created logical partition system_ext on device /dev/block/dm-1
[    8.245313] init: [libfs_mgr]Created logical partition product on device /dev/block/dm-2
[    8.253612] init: [libfs_mgr]Created logical partition vendor on device /dev/block/dm-3
[    8.255200] init: DSU not detected, proceeding with normal boot
[    8.272186] init: [libfs_mgr]superblock s_max_mnt_count:65535,/dev/block/dm-0
[    8.331731] EXT4-fs (dm-0): mounted filesystem without journal. Opts: barrier=1
[    8.333145] init: [libfs_mgr]__mount(source=/dev/block/dm-0,target=/system,type=ext4)=0: Success
[    8.346117] init: Switching root to '/system'
[    8.378742] init: [libfs_mgr]superblock s_max_mnt_count:65535,/dev/block/dm-2
[    8.425856] ext4lazyinit (119) used greatest stack depth: 13584 bytes left
[    8.436103] ext4lazyinit (119): highest shadow stack usage: 192 bytes
[    8.439103] EXT4-fs (dm-2): mounted filesystem without journal. Opts: barrier=1
[    8.441010] init: [libfs_mgr]__mount(source=/dev/block/dm-2,target=/product,type=ext4)=0: Success
[    8.459426] init: [libfs_mgr]superblock s_max_mnt_count:65535,/dev/block/dm-1
[    8.519167] EXT4-fs (dm-1): mounted filesystem without journal. Opts: barrier=1
[    8.520097] init: [libfs_mgr]__mount(source=/dev/block/dm-1,target=/system_ext,type=ext4)=0: Success
[    8.530514] init: [libfs_mgr]superblock s_max_mnt_count:65535,/dev/block/dm-3
[    8.588782] EXT4-fs (dm-3): mounted filesystem without journal. Opts: barrier=1
[    8.589967] init: [libfs_mgr]__mount(source=/dev/block/dm-3,target=/vendor,type=ext4)=0: Success
[    8.689862] init: Skipped setting INIT_AVB_VERSION (not in recovery mode)
[    9.509758] init: Loading SELinux policy
[    9.727495] SELinux:  Permission nlmsg_getneigh in class netlink_route_socket not defined in policy.
[    9.730248] SELinux: the above unknown classes and permissions will be denied
[    9.732321] SELinux:  policy capability network_peer_controls=1
[    9.732962] SELinux:  policy capability open_perms=1
[    9.733246] SELinux:  policy capability extended_socket_class=1
[    9.733581] SELinux:  policy capability always_check_network=0
[    9.733936] SELinux:  policy capability cgroup_seclabel=0
[    9.734219] SELinux:  policy capability nnp_nosuid_transition=1
[   10.345539] audit: type=1403 audit(1790543972.084:2): auid=4294967295 ses=4294967295 lsm=selinux res=1
[   10.350758] selinux: SELinux: Loaded policy from /vendor/etc/selinux/precompiled_sepolicy
[   10.351694] selinux: 
[   10.363331] audit: type=1404 audit(1790543972.100:3): enforcing=1 old_enforcing=0 auid=4294967295 ses=4294967295 enabled=1 old-enabled=1 lsm=selinux res=1
[   10.482811] selinux: SELinux: Loaded file_contexts
[   10.483594] selinux: 
[   11.244386] init: init second stage started!
[   11.904924] init: Using Android DT directory /proc/device-tree/firmware/android/
[   11.928871] init: Init cannot set 'ro.boot.hardware' to 'ranchu': Read-only property was already set
[   12.046887] init: Overriding previous 'ro.' property 'ro.control_privapp_permissions':'disable' with new value 'enforce'
[   12.067596] init: Overriding previous 'ro.' property 'ro.config.notification_sound':'OnTheHunt.ogg' with new value 'pixiedust.ogg'
[   12.070676] init: Couldn't load property file '/factory/factory.prop': open() failed: No such file or directory: No such file or directory
[   12.090789] init: Setting product property ro.product.brand to 'google' (from ro.product.product.brand)
[   12.092000] init: Setting product property ro.product.device to 'emulator_arm64' (from ro.product.product.device)
[   12.093189] init: Setting product property ro.product.manufacturer to 'Google' (from ro.product.product.manufacturer)
[   12.094052] init: Setting product property ro.product.model to 'sdk_gphone_arm64' (from ro.product.product.model)
[   12.094876] init: Setting product property ro.product.name to 'sdk_gphone_arm64' (from ro.product.product.name)
[   12.096140] init: Setting property 'ro.build.fingerprint' to 'google/sdk_gphone_arm64/emulator_arm64:11/RSR1.240422.006/12134477:userdebug/dev-keys'
[   12.246356] selinux: SELinux: Loaded file_contexts
[   12.246731] selinux: 
[   12.247176] init: Running restorecon...
[   12.375820] selinux: SELinux: Could not get canonical path for /metadata/ota/rollback-indicator restorecon: No such file or directory.
[   12.376974] selinux: 
[   12.378624] selinux: SELinux:  Could not stat /metadata/gsi: No such file or directory.
[   12.379123] selinux: 
[   12.393888] init: Created socket '/dev/socket/property_service', mode 666, user 0, group 0
[   12.473309] init: SetupMountNamespaces done
[   12.483606] init: Forked subcontext for 'u:r:vendor_init:s0' with pid 129
[   12.497519] init: Parsing file /system/etc/init/hw/init.rc...
[   12.517260] init: Added '/init.environ.rc' to import list
[   12.518064] init: Added '/system/etc/init/hw/init.usb.rc' to import list
[   12.518893] init: Added '/init.ranchu.rc' to import list
[   12.519505] init: Added '/vendor/etc/init/hw/init.ranchu.rc' to import list
[   12.520008] init: Added '/system/etc/init/hw/init.usb.configfs.rc' to import list
[   12.524975] init: Added '/system/etc/init/hw/init.zygote64.rc' to import list
[   12.581537] init: Parsing file /init.environ.rc...
[   12.590671] init: Parsing file /system/etc/init/hw/init.usb.rc...
[   12.605670] init: Parsing file /init.ranchu.rc...
[   12.606595] init: Unable to read config file '/init.ranchu.rc': open() failed: No such file or directory
[   12.613993] init: Parsing file /vendor/etc/init/hw/init.ranchu.rc...
[   12.698748] init: Parsing file /system/etc/init/hw/init.usb.configfs.rc...
[   12.715073] init: Parsing file /system/etc/init/hw/init.zygote64.rc...
[   12.726673] init: Parsing directory /system/etc/init...
[   12.746556] init: Parsing file /system/etc/init/android.hidl.allocator@1.0-service.rc...
[   12.756726] init: Parsing file /system/etc/init/android.system.suspend@1.0-service.rc...
[   12.761804] init: Parsing file /system/etc/init/apexd.rc...
[   12.770592] init: Parsing file /system/etc/init/atrace.rc...
[   12.792632] init: Parsing file /system/etc/init/atrace_userdebug.rc...
[   12.795882] init: Parsing file /system/etc/init/audioserver.rc...
[   12.802279] init: Parsing file /system/etc/init/blank_screen.rc...
[   12.808961] init: Parsing file /system/etc/init/bootanim.rc...
[   12.813515] init: Parsing file /system/etc/init/bootstat-debug.rc...
[   12.821173] init: Parsing file /system/etc/init/bootstat.rc...
[   12.825788] init: Parsing file /system/etc/init/bpfloader.rc...
[   12.834240] init: Parsing file /system/etc/init/cameraserver.rc...
[   12.845201] init: Parsing file /system/etc/init/clean_scratch_files.rc...
[   12.848816] init: Parsing file /system/etc/init/cppreopts.rc...
[   12.857908] init: Parsing file /system/etc/init/credstore.rc...
[   12.860675] init: Parsing file /system/etc/init/drmserver.rc...
[   12.865252] init: Parsing file /system/etc/init/dumpstate.rc...
[   12.874150] init: Parsing file /system/etc/init/flags_health_check.rc...
[   12.882395] init: Parsing file /system/etc/init/gatekeeperd.rc...
[   12.889725] init: Parsing file /system/etc/init/gpuservice.rc...
[   12.897676] init: Parsing file /system/etc/init/gsid.rc...
[   12.901462] init: Parsing file /system/etc/init/heapprofd.rc...
[   12.910165] init: Parsing file /system/etc/init/hwservicemanager.rc...
[   12.917454] init: Parsing file /system/etc/init/idmap2d.rc...
[   12.920570] init: Parsing file /system/etc/init/incidentd.rc...
[   12.929190] init: Parsing file /system/etc/init/init-debug.rc...
[   12.937579] init: Parsing file /system/etc/init/installd.rc...
[   12.949564] init: Parsing file /system/etc/init/iorapd.rc...
[   12.958724] init: Parsing file /system/etc/init/keystore.rc...
[   12.964888] init: Parsing file /system/etc/init/llkd-debuggable.rc...
[   12.974004] init: Parsing file /system/etc/init/llkd.rc...
[   12.981325] init: Parsing file /system/etc/init/lmkd.rc...
[   12.990079] init: Parsing file /system/etc/init/logcatd.rc...
[   12.994708] init: Parsing file /system/etc/init/logd.rc...
[   13.006742] init: Parsing file /system/etc/init/logtagd.rc...
[   13.014942] init: Parsing file /system/etc/init/lpdumpd.rc...
[   13.023015] init: Parsing file /system/etc/init/mdnsd.rc...
[   13.028989] init: Parsing file /system/etc/init/mediaextractor.rc...
[   13.033368] init: Parsing file /system/etc/init/mediametrics.rc...
[   13.041795] init: Parsing file /system/etc/init/mediaserver.rc...
[   13.045131] init: Parsing file /system/etc/init/mtpd.rc...
[   13.053706] init: Parsing file /system/etc/init/netd.rc...
[   13.057258] init: Parsing file /system/etc/init/otapreopt.rc...
[   13.065432] init: Parsing file /system/etc/init/perfetto.rc...
[   13.069495] init: Parsing file /system/etc/init/racoon.rc...
[   13.077007] init: Parsing file /system/etc/init/recovery-persist.rc...
[   13.080744] init: Parsing file /system/etc/init/recovery-refresh.rc...
[   13.089860] init: Parsing file /system/etc/init/rss_hwm_reset.rc...
[   13.096571] init: Parsing file /system/etc/init/servicemanager.rc...
[   13.101469] init: Parsing file /system/etc/init/storaged.rc...
[   13.109155] init: Parsing file /system/etc/init/surfaceflinger.rc...
[   13.112408] init: Parsing file /system/etc/init/tombstoned.rc...
[   13.117596] init: Parsing file /system/etc/init/traced_perf.rc...
[   13.130617] init: Parsing file /system/etc/init/traceur.rc...
[   13.133702] init: Parsing file /system/etc/init/uncrypt.rc...
[   13.141095] init: Parsing file /system/etc/init/update_engine.rc...
[   13.148860] init: Parsing file /system/etc/init/update_verifier.rc...
[   13.153435] init: Parsing file /system/etc/init/usbd.rc...
[   13.161631] init: Parsing file /system/etc/init/vdc.rc...
[   13.165391] init: Parsing file /system/etc/init/vold.rc...
[   13.173327] init: Parsing file /system/etc/init/wait_for_keymaster.rc...
[   13.176520] init: Parsing file /system/etc/init/wifi.rc...
[   13.187330] init: Parsing file /system/etc/init/wificond.rc...
[   13.194001] init: Parsing file /system_ext/etc/init...
[   13.194765] init: Unable to read config file '/system_ext/etc/init': open() failed: No such file or directory
[   13.195639] init: Parsing file /product/etc/init...
[   13.200730] init: Unable to read config file '/product/etc/init': open() failed: No such file or directory
[   13.201900] init: Parsing file /odm/etc/init...
[   13.202620] init: Unable to read config file '/odm/etc/init': open() failed: No such file or directory
[   13.203510] init: Parsing directory /vendor/etc/init...
[   13.217905] init: Parsing file /vendor/etc/init/android.hardware.atrace@1.0-service.rc...
[   13.224968] init: Parsing file /vendor/etc/init/android.hardware.audio.service.ranchu.rc...
[   13.233944] init: Parsing file /vendor/etc/init/android.hardware.authsecret@1.0-service.rc...
[   13.237714] init: Parsing file /vendor/etc/init/android.hardware.biometrics.face@1.0-service.rc...
[   13.244812] init: Parsing file /vendor/etc/init/android.hardware.biometrics.fingerprint@2.1-service.rc...
[   13.249940] init: Parsing file /vendor/etc/init/android.hardware.bluetooth@1.1-service.sim.rc...
[   13.256941] init: Parsing file /vendor/etc/init/android.hardware.camera.provider@2.4-service_64.rc...
[   13.265288] init: Parsing file /vendor/etc/init/android.hardware.camera.provider@2.6-service-google.rc...
[   13.274032] init: Parsing file /vendor/etc/init/android.hardware.contexthub@1.1-service.rc...
[   13.277849] init: Parsing file /vendor/etc/init/android.hardware.drm@1.0-service.rc...
[   13.285159] init: Parsing file /vendor/etc/init/android.hardware.drm@1.3-service.clearkey.rc...
[   13.294161] init: Parsing file /vendor/etc/init/android.hardware.drm@1.3-service.widevine.rc...
[   13.304508] init: Parsing file /vendor/etc/init/android.hardware.dumpstate@1.1-service.example.rc...
[   13.317546] init: Parsing file /vendor/etc/init/android.hardware.gatekeeper@1.0-service.software.rc...
[   13.324808] init: Parsing file /vendor/etc/init/android.hardware.gnss@2.0-service.ranchu.rc...
[   13.329594] init: Parsing file /vendor/etc/init/android.hardware.graphics.allocator@3.0-service.rc...
[   13.338109] init: Parsing file /vendor/etc/init/android.hardware.graphics.composer@2.3-service.rc...
[   13.349498] init: Parsing file /vendor/etc/init/android.hardware.health.storage@1.0-service.rc...
[   13.359314] init: Parsing file /vendor/etc/init/android.hardware.health@2.1-service.rc...
[   13.369927] init: Parsing file /vendor/etc/init/android.hardware.input.classifier@1.0-service.default.rc...
[   13.374792] init: Parsing file /vendor/etc/init/android.hardware.keymaster@4.1-service.rc...
[   13.389699] init: Parsing file /vendor/etc/init/android.hardware.media.omx@1.0-service.rc...
[   13.394592] init: Parsing file /vendor/etc/init/android.hardware.neuralnetworks@1.3-service-sample-all.rc...
[   13.398543] init: Parsing file /vendor/etc/init/android.hardware.neuralnetworks@1.3-service-sample-float-fast.rc...
[   13.402742] init: Parsing file /vendor/etc/init/android.hardware.neuralnetworks@1.3-service-sample-float-slow.rc...
[   13.408745] init: Parsing file /vendor/etc/init/android.hardware.neuralnetworks@1.3-service-sample-minimal.rc...
[   13.412927] init: Parsing file /vendor/etc/init/android.hardware.neuralnetworks@1.3-service-sample-quant.rc...
[   13.418006] init: Parsing file /vendor/etc/init/android.hardware.power.stats@1.0-service.rc...
[   13.424711] init: Parsing file /vendor/etc/init/android.hardware.sensors@2.1-service-multihal.rc...
[   13.428713] init: Parsing file /vendor/etc/init/android.hardware.thermal@2.0-service.rc...
[   13.434898] init: Parsing file /vendor/etc/init/android.hardware.usb@1.0-service.rc...
[   13.441206] init: Parsing file /vendor/etc/init/android.hardware.wifi@1.0-service.rc...
[   13.450763] init: Parsing file /vendor/etc/init/boringssl_self_test.rc...
[   13.466463] init: Parsing file /vendor/etc/init/hostapd.android.rc...
[   13.475037] init: Parsing file /vendor/etc/init/identity-default.rc...
[   13.482125] init: Parsing file /vendor/etc/init/lights-default.rc...
[   13.489445] init: Parsing file /vendor/etc/init/power-default.rc...
[   13.497066] init: Parsing file /vendor/etc/init/rebootescrow-default.rc...
[   13.503170] init: Parsing file /vendor/etc/init/rild_goldfish.rc...
[   13.512362] init: Parsing file /vendor/etc/init/vendor_flash_recovery.rc...
[   13.518604] init: Parsing file /vendor/etc/init/vibrator-default.rc...
[   13.553925] init: processing action (SetupCgroups) from (<Builtin Action>:0)
[   14.137770] cgroup1: Unknown subsys name 'schedtune'
[   14.138887] libprocessgroup: Failed to mount schedtune cgroup: Invalid argument
[   14.139585] libprocessgroup: Failed to setup schedtune cgroup
[   14.146997] init: Command 'SetupCgroups' action=SetupCgroups (<Builtin Action>:0) took 591ms and succeeded
[   14.181667] init: processing action (SetKptrRestrict) from (<Builtin Action>:0)
[   14.194364] init: processing action (TestPerfEventSelinux) from (<Builtin Action>:0)
[   14.206598] init: processing action (early-init) from (/system/etc/init/hw/init.rc:15)
[   14.303541] init: starting service 'exec 1 (/system/bin/linkerconfig --target /linkerconfig/bootstrap)'...
[   14.331395] init: SVC_EXEC service 'exec 1 (/system/bin/linkerconfig --target /linkerconfig/bootstrap)' pid 130 (uid 0 gid 0+0 context default) started; waiting...
[   14.337680] init: Command 'exec -- /system/bin/linkerconfig --target /linkerconfig/bootstrap' action=early-init (/system/etc/init/hw/init.rc:59) took 67ms and succeeded
[   14.443531] init: Service 'exec 1 (/system/bin/linkerconfig --target /linkerconfig/bootstrap)' (pid 130) exited with status 0 waiting took 0.130000 seconds
[   14.444482] linkerconfig (130) used greatest stack depth: 11952 bytes left
[   14.445233] init: Sending signal 9 to service 'exec 1 (/system/bin/linkerconfig --target /linkerconfig/bootstrap)' (pid 130) process group...
[   14.451509] libprocessgroup: Successfully killed process cgroup uid 0 pid 130 in 4ms
[   14.465774] linkerconfig (130): highest shadow stack usage: 296 bytes
[   14.478953] init: starting service 'ueventd'...
[   14.532945] init: starting service 'apexd-bootstrap'...
[   14.602676] init: SVC_EXEC service 'apexd-bootstrap' pid 132 (uid 0 gid 1000+0 context default) started; waiting...
[   14.603965] init: Command 'exec_start apexd-bootstrap' action=early-init (/system/etc/init/hw/init.rc:72) took 78ms and succeeded
[   15.326874] ueventd: ueventd started!
[   15.387861] selinux: SELinux: Loaded file_contexts
[   15.392968] selinux: 
[   15.400922] ueventd: Parsing file /system/etc/ueventd.rc...
[   15.424339] ueventd: Parsing file /vendor/ueventd.rc...
[   15.428672] apexd: Bootstrap subcommand detected
[   15.433779] ueventd: Parsing file /odm/ueventd.rc...
[   15.435112] ueventd: Unable to read config file '/odm/ueventd.rc': open() failed: No such file or directory
[   15.436705] ueventd: Parsing file /ueventd.ranchu.rc...
[   15.437495] ueventd: Unable to read config file '/ueventd.ranchu.rc': open() failed: No such file or directory
[   18.953322] ueventd: firmware: loading 'regulatory.db' for '/devices/platform/regulatory.0/firmware/regulatory.db'
[   19.104916] apexd: wait for '/dev/loop-control' took 3079ms
[   19.250596] apexd: Pre-allocated 28 loopback devices
[   19.251511] apexd: Scanning /system/apex for preinstalled data
[   19.462787] apexd: Scanning /system_ext/apex for preinstalled data
[   19.469106] apexd: ... does not exist. Skipping
[   19.469603] apexd: Scanning /vendor/apex for preinstalled data
[   19.470178] apexd: ... does not exist. Skipping
[   19.470764] apexd: Scanning /system/apex looking for APEX packages.
[   19.481023] apexd: Found /system/apex/com.google.android.cellbroadcast.apex
[   19.490796] apexd: Found /system/apex/com.google.android.extservices.apex
[   19.501410] apexd: Found /system/apex/com.google.android.ipsec.apex
[   19.513306] apexd: Found /system/apex/com.google.android.tethering.apex
[   19.524381] apexd: Found /system/apex/com.google.android.mediaprovider.apex
[   19.537393] apexd: Found /system/apex/com.google.android.telephony.apex
[   19.545579] apexd: Found /system/apex/com.android.vndk.current.apex
[   19.553473] apexd: Found /system/apex/com.android.i18n.apex
[   19.560877] apexd: Found /system/apex/com.google.android.permission.apex
[   19.573243] apexd: Found /system/apex/com.google.android.tzdata2.apex
[   19.585561] apexd: Found /system/apex/com.google.android.neuralnetworks.apex
[   19.592778] apexd: Found /system/apex/com.google.android.resolv.apex
[   19.604322] apexd: Found /system/apex/com.google.android.sdkext.apex
[   19.617215] apexd: Found /system/apex/com.google.android.os.statsd.apex
[   19.622667] apexd: Found /system/apex/com.google.android.adbd.apex
[   19.636906] apexd: Found /system/apex/com.android.apex.cts.shim.apex
[   19.649738] apexd: Found /system/apex/com.google.android.wifi.apex
[   19.662907] apexd: Found /system/apex/com.android.runtime.apex
[   19.671629] apexd: Found /system/apex/com.google.android.media.swcodec.apex
[   19.683824] apexd: Found /system/apex/com.android.art.debug.apex
[   19.694003] apexd: Found /system/apex/com.google.android.media.apex
[   19.703734] apexd: Found /system/apex/com.google.android.conscrypt.apex
[   19.808460] EXT4-fs (loop0): mounted filesystem without journal. Opts: (null)
[   19.816386] apexd: Successfully mounted package /system/apex/com.android.vndk.current.apex on /apex/com.android.vndk.v30@1
[   19.926081] ueventd: Coldboot took 4.457 seconds
[   19.958564] EXT4-fs (loop1): mounted filesystem without journal. Opts: (null)
[   19.964860] apexd: Successfully mounted package /system/apex/com.android.i18n.apex on /apex/com.android.i18n@1
[   20.038445] EXT4-fs (loop2): mounted filesystem without journal. Opts: (null)
[   20.044920] apexd: Successfully mounted package /system/apex/com.google.android.tzdata2.apex on /apex/com.android.tzdata@300900700
[   20.130022] EXT4-fs (loop3): mounted filesystem without journal. Opts: (null)
[   20.137048] apexd: Successfully mounted package /system/apex/com.google.android.os.statsd.apex on /apex/com.android.os.statsd@300900700
[   20.234198] EXT4-fs (loop4): mounted filesystem without journal. Opts: (null)
[   20.241176] apexd: Successfully mounted package /system/apex/com.android.runtime.apex on /apex/com.android.runtime@1
[   20.326887] EXT4-fs (loop5): mounted filesystem without journal. Opts: (null)
[   20.332932] apexd: Successfully mounted package /system/apex/com.android.art.debug.apex on /apex/com.android.art@1
[   20.349713] apexd: Activated 22 packages. Skipped: 0
[   20.350604] apexd: Scanning /system_ext/apex looking for APEX packages.
[   20.360282] apexd: ... does not exist. Skipping
[   20.416592] apexd: Activated 0 packages. Skipped: 0
[   20.417315] apexd: Scanning /vendor/apex looking for APEX packages.
[   20.418023] apexd: ... does not exist. Skipping
[   20.467488] apexd: Activated 0 packages. Skipped: 0
[   20.468472] apexd: Bootstrapping done
[   20.526549] init: Service 'apexd-bootstrap' (pid 132) exited with status 0 waiting took 5.975000 seconds
[   20.527182] init: Sending signal 9 to service 'apexd-bootstrap' (pid 132) process group...
[   20.529777] libprocessgroup: Successfully killed process cgroup uid 0 pid 132 in 1ms
[   20.556262] apexd (132): highest shadow stack usage: 304 bytes
[   20.788527] init: linkerconfig generated /linkerconfig with mounted APEX modules info
[   20.789543] init: Command 'update_linker_config' action=early-init (/system/etc/init/hw/init.rc:75) took 242ms and succeeded
[   20.811662] init: processing action (ro.product.cpu.abilist64=* && early-init) from (/system/etc/init/hw/init.rc:87)
[   20.816561] init: starting service 'boringssl_self_test64'...
[   20.856198] init: SVC_EXEC service 'boringssl_self_test64' pid 149 (uid 0 gid 0+0 context default) started; waiting...
[   21.137219] init: Service 'boringssl_self_test64' (pid 149) exited with status 0 waiting took 0.313000 seconds
[   21.137954] init: Sending signal 9 to service 'boringssl_self_test64' (pid 149) process group...
[   21.140621] boringssl_self_ (149) used greatest stack depth: 11824 bytes left
[   21.142240] libprocessgroup: Successfully killed process cgroup uid 0 pid 149 in 2ms
[   21.154873] init: processing action (early-init) from (/init.environ.rc:2)
[   21.159694] init: processing action (early-init) from (/vendor/etc/init/hw/init.ranchu.rc:12)
[   21.160399] boringssl_self_ (149): highest shadow stack usage: 336 bytes
[   21.289551] init: Command 'mount proc proc /proc remount hidepid=2,gid=3009' action=early-init (/vendor/etc/init/hw/init.ranchu.rc:13) took 127ms and succeeded
[   21.312249] init: processing action (ro.product.cpu.abilist64=* && early-init) from (/vendor/etc/init/boringssl_self_test.rc:4)
[   21.320972] init: starting service 'boringssl_self_test64_vendor'...
[   21.364814] init: SVC_EXEC service 'boringssl_self_test64_vendor' pid 150 (uid 0 gid 0+0 context default) started; waiting...
[   21.366291] init: Command 'exec_start boringssl_self_test64_vendor' action=ro.product.cpu.abilist64=* && early-init (/vendor/etc/init/boringssl_self_test.rc:5) took 52ms and succeeded
[   21.614332] init: Service 'boringssl_self_test64_vendor' (pid 150) exited with status 0 waiting took 0.277000 seconds
[   21.615632] init: Sending signal 9 to service 'boringssl_self_test64_vendor' (pid 150) process group...
[   21.617760] libprocessgroup: Successfully killed process cgroup uid 0 pid 150 in 1ms
[   21.631867] init: processing action (wait_for_coldboot_done) from (<Builtin Action>:0)
[   21.633029] init: start_waiting_for_property("ro.cold_boot_done", "true"): already set
[   21.633993] init: processing action (MixHwrngIntoLinuxRng) from (<Builtin Action>:0)
[   21.652425] init: Mixed 512 bytes from /dev/hw_random into /dev/urandom
[   21.653417] init: processing action (SetMmapRndBits) from (<Builtin Action>:0)
[   21.669801] init: processing action (KeychordInit) from (<Builtin Action>:0)
[   21.675010] init: EVIOCSMASK not supported: Invalid argument
[   21.678514] init: processing action (init) from (/system/etc/init/hw/init.rc:114)
[   21.745457] init: Command 'write /dev/blkio/blkio.weight 1000' action=init (/system/etc/init/hw/init.rc:164) took 3ms and failed: Unable to write to file '/dev/blkio/blkio.weight': open() failed: Permission denied
[   21.750666] init: Command 'write /dev/blkio/background/blkio.weight 200' action=init (/system/etc/init/hw/init.rc:165) took 3ms and failed: Unable to write to file '/dev/blkio/background/blkio.weight': open() failed: Permission denied
[   21.754769] init: Command 'write /dev/blkio/blkio.group_idle 0' action=init (/system/etc/init/hw/init.rc:166) took 2ms and failed: Unable to write to file '/dev/blkio/blkio.group_idle': open() failed: Permission denied
[   21.759495] init: Command 'write /dev/blkio/background/blkio.group_idle 0' action=init (/system/etc/init/hw/init.rc:167) took 3ms and failed: Unable to write to file '/dev/blkio/background/blkio.group_idle': open() failed: Permission denied
[   21.864366] init: Command 'mount binder binder /dev/binderfs stats=global' action=init (/system/etc/init/hw/init.rc:177) took 70ms and succeeded
[   22.031977] init: Command 'write /dev/cpuctl/cpu.rt_period_us 1000000' action=init (/system/etc/init/hw/init.rc:271) took 2ms and failed: Unable to write to file '/dev/cpuctl/cpu.rt_period_us': open() failed: Permission denied
[   22.036712] init: Command 'write /dev/cpuctl/cpu.rt_runtime_us 950000' action=init (/system/etc/init/hw/init.rc:272) took 2ms and failed: Unable to write to file '/dev/cpuctl/cpu.rt_runtime_us': open() failed: Permission denied
[   22.197758] Registered swp emulation handler
[   22.208856] init: Command 'write /dev/cpu_variant:${ro.bionic.2nd_arch} ${ro.bionic.2nd_cpu_variant}' action=init (/system/etc/init/hw/init.rc:384) took 0ms and failed: property 'ro.bionic.2nd_arch' doesn't exist while expanding '/dev/cpu_variant:${ro.bionic.2nd_arch}'
[   22.210219] init: Command 'chmod 0444 /dev/cpu_variant:${ro.bionic.2nd_arch}' action=init (/system/etc/init/hw/init.rc:385) took 0ms and failed: property 'ro.bionic.2nd_arch' doesn't exist while expanding '/dev/cpu_variant:${ro.bionic.2nd_arch}'
[   22.223757] init: starting service 'logd'...
[   22.232312] init: Created socket '/dev/socket/logd', mode 666, user 1036, group 1036
[   22.242314] init: Created socket '/dev/socket/logdr', mode 666, user 1036, group 1036
[   22.251330] init: Created socket '/dev/socket/logdw', mode 222, user 1036, group 1036
[   22.253561] init: Opened file '/proc/kmsg', flags 0
[   22.254542] init: Opened file '/dev/kmsg', flags 1
[   22.303007] init: Command 'start logd' action=init (/system/etc/init/hw/init.rc:398) took 83ms and succeeded
[   22.320106] init: starting service 'lmkd'...
[   22.328159] init: Created socket '/dev/socket/lmkd', mode 660, user 1000, group 1000
[   22.371089] init: Command 'start lmkd' action=init (/system/etc/init/hw/init.rc:404) took 62ms and succeeded
[   22.378440] init: starting service 'servicemanager'...
[   22.444632] init: Command 'start servicemanager' action=init (/system/etc/init/hw/init.rc:407) took 71ms and succeeded
[   22.471460] init: starting service 'hwservicemanager'...
[   22.577844] init: Command 'start hwservicemanager' action=init (/system/etc/init/hw/init.rc:408) took 128ms and succeeded
[   22.579363] init: Command 'start vndservicemanager' action=init (/system/etc/init/hw/init.rc:409) took 0ms and failed: service vndservicemanager not found
[   22.584885] init: processing action (ro.debuggable=1 && init) from (/system/etc/init/hw/init.rc:1065)
[   22.602278] init: starting service 'console'...
[   22.710138] init: Command 'start console' action=ro.debuggable=1 && init (/system/etc/init/hw/init.rc:1066) took 117ms and succeeded
[   22.711951] init: processing action (init) from (/system/etc/init/hw/init.usb.rc:24)
[   22.741463] init: processing action (init) from (/vendor/etc/init/hw/init.ranchu.rc:17)
[   22.954109] init: Command 'symlink /dev/goldfish_pipe /dev/android_pipe' action=init (/vendor/etc/init/hw/init.ranchu.rc:21) took 200ms and succeeded
[   23.332081] init: starting service 'qemu-props'...
[   23.486691] init: Command 'start qemu-props' action=init (/vendor/etc/init/hw/init.ranchu.rc:50) took 158ms and succeeded
[   23.516034] init: processing action (init) from (/system/etc/init/audioserver.rc:48)
[   23.610524] init: Command 'mkdir /dev/socket/audioserver 0775 audioserver audioserver' action=init (/system/etc/init/audioserver.rc:49) took 93ms and succeeded
[   23.611884] init: processing action (MixHwrngIntoLinuxRng) from (<Builtin Action>:0)
[   23.656652] init: Mixed 512 bytes from /dev/hw_random into /dev/urandom
[   23.658162] init: processing action (late-init) from (/system/etc/init/hw/init.rc:427)
[   23.672762] init: processing action (late-init) from (/system/etc/init/atrace.rc:3)
[   23.749219] init: Command 'write /proc/sys/kernel/sched_schedstats 1' action=late-init (/system/etc/init/atrace.rc:10) took 56ms and succeeded
console:/ $ [   24.522286] init: processing action (late-init) from (/vendor/etc/init/android.hardware.atrace@1.0-service.rc:1)
[   24.553788] init: processing action (queue_property_triggers) from (<Builtin Action>:0)
[   24.555692] init: processing action (early-fs) from (/system/etc/init/hw/init.rc:463)
[   24.584552] init: starting service 'vold'...
[   24.678440] init: Command 'start vold' action=early-fs (/system/etc/init/hw/init.rc:465) took 109ms and succeeded
[   24.679329] init: processing action (early-fs) from (/vendor/etc/init/hw/init.ranchu.rc:1)
[   24.694681] init: processing action (fs) from (/vendor/etc/init/hw/init.ranchu.rc:4)
[   24.728535] init: starting service 'wait_for_keymaster'...
[   24.926151] init: SVC_EXEC service 'wait_for_keymaster' pid 159 (uid 0 gid 0+1 context default) started; waiting...
[   24.927006] init: Command 'exec_start wait_for_keymaster' action=fs (/vendor/etc/init/hw/init.ranchu.rc:5) took 231ms and succeeded
[   25.165771] wait_for_keymaster: Waiting for Keymaster device
[   25.602314] HidlServiceManagement: getService: Trying again for android.hardware.keymaster@4.0::IKeymasterDevice/default...
[   25.638171] init: starting service 'vendor.keymaster-4-1'...
[   25.735029] init: Control message: Processed ctl.interface_start for 'android.hardware.keymaster@4.0::IKeymasterDevice/default' from pid: 154 (/system/bin/hwservicemanager)
[   25.761809] init: Control message: Processed ctl.interface_start for 'android.hardware.keymaster@4.0::IKeymasterDevice/default' from pid: 154 (/system/bin/hwservicemanager)
[   26.606236] HidlServiceManagement: Waited one second for android.hardware.keymaster@4.0::IKeymasterDevice/default
[   26.614685] HidlServiceManagement: getService: Trying again for android.hardware.keymaster@4.0::IKeymasterDevice/default...
[   26.628182] init: Control message: Processed ctl.interface_start for 'android.hardware.keymaster@4.0::IKeymasterDevice/default' from pid: 154 (/system/bin/hwservicemanager)
[   27.073224] wait_for_keymaster: List of Keymaster HALs found:
[   27.079217] wait_for_keymaster: Keymaster HAL #1: SoftwareKeymasterDevice from Google SecurityLevel: SOFTWARE HAL: android.hardware.keymaster@4.1::IKeymasterDevice/default
[   27.102024] wait_for_keymaster: Using SoftwareKeymasterDevice from Google for encryption.  Security level: SOFTWARE, HAL: android.hardware.keymaster@4.1::IKeymasterDevice/default
[   27.102940] wait_for_keymaster: Keymaster device ready
[   27.129250] init: Service 'wait_for_keymaster' (pid 159) exited with status 0 waiting took 2.358000 seconds
[   27.130244] init: Sending signal 9 to service 'wait_for_keymaster' (pid 159) process group...
[   27.133867] libprocessgroup: Successfully killed process cgroup uid 0 pid 159 in 2ms
[   27.173956] init: [libfs_mgr]superblock s_max_mnt_count:65535,/dev/block/vdc
[   27.176348] init: [libfs_mgr]Enabling quotas on /dev/block/vdc
[   27.913828] tune2fs: tune2fs 1.45.4 (23-Sep-2019)
[   28.573904] EXT4-fs (vdc): Ignoring removed nomblk_io_submit option
[   28.634621] EXT4-fs (vdc): mounted filesystem with ordered data mode. Opts: errors=remount-ro,nomblk_io_submit
[   28.637193] init: [libfs_mgr]check_fs(): mount(/dev/block/vdc,/data,ext4)=0: Success
[   28.694548] init: [libfs_mgr]check_fs(): unmount(/data) succeeded
[   28.697993] init: [libfs_mgr]Running /system/bin/e2fsck on /dev/block/vdc
[   29.486294] e2fsck: e2fsck 1.45.4 (23-Sep-2019)
[   29.853588] e2fsck: Pass 1: Checking inodes, blocks, and sizes
[   30.471032] e2fsck: Pass 2: Checking directory structure
[   30.505276] e2fsck: Pass 3: Checking directory connectivity
[   30.520810] e2fsck: Pass 4: Checking reference counts
[   30.845976] e2fsck: Pass 5: Checking group summary information
[   30.917123] e2fsck: data: 12/524288 files (0.0% non-contiguous), 58517/2097152 blocks
[   30.955950] init: [libfs_mgr]superblock s_max_mnt_count:65535,/dev/block/vdc
[   30.958308] init: [libfs_mgr]Setting reserved block count on /dev/block/vdc to 32768
[   31.211795] tune2fs: tune2fs 1.45.4 (23-Sep-2019)
[   31.248334] tune2fs: Setting reserved blocks gid to 1065
[   31.250071] tune2fs: Setting reserved blocks count to 32768
[   31.279640] init: [libfs_mgr]Enabling ext4 flags encrypt on /dev/block/vdc
[   31.537145] tune2fs: tune2fs 1.45.4 (23-Sep-2019)
[   31.602848] init: [libfs_mgr]Enabling ext4 verity on /dev/block/vdc
[   31.845596] tune2fs: tune2fs 1.45.4 (23-Sep-2019)
[   31.910043] init: [libfs_mgr]Enabling ext4 casefold on /dev/block/vdc
[   31.985274] logd.auditd: start
[   31.985840] logd.klogd: 31806797104
[   32.271903] tune2fs: tune2fs 1.45.4 (23-Sep-2019)
[   32.320842] tune2fs: Setting encoding to 'utf8'
[   32.426902] EXT4-fs (vdc): Ignoring removed nomblk_io_submit option
[   32.427427] EXT4-fs (vdc): Using encoding defined by superblock: utf8-12.1.0 with flags 0x0
[   32.452013] EXT4-fs (vdc): mounted filesystem with ordered data mode. Opts: nomblk_io_submit,errors=panic
[   32.454500] init: [libfs_mgr]__mount(source=/dev/block/vdc,target=/data,type=ext4)=0: Success
[   32.482753] init: Calling: /system/bin/vdc cryptfs encryptFstab /dev/block/vdc /data
[   62.613643] cfg80211: failed to load regulatory.db
[   91.553525] EXT4-fs (dm-4): Ignoring removed nomblk_io_submit option
[   91.553943] EXT4-fs (dm-4): Using encoding defined by superblock: utf8-12.1.0 with flags 0x0
[   91.558488] JBD2: no valid journal superblock found
[   91.558807] EXT4-fs (dm-4): error loading journal
[   91.822153] e2fsck: e2fsck 1.45.4 (23-Sep-2019)
[   92.157572] e2fsck: Superblock has an invalid journal (inode 8).
[   92.158847] e2fsck: Clear? yes
[   92.159568] e2fsck: 
[   92.162160] e2fsck: *** journal has been deleted ***
[   92.163801] e2fsck: 
[   92.170708] e2fsck: Superblock has_journal flag is clear, but a journal is present.
[   92.172390] e2fsck: Clear? yes
[   92.173166] e2fsck: 
[   92.267042] e2fsck: Pass 1: Checking inodes, blocks, and sizes
[   92.626140] e2fsck: Journal inode is not in use, but contains data.  Clear? yes
[   92.627178] e2fsck: 
[   92.632943] e2fsck: Pass 2: Checking directory structure
[   92.645631] e2fsck: Pass 3: Checking directory connectivity
[   92.654862] e2fsck: Pass 4: Checking reference counts
[   92.858153] e2fsck: Pass 5: Checking group summary information
[   93.991578] e2fsck: Block bitmap differences:  +524297 +524313 +524315 +(524320--524324) +524326 +524329 +(524331--524333) +524336 +524340 +(524344--524345) +524347 +524349 +(524351--524352) +524354 +(524356--524357) +(524360--524362) +(524364--524365) +524368 +(524370--524371) +(524375--524376) +(524378--524379) +524383 +(524386--524387) +(524390--524393) +524395 +524397 +(524399--524402) +524404 +(524406--524407) +(524409--524410) +(524416--524419) +(524423--524425) +524427 +(524429--524430) +(524434--524435) +52
[   94.743297] e2fsck: 0128--530129) +(530133--530134) +530139 +530143 +(530147--530148) +530150 +530159 +(530161--530162) +(530164--530165) +(530167--530168) +(530173--530175) +(530180--530182) +(530185--530191) +530193 +530197 +530199 +530201 +530207 +(530210--530211) +(530213--530214) +530217 +530219 +530221 +530224 +530226 +530228 +(530231--530234) +530240 +530243 +530245 +530249 +(530251--530258) +(530260--530262) +530265 +530267 +530269 +530271 +530273 +(530275--530277) +530281 +(530283--530284) +(530288--530289
[   95.455127] e2fsck: 33494) -533496 -(533498--533499) -533501 -533503 -533505 -(533507--533508) -533510 -(533512--533514) -533517 -533521 -(533524--533527) -(533531--533535) -(533537--533538) -533545 -(533548--533550) -(533552--533553) -(533555--533556) -(533558--533560) -533564 -(533566--533567) -533570 -533573 -533575 -(533577--533578) -533582 -(533584--533587) -(533590--533591) -(533596--533597) -(533599--533602) -(533609--533611) -533613 -(533615--533617) -533623 -533626 -(533630--533631) -(533633--533635) -(533
[   96.482062] e2fsck: 763 -(534767--534768) -(534771--534776) -534778 -534782 -534785 -534788 -(534790--534791) -(534793--534795) -534797 -534800 -(534802--534803) -534805 -534808 -(534810--534812) -(534818--534820) -(534822--534823) -534825 -534827 -(534829--534835) -(534838--534843) -534846 -534848 -534851 -(534853--534854) -(534856--534857) -534861 -534863 -(534865--534866) -(534868--534870) -534873 -(534875--534876) -534878 -534880 -(534883--534884) -(534887--534890) -(534894--534895) -(534899--534901) -534903 -(
[   97.163196] e2fsck: 535996 -(536000--536001) -536005 -(536007--536009) -536011 -536013 -(536015--536017) -536020 -536022 -536025 -536028 -(536030--536034) -536037 -(536040--536043) -536047 -536050 -(536052--536054) -(536056--536057) -(536059--536060) -(536065--536066) -(536069--536070) -(536074--536076) -536078 -(536080--536086) -(536090--536091) -536093 -536095 -(536097--536098) -(536102--536103) -536107 -(536112--536113) -536120 -536122 -(536124--536127) -(536131--536132) -(536136--536138) -(536140--536144) -5361
[   97.828119] e2fsck: ) -(537237--537239) -(537241--537243) -537245 -(537247--537248) -537250 -(537254--537257) -(537259--537260) -537264 -(537266--537267) -(537269--537270) -(537272--537274) -(537276--537277) -537279 -(537282--537283) -(537292--537293) -(537299--537300) -537303 -(537305--537306) -537308 -537311 -537314 -537319 -(537321--537322) -(537327--537331) -537333 -(537336--537337) -(537342--537349) -(537351--537354) -(537356--537357) -(537359--537361) -537363 -(537365--537369) -537371 -(537377--537380) -53738
[   98.490566] e2fsck: -538559) -(538562--538564) -(538567--538568) -538572 -(538574--538579) -(538581--538583) -538585 -538590 -(538595--538596) -538598 -(538600--538601) -538603 -538605 -538607 -538612 -(538615--538616) -(538620--538621) -(538623--538624) -(538627--538628) -(538630--538631) -(538633--538639) -538641 -538644 -538646 -(538649--538653) -(538655--538657) -538660 -538662 -(538665--538666) -(538668--538671) -538674 -(538677--538679) -(538681--538684) -(538688--538689) -(538697--538699) -538701 -(538703--5
[   99.170504] e2fsck: --539807) -(539809--539810) -539814 -(539818--539819) -539821 -539824 -539827 -539829 -(539831--539832) -539834 -539837 -539841 -539843 -(539846--539847) -539849 -(539851--539852) -(539854--539856) -539858 -539860 -539864 -(539866--539867) -539870 -539873 -(539876--539881) -539884 -(539886--539887) -(539890--539892) -(539894--539896) -539899 -(539901--539902) -(539907--539910) -(539913--539917) -539922 -(539925--539926) -(539928--539932) -(539934--539935) -(539937--539938) -539940 -(539942--5399
[   99.866063] e2fsck: 1062 -541064 -(541066--541068) -541070 -541074 -(541078--541082) -(541084--541085) -541089 -541091 -541096 -541098 -(541100--541101) -541103 -(541105--541108) -(541111--541113) -541115 -541117 -(541121--541122) -(541124--541130) -541136 -(541138--541142) -541144 -(541147--541148) -(541151--541152) -(541155--541156) -(541163--541164) -(541166--541167) -(541170--541172) -(541178--541179) -541181 -(541183--541187) -(541192--541193) -541197 -541199 -541201 -(541203--541204) -(541207--541210) -(54121
[  100.545629] e2fsck: 2 -542284 -542286 -(542289--542291) -542295 -(542297--542298) -542300 -542303 -542308 -(542311--542312) -542316 -542319 -(542323--542324) -542327 -(542329--542330) -(542332--542334) -542337 -(542339--542341) -542345 -542347 -(542349--542350) -(542352--542353) -542356 -542358 -(542361--542362) -542364 -542366 -(542370--542372) -542374 -(542377--542378) -542383 -542385 -542387 -542389 -542391 -(542398--542400) -542402 -542404 -542410 -542413 -542416 -542418 -(542420--542421) -(542424--542425) -542
[  101.255128] e2fsck: 43549--543552) -(543557--543558) -(543563--543564) -543567 -(543570--543572) -(543574--543577) -(543580--543581) -543584 -543586 -543588 -543590 -543593 -(543595--543598) -(543600--543601) -(543606--543607) -(543609--543610) -(543613--543614) -543616 -(543620--543621) -(543623--543625) -543629 -543631 -(543634--543645) -543647 -543649 -(543652--543653) -543656 -543658 -543661 -(543663--543666) -543668 -(543672--543675) -(543677--543679) -543684 -543687 -543690 -(543693--543695) -543701 -(543703-
[  101.929254] e2fsck: ) -(544813--544814) -(544816--544817) -(544821--544822) -544824 -(544827--544828) -544830 -(544833--544834) -544840 -544843 -544846 -(544849--544852) -(544854--544856) -(544859--544861) -(544863--544864) -(544867--544868) -544871 -544873 -(544875--544880) -544884 -(544889--544890) -544892 -544895 -544898 -544901 -(544907--544910) -(544912--544913) -(544916--544917) -(544920--544921) -(544925--544926) -(544929--544931) -544933 -(544938--544939) -544941 -544943 -(544947--544949) -(544954--544956) 
[  102.593184] e2fsck: 46081) -546084 -546090 -546093 -546095 -(546098--546099) -546103 -(546107--546112) -(546115--546116) -546118 -(546120--546127) -(546129--546131) -(546133--546134) -546137 -(546141--546142) -(546148--546150) -(546156--546159) -(546162--546163) -(546166--546168) -(546173--546174) -(546177--546181) -(546183--546184) -(546187--546188) -(546190--546191) -546195 -546199 -(546205--546206) -546208 -(546210--546211) -546213 -546215 -(546217--546218) -546221 -(546223--546228) -(546230--546231) -546233 -(5
[  103.317346] e2fsck: --547340) -(547342--547343) -(547345--547347) -547350 -(547353--547360) -(547367--547373) -547375 -(547378--547381) -547383 -(547385--547387) -547392 -547396 -547398 -(547401--547402) -547404 -(547406--547410) -(547412--547413) -547422 -(547424--547425) -(547428--547432) -(547435--547439) -(547441--547442) -(547453--547454) -547456 -547458 -547461 -(547467--547472) -(547474--547475) -(547477--547479) -547482 -547485 -(547493--547495) -547497 -(547499--547502) -547506 -547509 -547512 -547514 -(54
[  104.119477] e2fsck: 48609--548613) -(548615--548621) -548623 -(548625--548626) -(548628--548630) -(548632--548638) -(548640--548644) -(548646--548647) -(548650--548652) -(548655--548656) -548658 -(548662--548664) -548669 -(548671--548672) -(548674--548676) -548679 -548683 -548689 -(548691--548692) -548697 -548699 -(548702--548708) -548714 -548719 -548722 -548724 -(548727--548728) -548731 -(548733--548737) -548740 -548742 -(548744--548745) -548748 -(548751--548754) -548757 -(548760--548761) -(548763--548765) -(54876
[  104.835253] e2fsck: 99--549901) -549903 -549906 -(549908--549909) -549911 -(549913--549914) -549916 -549918 -(549921--549922) -(549928--549932) -(549935--549936) -(549938--549941) -(549943--549948) -549953 -549956 -549960 -549962 -549965 -549968 -(549970--549971) -549973 -(549975--549977) -549981 -549983 -549985 -(549988--549989) -(549997--550000) -(550002--550003) -550006 -550010 -(550014--550015) -550017 -550020 -550022 -550024 -550027 -(550031--550033) -550037 -550039 -(550042--550043) -(550046--550048) -(550051
[  105.739148] e2fsck: (551152--551155) -(551157--551158) -551160 -551162 -(551166--551167) -551169 -551172 -(551179--551180) -551184 -551186 -551188 -551190 -551192 -(551195--551199) -551203 -551206 -(551210--551213) -551219 -551221 -551223 -551225 -551227 -551230 -(551235--551236) -551238 -551240 -(551243--551246) -(551248--551249) -(551251--551252) -(551254--551259) -(551261--551262) -(551266--551267) -(551269--551271) -551273 -(551276--551278) -(551281--551282) -(551285--551287) -551289 -551291 -551293 -(551296--5
[  106.768439] e2fsck: 4 -552366 -(552368--552369) -552371 -552373 -552375 -552377 -552380 -552387 -552390 -(552392--552397) -552399 -(552402--552403) -552405 -(552408--552409) -552411 -(552414--552415) -552417 -(552423--552424) -552427 -552429 -(552436--552438) -(552440--552441) -552445 -(552448--552450) -552455 -(552457--552458) -(552465--552468) -552470 -552474 -552476 -552482 -(552485--552487) -(552489--552490) -552497 -552500 -552502 -552507 -(552509--552510) -552512 -552520 -552522 -552525 -(552527--552529) -552
[  107.450044] e2fsck:  -553681 -(553683--553685) -(553688--553689) -(553697--553698) -(553704--553705) -(553708--553709) -553711 -(553715--553718) -(553724--553727) -553729 -553734 -553736 -553738 -(553740--553741) -553743 -553745 -553749 -553759 -(553762--553763) -(553765--553768) -(553771--553772) -(553775--553777) -553779 -553781 -553784 -553786 -553788 -(553790--553792) -(553795--553797) -553800 -553802 -553804 -553806 -(553809--553810) -553813 -553815 -553817 -(553821--553822) -(553825--553827) -(553830--553837)
[  108.135063] e2fsck: 4896--554897) -(554899--554902) -(554904--554905) -(554907--554908) -(554911--554912) -554914 -554916 -(554925--554929) -554931 -(554934--554937) -554940 -554944 -554947 -554950 -554953 -554955 -(554958--554960) -(554963--554965) -554971 -(554974--554976) -554980 -554988 -554991 -(554993--554994) -(554996--554997) -(555000--555001) -(555005--555008) -555010 -555013 -(555018--555019) -(555022--555026) -(555028--555031) -555034 -555036 -(555038--555040) -(555042--555043) -(555045--555046) -555048 
[  108.819583] e2fsck: 5) -(556178--556180) -(556182--556183) -(556185--556187) -556192 -556195 -556197 -556200 -556204 -556207 -556209 -(556211--556212) -(556218--556219) -(556221--556224) -(556227--556228) -(556233--556234) -(556236--556238) -(556240--556244) -556247 -(556251--556253) -(556255--556261) -556266 -556270 -(556274--556276) -556278 -(556286--556287) -(556289--556292) -(556295--556297) -(556299--556303) -556305 -556307 -(556310--556311) -556318 -(556322--556323) -(556325--556326) -556328 -(556331--556332)
[  109.605782] e2fsck: +(819556--819558) +(819560--819562) +(819565--819566) +819569 +819573 +819575 +819578 +819581 +819583 +819589 +819591 +(819596--819597) +(819599--819600) +819602 +819604 +(819607--819609) +819611 +819613 +(819616--819617) +819622 +819624 +819626 +819628 +(819631--819632) +(819635--819636) +(819640--819641) +819644 +(819646--819648) +(819652--819654) +(819656--819657) +819659 +819662 +(819665--819666) +(819669--819675) +(819678--819679) +819681 +(819685--819686) +(819689--819690) +819692 +(819695
[  110.266436] e2fsck: 20805) -820807 -820810 -820813 -(820815--820816) -(820818--820819) -820822 -(820824--820825) -820832 -820837 -(820840--820843) -(820847--820849) -820855 -820858 -(820860--820861) -(820863--820864) -820869 -820871 -820874 -820876 -820878 -(820880--820882) -(820884--820885) -(820887--820894) -820900 -820903 -820906 -820911 -(820913--820917) -820921 -(820923--820924) -(820926--820928) -(820931--820933) -820935 -820937 -(820939--820940) -(820943--820944) -(820946--820947) -(820949--820950) -820953 -
[  110.983558] e2fsck: 2003) -(822006--822008) -822012 -822015 -(822024--822025) -(822028--822032) -(822034--822037) -822039 -(822041--822044) -822046 -(822049--822050) -(822052--822055) -(822057--822058) -822064 -822066 -(822068--822072) -822075 -822078 -822084 -822086 -(822089--822093) -(822098--822103) -822105 -822112 -(822114--822115) -822117 -(822119--822121) -822124 -822126 -(822128--822129) -(822131--822132) -(822134--822137) -(822141--822145) -(822149--822153) -(822156--822157) -822160 -(822162--822164) -82216
[  111.709999] e2fsck: 3--823264) -823267 -(823269--823270) -823275 -823278 -(823282--823283) -(823286--823287) -(823289--823290) -(823293--823295) -823300 -(823302--823303) -(823305--823307) -(823311--823316) -823321 -823323 -823325 -823328 -823335 -823337 -(823340--823341) -(823345--823348) -823350 -823353 -823355 -823357 -(823361--823362) -823367 -(823369--823373) -823377 -(823381--823383) -823387 -823389 -(823395--823397) -823403 -823406 -823408 -(823410--823411) -823413 -(823420--823421) -823423 -(823428--823430)
[  112.423004] e2fsck: 9 -824543 -(824545--824547) -824549 -(824552--824556) -824558 -824560 -(824562--824564) -824566 -824569 -824572 -(824574--824576) -(824578--824579) -(824582--824586) -824588 -(824590--824593) -(824597--824598) -(824600--824604) -(824606--824607) -824610 -824613 -824615 -(824617--824618) -824625 -824628 -824630 -(824632--824633) -824638 -824640 -824647 -(824651--824652) -824657 -824666 -(824668--824669) -824671 -824674 -824676 -(824678--824680) -(824683--824684) -(824686--824688) -824690 -(824694
[  113.109677] e2fsck: 25772--825776) -825778 -(825784--825786) -825788 -825791 -(825796--825797) -(825800--825801) -825805 -825807 -825817 -(825819--825820) -(825822--825824) -825828 -(825831--825832) -825834 -(825836--825837) -(825839--825840) -825842 -(825845--825846) -(825848--825849) -(825854--825855) -(825857--825858) -(825860--825863) -825865 -(825868--825873) -(825875--825876) -825878 -825881 -825883 -(825885--825886) -(825891--825892) -825894 -825896 -825898 -825900 -(825904--825906) -(825908--825909) -(82591
[  113.998602] e2fsck: --827004) -827006 -827008 -(827011--827013) -(827016--827017) -(827021--827023) -827027 -(827029--827031) -827035 -827037 -(827040--827041) -827043 -827046 -827048 -(827052--827056) -(827061--827062) -827064 -(827066--827071) -827073 -827077 -827079 -827081 -(827085--827086) -(827090--827091) -(827093--827094) -(827096--827097) -(827100--827102) -(827110--827111) -827113 -827116 -(827118--827119) -(827121--827123) -827126 -827129 -827133 -827135 -(827137--827138) -(827140--827141) -827146 -(8271
[  114.840314] e2fsck:  -(828275--828278) -(828285--828287) -(828290--828296) -828300 -828304 -(828306--828307) -828309 -(828311--828313) -(828315--828316) -(828319--828323) -828325 -828328 -(828330--828331) -828334 -(828336--828339) -(828341--828345) -(828347--828349) -(828351--828353) -(828358--828359) -828361 -828365 -828369 -(828375--828376) -(828381--828384) -(828386--828388) -828390 -(828392--828394) -(828397--828398) -(828401--828403) -828410 -828412 -828414 -(828417--828419) -(828421--828422) -828424 -828427 -
[  115.573151] e2fsck: 829549--829551) -(829553--829554) -829558 -829562 -829566 -829572 -829574 -(829576--829577) -(829579--829580) -829582 -(829584--829586) -829589 -(829593--829594) -829597 -829600 -829602 -(829604--829608) -(829610--829611) -829613 -829618 -829620 -(829622--829623) -829625 -829627 -829629 -(829633--829636) -829638 -(829641--829643) -829645 -829647 -829649 -(829655--829657) -829659 -(829661--829663) -(829665--829666) -(829668--829669) -829671 -829673 -(829676--829680) -(829684--829685) -(829687--82
[  116.584946] e2fsck:  -830821 -830823 -830828 -(830830--830832) -830835 -830837 -830839 -830845 -830847 -830849 -(830852--830855) -(830857--830863) -(830867--830868) -(830875--830876) -(830879--830881) -(830883--830884) -830886 -830888 -(830890--830892) -830898 -830902 -(830905--830906) -830908 -830910 -(830912--830915) -(830917--830919) -(830922--830925) -830930 -830932 -(830937--830939) -830942 -(830944--830945) -(830951--830955) -830957 -830959 -830964 -(830968--830970) -830972 -830975 -830977 -830979 -(830984--8
[  117.239208] e2fsck: 21) -832124 -(832126--832129) -832133 -832135 -(832137--832138) -(832141--832143) -(832145--832147) -(832149--832150) -832152 -832155 -832161 -(832163--832167) -(832170--832172) -832174 -832176 -832179 -832181 -(832183--832184) -832186 -(832201--832206) -(832209--832211) -(832213--832214) -(832217--832219) -832221 -(832225--832226) -(832229--832231) -832233 -(832235--832236) -832238 -(832240--832242) -832245 -832250 -(832252--832253) -(832256--832259) -832263 -832266 -(832269--832271) -832274 -(
[  117.962581] e2fsck: 33326--833328) -(833332--833333) -(833335--833338) -(833340--833341) -(833346--833351) -(833353--833354) -833365 -833368 -833371 -833374 -(833376--833379) -(833381--833382) -833384 -(833388--833389) -833391 -833393 -(833395--833399) -(833402--833403) -(833406--833408) -833416 -833418 -833423 -(833427--833428) -833430 -(833434--833436) -833443 -833446 -833450 -833459 -833464 -833467 -(833469--833476) -833478 -833481 -833485 -833487 -(833489--833490) -(833494--833497) -(833501--833502) -(833504--8
[  118.658079] e2fsck: ) -834606 -(834608--834610) -834615 -(834621--834623) -834632 -(834635--834637) -834640 -834642 -(834644--834645) -(834649--834653) -834658 -(834661--834662) -834664 -(834667--834668) -(834670--834672) -834677 -(834681--834683) -834687 -834690 -(834692--834693) -834695 -834697 -834699 -834702 -(834704--834706) -834708 -(834711--834712) -834714 -834716 -(834719--834720) -(834722--834723) -834727 -834729 -(834731--834732) -(834734--834736) -834742 -(834744--834745) -834748 -834750 -(834753--834754
[  119.321435] e2fsck: 35876--835877) -(835883--835886) -(835890--835891) -(835893--835894) -835898 -835901 -835905 -(835908--835909) -(835913--835914) -835916 -(835918--835921) -(835923--835924) -(835927--835934) -(835936--835937) -(835940--835941) -(835943--835944) -(835946--835950) -(835954--835955) -835957 -835960 -(835962--835963) -(835967--835968) -835970 -835973 -835975 -(835978--835981) -(835983--835985) -(835988--835989) -(835991--835993) -835995 -(835997--836002) -(836004--836005) -836008 -(836010--836016) -
[  119.981986] e2fsck: 132 -(837135--837136) -837140 -(837142--837145) -(837147--837148) -(837152--837153) -(837155--837157) -(837159--837161) -837163 -837168 -837170 -837173 -837176 -837180 -837182 -(837184--837185) -837187 -837189 -(837194--837195) -(837198--837200) -(837203--837204) -837207 -(837210--837214) -(837218--837220) -(837225--837227) -(837230--837231) -837234 -(837236--837238) -(837240--837241) -837243 -(837245--837246) -(837249--837250) -837252 -837254 -837258 -(837260--837262) -(837264--837269) -(837271
[  120.673968] e2fsck: 38324) -(838326--838329) -(838331--838333) -(838338--838339) -838342 -(838346--838347) -838349 -838352 -(838355--838357) -(838359--838360) -(838363--838368) -(838370--838373) -838376 -838380 -838383 -838386 -(838388--838390) -(838392--838393) -838395 -(838398--838399) -838403 -838412 -838414 -(838418--838419) -(838422--838425) -838427 -(838429--838430) -838432 -(838434--838437) -(838440--838442) -838447 -838451 -(838456--838457) -(838460--838464) -(838466--838467) -(838471--838474) -(838477--838
[  121.308763] e2fsck: --839591) -839595 -(839597--839599) -839601 -(839607--839608) -839611 -(839615--839616) -839620 -(839622--839625) -(839627--839629) -839632 -839636 -839638 -839642 -839647 -(839654--839655) -(839658--839659) -839662 -(839665--839666) -839668 -839671 -(839674--839675) -839677 -839679 -(839681--839682) -(839685--839687) -839692 -839694 -839697 -(839699--839700) -(839703--839704) -839706 -839708 -839710 -839714 -(839717--839718) -839720 -(839722--839723) -(839726--839727) -(839730--839735) -(839737
[  121.971302] e2fsck: 27 -840829 -(840833--840834) -(840836--840837) -840840 -(840842--840844) -840847 -840849 -(840851--840852) -(840857--840858) -(840860--840861) -(840867--840868) -(840871--840873) -840875 -840877 -(840881--840884) -840886 -840888 -840891 -840893 -840895 -840897 -840900 -840903 -840905 -(840908--840909) -840912 -(840915--840918) -840922 -(840927--840929) -(840931--840932) -840934 -(840937--840938) -840942 -(840945--840946) -(840948--840952) -(840954--840955) -(840959--840960) -(840966--840967) -84
[  122.682868] e2fsck: 842148) -842150 -(842152--842154) -(842156--842159) -842161 -842163 -(842168--842170) -842173 -(842176--842179) -(842186--842187) -(842190--842191) -842195 -842197 -(842199--842201) -(842203--842204) -842206 -(842211--842216) -(842223--842224) -(842226--842228) -(842230--842231) -(842235--842236) -842240 -(842243--842245) -(842250--842251) -842253 -(842257--842258) -(842260--842261) -(842263--842265) -(842268--842269) -842273 -(842277--842278) -(842280--842283) -(842285--842287) -842289 -842292 
[  123.369103] e2fsck: (843407--843408) -843411 -843413 -843418 -(843420--843422) -843426 -(843430--843432) -(843434--843436) -843438 -843441 -(843443--843444) -(843446--843448) -(843450--843451) -(843453--843455) -843460 -(843462--843463) -(843469--843471) -843473 -843476 -843479 -843482 -(843484--843485) -843487 -843493 -(843495--843496) -(843498--843500) -(843503--843506) -(843508--843510) -(843513--843514) -843516 -843518 -(843520--843521) -843524 -(843526--843529) -843532 -843537 -(843539--843542) -(843544--84354
[  124.186505] e2fsck: 4624) -(844626--844629) -844631 -844633 -(844635--844640) -844642 -844644 -(844647--844649) -(844652--844653) -844658 -844663 -844665 -844669 -(844672--844674) -844676 -(844678--844685) -(844687--844689) -(844691--844694) -(844696--844697) -844699 -844701 -844704 -844710 -(844712--844716) -844718 -(844729--844732) -844734 -(844738--844741) -(844743--844748) -844751 -844753 -844755 -(844758--844761) -(844764--844765) -844767 -(844771--844772) -844774 -(844776--844777) -(844779--844782) -(844787--
[  124.945870] e2fsck: (845854--845855) -845859 -845861 -845864 -(845868--845870) -(845873--845877) -845879 -(845883--845886) -(845890--845893) -(845895--845897) -(845900--845901) -845904 -(845906--845907) -(845909--845910) -(845916--845920) -(845922--845923) -845925 -845927 -(845931--845932) -(845936--845937) -845940 -(845942--845943) -845945 -(845952--845956) -(845961--845962) -845965 -845968 -(845971--845977) -845980 -(845982--845986) -(845988--845990) -(845992--845993) -(845998--845999) -846001 -(846006--846011) -
[  125.664660] e2fsck: ) -(847096--847099) -(847101--847103) -(847106--847107) -(847110--847111) -(847113--847115) -(847117--847119) -847121 -847123 -847125 -847131 -847142 -847144 -(847149--847154) -(847156--847158) -(847161--847162) -(847165--847166) -847168 -(847172--847174) -847180 -847184 -847188 -(847190--847191) -847194 -(847198--847199) -847201 -847203 -(847205--847212) -847214 -847216 -847218 -847221 -(847223--847225) -(847228--847229) -847235 -847237 -(847239--847241) -847245 -847249 -(847252--847253) -84725
[  126.698094] e2fsck:  -(848360--848362) -848365 -(848367--848369) -(848371--848372) -848374 -848378 -(848380--848381) -(848383--848386) -(848389--848390) -(848392--848393) -(848397--848398) -(848400--848402) -(848404--848405) -848407 -(848409--848410) -(848412--848413) -(848417--848418) -848423 -848425 -(848427--848429) -(848433--848434) -(848436--848437) -848441 -(848443--848446) -848450 -(848453--848454) -848456 -(848459--848461) -(848463--848466) -848475 -848479 -848481 -(848483--848484) -(848486--848487) -(84849
[  127.422510] e2fsck: 49616 -849618 -(849623--849625) -(849627--849630) -849632 -849636 -849640 -(849642--849643) -849646 -849648 -849657 -(849659--849661) -(849664--849669) -(849671--849672) -849675 -849681 -(849683--849685) -(849687--849689) -(849692--849693) -849698 -849700 -(849702--849707) -849711 -849713 -849715 -849717 -(849722--849723) -(849726--849727) -(849729--849731) -849733 -849736 -849740 -(849742--849743) -849746 -(849749--849753) -849760 -849764 -(849767--849768) -(849771--849772) -849776 -849778 -849
[  128.114925] e2fsck: 898) -850901 -850903 -(850905--850906) -(850908--850909) -850912 -(850914--850917) -850920 -(850926--850932) -(850940--850943) -(850945--850946) -(850951--850955) -850964 -850967 -850970 -(850972--850974) -850977 -(850980--850984) -850986 -(850988--850989) -850991 -850994 -850997 -851005 -851009 -851012 -(851017--851021) -851023 -851026 -851028 -(851030--851036) -(851039--851040) -851042 -851048 -(851052--851053) -851055 -851058 -(851062--851064) -(851066--851069) -(851074--851075) -(851077--851
[  128.795758] e2fsck: 5027) +(885032--885034) +885038 +(885040--885041) +885044 +(885047--885048) +885050 +(885054--885055) +(885057--885062) +885064 +(885066--885073) +(885076--885077) +(885080--885082) +885085 +885091 +885093 +(885095--885096) +885098 +(885102--885103) +(885106--885110) +885114 +(885117--885121) +(885124--885126) +(885130--885132) +(885134--885136) +(885138--885139) +(885142--885148) +(885152--885153) +885156 +(885162--885164) +(885166--885167) +(885170--885172) +885174 +(885176--885177) +(885179--
[  129.655888] e2fsck: 886240 -(886249--886251) -886254 -(886258--886262) -(886264--886265) -886267 -(886269--886270) -(886272--886274) -(886276--886277) -886279 -(886285--886286) -(886288--886292) -886294 -(886297--886298) -886300 -886302 -886304 -(886306--886308) -(886311--886313) -886316 -(886319--886328) -(886333--886336) -886339 -(886341--886342) -886344 -886348 -886354 -886357 -886363 -886365 -886367 -(886369--886371) -(886379--886380) -(886382--886383) -886385 -(886389--886396) -886399 -(886401--886402) -(88640
[  131.232467] e2fsck: 87484 -(887486--887487) -(887491--887493) -(887497--887506) -887510 -887512 -(887515--887520) -887527 -(887530--887534) -(887539--887540) -887544 -887548 -(887551--887552) -887554 -887558 -887560 -(887565--887568) -887570 -(887573--887577) -887581 -887585 -887587 -(887589--887590) -(887592--887594) -(887596--887597) -(887599--887600) -887602 -(887605--887609) -887613 -(887615--887617) -887619 -(887622--887624) -(887628--887630) -887632 -(887634--887635) -887639 -(887641--887642) -(887645--887647
[  132.296592] e2fsck: 888736 -888738 -(888740--888742) -(888744--888745) -(888748--888751) -888759 -888761 -888764 -888766 -(888769--888770) -(888772--888773) -(888776--888779) -888781 -888783 -888789 -888794 -(888797--888800) -888802 -(888804--888807) -(888810--888811) -888814 -888818 -(888822--888824) -888828 -888830 -888832 -888834 -888839 -(888844--888845) -888847 -888850 -(888853--888854) -888856 -888858 -888862 -888864 -(888866--888868) -888872 -888874 -888876 -888878 -(888882--888883) -(888885--888887) -(88889
[  133.036286] e2fsck: 45) -889947 -889949 -889955 -(889958--889960) -889962 -(889964--889968) -(889970--889971) -(889973--889974) -(889976--889978) -889982 -889984 -889986 -(889989--889991) -(889993--889994) -(889997--889998) -(890000--890002) -(890006--890007) -890009 -890011 -(890013--890014) -(890016--890018) -(890020--890021) -890024 -(890026--890027) -(890030--890032) -890036 -(890038--890039) -890041 -890045 -(890047--890048) -(890050--890051) -(890055--890056) -890061 -890066 -890070 -(890075--890076) -890078 
[  133.800539] e2fsck: 91180--891181) -891184 -891186 -891189 -891192 -(891196--891200) -(891202--891203) -(891205--891207) -891209 -891211 -891213 -891215 -(891217--891218) -891223 -(891225--891227) -891229 -(891231--891233) -(891235--891236) -891239 -(891244--891248) -891250 -(891252--891253) -(891256--891257) -891259 -(891261--891262) -(891264--891267) -(891270--891272) -(891274--891278) -891281 -891285 -891288 -891290 -(891293--891294) -(891298--891299) -891301 -891303 -891305 -891307 -(891310--891311) -891318 -89
[  134.438843] e2fsck: --892413) -892415 -(892418--892422) -892425 -892428 -(892436--892437) -(892439--892442) -(892444--892445) -(892448--892449) -892453 -892456 -(892461--892462) -892465 -(892467--892470) -(892476--892478) -(892486--892494) -892498 -(892502--892504) -892506 -892508 -(892511--892516) -892518 -892522 -(892526--892527) -(892529--892530) -892534 -(892537--892539) -892543 -(892548--892550) -(892554--892557) -(892560--892561) -892563 -892565 -(892568--892569) -892571 -(892573--892576) -892578 -892580 -(89
[  135.171946] e2fsck: 2) -893715 -(893718--893720) -893722 -893724 -893726 -893729 -(893733--893734) -893736 -(893738--893741) -(893743--893744) -893746 -893750 -893752 -893757 -(893759--893760) -(893762--893765) -893768 -(893771--893772) -(893777--893780) -893782 -893784 -893789 -893791 -(893793--893795) -(893800--893802) -893806 -893809 -893812 -893814 -(893820--893827) -(893829--893830) -(893833--893836) -893838 -(893844--893846) -893849 -(893854--893856) -893861 -893864 -(893866--893867) -(893870--893871) -(89387
[  136.030527] e2fsck: -(895012--895014) -(895016--895017) -(895020--895021) -895024 -895026 -895028 -895030 -(895032--895034) -(895037--895038) -895040 -895042 -(895044--895045) -(895047--895048) -(895052--895055) -895058 -(895064--895066) -(895073--895074) -895076 -(895078--895080) -895082 -895084 -895088 -895090 -895092 -(895094--895095) -895097 -(895099--895100) -895102 -(895104--895106) -(895110--895111) -(895113--895114) -(895116--895120) -(895123--895124) -(895126--895127) -(895129--895131) -895133 -(895136--89
[  136.854821] e2fsck:  -(896281--896283) -896285 -896287 -(896292--896295) -896297 -(896300--896301) -896304 -896306 -896308 -(896311--896313) -896321 -(896330--896332) -(896334--896335) -896339 -(896341--896342) -896345 -(896347--896348) -896352 -896356 -(896358--896360) -(896362--896366) -896368 -(896370--896371) -896373 -896375 -(896378--896386) -(896389--896394) -(896398--896399) -896402 -896405 -(896409--896410) -(896415--896416) -896422 -(896425--896426) -896430 -(896435--896439) -896441 -896444 -896446 -896451
[  137.562199] e2fsck: -(897537--897538) -897544 -(897552--897553) -(897556--897560) -(897566--897570) -(897572--897574) -(897576--897578) -(897580--897581) -897584 -897588 -(897590--897591) -(897593--897595) -897597 -897600 -897602 -(897605--897607) -897609 -897614 -(897616--897619) -(897624--897626) -(897628--897630) -897632 -897639 -897643 -897650 -(897652--897653) -897655 -897658 -(897660--897664) -897667 -897670 -897673 -(897677--897678) -897682 -(897684--897685) -(897689--897690) -897693 -897698 -897700 -(897702
[  138.372341] e2fsck:  -898772 -(898774--898775) -(898779--898781) -898783 -(898786--898788) -(898790--898791) -(898793--898797) -898799 -898802 -898804 -(898808--898813) -898815 -(898818--898821) -898823 -898825 -(898833--898835) -898837 -898840 -898845 -(898849--898852) -898855 -(898857--898858) -898860 -(898864--898868) -(898870--898871) -898873 -(898875--898876) -(898878--898879) -(898883--898885) -898888 -(898890--898893) -898895 -898897 -(898900--898902) -898905 -(898907--898909) -898914 -898917 -(898919--89892
[  138.990363] e2fsck: 4 -(900036--900037) -(900041--900042) -900047 -(900053--900055) -(900062--900065) -(900068--900069) -900071 -900073 -(900075--900079) -900087 -(900089--900090) -900093 -900095 -(900103--900104) -900108 -900110 -900112 -900114 -(900118--900120) -(900122--900123) -(900128--900132) -900138 -(900141--900142) -900148 -900150 -(900152--900159) -900161 -900165 -900167 -(900169--900170) -900172 -900174 -900176 -(900179--900180) -900182 -(900185--900186) -(900188--900189) -900191 -(900194--900196) -90019
[  139.647058] e2fsck: 6--901387) -901389 -(901392--901396) -901398 -901400 -(901407--901408) -(901412--901415) -(901417--901421) -(901424--901426) -901430 -901432 -901434 -901438 -(901440--901444) -901448 -(901450--901451) -(901455--901456) -(901460--901461) -901464 -901466 -(901470--901472) -901477 -(901479--901480) -(901482--901483) -(901487--901488) -901494 -901496 -(901499--901503) -(901506--901507) -(901513--901514) -901517 -901519 -901521 -(901523--901525) -(901528--901530) -(901532--901533) -(901535--901536) -
[  140.272571] e2fsck: -(902590--902591) -(902593--902596) -902598 -902600 -(902604--902606) -(902609--902611) -(902614--902615) -902617 -902619 -(902621--902622) -902627 -902630 -(902632--902633) -(902635--902636) -(902638--902640) -902642 -(902644--902648) -902650 -(902652--902653) -(902656--902657) -902661 -(902663--902665) -902667 -902669 -(902671--902672) -(902675--902682) -902690 -902693 -902695 -902697 -902701 -(902703--902704) -902706 -(902709--902710) -(902712--902713) -(902715--902718) -902722 -902725 -90272
[  140.875501] e2fsck: 848--903849) -903851 -(903856--903857) -(903859--903860) -(903864--903865) -903873 -903875 -903877 -903883 -903885 -903887 -903889 -(903891--903892) -(903896--903897) -903901 -903903 -(903905--903906) -(903908--903910) -(903912--903914) -903916 -903919 -903921 -903924 -(903928--903929) -(903931--903934) -903936 -(903938--903942) -903944 -(903946--903947) -903950 -(903952--903955) -(903957--903959) -903961 -903963 -903966 -(903971--903972) -(903975--903976) -903979 -903981 -(903983--903984) -(903
[  141.571457] e2fsck: 1 -905114 -(905117--905118) -(905120--905122) -(905127--905130) -905132 -(905135--905137) -(905139--905140) -905145 -(905147--905150) -905156 -(905159--905160) -(905162--905164) -(905166--905168) -905173 -905176 -(905178--905179) -905181 -905186 -(905191--905194) -(905197--905198) -(905201--905203) -905205 -(905208--905213) -(905215--905216) -(905219--905220) -905222 -(905224--905225) -905231 -905233 -905236 -(905242--905243) -905246 -905248 -905250 -(905253--905254) -905256 -(905258--905262) -9
[  142.189696] e2fsck: (906352--906353) -906357 -(906359--906360) -(906362--906363) -(906367--906368) -(906371--906372) -(906375--906376) -906378 -(906381--906382) -(906385--906386) -(906388--906389) -(906391--906394) -(906396--906398) -906401 -906404 -(906406--906407) -906410 -(906414--906415) -906419 -906421 -906424 -(906426--906427) -(906430--906433) -906437 -906440 -(906442--906443) -(906445--906446) -(906453--906457) -906460 -906462 -906466 -(906469--906470) -906478 -(906480--906482) -906487 -906492 -906494 -9064
[  142.835597] e2fsck: -(907657--907662) -907666 -907668 -907671 -907674 -907677 -(907682--907683) -907685 -907688 -(907690--907696) -(907698--907699) -907702 -(907706--907708) -907711 -907717 -(907720--907721) -907725 -907728 -(907732--907741) -907744 -(907752--907753) -(907758--907759) -(907762--907763) -(907768--907770) -(907772--907773) -(907775--907777) -(907780--907781) -907783 -907785 -907788 -(907794--907796) -907798 -907801 -(907803--907804) -907806 -907808 -(907810--907811) -907813 -(907819--907820) -(907824
[  143.531400] e2fsck: 08919) -908923 -908925 -908927 -908930 -(908932--908934) -908943 -908945 -908951 -(908954--908955) -(908957--908958) -(908961--908962) -(908966--908967) -(908972--908974) -908980 -908983 -908985 -908988 -(908991--908992) -908995 -908997 -909000 -(909002--909003) -(909005--909010) -(909014--909019) -(909021--909024) -909028 -909030 -(909032--909037) -(909040--909041) -(909043--909045) -(909047--909048) -(909050--909051) -909054 -909057 -909059 -909064 -909067 -909070 -(909073--909074) -(909078--9
[  144.235476] e2fsck: 2 -910164 -910169 -910173 -910177 -(910185--910189) -910191 -(910193--910199) -910201 -(910203--910205) -910207 -910213 -(910215--910216) -910221 -(910223--910224) -910226 -(910228--910231) -(910233--910236) -(910238--910239) -(910242--910243) -910248 -910251 -910253 -910255 -910259 -910262 -910264 -910267 -(910269--910271) -910274 -910276 -(910278--910280) -(910282--910286) -910289 -910292 -910294 -(910296--910298) -910303 -910305 -910307 -(910309--910311) -910314 -910317 -910320 -(910322--9103
[  144.893243] e2fsck: 424--911426) -911428 -911432 -911435 -(911437--911442) -(911444--911446) -(911448--911449) -(911452--911453) -(911455--911457) -(911460--911461) -911463 -911465 -911467 -911470 -911472 -(911474--911481) -(911484--911486) -911489 -(911491--911493) -911497 -911499 -(911501--911502) -911505 -(911507--911510) -911514 -(911516--911518) -(911521--911522) -911531 -911533 -911537 -911539 -911543 -(911545--911546) -(911548--911549) -911555 -(911559--911560) -(911562--911563) -911566 -(911568--911571) -(9
[  145.727090] e2fsck: -(912626--912629) -(912632--912635) -(912637--912638) -912643 -912646 -912648 -912652 -(912655--912659) -(912661--912663) -(912665--912666) -912668 -(912670--912671) -(912674--912678) -912684 -(912687--912689) -(912692--912693) -912695 -(912700--912702) -912704 -912706 -(912720--912721) -(912724--912726) -912728 -(912731--912733) -(912737--912740) -912742 -(912746--912747) -912750 -912752 -912756 -912761 -(912763--912764) -(912766--912768) -912770 -912772 -(912775--912776) -912780 -(912783--9127
[  146.728114] e2fsck: 910) -913912 -913914 -(913918--913922) -913926 -(913930--913932) -913935 -(913937--913941) -913944 -(913946--913948) -913951 -(913953--913954) -913956 -(913958--913961) -(913963--913964) -913966 -913969 -913972 -(913974--913976) -913979 -913983 -(913986--913989) -(913991--913992) -913997 -914000 -914005 -914007 -914009 -914014 -(914016--914018) -(914020--914021) -(914023--914026) -914029 -(914032--914033) -(914035--914036) -914040 -914042 -914044 -(914047--914048) -914050 -914052 -(914054--91405
[  147.338611] e2fsck: -915175 -915177 -915182 -915184 -915187 -(915189--915190) -(915194--915195) -(915199--915200) -915202 -915205 -915207 -915209 -(915212--915214) -(915216--915217) -915219 -(915222--915223) -915225 -(915229--915230) -915232 -(915234--915235) -915237 -915239 -(915241--915246) -915249 -(915252--915255) -(915258--915259) -915262 -915267 -915270 -915277 -(915279--915282) -(915284--915288) -(915291--915294) -(915296--915298) -(915300--915301) -(915303--915308) -915310 -915312 -915314 -915317 -915319 -9
[  148.108130] e2fsck: 8) -(916391--916392) -916395 -916398 -916400 -(916403--916404) -916407 -916411 -(916413--916414) -916416 -916418 -(916420--916422) -(916425--916426) -916429 -(916431--916437) -(916441--916442) -(916444--916446) -(916450--916451) -(916453--916455) -916457 -916460 -916463 -(916466--916468) -(916470--916471) -916473 -916475 -(916477--916478) -(916481--916484) -(916486--916487) -916489 -(916492--916494) -(916502--916503) -916508 -(916510--916513) -(916515--916516) -916521 -(916523--916526) -(916528-
[  148.677167] e2fsck: 572978) +(1572980--1572981) +1572983 +1572985 +(1572987--1572991) +(1572993--1572994) +(1572998--1572999) +(1573002--1573006) +(1573008--1573010) +(1573013--1573014) +(1573016--1573017) +1573019 +(1573021--1573022) +1573027 +1573030 +(1573033--1573036) +1573040 +(1573042--1573045) +1573047 +1573049 +1573052 +1573054 +(1573061--1573063) +1573065 +(1573067--1573071) +1573073 +(1573075--1573076) +1573078 +1573080 +1573082 +(1573084--1573085) +1573089 +1573091 +1573093 +1573095 +1573098 +1573102 +15
[  149.221755] e2fsck: --1580739) +(1580742--1580745) +1580747 +(1580749--1580750) +(1580754--1580755) +(1580757--1580758) +(1580761--1580763) +(1580765--1580768) +(1580770--1580773) +1580776 +1580780 +1580783 +1580785 +(1580787--1580788) +1580790 +(1580793--1580794) +(1580796--1580797) +(1580799--1580801) +1580803 +1580808 +1580811 +1580813 +1580815 +1580817 +(1580820--1580823) +(1580826--1580827) +1580829 +1580831 +1580835 +(1580837--1580838) +1580844 +1580849 +1580851 +1580853 +1580855 +1580857 +(1580859--1580860) 
[  149.758417] e2fsck: 3--1581855) -1581857 -(1581861--1581862) -1581864 -(1581869--1581870) -(1581872--1581873) -(1581875--1581876) -(1581878--1581880) -(1581883--1581884) -(1581886--1581890) -(1581892--1581894) -(1581896--1581899) -1581901 -1581904 -1581907 -1581909 -(1581911--1581913) -1581915 -(1581917--1581918) -1581920 -1581924 -(1581926--1581927) -1581930 -(1581936--1581939) -(1581941--1581946) -(1581952--1581954) -(1581957--1581958) -1581960 -(1581963--1581966) -(1581968--1581969) -(1581971--1581972) -(1581974
[  150.312563] e2fsck: 1583007 -1583010 -1583012 -(1583014--1583017) -1583019 -1583021 -(1583024--1583026) -1583028 -(1583030--1583031) -(1583035--1583036) -1583039 -1583041 -(1583047--1583051) -(1583055--1583056) -1583058 -(1583060--1583062) -(1583069--1583075) -1583077 -(1583079--1583084) -1583086 -1583089 -(1583091--1583093) -(1583096--1583097) -(1583099--1583102) -1583104 -(1583107--1583110) -1583112 -(1583114--1583116) -(1583121--1583122) -(1583129--1583132) -(1583134--1583136) -1583139 -(1583146--1583151) -(1583
[  150.870697] e2fsck:  -1584214 -1584216 -1584218 -1584220 -1584223 -(1584225--1584226) -1584228 -1584230 -(1584233--1584238) -(1584240--1584241) -1584243 -(1584245--1584246) -1584250 -(1584252--1584253) -1584255 -(1584258--1584259) -(1584263--1584264) -(1584269--1584270) -(1584274--1584275) -(1584277--1584278) -1584280 -1584283 -(1584285--1584286) -1584289 -(1584292--1584293) -(1584296--1584297) -1584299 -1584302 -(1584307--1584308) -1584311 -(1584313--1584314) -(1584317--1584318) -(1584322--1584323) -1584325 -(1584
[  151.449482] e2fsck:  -1585290 -1585293 -(1585295--1585301) -1585309 -(1585312--1585313) -(1585315--1585318) -1585320 -1585324 -1585326 -1585331 -1585333 -1585335 -1585339 -(1585343--1585344) -(1585346--1585348) -(1585350--1585351) -(1585356--1585357) -(1585366--1585369) -(1585371--1585372) -(1585374--1585375) -1585381 -(1585383--1585385) -(1585387--1585389) -(1585391--1585394) -(1585396--1585399) -1585405 -1585408 -1585412 -1585414 -(1585416--1585417) -1585419 -1585425 -1585428 -(1585431--1585432) -1585436 -1585443
[  152.055562] e2fsck:  -1586485 -1586487 -(1586489--1586491) -(1586496--1586497) -1586499 -1586501 -1586504 -1586507 -(1586510--1586512) -1586517 -(1586522--1586523) -1586526 -1586528 -1586531 -(1586533--1586534) -(1586537--1586538) -1586542 -(1586544--1586548) -1586550 -1586552 -1586560 -(1586563--1586565) -(1586567--1586568) -1586570 -1586573 -1586575 -1586578 -(1586580--1586581) -1586583 -1586586 -1586590 -1586592 -(1586594--1586599) -(1586601--1586602) -1586611 -(1586619--1586623) -(1586629--1586631) -(1586633--1
[  152.653667] e2fsck: ) -(1587641--1587642) -(1587646--1587647) -1587649 -1587651 -(1587653--1587655) -(1587657--1587658) -(1587661--1587664) -1587666 -1587668 -1587670 -(1587675--1587677) -(1587679--1587684) -1587686 -1587688 -(1587690--1587692) -(1587698--1587700) -1587702 -(1587704--1587705) -1587708 -1587711 -1587713 -(1587715--1587717) -1587719 -1587721 -1587723 -1587728 -1587732 -1587735 -1587738 -1587741 -1587743 -(1587746--1587751) -1587754 -(1587759--1587762) -(1587764--1587765) -(1587768--1587770) -1587772 
[  153.227184] e2fsck: 69) -(1588772--1588773) -1588775 -1588778 -1588780 -1588788 -1588792 -1588795 -1588798 -(1588802--1588803) -(1588806--1588809) -1588811 -(1588814--1588816) -(1588818--1588821) -1588823 -(1588826--1588828) -1588830 -1588833 -(1588839--1588842) -1588845 -1588847 -(1588849--1588852) -1588856 -1588858 -1588860 -(1588862--1588863) -(1588866--1588868) -(1588872--1588874) -(1588876--1588878) -(1588880--1588882) -1588885 -(1588889--1588890) -1588892 -1588895 -(1588897--1588898) -1588900 -(1588903--15889
[  153.954943] e2fsck: 931 -(1589933--1589934) -1589936 -(1589939--1589941) -(1589943--1589944) -1589949 -(1589954--1589955) -(1589957--1589960) -1589962 -(1589965--1589974) -1589977 -(1589979--1589980) -1589983 -1589989 -(1589991--1589992) -1589997 -1590000 -1590002 -(1590004--1590009) -(1590013--1590016) -(1590020--1590021) -(1590023--1590024) -(1590026--1590028) -(1590031--1590032) -1590034 -1590036 -1590038 -(1590040--1590043) -1590045 -(1590048--1590049) -(1590051--1590052) -1590054 -1590056 -(1590061--1590062) -
[  154.600898] e2fsck: 1591019--1591020) -1591024 -(1591027--1591030) -(1591032--1591033) -1591041 -1591043 -1591048 -1591050 -(1591054--1591055) -1591060 -(1591063--1591064) -1591066 -1591069 -(1591073--1591074) -(1591079--1591080) -1591082 -(1591084--1591090) -(1591093--1591094) -1591098 -1591100 -(1591102--1591104) -1591110 -(1591112--1591113) -1591118 -1591120 -(1591122--1591123) -1591128 -1591131 -1591134 -1591136 -(1591142--1591145) -1591148 -(1591152--1591155) -1591165 -(1591167--1591174) -(1591181--1591182) -(
[  155.181631] e2fsck: -(1592196--1592197) -1592200 -1592202 -(1592205--1592206) -(1592209--1592210) -(1592215--1592216) -1592219 -1592221 -1592224 -1592226 -1592230 -1592232 -1592235 -(1592237--1592239) -1592242 -1592245 -1592247 -1592249 -(1592251--1592252) -1592256 -1592258 -(1592261--1592263) -1592265 -(1592267--1592268) -1592270 -(1592272--1592279) -1592281 -(1592286--1592287) -(1592290--1592293) -(1592299--1592301) -(1592303--1592308) -1592313 -1592317 -1592319 -(1592321--1592325) -(1592327--1592328) -(1592333--
[  155.890283] e2fsck: ) -1593319 -(1593323--1593328) -(1593331--1593333) -(1593335--1593341) -1593343 -(1593345--1593348) -(1593351--1593352) -(1593355--1593356) -1593358 -1593360 -(1593365--1593368) -1593370 -(1593372--1593376) -(1593378--1593379) -1593381 -(1593386--1593387) -1593393 -1593396 -1593398 -(1593400--1593403) -1593406 -1593409 -1593411 -1593413 -1593415 -(1593417--1593419) -1593421 -(1593423--1593424) -1593426 -1593430 -(1593432--1593433) -(1593437--1593438) -(1593440--1593441) -(1593446--1593448) -1593
[  156.709393] e2fsck:  -(1594428--1594430) -1594433 -(1594437--1594440) -(1594444--1594445) -1594447 -1594452 -(1594454--1594459) -(1594462--1594463) -(1594465--1594466) -1594468 -1594470 -1594472 -1594477 -1594480 -1594484 -(1594487--1594489) -(1594494--1594495) -(1594498--1594502) -1594508 -(1594513--1594514) -(1594518--1594521) -(1594523--1594525) -(1594527--1594528) -(1594532--1594533) -1594540 -(1594542--1594544) -(1594546--1594552) -(1594554--1594556) -(1594558--1594559) -(1594562--1594563) -1594566 -(1594568--
[  157.255566] e2fsck: 1595502--1595504) -(1595507--1595508) -1595510 -1595512 -(1595514--1595515) -(1595518--1595520) -1595523 -(1595526--1595529) -(1595533--1595535) -(1595542--1595543) -1595546 -(1595548--1595550) -1595553 -(1595558--1595559) -1595561 -1595563 -(1595565--1595569) -(1595573--1595575) -1595577 -(1595583--1595587) -(1595589--1595592) -1595596 -(1595598--1595599) -1595601 -1595603 -1595609 -1595611 -(1595616--1595619) -(1595623--1595625) -(1595627--1595628) -(1595633--1595635) -1595637 -1595639 -(15956
[  157.838894] e2fsck: 86--1596588) -1596590 -1596593 -1596602 -(1596605--1596607) -1596611 -(1596614--1596617) -(1596619--1596622) -1596628 -1596630 -1596632 -1596634 -(1596636--1596638) -(1596640--1596642) -(1596644--1596646) -(1596648--1596649) -1596651 -(1596653--1596654) -1596658 -(1596661--1596662) -(1596665--1596667) -1596669 -1596673 -1596675 -1596678 -(1596681--1596688) -1596692 -(1596694--1596696) -(1596699--1596701) -(1596703--1596704) -(1596706--1596709) -(1596711--1596712) -(1596718--1596724) -(1596727--1
[  158.425362] e2fsck: 22 -(1597725--1597729) -1597732 -1597734 -1597738 -(1597742--1597744) -(1597747--1597749) -1597751 -(1597754--1597755) -(1597757--1597759) -(1597762--1597764) -1597767 -(1597769--1597771) -(1597774--1597775) -1597777 -1597780 -1597783 -1597785 -(1597787--1597789) -1597791 -(1597794--1597796) -1597800 -1597802 -1597805 -(1597807--1597811) -1597813 -1597816 -(1597818--1597820) -1597822 -(1597824--1597826) -1597828 -(1597831--1597834) -1597839 -1597841 -1597843 -(1597846--1597849) -(1597851--159785
[  158.979392] e2fsck: (1598831--1598832) -(1598834--1598836) -(1598838--1598839) -(1598842--1598843) -1598848 -(1598852--1598855) -(1598857--1598859) -1598862 -1598865 -1598868 -1598872 -1598875 -(1598877--1598883) -(1598886--1598887) -(1598892--1598893) -(1598897--1598898) -(1598900--1598902) -1598904 -(1598906--1598908) -(1598910--1598913) -1598918 -(1598921--1598922) -1598924 -(1598929--1598933) -1598935 -(1598937--1598938) -1598940 -1598942 -(1598946--1598947) -(1598952--1598953) -1598958 -(1598964--1598965) -(15
[  159.515404] e2fsck: 9939 -(1599941--1599945) -1599947 -1599952 -1599954 -1599956 -(1599958--1599959) -1599961 -(1599963--1599969) -1599971 -1599973 -1599975 -1599978 -1599981 -1599983 -1599985 -1599987 -(1599989--1599990) -(1599993--1599998) -1600000 -1600004 -(1600007--1600009) -1600012 -1600015 -1600019 -(1600021--1600022) -1600030 -(1600032--1600033) -1600037 -1600039 -1600042 -1600044 -1600046 -1600050 -1600052 -1600059 -(1600062--1600063) -(1600065--1600067) -1600070 -(1600073--1600075) -(1600080--1600082) -(1
[  160.127498] e2fsck: 1601160) -1601166 -1601169 -(1601171--1601172) -1601174 -1601176 -1601178 -1601182 -1601184 -(1601187--1601188) -1601190 -(1601193--1601194) -(1601196--1601197) -1601207 -(1601209--1601213) -1601215 -(1601217--1601219) -(1601221--1601222) -1601224 -1601226 -1601228 -1601230 -1601233 -1601238 -(1601243--1601244) -1601246 -(1601248--1601250) -1601253 -(1601257--1601261) -(1601264--1601265) -(1601273--1601274) -1601276 -(1601279--1601281) -1601284 -(1601286--1601287) -1601290 -1601292 -1601295 -160
[  160.708876] e2fsck:  -1602287 -1602290 -(1602293--1602294) -(1602296--1602297) -1602299 -(1602301--1602304) -(1602309--1602312) -(1602315--1602316) -(1602320--1602321) -1602324 -(1602326--1602327) -(1602329--1602332) -1602338 -1602341 -1602344 -(1602349--1602350) -(1602353--1602354) -(1602357--1602358) -(1602360--1602364) -(1602366--1602368) -1602370 -1602375 -(1602377--1602380) -(1602383--1602384) -1602386 -(1602389--1602390) -1602392 -1602396 -(1602398--1602400) -(1602402--1602404) -(1602406--1602408) -(1602410--
[  161.251494] e2fsck: 03404--1603405) -1603407 -(1603414--1603415) -1603418 -1603422 -1603425 -1603427 -(1603429--1603433) -1603438 -(1603441--1603442) -(1603444--1603445) -1603447 -1603449 -(1603451--1603453) -1603458 -(1603461--1603463) -1603466 -1603468 -(1603470--1603472) -1603476 -1603479 -1603481 -(1603483--1603488) -(1603491--1603495) -1603500 -1603504 -(1603510--1603521) -1603523 -(1603526--1603530) -1603532 -(1603534--1603535) -1603538 -1603541 -1603543 -1603547 -(1603551--1603552) -(1603554--1603555) -(1603
[  161.785636] e2fsck: -1604553 -1604555 -1604559 -(1604562--1604563) -(1604565--1604567) -1604573 -(1604575--1604576) -(1604578--1604579) -(1604583--1604584) -1604586 -(1604588--1604589) -(1604591--1604593) -(1604596--1604597) -(1604601--1604605) -1604607 -1604609 -1604611 -(1604615--1604618) -1604621 -(1604626--1604627) -1604632 -(1604635--1604636) -1604639 -(1604643--1604645) -1604647 -1604649 -1604653 -(1604655--1604656) -(1604658--1604659) -1604663 -(1604667--1604668) -1604671 -1604675 -(1604678--1604683) -(16046
[  162.318132] e2fsck: 0 +(1605672--1605673) +(1605675--1605679) +(1605681--1605684) +1605686 +1605688 +1605690 +(1605692--1605695) +(1605697--1605699) +1605701 +1605704 +(1605708--1605709) +(1605712--1605713) +(1605716--1605717) +(1605723--1605724) +(1605726--1605727) +1605735 +(1605737--1605738) +(1605742--1605743) +1605745 +(1605747--1605750) +1605753 +(1605758--1605759) +(1605762--1605763) +(1605766--1605767) +(1605769--1605771) +(1605775--1605776) +(1605782--1605784) +(1605787--1605788) +(1605791--1605792) +16057
[  162.905239] e2fsck: 06813) -(1606817--1606818) -(1606820--1606822) -(1606824--1606828) -1606830 -1606835 -1606842 -(1606845--1606850) -1606853 -(1606856--1606859) -(1606861--1606863) -1606865 -1606868 -1606870 -(1606872--1606873) -(1606875--1606878) -1606888 -1606891 -1606893 -1606896 -1606898 -(1606901--1606902) -(1606904--1606905) -(1606907--1606908) -(1606911--1606912) -(1606914--1606916) -(1606918--1606919) -1606921 -1606923 -1606931 -1606933 -(1606936--1606938) -1606940 -(1606942--1606944) -1606946 -(1606949--
[  163.491555] e2fsck: 93--1607994) -1607996 -(1607999--1608005) -(1608008--1608011) -1608014 -1608020 -(1608023--1608024) -(1608026--1608027) -1608029 -1608032 -1608034 -(1608036--1608037) -1608039 -(1608041--1608042) -1608044 -1608046 -1608048 -(1608050--1608054) -1608059 -(1608064--1608066) -(1608069--1608071) -(1608075--1608077) -1608079 -(1608083--1608085) -(1608087--1608088) -(1608091--1608093) -(1608095--1608096) -(1608098--1608100) -1608104 -(1608106--1608108) -1608112 -(1608114--1608115) -(1608117--1608118) -
[  164.098350] e2fsck: 09130) -(1609133--1609134) -(1609137--1609138) -1609142 -(1609145--1609148) -(1609150--1609155) -1609158 -1609162 -(1609166--1609170) -1609172 -(1609178--1609179) -(1609185--1609186) -(1609188--1609189) -(1609191--1609192) -(1609195--1609196) -(1609199--1609200) -1609202 -1609204 -(1609207--1609209) -(1609211--1609214) -1609216 -1609220 -1609222 -1609224 -(1609228--1609230) -(1609233--1609234) -(1609238--1609239) -(1609241--1609249) -(1609257--1609258) -(1609261--1609263) -1609266 -1609271 -(160
[  164.655804] e2fsck: 77 -(1610280--1610281) -(1610284--1610285) -1610289 -(1610291--1610293) -(1610295--1610296) -1610298 -1610300 -1610303 -(1610305--1610307) -1610316 -1610319 -(1610321--1610325) -1610327 -1610330 -1610332 -1610334 -(1610337--1610338) -(1610340--1610341) -1610345 -1610348 -1610354 -1610357 -(1610359--1610362) -(1610367--1610368) -(1610370--1610371) -(1610375--1610377) -(1610381--1610383) -(1610387--1610389) -(1610393--1610394) -(1610404--1610405) -1610408 -1610412 -(1610414--1610416) -(1610418--16
[  165.321592] e2fsck: ) -1611379 -(1611385--1611387) -1611389 -1611392 -(1611396--1611397) -(1611399--1611400) -1611402 -(1611404--1611407) -1611409 -1611411 -1611414 -(1611416--1611418) -(1611422--1611424) -1611426 -(1611429--1611430) -1611434 -1611437 -1611439 -1611442 -1611444 -1611447 -(1611451--1611456) -(1611462--1611463) -1611467 -1611471 -(1611474--1611478) -1611480 -(1611482--1611483) -1611486 -(1611491--1611493) -(1611496--1611497) -(1611499--1611501) -(1611504--1611505) -(1611508--1611511) -1611513 -(16115
[  166.284426] e2fsck: 12485--1612487) -(1612493--1612494) -1612498 -(1612500--1612501) -1612503 -(1612506--1612507) -(1612509--1612510) -(1612512--1612517) -1612524 -1612527 -(1612529--1612533) -1612535 -1612537 -1612539 -1612541 -1612543 -(1612546--1612548) -(1612555--1612556) -1612559 -(1612561--1612562) -1612564 -(1612567--1612569) -(1612571--1612572) -1612578 -(1612581--1612583) -1612585 -(1612591--1612592) -(1612594--1612598) -1612601 -(1612604--1612605) -1612607 -1612609 -(1612611--1612612) -(1612614--1612615) 
[  166.902469] e2fsck:  -(1613607--1613608) -1613610 -(1613612--1613616) -(1613618--1613620) -1613622 -(1613624--1613626) -(1613628--1613630) -(1613632--1613633) -1613636 -(1613640--1613641) -1613646 -(1613648--1613651) -(1613657--1613660) -(1613662--1613664) -1613666 -(1613669--1613671) -1613674 -1613679 -1613682 -1613684 -(1613687--1613688) -(1613691--1613692) -(1613696--1613701) -(1613704--1613705) -(1613707--1613709) -1613711 -1613713 -1613715 -(1613722--1613723) -(1613725--1613726) -(1613730--1613732) -1613735 -1
[  167.429262] e2fsck: 14732) -1614734 -(1614736--1614741) -(1614744--1614748) -(1614752--1614754) -1614757 -1614759 -(1614761--1614765) -(1614767--1614768) -1614771 -(1614773--1614776) -(1614781--1614788) -1614790 -(1614793--1614794) -1614796 -(1614801--1614811) -1614813 -(1614816--1614817) -1614819 -1614822 -(1614825--1614826) -(1614828--1614829) -(1614831--1614833) -1614843 -1614846 -1614854 -(1614859--1614860) -(1614863--1614866) -1614868 -1614870 -(1614874--1614875) -(1614882--1614885) -(1614887--1614888) -161489
[  168.006915] e2fsck: 1615862) -1615864 -(1615866--1615868) -(1615870--1615872) -1615874 -(1615876--1615877) -1615879 -(1615881--1615884) -1615889 -1615892 -1615894 -1615898 -1615900 -1615902 -1615904 -(1615910--1615911) -(1615913--1615915) -1615917 -(1615919--1615921) -1615924 -1615928 -1615931 -1615933 -(1615935--1615938) -1615941 -1615947 -1615949 -1615952 -1615954 -1615957 -1615960 -1615962 -1615965 -(1615968--1615970) -(1615972--1615978) -1615980 -(1615985--1615986) -1615989 -(1615991--1615992) -1615995 -(161599
[  168.608677] e2fsck: 617020--1617021) -(1617024--1617025) -(1617027--1617029) -(1617033--1617035) -(1617037--1617038) -1617041 -(1617045--1617047) -(1617055--1617057) -(1617059--1617060) -(1617066--1617069) -(1617073--1617074) -1617080 -(1617082--1617084) -(1617086--1617088) -(1617092--1617093) -1617097 -(1617100--1617110) -(1617114--1617115) -(1617117--1617118) -(1617120--1617122) -1617124 -1617130 -1617134 -1617137 -1617140 -(1617145--1617146) -(1617148--1617150) -(1617152--1617155) -1617159 -(1617161--1617164) -1
[  169.320974] e2fsck: 1618109 -1618111 -(1618114--1618120) -(1618123--1618125) -1618128 -(1618134--1618136) -(1618140--1618142) -(1618146--1618148) -1618150 -(1618152--1618155) -(1618158--1618160) -(1618162--1618163) -(1618166--1618167) -1618169 -1618175 -(1618178--1618179) -(1618184--1618185) -(1618187--1618188) -(1618190--1618191) -(1618196--1618198) -1618203 -(1618205--1618206) -1618209 -1618211 -(1618213--1618214) -(1618217--1618219) -1618223 -(1618225--1618226) -1618229 -1618231 -(1618234--1618235) -1618237 -161
[  170.070783] e2fsck: 619225--1619226) -(1619229--1619231) -(1619237--1619244) -1619247 -(1619249--1619251) -(1619254--1619255) -1619257 -1619261 -1619263 -1619266 -1619268 -(1619270--1619271) -1619278 -1619286 -(1619288--1619289) -1619292 -(1619297--1619298) -1619300 -(1619302--1619303) -1619305 -1619310 -(1619313--1619314) -(1619316--1619317) -1619319 -(1619323--1619325) -1619327 -(1619333--1619336) -(1619340--1619343) -1619346 -1619349 -(1619356--1619358) -1619360 -1619362 -1619364 -1619370 -(1619372--1619373) -(1
[  170.657100] e2fsck: 1620327) -1620331 -1620333 -1620335 -1620341 -1620344 -(1620346--1620347) -(1620351--1620352) -(1620355--1620356) -(1620359--1620360) -(1620362--1620363) -1620365 -1620368 -1620371 -(1620377--1620380) -1620384 -1620386 -1620392 -1620394 -1620396 -1620398 -1620400 -(1620402--1620404) -1620408 -1620410 -1620412 -1620416 -1620419 -(1620421--1620422) -1620424 -(1620426--1620429) -(1620431--1620433) -1620435 -1620437 -(1620440--1620442) -1620444 -1620446 -(1620450--1620451) -(1620454--1620456) -16204
[  171.286002] e2fsck: 1621454--1621455) -1621459 -1621464 -1621466 -1621468 -(1621472--1621473) -1621478 -(1621481--1621483) -(1621486--1621492) -1621494 -(1621497--1621498) -(1621502--1621507) -(1621509--1621512) -1621514 -1621519 -(1621521--1621522) -(1621526--1621527) -(1621529--1621530) -1621534 -1621536 -(1621539--1621540) -1621544 -(1621548--1621550) -1621553 -1621555 -1621558 -(1621564--1621565) -1621568 -(1621571--1621572) -(1621574--1621575) -(1621577--1621578) -(1621580--1621581) -1621583 -(1621586--1621589
[  171.851355] e2fsck: 622581 -1622585 -1622594 -1622596 -1622598 -1622601 -1622603 -(1622605--1622606) -(1622608--1622609) -(1622612--1622613) -(1622616--1622617) -(1622619--1622623) -(1622625--1622626) -1622628 -(1622631--1622633) -1622636 -1622638 -(1622643--1622644) -1622646 -1622649 -1622651 -(1622655--1622656) -(1622658--1622660) -(1622664--1622668) -1622670 -1622672 -(1622677--1622678) -(1622680--1622682) -1622687 -(1622692--1622698) -1622700 -1622703 -(1622705--1622709) -(1622712--1622714) -1622718 -1622729 -(
[  172.432210] e2fsck: 28 -(1623730--1623731) -(1623733--1623737) -(1623740--1623744) -1623750 -(1623752--1623753) -1623756 -1623758 -1623762 -(1623764--1623768) -(1623770--1623773) -(1623775--1623776) -(1623781--1623783) -1623786 -(1623788--1623789) -(1623791--1623792) -1623794 -(1623796--1623798) -1623803 -(1623807--1623808) -(1623810--1623811) -(1623813--1623818) -1623823 -(1623827--1623829) -(1623831--1623832) -(1623835--1623836) -1623838 -(1623840--1623844) -(1623848--1623853) -1623856 -1623859 -1623863 -1623865 
[  172.992881] e2fsck: -(1624857--1624858) -1624860 -1624862 -1624864 -1624868 -1624872 -(1624874--1624875) -1624880 -1624882 -(1624884--1624885) -1624890 -1624894 -1624897 -(1624899--1624900) -1624902 -(1624904--1624906) -(1624908--1624909) -1624911 -(1624917--1624918) -(1624920--1624921) -(1624923--1624924) -(1624928--1624929) -1624932 -1624934 -1624936 -(1624938--1624939) -(1624944--1624945) -(1624947--1624950) -1624952 -1624955 -1624959 -(1624961--1624962) -1624967 -1624970 -1624973 -1624975 -1624977 -(1624979--16
[  173.739351] e2fsck: 963) -1625967 -1625977 -(1625979--1625981) -(1625983--1625984) -(1625987--1625989) -(1625991--1625992) -(1625995--1625996) -(1625998--1625999) -(1626002--1626007) -(1626010--1626012) -1626015 -(1626018--1626019) -1626024 -(1626026--1626027) -1626031 -1626033 -1626036 -1626040 -(1626042--1626048) -1626051 -(1626055--1626056) -(1626061--1626062) -(1626065--1626068) -(1626070--1626072) -(1626074--1626076) -1626079 -(1626084--1626089) -(1626091--1626093) -(1626095--1626096) -1626098 -(1626100--16261
[  174.367584] e2fsck: 135--1627136) -1627138 -(1627148--1627150) -(1627154--1627155) -(1627157--1627160) -(1627164--1627168) -(1627170--1627171) -1627173 -(1627175--1627176) -1627178 -(1627180--1627181) -1627183 -(1627185--1627186) -1627188 -1627192 -(1627194--1627195) -1627203 -(1627205--1627206) -(1627210--1627211) -1627214 -(1627218--1627219) -1627224 -(1627226--1627227) -1627231 -1627234 -(1627237--1627238) -1627240 -(1627242--1627248) -(1627250--1627251) -1627254 -(1627257--1627258) -(1627260--1627261) -(1627263
[  174.974404] e2fsck: 628237--1628241) -1628243 -1628245 -1628247 -1628249 -1628252 -(1628255--1628256) -1628259 -1628263 -(1628265--1628267) -1628270 -1628274 -(1628276--1628277) -(1628279--1628280) -(1628282--1628284) -1628288 -1628290 -(1628292--1628294) -1628297 -1628305 -1628307 -1628310 -(1628312--1628313) -(1628315--1628318) -1628325 -1628327 -1628330 -(1628334--1628335) -(1628337--1628344) -1628346 -1628348 -1628350 -(1628353--1628355) -(1628357--1628359) -(1628364--1628366) -(1628370--1628371) -(1628373--162
[  175.726893] e2fsck: 29398 -1629400 -1629402 -(1629404--1629405) -1629407 -(1629410--1629412) -1629414 -1629416 -1629418 -1629420 -1629423 -(1629425--1629427) -(1629429--1629431) -1629433 -(1629435--1629437) -(1629440--1629441) -1629444 -(1629446--1629449) -1629452 -(1629454--1629459) -(1629462--1629466) -(1629470--1629474) -(1629476--1629477) -1629479 -1629482 -1629484 -(1629488--1629489) -1629495 -1629497 -(1629499--1629500) -(1629503--1629504) -(1629506--1629508) -1629510 -(1629515--1629516) -1629518 -1629521 -(1
[  176.552736] e2fsck: -1630540) -(1630543--1630544) -(1630548--1630551) -(1630555--1630556) -1630559 -(1630561--1630562) -(1630566--1630568) -(1630572--1630574) -1630576 -(1630579--1630580) -(1630582--1630583) -1630585 -(1630589--1630590) -(1630592--1630593) -(1630595--1630598) -(1630601--1630602) -(1630606--1630607) -(1630611--1630614) -1630616 -(1630618--1630619) -(1630625--1630629) -(1630632--1630633) -1630635 -(1630638--1630639) -(1630643--1630644) -1630646 -(1630648--1630653) -1630655 -1630659 -(1630661--1630664
[  177.127261] e2fsck: 1629 -(1631632--1631635) -1631637 -(1631639--1631646) -(1631648--1631649) -(1631651--1631657) -(1631659--1631661) -1631665 -(1631667--1631669) -1631682 -1631684 -(1631686--1631688) -(1631690--1631694) -1631697 -(1631699--1631700) -(1631702--1631707) -1631710 -(1631713--1631717) -1631721 -1631723 -1631725 -(1631729--1631730) -1631733 -1631735 -(1631738--1631742) -1631744 -1631746 -(1631748--1631750) -(1631755--1631756) -(1631758--1631761) -1631764 -1631767 -(1631769--1631772) -(1631776--1631779) 
[  177.795917] e2fsck: 745) -(1632747--1632749) -1632756 -1632758 -(1632761--1632762) -1632765 -1632767 -(1632769--1632773) -1632775 -1632777 -1632779 -1632781 -(1632783--1632785) -1632789 -1632791 -(1632794--1632796) -1632798 -(1632803--1632804) -(1632811--1632813) -1632820 -(1632825--1632828) -(1632831--1632832) -1632834 -1632836 -1632838 -1632841 -(1632843--1632844) -1632848 -1632851 -1632854 -1632856 -(1632861--1632863) -(1632866--1632867) -1632870 -1632874 -(1632877--1632878) -(1632881--1632883) -(1632887--163288
[  178.320771] e2fsck: 633881) -1633885 -1633889 -(1633895--1633900) -(1633903--1633905) -(1633907--1633910) -1633913 -1633919 -(1633921--1633922) -1633924 -1633926 -(1633929--1633931) -1633933 -1633937 -1633939 -(1633943--1633944) -1633948 -1633951 -(1633957--1633958) -(1633961--1633963) -(1633966--1633967) -(1633970--1633972) -1633975 -1633977 -(1633980--1633982) -(1633984--1633987) -(1633989--1633991) -(1633993--1633995) -1633997 -1633999 -1634005 -(1634008--1634010) -(1634013--1634019) -(1634021--1634023) -1634025
[  178.840624] e2fsck: 635001 -1635003 -1635005 -1635007 -1635014 -1635016 -(1635019--1635020) -1635023 -(1635025--1635026) -(1635029--1635030) -(1635035--1635037) -(1635040--1635041) -1635043 -(1635046--1635048) -(1635050--1635051) -1635054 -1635056 -1635058 -(1635060--1635062) -(1635068--1635069) -(1635073--1635077) -(1635083--1635087) -(1635089--1635092) -1635099 -1635101 -1635106 -1635111 -1635113 -(1635115--1635120) -(1635123--1635125) -1635127 -(1635131--1635132) -1635134 -(1635136--1635138) -1635140 -(1635143--
[  179.388835] e2fsck: 100) -(1636102--1636103) -(1636109--1636110) -(1636114--1636115) -(1636118--1636121) -(1636125--1636126) -(1636131--1636132) -1636135 -1636137 -(1636140--1636141) -1636144 -1636147 -(1636152--1636153) -(1636157--1636159) -(1636164--1636166) -(1636171--1636175) -(1636177--1636180) -(1636182--1636183) -1636186 -(1636189--1636191) -1636199 -(1636201--1636202) -1636205 -1636208 -(1636213--1636214) -(1636216--1636217) -1636219 -(1636221--1636222) -1636224 -(1636227--1636229) -(1636232--1636233) -1636
[  179.946954] e2fsck: 1637251--1637253) -(1637255--1637258) -1637260 -(1637262--1637264) -(1637266--1637267) -(1637269--1637271) -1637273 -1637276 -(1637280--1637283) -1637286 -1637289 -1637291 -(1637294--1637298) -(1637300--1637305) -1637307 -(1637310--1637311) -(1637315--1637316) -(1637319--1637321) -1637323 -(1637325--1637326) -1637331 -1637335 -1637337 -1637339 -(1637343--1637344) -(1637347--1637348) -1637350 -(1637352--1637353) -(1637355--1637357) -(1637359--1637360) -1637364 -(1637366--1637372) -1637375 -163738
[  180.500840] e2fsck: 638394) -(1638396--1638397) -2064385 -(2064387--2064388) -(2064392--2064393) -(2064396--2064402) -(2064406--2064407) -2064410 -2064412 -(2064414--2064416) -2064418 -2064420 -(2064422--2064424) -(2064427--2064429) -(2064431--2064432) -2064434 -2064436 -2064438 -2064440 -(2064444--2064445) -(2064448--2064449) -(2064451--2064452) -2064455 -(2064457--2064458) -2064463 -2064469 -2064471 -2064473 -2064479 -(2064481--2064482) -2064485 -(2064487--2064489) -2064494 -(2064497--2064498) -2064500 -2064505 -
[  181.043264] e2fsck: (2065501--2065502) -2065504 -(2065506--2065508) -2065510 -2065512 -2065514 -(2065518--2065519) -2065521 -2065524 -(2065526--2065527) -(2065529--2065532) -(2065535--2065538) -(2065542--2065543) -2065546 -2065548 -(2065550--2065551) -(2065558--2065560) -(2065566--2065568) -(2065570--2065571) -2065573 -(2065575--2065578) -(2065580--2065581) -(2065584--2065586) -2065588 -(2065593--2065594) -2065597 -(2065600--2065603) -(2065607--2065609) -2065612 -2065615 -2065618 -(2065623--2065624) -2065626 -(2065
[  181.582272] e2fsck: 6635) -(2066641--2066642) -(2066644--2066648) -(2066650--2066651) -2066653 -(2066655--2066656) -(2066658--2066661) -2066664 -2066667 -(2066671--2066678) -(2066680--2066682) -(2066684--2066685) -2066688 -(2066696--2066697) -2066700 -(2066702--2066703) -(2066706--2066711) -2066714 -(2066720--2066721) -2066723 -(2066725--2066727) -(2066730--2066731) -2066734 -(2066736--2066739) -2066742 -(2066745--2066747) -(2066749--2066751) -(2066754--2066756) -2066759 -2066762 -2066768 -(2066770--2066772) -20667
[  182.166340] e2fsck: 2067777--2067781) -(2067783--2067784) -2067786 -2067790 -(2067793--2067797) -(2067799--2067800) -2067804 -(2067806--2067814) -2067816 -2067821 -2067823 -2067825 -2067829 -2067833 -(2067838--2067841) -(2067845--2067847) -2067849 -(2067851--2067852) -2067854 -(2067857--2067860) -2067863 -2067867 -(2067870--2067874) -2067878 -2067881 -2067883 -2067885 -2067887 -(2067889--2067892) -(2067899--2067902) -2067905 -(2067909--2067913) -(2067915--2067916) -2067919 -(2067922--2067923) -(2067929--2067930) -2
[  182.705403] e2fsck: -2068952 -(2068955--2068956) -2068959 -(2068961--2068963) -(2068965--2068967) -(2068972--2068973) -2068975 -(2068978--2068980) -2068987 -(2068990--2068991) -(2068993--2068994) -(2068996--2068997) -2069000 -(2069002--2069004) -2069006 -(2069009--2069012) -(2069023--2069024) -2069027 -2069029 -2069031 -(2069033--2069034) -(2069041--2069044) -2069046 -2069048 -2069057 -(2069062--2069063) -(2069065--2069066) -2069068 -2069071 -2069074 -(2069076--2069077) -(2069081--2069084) -2069086 -2069088 -206909
[  183.252692] e2fsck: 070097) -2070099 -2070101 -2070103 -(2070105--2070106) -2070108 -(2070111--2070115) -2070117 -(2070124--2070126) -(2070128--2070131) -(2070133--2070135) -2070137 -(2070139--2070140) -(2070142--2070144) -2070146 -2070152 -2070155 -2070158 -(2070160--2070162) -(2070169--2070170) -(2070173--2070174) -(2070180--2070181) -2070185 -(2070188--2070189) -2070193 -2070198 -(2070200--2070201) -(2070204--2070205) -(2070207--2070214) -2070218 -(2070220--2070226) -2070228 -(2070234--2070237) -2070240 -(207024
[  183.976726] e2fsck: 3 -(2071266--2071267) -(2071269--2071270) -(2071275--2071278) -2071280 -(2071284--2071286) -(2071289--2071290) -(2071294--2071295) -2071297 -2071301 -2071305 -(2071308--2071310) -(2071314--2071316) -2071321 -2071323 -2071327 -(2071330--2071332) -(2071334--2071336) -(2071343--2071344) -(2071349--2071350) -(2071352--2071353) -2071356 -(2071359--2071363) -(2071366--2071368) -(2071370--2071373) -2071375 -(2071377--2071378) -(2071383--2071385) -2071388 -(2071393--2071394) -2071396 -2071399 -(2071402-
[  184.544978] e2fsck: -2072377) -(2072383--2072384) -(2072386--2072388) -2072390 -(2072396--2072397) -2072400 -2072407 -2072410 -2072412 -2072417 -2072422 -2072426 -2072429 -(2072431--2072432) -(2072435--2072436) -2072438 -(2072440--2072442) -2072444 -2072448 -(2072451--2072452) -2072457 -(2072459--2072460) -2072462 -(2072464--2072465) -(2072468--2072470) -2072472 -(2072474--2072478) -2072481 -(2072483--2072484) -(2072489--2072490) -(2072492--2072493) -(2072496--2072502) -(2072504--2072507) -2072509 -2072514 -(207251
[  185.098294] e2fsck:  -(2073503--2073505) -2073508 -(2073510--2073511) -(2073514--2073517) -(2073521--2073524) -(2073526--2073527) -(2073529--2073531) -2073533 -(2073535--2073538) -2073540 -(2073542--2073543) -(2073545--2073549) -2073551 -2073553 -(2073556--2073558) -(2073560--2073561) -(2073564--2073566) -2073568 -(2073571--2073575) -2073578 -2073580 -(2073583--2073584) -(2073592--2073595) -(2073597--2073600) -2073602 -2073605 -2073607 -2073609 -(2073614--2073615) -(2073617--2073619) -(2073621--2073622) -(2073626--
[  185.680051] e2fsck: 074586 -(2074589--2074590) -2074599 -2074602 -(2074604--2074605) -2074608 -2074610 -2074616 -2074619 -(2074622--2074624) -(2074627--2074630) -(2074633--2074634) -(2074636--2074637) -(2074639--2074642) -(2074644--2074645) -2074647 -2074649 -2074653 -(2074655--2074657) -(2074659--2074660) -2074663 -(2074665--2074666) -(2074668--2074669) -(2074671--2074672) -(2074675--2074676) -(2074678--2074679) -(2074682--2074683) -(2074685--2074687) -(2074691--2074697) -(2074699--2074700) -(2074702--2074703) -(2
[  186.607007] e2fsck: 075662) -2075665 -(2075667--2075671) -(2075674--2075675) -(2075681--2075682) -(2075684--2075686) -(2075688--2075689) -(2075691--2075696) -2075698 -(2075700--2075703) -(2075707--2075708) -(2075710--2075711) -2075714 -2075716 -2075718 -2075721 -(2075723--2075724) -2075727 -2075729 -(2075738--2075739) -2075747 -2075749 -2075751 -2075753 -(2075760--2075762) -(2075764--2075765) -(2075767--2075769) -2075772 -(2075775--2075776) -(2075778--2075779) -(2075781--2075782) -(2075784--2075785) -2075788 -20757
[  187.157363] e2fsck: 076782--2076783) -2076788 -(2076790--2076792) -2076794 -(2076801--2076808) -2076812 -(2076815--2076816) -(2076822--2076824) -2076826 -2076828 -2076830 -2076832 -(2076836--2076837) -(2076839--2076845) -(2076848--2076852) -(2076859--2076862) -2076865 -2076867 -2076869 -(2076872--2076876) -2076878 -(2076880--2076883) -(2076886--2076888) -2076890 -(2076892--2076893) -(2076895--2076896) -2076902 -2076908 -(2076910--2076912) -2076915 -2076929 -(2076931--2076939) -2076942 -(2076947--2076948) -(2076950-
[  187.723565] e2fsck: 8--2077959) -(2077963--2077965) -(2077967--2077968) -(2077970--2077971) -(2077973--2077975) -(2077977--2077980) -(2077984--2077985) -2077987 -(2077989--2077991) -(2077993--2077994) -2077996 -(2077998--2078000) -2078002 -2078005 -2078007 -2078010 -(2078014--2078015) -2078017 -2078019 -2078022 -(2078026--2078027) -(2078029--2078031) -2078033 -(2078038--2078039) -(2078041--2078043) -2078045 -(2078052--2078053) -(2078055--2078058) -(2078061--2078063) -(2078065--2078067) -2078073 -2078075 -2078080 -2
[  188.320857] e2fsck:  -(2079070--2079072) -(2079075--2079076) -2079078 -2079083 -2079086 -(2079091--2079094) -(2079096--2079098) -(2079100--2079101) -(2079103--2079105) -2079107 -2079111 -2079116 -(2079118--2079121) -(2079123--2079124) -2079126 -(2079128--2079130) -2079132 -(2079135--2079136) -(2079138--2079139) -(2079143--2079145) -(2079150--2079151) -(2079158--2079161) -2079163 -2079168 -2079171 -2079176 -2079178 -(2079180--2079181) -2079185 -2079192 -2079195 -(2079198--2079199) -2079201 -2079206 -(2079213--207921
[  188.859262] e2fsck: 94 -2080199 -(2080201--2080203) -(2080205--2080207) -(2080209--2080211) -2080213 -2080215 -(2080217--2080218) -2080220 -(2080223--2080224) -(2080226--2080229) -(2080231--2080232) -(2080234--2080236) -(2080238--2080239) -(2080241--2080245) -(2080247--2080248) -(2080250--2080252) -(2080254--2080255) -2080257 -2080259 -(2080262--2080263) -2080265 -(2080270--2080274) -(2080279--2080283) -2080285 -(2080288--2080289) -2080291 -(2080293--2080297) -(2080299--2080300) -2080305 -(2080307--2080311) -208031
[  189.703562] e2fsck: 2081374) -(2081377--2081380) -2081384 -(2081388--2081389) -(2081395--2081399) -(2081401--2081402) -(2081404--2081406) -(2081410--2081411) -(2081414--2081416) -2081418 -2081428 -(2081437--2081438) -2081442 -(2081444--2081445) -(2081448--2081449) -(2081453--2081456) -(2081459--2081460) -2081462 -2081464 -(2081467--2081469) -(2081473--2081475) -2081478 -2081480 -(2081485--2081487) -2081491 -(2081493--2081495) -2081498 -(2081500--2081502) -(2081505--2081506) -2081508 -(2081511--2081516) -(2081518--2
[  191.149161] e2fsck: 082536 -2082539 -(2082542--2082543) -(2082546--2082547) -(2082550--2082552) -2082559 -(2082562--2082563) -2082567 -2082569 -2082571 -2082574 -(2082576--2082578) -(2082580--2082581) -2082584 -2082586 -(2082589--2082591) -(2082595--2082599) -2082601 -(2082603--2082604) -(2082607--2082609) -(2082612--2082613) -2082615 -2082618 -(2082621--2082623) -2082627 -(2082629--2082630) -(2082632--2082635) -(2082639--2082640) -2082642 -(2082644--2082648) -(2082651--2082654) -(2082656--2082657) -(2082659--20826
[  192.020121] e2fsck:  -2083629 -2083633 -(2083635--2083636) -2083638 -(2083640--2083645) -(2083647--2083651) -2083653 -(2083655--2083656) -(2083659--2083660) -(2083662--2083663) -(2083666--2083672) -(2083675--2083677) -2083679 -(2083682--2083683) -2083685 -(2083687--2083688) -(2083691--2083692) -(2083694--2083695) -(2083698--2083700) -(2083703--2083704) -2083707 -(2083710--2083713) -(2083716--2083720) -(2083724--2083725) -2083727 -2083730 -(2083732--2083736) -(2083738--2083740) -2083742 -(2083744--2083747) -(2083750
[  192.644531] e2fsck: --2084708) -(2084710--2084713) -(2084716--2084718) -(2084720--2084727) -(2084734--2084735) -2084737 -2084739 -(2084741--2084742) -2084744 -2084746 -2084748 -2084750 -2084754 -2084757 -(2084761--2084762) -(2084764--2084765) -2084767 -(2084770--2084772) -2084776 -2084778 -(2084781--2084784) -2084786 -2084793 -2084797 -2084799 -(2084803--2084810) -(2084813--2084814) -2084816 -2084818 -2084821 -(2084824--2084826) -(2084828--2084829) -(2084831--2084832) -2084834 -2084836 -(2084838--2084839) -2084842 
[  193.272672] e2fsck: --2085827) -(2085829--2085831) -2085834 -(2085836--2085838) -2085841 -2085844 -2085846 -2085848 -2085850 -2085856 -(2085858--2085859) -(2085862--2085863) -(2085865--2085867) -(2085873--2085877) -(2085879--2085880) -(2085882--2085883) -(2085886--2085887) -(2085891--2085894) -(2085900--2085901) -(2085903--2085904) -(2085909--2085910) -2085915 -(2085925--2085926) -(2085929--2085932) -2085934 -2085936 -(2085938--2085940) -2085944 -2085949 -(2085952--2085953) -(2085956--2085957) -2085962 -(2085964--2
[  194.013916] e2fsck: 086942--2086943) -2086946 -2086948 -(2086950--2086953) -2086958 -(2086960--2086961) -2086963 -(2086966--2086968) -(2086970--2086972) -2086975 -(2086977--2086982) -2086984 -2086986 -(2086989--2086990) -2086993 -(2086995--2086998) -2087000 -2087002 -(2087004--2087007) -2087013 -2087015 -(2087017--2087019) -2087023 -(2087027--2087028) -2087030 -(2087032--2087034) -(2087037--2087039) -2087041 -2087043 -(2087045--2087046) -(2087048--2087050) -2087052 -2087054 -(2087057--2087060) -2087062 -2087064 -20
[  194.655613] e2fsck: 55--2088061) -(2088063--2088064) -2088066 -(2088069--2088071) -2088076 -2088080 -(2088082--2088084) -2088087 -(2088091--2088093) -(2088096--2088097) -(2088101--2088102) -(2088105--2088107) -(2088109--2088110) -(2088112--2088113) -(2088115--2088116) -2088120 -2088122 -(2088124--2088125) -2088127 -(2088129--2088131) -2088133 -2088135 -(2088137--2088140) -(2088142--2088143) -2088145 -(2088148--2088149) -(2088151--2088152) -2088155 -(2088157--2088158) -(2088162--2088163) -(2088166--2088168) -(208817
[  195.220979] e2fsck: 089172) -(2089174--2089176) -2089179 -(2089183--2089186) -2089189 -(2089192--2089194) -2089196 -(2089200--2089201) -2089203 -(2089207--2089209) -2089211 -(2089217--2089218) -2089220 -2089222 -2089224 -2089227 -2089229 -(2089231--2089234) -(2089238--2089241) -(2089244--2089245) -2089247 -2089250 -(2089252--2089253) -2089255 -(2089259--2089261) -2089264 -2089266 -(2089268--2089273) -2089275 -(2089277--2089279) -2089282 -(2089284--2089286) -2089292 -2089294 -(2089296--2089298) -(2089300--2089302) -
[  196.024299] e2fsck: (2090250--2090252) -(2090256--2090258) -2090260 -(2090267--2090270) -(2090273--2090277) -(2090280--2090283) -2090287 -2090292 -2090294 -2090297 -(2090300--2090301) -2090303 -2090307 -(2090312--2090317) -2090319 -(2090322--2090324) -(2090326--2090327) -(2090329--2090333) -2090335 -2090346 -2090348 -2090353 -2090361 -(2090364--2090365) -(2090372--2090373) -2090375 -2090378 -2090383 -2090385 -(2090387--2090388) -(2090393--2090394) -(2090396--2090398) -2090401 -(2090403--2090404) -2090406 -(2090412-
[  196.762556] e2fsck: --2091374) -(2091377--2091384) -(2091388--2091389) -(2091392--2091395) -(2091397--2091398) -2091400 -2091402 -2091404 -2091408 -(2091419--2091420) -(2091422--2091423) -2091425 -2091427 -2091432 -(2091435--2091437) -2091441 -(2091443--2091445) -2091449 -(2091452--2091457) -2091460 -(2091462--2091468) -2091470 -(2091472--2091473) -(2091477--2091478) -2091480 -(2091482--2091486) -2091488 -2091490 -2091492 -2091494 -(2091498--2091503) -(2091505--2091507) -(2091509--2091510) -2091512 -(2091514--20915
[  197.281792] e2fsck: 92530) -(2092533--2092537) -2092539 -2092541 -(2092545--2092546) -2092548 -(2092550--2092552) -2092554 -2092556 -(2092561--2092562) -(2092566--2092569) -(2092572--2092573) -2092580 -2092582 -2092584 -(2092587--2092588) -2092590 -2092592 -2092594 -2092596 -(2092601--2092602) -2092604 -(2092608--2092609) -(2092612--2092614) -2092617 -(2092619--2092620) -2092622 -2092624 -2092629 -(2092631--2092633) -2092636 -2092638 -2092641 -2092643 -2092645 -(2092650--2092651) -2092655 -2092657 -2092660 -2092662
[  197.852808] e2fsck: 656--2093659) -2093662 -2093665 -2093670 -2093676 -2093679 -(2093681--2093683) -(2093689--2093691) -(2093694--2093695) -(2093698--2093699) -(2093701--2093703) -(2093705--2093706) -(2093708--2093715) -(2093718--2093720) -(2093722--2093724) -2093728 -2093731 -(2093733--2093734) -2093738 -(2093740--2093741) -(2093744--2093745) -2093747 -2093750 -(2093752--2093755) -(2093757--2093759) -(2093761--2093762) -(2093765--2093766) -(2093768--2093770) -2093773 -2093775 -(2093778--2093779) -(2093783--2093784
[  198.402207] e2fsck:  -(2094846--2094848) -(2094853--2094856) -2094858 -(2094860--2094863) -(2094865--2094869) -(2094875--2094880) -2094886 -(2094888--2094889) -2094891 -2094893 -2094895 -(2094901--2094902) -2094905 -(2094907--2094908) -(2094912--2094915) -2094920 -(2094926--2094928) -2094931 -(2094935--2094936) -2094938 -2094940 -(2094942--2094943) -(2094945--2094946) -2094951 -(2094953--2094954) -(2094956--2094963) -(2094965--2094966) -(2094970--2094972) -2094974 -2094977 -(2094979--2094980) -(2094986--2094989) -(
[  198.947097] e2fsck: 095986 -(2095989--2095990) -2095996 -(2095998--2096000) -(2096004--2096006) -2096008 -2096012 -2096017 -(2096019--2096020) -(2096022--2096023) -(2096026--2096027) -(2096029--2096030) -(2096033--2096036) -(2096038--2096039) -(2096041--2096042) -(2096046--2096047) -2096051 -(2096054--2096055) -(2096057--2096058) -2096060 -2096062 -(2096065--2096066) -(2096069--2096071) -2096073 -2096079 -2096081 -(2096083--2096084) -(2096086--2096088) -2096094 -2096096 -2096099 -2096101 -2096105 -2096107 -2096109 
[  199.001618] e2fsck: -2097073) -2097076 -(2097078--2097082) -2097085 -2097087 -(2097089--2097091) -(2097094--2097095) -(2097097--2097098) -2097102 -2097104 -(2097106--2097108) -2097110 -2097112 -2097115 -2097118 -(2097120--2097124) -2097126 -(2097128--2097131) -(2097134--2097137) -2097139 -(2097142--2097144) -(2097146--2097147) -(2097149--2097151)
[  199.017180] e2fsck: Fix? yes
[  199.017593] e2fsck: 
[  199.113229] e2fsck: Free blocks count wrong for group #33 (16384, counted=32768).
[  199.114322] e2fsck: Fix? yes
[  199.114973] e2fsck: 
[  199.120951] e2fsck: Free blocks count wrong (2038635, counted=2055019).
[  199.122007] e2fsck: Fix? yes
[  199.122630] e2fsck: 
[  199.130512] e2fsck: Recreate journal? yes
[  199.131233] e2fsck: 
[  200.829742] e2fsck: Creating journal (16384 blocks):  Done.
[  200.830940] e2fsck: 
[  200.831862] e2fsck: *** journal has been regenerated ***
[  200.909656] e2fsck: 
[  200.910795] e2fsck: data: ***** FILE SYSTEM WAS MODIFIED *****
[  200.913271] e2fsck: data: 12/524288 files (0.0% non-contiguous), 58517/2097152 blocks
[  200.946131] e2fsck: e2fsck terminated by exit(1)
[  200.946131] 
[  200.958519] init: Unable to set property 'ro.boottime.init.fsck.data' from uid:0 gid:0 pid:158: Read-only property was already set
[  201.028920] EXT4-fs (dm-4): Ignoring removed nomblk_io_submit option
[  201.029255] EXT4-fs (dm-4): Using encoding defined by superblock: utf8-12.1.0 with flags 0x0
[  201.040524] EXT4-fs (dm-4): mounted filesystem with ordered data mode. Opts: nomblk_io_submit,errors=panic
[  201.047948] init: Unable to set property 'ro.boottime.init.mount.data' from uid:0 gid:0 pid:158: Read-only property was already set
[  201.171166] init: Keyring created with id 515576386 in process 1
[  201.185306] init: Command 'mount_all /vendor/etc/fstab.ranchu' action=fs (/vendor/etc/init/hw/init.ranchu.rc:6) took 174033ms and succeeded
[  201.202529] init: processing action (fs) from (/system/etc/init/logd.rc:28)
[  201.209196] init: processing action (fs) from (/system/etc/init/wifi.rc:25)
[  201.220124] init: processing action (post-fs) from (/system/etc/init/hw/init.rc:467)
[  201.225161] init: starting service 'exec 2 (/system/bin/vdc checkpoint markBootAttempt)'...
[  201.237351] init: SVC_EXEC service 'exec 2 (/system/bin/vdc checkpoint markBootAttempt)' pid 196 (uid 1000 gid 1000+0 context default) started; waiting...
[  201.518220] init: Service 'exec 2 (/system/bin/vdc checkpoint markBootAttempt)' (pid 196) exited with status 0 waiting took 0.285000 seconds
[  201.519207] init: Sending signal 9 to service 'exec 2 (/system/bin/vdc checkpoint markBootAttempt)' (pid 196) process group...
[  201.524998] libprocessgroup: Successfully killed process cgroup uid 1000 pid 196 in 3ms
[  201.540745] selinux: SELinux:  Could not stat /sys/kernel/debug: No such file or directory.
[  201.541275] selinux: 
[  201.542560] init: Command 'chown system cache /cache' action=post-fs (/system/etc/init/hw/init.rc:479) took 0ms and failed: lchown() failed: Read-only file system
[  201.546059] init: Command 'chmod 0770 /cache' action=post-fs (/system/etc/init/hw/init.rc:480) took 2ms and failed: fchmodat() failed: Read-only file system
[  201.585867] selinux: SELinux:  setxattr failed: /cache:  Read-only file system
[  201.586323] selinux: 
[  201.598914] init: Command 'mkdir /cache/recovery 0770 system cache' action=post-fs (/system/etc/init/hw/init.rc:486) took 11ms and failed: mkdir() failed on /cache/recovery: Read-only file system
[  201.606522] init: Command 'mkdir /cache/backup_stage 0700 system system' action=post-fs (/system/etc/init/hw/init.rc:489) took 6ms and failed: mkdir() failed on /cache/backup_stage: Read-only file system
[  201.614404] init: Command 'mkdir /cache/backup 0700 system system' action=post-fs (/system/etc/init/hw/init.rc:490) took 6ms and failed: mkdir() failed on /cache/backup: Read-only file system
[  201.641558] init: Command 'mkdir /cache/lost+found 0770 root root' action=post-fs (/system/etc/init/hw/init.rc:511) took 9ms and failed: mkdir() failed on /cache/lost+found: Read-only file system
[  201.717914] init: Command 'restorecon_recursive /metadata' action=post-fs (/system/etc/init/hw/init.rc:513) took 74ms and succeeded
[  201.784473] init: processing action (post-fs) from (/system/etc/init/atrace_userdebug.rc:7)
[  201.794090] init: processing action (post-fs) from (/system/etc/init/gsid.rc:8)
[  201.815772] init: processing action (post-fs) from (/system/etc/init/recovery-refresh.rc:1)
[  201.822469] init: starting service 'exec 3 (/system/bin/recovery-refresh)'...
[  201.838467] init: processing action (late-fs) from (/system/etc/init/hw/init.rc:531)
[  201.855151] init: starting service 'system_suspend'...
[  201.918233] init: starting service 'vendor.atrace-hal-1-0'...
[  201.995870] init: Command 'class_start early_hal' action=late-fs (/system/etc/init/hw/init.rc:538) took 154ms and succeeded
[  202.008914] init: processing action (late-fs) from (/vendor/etc/init/hw/init.ranchu.rc:8)
[  202.335295] init: Unable to set property 'ro.crypto.state' from uid:0 gid:0 pid:1: Read-only property was already set
[  202.348697] init: Command 'mount_all /vendor/etc/fstab.ranchu --late' action=late-fs (/vendor/etc/init/hw/init.ranchu.rc:10) took 330ms and succeeded
[  202.350334] init: processing action (post-fs-data) from (/system/etc/init/hw/init.rc:540)
[  202.366642] init: starting service 'exec 4 (/system/bin/vdc checkpoint prepareCheckpoint)'...
[  202.418524] init: SVC_EXEC service 'exec 4 (/system/bin/vdc checkpoint prepareCheckpoint)' pid 200 (uid 1000 gid 1000+0 context default) started; waiting...
[  202.419719] init: Command 'exec - system system -- /system/bin/vdc checkpoint prepareCheckpoint' action=post-fs-data (/system/etc/init/hw/init.rc:544) took 68ms and succeeded
[  202.597804] init: Service 'exec 3 (/system/bin/recovery-refresh)' (pid 197) exited with status 254 oneshot service took 0.765000 seconds in background
[  202.598679] init: Sending signal 9 to service 'exec 3 (/system/bin/recovery-refresh)' (pid 197) process group...
[  202.602295] libprocessgroup: Successfully killed process cgroup uid 1000 pid 197 in 2ms
[  202.604840] recovery-refres (197) used greatest stack depth: 11728 bytes left
[  203.445355] init: Service 'exec 4 (/system/bin/vdc checkpoint prepareCheckpoint)' (pid 200) exited with status 0 waiting took 1.046000 seconds
[  203.446322] init: Sending signal 9 to service 'exec 4 (/system/bin/vdc checkpoint prepareCheckpoint)' (pid 200) process group...
[  203.450790] libprocessgroup: Successfully killed process cgroup uid 1000 pid 200 in 3ms
[  203.505198] init: starting service 'exec 5 (/system/bin/vdc --wait cryptfs enablefilecrypto)'...
[  203.540878] init: SVC_EXEC service 'exec 5 (/system/bin/vdc --wait cryptfs enablefilecrypto)' pid 203 (uid 0 gid 0+0 context default) started; waiting...
[  203.554365] init: Command 'installkey /data' action=post-fs-data (/system/etc/init/hw/init.rc:553) took 79ms and succeeded
[  204.063560] init: Service 'exec 5 (/system/bin/vdc --wait cryptfs enablefilecrypto)' (pid 203) exited with status 0 waiting took 0.540000 seconds
[  204.064833] init: Sending signal 9 to service 'exec 5 (/system/bin/vdc --wait cryptfs enablefilecrypto)' (pid 203) process group...
[  204.067109] libprocessgroup: Successfully killed process cgroup uid 0 pid 203 in 1ms
[  204.105382] init: Encryption policy of /data/bootchart set to 8ba91b3282fa6aefea63b513f4676640 v2 modes 1/4 flags 0x2
[  204.146782] fscrypt: AES-256-CTS-CBC using implementation "cts-cbc-aes-ce"
[  204.152606] init: Switched to default mount namespace
[  204.153534] init: Not setting encryption policy on: /data/apex
[  204.206182] init: Not setting encryption policy on: /data/app-staging
[  204.221519] init: starting service 'apexd'...
[  204.257761] init: Command 'copy /data/system/entropy.dat /dev/urandom' action=post-fs-data (/system/etc/init/hw/init.rc:573) took 1ms and failed: Could not read input file '/data/system/entropy.dat': open() failed: No such file or directory
[  204.297162] init: Encryption policy of /data/misc set to 8ba91b3282fa6aefea63b513f4676640 v2 modes 1/4 flags 0x2
[  204.330681] init: Command 'copy /data/misc/recovery/ro.build.fingerprint /data/misc/recovery/ro.build.fingerprint.1' action=post-fs-data (/system/etc/init/hw/init.rc:578) took 0ms and failed: Could not read input file '/data/misc/recovery/ro.build.fingerprint': open() failed: No such file or directory
[  204.356203] fscrypt: AES-256-XTS using implementation "xts-aes-ce"
[  204.387196] init: Command 'copy /data/misc/recovery/proc/version /data/misc/recovery/proc/version.1' action=post-fs-data (/system/etc/init/hw/init.rc:585) took 0ms and failed: Could not read input file '/data/misc/recovery/proc/version': open() failed: No such file or directory
[  204.808169] init: Encryption policy of /data/local set to 8ba91b3282fa6aefea63b513f4676640 v2 modes 1/4 flags 0x2
[  205.018404] apexd: Scanning /system/apex for preinstalled data
[  205.124913] init: Not setting encryption policy on: /data/preloads
[  205.154806] init: Encryption policy of /data/vendor set to 8ba91b3282fa6aefea63b513f4676640 v2 modes 1/4 flags 0x2
[  205.156841] init: Not setting encryption policy on: /data/vendor_ce
[  205.169897] init: Not setting encryption policy on: /data/vendor_de
[  205.226670] init: Not setting encryption policy on: /data/data
[  205.250814] apexd: Scanning /system_ext/apex for preinstalled data
[  205.251595] apexd: ... does not exist. Skipping
[  205.252027] apexd: Scanning /product/apex for preinstalled data
[  205.253820] apexd: ... does not exist. Skipping
[  205.254219] apexd: Scanning /vendor/apex for preinstalled data
[  205.254867] apexd: ... does not exist. Skipping
[  205.257604] init: Encryption policy of /data/app-private set to 8ba91b3282fa6aefea63b513f4676640 v2 modes 1/4 flags 0x2
[  205.260907] apexd: Populating APEX database from mounts...
[  205.281728] apexd: 0 packages restored.
[  205.293263] init: Encryption policy of /data/app-ephemeral set to 8ba91b3282fa6aefea63b513f4676640 v2 modes 1/4 flags 0x2
[  205.324290] apexd: Marking APEXd as starting
[  205.326627] init: Encryption policy of /data/app-asec set to 8ba91b3282fa6aefea63b513f4676640 v2 modes 1/4 flags 0x2
[  205.354332] apexd: Scanning /metadata/apex/sessions looking for sessions to be activated.
[  205.358578] apexd: Scanning /data/apex/active looking for APEX packages.
[  205.362435] init: Encryption policy of /data/app-lib set to 8ba91b3282fa6aefea63b513f4676640 v2 modes 1/4 flags 0x2
[  205.373387] apexd: Activated 0 packages. Skipped: 0
[  205.374604] apexd: Scanning /system/apex looking for APEX packages.
[  205.398607] init: Encryption policy of /data/app set to 8ba91b3282fa6aefea63b513f4676640 v2 modes 1/4 flags 0x2
[  205.401536] apexd: Found /system/apex/com.google.android.cellbroadcast.apex
[  205.407114] apexd: Found /system/apex/com.google.android.extservices.apex
[  205.436277] apexd: Found /system/apex/com.google.android.ipsec.apex
[  205.440802] init: Encryption policy of /data/property set to 8ba91b3282fa6aefea63b513f4676640 v2 modes 1/4 flags 0x2
[  205.446985] apexd: Found /system/apex/com.google.android.tethering.apex
[  205.455608] apexd: Found /system/apex/com.google.android.mediaprovider.apex
[  205.464773] init: Encryption policy of /data/tombstones set to 8ba91b3282fa6aefea63b513f4676640 v2 modes 1/4 flags 0x2
[  205.469469] apexd: Found /system/apex/com.google.android.telephony.apex
[  205.474411] apexd: Found /system/apex/com.android.vndk.current.apex
[  205.487026] apexd: Found /system/apex/com.android.i18n.apex
[  205.500398] apexd: Found /system/apex/com.google.android.permission.apex
[  205.509294] apexd: Found /system/apex/com.google.android.tzdata2.apex
[  205.514398] init: Encryption policy of /data/dalvik-cache set to 8ba91b3282fa6aefea63b513f4676640 v2 modes 1/4 flags 0x2
[  205.518597] apexd: Found /system/apex/com.google.android.neuralnetworks.apex
[  205.528390] apexd: Found /system/apex/com.google.android.resolv.apex
[  205.532187] apexd: Found /system/apex/com.google.android.sdkext.apex
[  205.535125] init: Encryption policy of /data/ota set to 8ba91b3282fa6aefea63b513f4676640 v2 modes 1/4 flags 0x2
[  205.550535] apexd: Found /system/apex/com.google.android.os.statsd.apex
[  205.559807] apexd: Found /system/apex/com.google.android.adbd.apex
[  205.563013] init: Encryption policy of /data/ota_package set to 8ba91b3282fa6aefea63b513f4676640 v2 modes 1/4 flags 0x2
[  205.573513] apexd: Found /system/apex/com.android.apex.cts.shim.apex
[  205.586138] apexd: Found /system/apex/com.google.android.wifi.apex
[  205.591497] init: Encryption policy of /data/resource-cache set to 8ba91b3282fa6aefea63b513f4676640 v2 modes 1/4 flags 0x2
[  205.598518] init: Not setting encryption policy on: /data/lost+found
[  205.601901] apexd: Found /system/apex/com.android.runtime.apex
[  205.614805] apexd: Found /system/apex/com.google.android.media.swcodec.apex
[  205.635296] apexd: Found /system/apex/com.android.art.debug.apex
[  205.646781] init: Encryption policy of /data/drm set to 8ba91b3282fa6aefea63b513f4676640 v2 modes 1/4 flags 0x2
[  205.652166] apexd: Found /system/apex/com.google.android.media.apex
[  205.669110] apexd: Found /system/apex/com.google.android.conscrypt.apex
[  205.680966] init: Encryption policy of /data/mediadrm set to 8ba91b3282fa6aefea63b513f4676640 v2 modes 1/4 flags 0x2
[  205.710412] init: Encryption policy of /data/anr set to 8ba91b3282fa6aefea63b513f4676640 v2 modes 1/4 flags 0x2
[  205.813203] init: Encryption policy of /data/nfc set to 8ba91b3282fa6aefea63b513f4676640 v2 modes 1/4 flags 0x2
[  205.814916] init: Command 'mkdir /data/nfc 0770 nfc nfc encryption=Require' action=post-fs-data (/system/etc/init/hw/init.rc:695) took 102ms and succeeded
[  205.861545] EXT4-fs (loop6): mounted filesystem without journal. Opts: (null)
[  205.869083] apexd: Successfully mounted package /system/apex/com.google.android.cellbroadcast.apex on /apex/com.android.cellbroadcast@300900720
[  205.873985] init: Command 'mkdir /data/nfc/param 0770 nfc nfc' action=post-fs-data (/system/etc/init/hw/init.rc:696) took 57ms and succeeded
[  205.922770] init: Encryption policy of /data/backup set to 8ba91b3282fa6aefea63b513f4676640 v2 modes 1/4 flags 0x2
[  205.933019] init: Command 'mkdir /data/backup 0700 system system encryption=Require' action=post-fs-data (/system/etc/init/hw/init.rc:700) took 57ms and succeeded
[  205.982212] init: Encryption policy of /data/ss set to 8ba91b3282fa6aefea63b513f4676640 v2 modes 1/4 flags 0x2
[  206.009654] init: Command 'mkdir /data/ss 0700 system system encryption=Require' action=post-fs-data (/system/etc/init/hw/init.rc:701) took 74ms and succeeded
[  206.070752] init: Encryption policy of /data/system set to 8ba91b3282fa6aefea63b513f4676640 v2 modes 1/4 flags 0x2
[  206.084859] init: Command 'mkdir /data/system 0775 system system encryption=Require' action=post-fs-data (/system/etc/init/hw/init.rc:703) took 69ms and succeeded
[  206.095651] EXT4-fs (loop7): mounted filesystem without journal. Opts: (null)
[  206.110006] apexd: Successfully mounted package /system/apex/com.google.android.extservices.apex on /apex/com.android.extservices@300900700
[  206.150912] init: Command 'mkdir /data/system/dropbox 0700 system system' action=post-fs-data (/system/etc/init/hw/init.rc:704) took 57ms and succeeded
[  206.214357] init: Command 'mkdir /data/system/heapdump 0700 system system' action=post-fs-data (/system/etc/init/hw/init.rc:705) took 56ms and succeeded
[  206.277051] init: Not setting encryption policy on: /data/system_de
[  206.296860] EXT4-fs (loop8): mounted filesystem without journal. Opts: (null)
[  206.298111] apexd: Successfully mounted package /system/apex/com.google.android.ipsec.apex on /apex/com.android.ipsec@300900700
[  206.307742] init: Not setting encryption policy on: /data/system_ce
[  206.327998] init: Not setting encryption policy on: /data/misc_de
[  206.377648] init: Not setting encryption policy on: /data/misc_ce
[  206.405379] init: Not setting encryption policy on: /data/user
[  206.413398] EXT4-fs (loop9): mounted filesystem without journal. Opts: (null)
[  206.414507] apexd: Successfully mounted package /system/apex/com.google.android.tethering.apex on /apex/com.android.tethering@300900700
[  206.435710] init: Not setting encryption policy on: /data/user_de
[  206.478183] init: Command 'rm /data/user/0' action=post-fs-data (/system/etc/init/hw/init.rc:718) took 0ms and failed: unlink() failed: No such file or directory
[  206.510855] EXT4-fs (loop10): mounted filesystem without journal. Opts: (null)
[  206.512442] apexd: Successfully mounted package /system/apex/com.google.android.mediaprovider.apex on /apex/com.android.mediaprovider@300900719
[  206.635178] EXT4-fs (loop11): mounted filesystem without journal. Opts: (null)
[  206.640733] apexd: Successfully mounted package /system/apex/com.google.android.telephony.apex on /apex/com.android.telephony@1
[  206.758630] EXT4-fs (loop12): mounted filesystem without journal. Opts: (null)
[  206.764776] apexd: Successfully mounted package /system/apex/com.android.vndk.current.apex on /apex/com.android.vndk.v30@1
[  206.805188] init: Command 'mount tmpfs tmpfs /data_mirror nodev noexec nosuid mode=0700,uid=0,gid=1000' action=post-fs-data (/system/etc/init/hw/init.rc:726) took 244ms and succeeded
[  206.850258] EXT4-fs (loop13): mounted filesystem without journal. Opts: (null)
[  206.851265] apexd: Successfully mounted package /system/apex/com.android.i18n.apex on /apex/com.android.i18n@1
[  206.959055] EXT4-fs (loop14): mounted filesystem without journal. Opts: (null)
[  206.960885] apexd: Successfully mounted package /system/apex/com.google.android.permission.apex on /apex/com.android.permission@300900706
[  207.053762] init: Encryption policy of /data/cache set to 8ba91b3282fa6aefea63b513f4676640 v2 modes 1/4 flags 0x2
[  207.059418] EXT4-fs (loop15): mounted filesystem without journal. Opts: (null)
[  207.060871] apexd: Successfully mounted package /system/apex/com.google.android.tzdata2.apex on /apex/com.android.tzdata@300900700
[  207.168952] EXT4-fs (loop16): mounted filesystem without journal. Opts: (null)
[  207.170084] apexd: Successfully mounted package /system/apex/com.google.android.neuralnetworks.apex on /apex/com.android.neuralnetworks@300900700
[  207.192981] init: Encryption policy of /data/rollback set to 8ba91b3282fa6aefea63b513f4676640 v2 modes 1/4 flags 0x2
[  207.220889] init: Encryption policy of /data/rollback-observer set to 8ba91b3282fa6aefea63b513f4676640 v2 modes 1/4 flags 0x2
[  207.238596] init: Encryption policy of /data/incremental set to 8ba91b3282fa6aefea63b513f4676640 v2 modes 1/4 flags 0x2
[  207.270427] EXT4-fs (loop17): mounted filesystem without journal. Opts: (null)
[  207.271959] apexd: Successfully mounted package /system/apex/com.google.android.resolv.apex on /apex/com.android.resolv@300900700
[  207.366257] EXT4-fs (loop18): mounted filesystem without journal. Opts: (null)
[  207.367260] apexd: Successfully mounted package /system/apex/com.google.android.sdkext.apex on /apex/com.android.sdkext@300900700
[  207.426854] EXT4-fs (loop19): mounted filesystem without journal. Opts: (null)
[  207.428859] apexd: Successfully mounted package /system/apex/com.google.android.os.statsd.apex on /apex/com.android.os.statsd@300900700
[  207.492246] EXT4-fs (loop20): mounted filesystem without journal. Opts: (null)
[  207.493179] apexd: Successfully mounted package /system/apex/com.google.android.adbd.apex on /apex/com.android.adbd@300900700
[  207.553288] EXT4-fs (loop21): mounted filesystem without journal. Opts: (null)
[  207.554222] apexd: Successfully mounted package /system/apex/com.android.apex.cts.shim.apex on /apex/com.android.apex.cts.shim@1
[  207.660641] EXT4-fs (loop22): mounted filesystem without journal. Opts: (null)
[  207.661583] apexd: Successfully mounted package /system/apex/com.google.android.wifi.apex on /apex/com.android.wifi@300900711
[  207.746448] EXT4-fs (loop23): mounted filesystem without journal. Opts: (null)
[  207.749042] apexd: Successfully mounted package /system/apex/com.android.runtime.apex on /apex/com.android.runtime@1
[  207.824621] EXT4-fs (loop24): mounted filesystem without journal. Opts: (null)
[  207.825701] apexd: Successfully mounted package /system/apex/com.google.android.media.swcodec.apex on /apex/com.android.media.swcodec@300900714
[  207.919935] EXT4-fs (loop25): mounted filesystem without journal. Opts: (null)
[  207.921535] apexd: Successfully mounted package /system/apex/com.android.art.debug.apex on /apex/com.android.art@1
[  208.022660] EXT4-fs (loop26): mounted filesystem without journal. Opts: (null)
[  208.024790] apexd: Successfully mounted package /system/apex/com.google.android.media.apex on /apex/com.android.media@300900700
[  208.117444] EXT4-fs (loop27): mounted filesystem without journal. Opts: (null)
[  208.118764] apexd: Successfully mounted package /system/apex/com.google.android.conscrypt.apex on /apex/com.android.conscrypt@300900703
[  208.127725] apexd: Activated 22 packages. Skipped: 0
[  208.130439] apexd: Scanning /system_ext/apex looking for APEX packages.
[  208.131378] apexd: ... does not exist. Skipping
[  208.230806] apexd: Activated 0 packages. Skipped: 0
[  208.231341] apexd: Scanning /product/apex looking for APEX packages.
[  208.232058] apexd: ... does not exist. Skipping
[  208.317485] apexd: Activated 0 packages. Skipped: 0
[  208.318069] apexd: Scanning /vendor/apex looking for APEX packages.
[  208.321504] apexd: ... does not exist. Skipping
[  208.425699] apexd: Activated 0 packages. Skipped: 0
[  208.429179] AidlLazyServiceRegistrar: Registering service apexservice
[  208.447288] apexd: Marking APEXd as activated
[  208.454000] init: Wait for property 'apexd.status=activated' took 1106ms
[  208.718751] init: Parsing file /apex/com.android.adbd/etc/init.rc...
[  208.723091] init: Parsing file /apex/com.android.media.swcodec/etc/init.rc...
[  208.727003] init: Parsing file /apex/com.android.os.statsd/etc/init.rc...
[  208.732378] init: Parsing file /apex/com.android.sdkext/etc/derive_sdk.rc...
[  208.966393] init: linkerconfig generated /linkerconfig with mounted APEX modules info
[  208.967458] init: Command 'perform_apex_config' action=post-fs-data (/system/etc/init/hw/init.rc:764) took 510ms and succeeded
[  208.970394] init: Not setting encryption policy on: /data/media
[  208.985317] init: starting service 'exec 6 (/system/bin/chattr +F /data/media)'...
[  208.999092] init: SVC_EXEC service 'exec 6 (/system/bin/chattr +F /data/media)' pid 257 (uid 1023 gid 1023+0 context default) started; waiting...
[  209.460547] init: Service 'exec 6 (/system/bin/chattr +F /data/media)' (pid 257) exited with status 0 waiting took 0.466000 seconds
[  209.461284] init: Sending signal 9 to service 'exec 6 (/system/bin/chattr +F /data/media)' (pid 257) process group...
[  209.463570] libprocessgroup: Successfully killed process cgroup uid 1023 pid 257 in 1ms
[  209.482461] init: Encryption policy of /data/media/obb set to 8ba91b3282fa6aefea63b513f4676640 v2 modes 1/4 flags 0x2
[  209.490660] init: starting service 'derive_sdk'...
[  209.530299] init: SVC_EXEC service 'derive_sdk' pid 258 (uid 9999 gid 9999+0 context default) started; waiting...
[  209.772170] init: Service 'derive_sdk' (pid 258) exited with status 0 waiting took 0.273000 seconds
[  209.773241] init: Sending signal 9 to service 'derive_sdk' (pid 258) process group...
[  209.776120] libprocessgroup: Successfully killed process cgroup uid 9999 pid 258 in 1ms
[  209.801803] init: starting service 'exec 7 (/system/bin/vdc --wait cryptfs init_user0)'...
[  209.820628] init: SVC_EXEC service 'exec 7 (/system/bin/vdc --wait cryptfs init_user0)' pid 259 (uid 0 gid 0+0 context default) started; waiting...
[  211.264840] init: Service 'exec 7 (/system/bin/vdc --wait cryptfs init_user0)' (pid 259) exited with status 0 waiting took 1.453000 seconds
[  211.265752] init: Sending signal 9 to service 'exec 7 (/system/bin/vdc --wait cryptfs init_user0)' (pid 259) process group...
[  211.268133] libprocessgroup: Successfully killed process cgroup uid 0 pid 259 in 1ms
[  211.275560] init: starting service 'apexd-snapshotde'...
[  211.332428] init: SVC_EXEC service 'apexd-snapshotde' pid 261 (uid 0 gid 1000+0 context default) started; waiting...
[  211.333848] init: Command 'exec_start apexd-snapshotde' action=post-fs-data (/system/etc/init/hw/init.rc:779) took 60ms and succeeded
[  211.868430] apexd: Snapshot DE subcommand detected
[  211.896898] apexd: Marking APEXd as ready
[  211.939241] init: Service 'apexd-snapshotde' (pid 261) exited with status 0 waiting took 0.650000 seconds
[  211.941628] init: Sending signal 9 to service 'apexd-snapshotde' (pid 261) process group...
[  211.946732] libprocessgroup: Successfully killed process cgroup uid 0 pid 261 in 2ms
[  213.386884] init: Command 'restorecon --recursive --skip-ce /data' action=post-fs-data (/system/etc/init/hw/init.rc:782) took 1421ms and succeeded
[  213.396581] init: starting service 'exec 8 (/system/bin/tzdatacheck /apex/com.android.tzdata/etc/tz /data/misc/zoneinfo)'...
[  213.419379] init: SVC_EXEC service 'exec 8 (/system/bin/tzdatacheck /apex/com.android.tzdata/etc/tz /data/misc/zoneinfo)' pid 262 (uid 1000 gid 1000+0 context default) started; waiting...
[  213.792655] init: Service 'exec 8 (/system/bin/tzdatacheck /apex/com.android.tzdata/etc/tz /data/misc/zoneinfo)' (pid 262) exited with status 0 waiting took 0.385000 seconds
[  213.793707] init: Sending signal 9 to service 'exec 8 (/system/bin/tzdatacheck /apex/com.android.tzdata/etc/tz /data/misc/zoneinfo)' (pid 262) process group...
[  213.797421] libprocessgroup: Successfully killed process cgroup uid 1000 pid 262 in 2ms
[  213.832898] init: processing action (post-fs-data) from (/system/etc/init/hw/init.usb.rc:6)
[  213.893650] init: Encryption policy of /data/adb set to 8ba91b3282fa6aefea63b513f4676640 v2 modes 1/4 flags 0x2
[  213.894622] init: processing action (post-fs-data) from (/vendor/etc/init/hw/init.ranchu.rc:52)
[  213.959973] init: starting service 'create_router_ns'...
[  214.014948] init: Command 'start create_router_ns' action=post-fs-data (/vendor/etc/init/hw/init.ranchu.rc:57) took 61ms and succeeded
[  214.017699] init: processing action (post-fs-data) from (/system/etc/init/bootstat.rc:9)
[  214.093130] init: processing action (ro.debuggable=1 && post-fs-data) from (/system/etc/init/clean_scratch_files.rc:1)
[  214.106496] init: Command 'exec_background - root root -- /system/bin/clean_scratch_files' action=ro.debuggable=1 && post-fs-data (/system/etc/init/clean_scratch_files.rc:2) took 12ms and failed: Could not start exec background service: File /system/bin/clean_scratch_files(labeled "u:object_r:system_file:s0") has incorrect label or no domain transition from u:r:init:s0 to another SELinux domain defined. Have you configured your service correctly? https://source.android.com/security/selinux/device-policy#label_new_services_and_address_denials
[  214.112899] init: processing action (post-fs-data) from (/system/etc/init/gsid.rc:14)
[  214.113692] init: Not setting encryption policy on: /data/gsi
[  214.168845] init: processing action (post-fs-data) from (/system/etc/init/incidentd.rc:21)
[  214.193960] init: processing action (post-fs-data) from (/system/etc/init/iorapd.rc:28)
[  214.216809] init: processing action (post-fs-data) from (/system/etc/init/logtagd.rc:4)
[  214.259822] init: processing action (post-fs-data) from (/system/etc/init/otapreopt.rc:3)
[  214.275351] init: starting service 'exec 10 (/system/bin/otapreopt_slot)'...
[  214.318176] init: SVC_EXEC service 'exec 10 (/system/bin/otapreopt_slot)' pid 264 (uid 0 gid 0+0 context default) started; waiting...
[  215.172348] getprop (265) used greatest stack depth: 11632 bytes left
[  215.180074] getprop (265): highest shadow stack usage: 344 bytes
[  215.481623] init: Service 'exec 10 (/system/bin/otapreopt_slot)' (pid 264) exited with status 1 waiting took 1.182000 seconds
[  215.486927] init: Sending signal 9 to service 'exec 10 (/system/bin/otapreopt_slot)' (pid 264) process group...
[  215.491159] libprocessgroup: Successfully killed process cgroup uid 0 pid 264 in 2ms
[  215.499141] selinux: SELinux:  Could not stat /data/dalvik-cache/arm: No such file or directory.
[  215.500611] selinux: 
[  215.503408] selinux: SELinux:  Could not stat /data/dalvik-cache/arm64: No such file or directory.
[  215.509819] selinux: 
[  215.513045] selinux: SELinux:  Could not stat /data/dalvik-cache/mips: No such file or directory.
[  215.513752] selinux: 
[  215.518889] selinux: SELinux:  Could not stat /data/dalvik-cache/mips64: No such file or directory.
[  215.519655] selinux: 
[  215.522680] selinux: SELinux:  Could not stat /data/dalvik-cache/x86: No such file or directory.
[  215.523650] selinux: 
[  215.527157] selinux: SELinux:  Could not stat /data/dalvik-cache/x86_64: No such file or directory.
[  215.530167] selinux: 
[  215.531089] init: processing action (post-fs-data) from (/system/etc/init/perfetto.rc:67)
[  215.533858] init: Command 'rm /data/misc/perfetto-traces/.guardraildata' action=post-fs-data (/system/etc/init/perfetto.rc:68) took 1ms and failed: unlink() failed: No such file or directory
[  215.535121] init: processing action (post-fs-data) from (/system/etc/init/recovery-persist.rc:1)
[  215.540183] init: starting service 'exec 11 (/system/bin/recovery-persist)'...
[  215.558800] init: processing action (post-fs-data) from (/system/etc/init/tombstoned.rc:10)
[  215.572780] init: starting service 'tombstoned'...
[  215.596419] init: Created socket '/dev/socket/tombstoned_crash', mode 666, user 1000, group 1000
[  215.622672] init: Created socket '/dev/socket/tombstoned_intercept', mode 666, user 1000, group 1000
[  215.645639] init: Created socket '/dev/socket/tombstoned_java_trace', mode 666, user 1000, group 1000
[  215.737807] init: Command 'start tombstoned' action=post-fs-data (/system/etc/init/tombstoned.rc:11) took 175ms and succeeded
[  215.748416] init: processing action (post-fs-data) from (/system/etc/init/wifi.rc:18)
[  215.823210] selinux: SELinux: Skipping restorecon on directory(/data/misc/apexdata/com.android.wifi)
[  215.837004] selinux: 
[  215.838409] init: Command 'restorecon_recursive /data/misc/apexdata/com.android.wifi' action=post-fs-data (/system/etc/init/wifi.rc:19) took 87ms and succeeded
[  215.853264] init: processing action (post-fs-data) from (/vendor/etc/init/hostapd.android.rc:9)
[  216.157243] init: Command 'mkdir /data/vendor/wifi 0770 wifi wifi' action=post-fs-data (/vendor/etc/init/hostapd.android.rc:10) took 302ms and succeeded
[  216.214703] init: Command 'mkdir /data/vendor/wifi/hostapd 0770 wifi wifi' action=post-fs-data (/vendor/etc/init/hostapd.android.rc:11) took 55ms and succeeded
[  216.269765] init: Command 'mkdir /data/vendor/wifi/hostapd/sockets 0770 wifi wifi' action=post-fs-data (/vendor/etc/init/hostapd.android.rc:12) took 52ms and succeeded
[  216.272096] init: processing action (load_persist_props_action) from (/system/etc/init/hw/init.rc:417)
[  216.292966] init: Couldn't load property file '/data/local.prop': open() failed: No such file or directory: No such file or directory
[  216.297229] init: Could not load single persistent property file, trying legacy directory: Unable to read persistent property file: open() failed: No such file or directory
[  216.448392] init: Wait for property 'ro.persistent_properties.ready=true' took 151ms
[  216.455325] init: starting service 'logd-reinit'...
[  216.523138] init: Command 'start logd-reinit' action=load_persist_props_action (/system/etc/init/hw/init.rc:420) took 71ms and succeeded
[  216.524805] init: processing action (load_persist_props_action) from (/system/etc/init/flags_health_check.rc:1)
[  216.525957] init: Top-level directory needs encryption action, eg mkdir /data/server_configurable_flags <mode> <uid> <gid> encryption=Require
[  216.589910] init: Encryption policy of /data/server_configurable_flags set to 8ba91b3282fa6aefea63b513f4676640 v2 modes 1/4 flags 0x2
[  216.591212] init: Command 'mkdir /data/server_configurable_flags 0775 system system' action=load_persist_props_action (/system/etc/init/flags_health_check.rc:4) took 65ms and succeeded
[  216.607973] init: starting service 'exec 12 (/system/bin/flags_health_check BOOT_FAILURE)'...
[  216.674431] init: SVC_EXEC service 'exec 12 (/system/bin/flags_health_check BOOT_FAILURE)' pid 270 (uid 1000 gid 1000+0 context default) started; waiting...
[  216.688177] init: Command 'exec - system system -- /system/bin/flags_health_check BOOT_FAILURE' action=load_persist_props_action (/system/etc/init/flags_health_check.rc:5) took 71ms and succeeded
[  216.690241] init: Service 'exec 11 (/system/bin/recovery-persist)' (pid 267) exited with status 0 oneshot service took 1.136000 seconds in background
[  216.704797] init: Sending signal 9 to service 'exec 11 (/system/bin/recovery-persist)' (pid 267) process group...
[  216.707121] libprocessgroup: Successfully killed process cgroup uid 1000 pid 267 in 1ms
[  217.096182] logd.daemon: reinit
[  217.105613] init: Service 'logd-reinit' (pid 269) exited with status 0 oneshot service took 0.621000 seconds in background
[  217.106338] init: Sending signal 9 to service 'logd-reinit' (pid 269) process group...
[  217.109783] libprocessgroup: Successfully killed process cgroup uid 1036 pid 269 in 2ms
[  217.203279] init: Service 'exec 12 (/system/bin/flags_health_check BOOT_FAILURE)' (pid 270) exited with status 0 waiting took 0.547000 seconds
[  217.204038] init: Sending signal 9 to service 'exec 12 (/system/bin/flags_health_check BOOT_FAILURE)' (pid 270) process group...
[  217.206459] libprocessgroup: Successfully killed process cgroup uid 1000 pid 270 in 0ms
[  217.212224] init: processing action (load_persist_props_action) from (/system/etc/init/logcatd.rc:29)
[  217.221974] init: processing action (load_bpf_programs) from (/system/etc/init/bpfloader.rc:20)
[  217.235008] init: starting service 'bpfloader'...
[  217.269946] init: processing action (persist.sys.fuse=true && zygote-start) from (/system/etc/init/hw/init.rc:809)
[  217.302443] init: processing action (ro.crypto.state=encrypted && ro.crypto.type=file && zygote-start) from (/system/etc/init/hw/init.rc:840)
[  217.315916] init: starting service 'update_verifier_nonencrypted'...
[  217.458098] init: SVC_EXEC service 'update_verifier_nonencrypted' pid 272 (uid 0 gid 2001+1 context default) started; waiting...
[  217.644599] init: Command 'exec_start update_verifier_nonencrypted' action=ro.crypto.state=encrypted && ro.crypto.type=file && zygote-start (/system/etc/init/hw/init.rc:842) took 156ms and succeeded
[  217.741229] init: Service 'update_verifier_nonencrypted' (pid 272) exited with status 0 waiting took 0.404000 seconds
[  217.742204] init: Sending signal 9 to service 'update_verifier_nonencrypted' (pid 272) process group...
[  217.754393] libprocessgroup: Successfully killed process cgroup uid 0 pid 272 in 10ms
[  217.805530] init: starting service 'statsd'...
[  217.829575] init: Created socket '/dev/socket/statsdw', mode 222, user 1066, group 1066
[  217.899303] init: Command 'start statsd' action=ro.crypto.state=encrypted && ro.crypto.type=file && zygote-start (/system/etc/init/hw/init.rc:843) took 116ms and succeeded
[  217.922552] init: starting service 'netd'...
[  217.956780] init: Created socket '/dev/socket/dnsproxyd', mode 660, user 0, group 3003
[  217.974942] init: Created socket '/dev/socket/mdns', mode 660, user 0, group 1000
[  217.997476] init: Created socket '/dev/socket/fwmarkd', mode 660, user 0, group 3003
[  218.086713] init: Command 'start netd' action=ro.crypto.state=encrypted && ro.crypto.type=file && zygote-start (/system/etc/init/hw/init.rc:844) took 179ms and succeeded
[  218.105492] init: starting service 'zygote'...
[  218.138562] init: Created socket '/dev/socket/zygote', mode 660, user 0, group 1000
[  218.172335] init: Created socket '/dev/socket/usap_pool_primary', mode 660, user 0, group 1000
[  219.740609] init: Command 'start zygote' action=ro.crypto.state=encrypted && ro.crypto.type=file && zygote-start (/system/etc/init/hw/init.rc:845) took 247ms and succeeded
[  219.743082] init: Command 'start zygote_secondary' action=ro.crypto.state=encrypted && ro.crypto.type=file && zygote-start (/system/etc/init/hw/init.rc:846) took 0ms and failed: service zygote_secondary not found
[  220.268018] init: processing action (zygote-start) from (/vendor/etc/init/hw/init.ranchu.rc:59)
[  220.400960] init: Command 'mkdir /data/vendor/wifi 0771 wifi wifi' action=zygote-start (/vendor/etc/init/hw/init.ranchu.rc:61) took 131ms and succeeded
[  220.658427] init: Command 'mkdir /data/vendor/wifi/wpa 0770 wifi wifi' action=zygote-start (/vendor/etc/init/hw/init.ranchu.rc:62) took 256ms and succeeded
[  221.032818] init: Command 'mkdir /data/vendor/wifi/wpa/sockets 0770 wifi wifi' action=zygote-start (/vendor/etc/init/hw/init.ranchu.rc:63) took 372ms and succeeded
[  221.034119] init: processing action (firmware_mounts_complete) from (/system/etc/init/hw/init.rc:423)
[  221.035420] init: processing action (early-boot) from (/system/etc/init/installd.rc:5)
[  221.078279] ueventd: firmware: could not find firmware for regulatory.db
[  221.078823] ueventd: firmware: attempted /etc/firmware/regulatory.db, open failed: No such file or directory
[  221.079382] ueventd: firmware: attempted /odm/firmware/regulatory.db, open failed: No such file or directory
[  221.079919] ueventd: firmware: attempted /vendor/firmware/regulatory.db, open failed: No such file or directory
[  221.113042] ueventd: firmware: attempted /firmware/image/regulatory.db, open failed: No such file or directory
[  221.115580] ueventd: loading /devices/platform/regulatory.0/firmware/regulatory.db took 202172ms
[  221.693394] init: Command 'mkdir /config/sdcardfs/extensions/1056' action=early-boot (/system/etc/init/installd.rc:7) took 654ms and succeeded
[  222.088774] init: Command 'mkdir /config/sdcardfs/extensions/1056/3gpp' action=early-boot (/system/etc/init/installd.rc:9) took 393ms and succeeded
[  222.090620] init: Untracked pid 134 exited with status 0
[  222.499330] init: Command 'mkdir /config/sdcardfs/extensions/1056/3g2' action=early-boot (/system/etc/init/installd.rc:12) took 95ms and succeeded
[  223.333708] init: Command 'mkdir /config/sdcardfs/extensions/1056/mpe' action=early-boot (/system/etc/init/installd.rc:22) took 754ms and succeeded
[  223.713768] init: Command 'mkdir /config/sdcardfs/extensions/1056/vob' action=early-boot (/system/etc/init/installd.rc:24) took 377ms and succeeded
[  224.030144] init: Command 'mkdir /config/sdcardfs/extensions/1056/qt' action=early-boot (/system/etc/init/installd.rc:25) took 315ms and succeeded
[  224.421140] init: Command 'mkdir /config/sdcardfs/extensions/1056/mov' action=early-boot (/system/etc/init/installd.rc:26) took 389ms and succeeded
[  224.649609] init: Command 'mkdir /config/sdcardfs/extensions/1056/mxu' action=early-boot (/system/etc/init/installd.rc:27) took 227ms and succeeded
[  225.266593] init: processing action (boot) from (/system/etc/init/hw/init.rc:848)
[  225.359048] init: Command 'ifup lo' action=boot (/system/etc/init/hw/init.rc:850) took 91ms and succeeded
[  225.488035] init: Command 'write /sys/devices/virtual/block/${dev.mnt.blk.data}/queue/discard_max_bytes 134217728' action=boot (/system/etc/init/hw/init.rc:884) took 20ms and failed: Unable to write to file '/sys/devices/virtual/block/dm-4/queue/discard_max_bytes': Unable to write file contents: Invalid argument
[  225.819582] init: starting service 'hidl_memory'...
[  226.028993] init: starting service 'vendor.audio-hal'...
[  226.385923] init: starting service 'vendor.authsecret-1-0'...
[  226.600475] init: starting service 'vendor.bluetooth-1-1'...
[  226.821314] init: starting service 'vendor.camera-provider-2-4'...
[  227.071057] init: starting service 'vendor.camera-provider-2-6-google'...
[  227.241659] init: failed to write pid to files: couldn't write 293 to /dev/cpuset/camera-daemon/tasks: No such file or directory
[  227.314287] init: starting service 'vendor.contexthub-hal-1-1-mock'...
[  227.344945] libprocessgroup: Failed to open /dev/cpuset/camera-daemon/tasks: No such file or directory: No such file or directory
[  227.345813] libprocessgroup: Failed to apply CameraServiceCapacity task profile: No such file or directory
[  227.594128] init: starting service 'vendor.drm-hal-1-0'...
[  227.990389] init: starting service 'vendor.drm-clearkey-hal-1-3'...
[  228.312161] init: starting service 'vendor.drm-widevine-hal-1-3'...
[  228.696369] init: starting service 'vendor.gatekeeper-1-0'...
[  228.999297] init: starting service 'vendor.gralloc-3-0'...
[  229.564670] init: starting service 'vendor.hwcomposer-2-3'...
[  229.915148] init: starting service 'health-hal-2-1'...
[  229.977432] init: Opened file '/dev/kmsg', flags 1
[  230.508722] init: starting service 'neuralnetworks_hal_service_sample_all'...
[  230.907846] init: starting service 'neuralnetworks_hal_service_sample_float_fast'...
[  231.470943] init: starting service 'neuralnetworks_hal_service_sample_float_slow'...
[  232.001578] init: starting service 'neuralnetworks_hal_service_sample_minimal'...
[  232.526725] init: starting service 'neuralnetworks_hal_service_sample_quant'...
[  233.014825] init: starting service 'vendor.power.stats-hal-1-0-mock'...
[  233.729060] init: starting service 'vendor.sensors-hal-2-1-multihal'...
[  234.251510] init: starting service 'vendor.thermal-hal-2-0-mock'...
[  234.949630] init: starting service 'vendor.usb-hal-1-0'...
[  235.478852] init: starting service 'vendor.wifi_hal_legacy'...
[  236.426594] init: starting service 'vendor.identity-default'...
[  237.204667] init: starting service 'vendor.light-default'...
[  237.862264] init: starting service 'vendor.power-default'...
[  238.493138] init: starting service 'vendor.rebootescrow-default'...
[  239.143739] init: starting service 'vendor.vibrator-default'...
[  239.677817] init: Command 'class_start hal' action=boot (/system/etc/init/hw/init.rc:946) took 13909ms and succeeded
[  239.678853] init: Service 'zygote' (pid 275) received signal 11
[  239.679412] init: Sending signal 9 to service 'zygote' (pid 275) process group...
[  239.786709] libprocessgroup: Successfully killed process cgroup uid 0 pid 275 in 1ms
[  240.091252] init: starting service 'exec 13 (/system/bin/vdc volume abort_fuse)'...
[  240.546463] healthd: batteryCapacityLevelPath not found
[  240.546912] healthd: batteryChargeTimeToFullNowPath. not found
[  240.547688] healthd: batteryFullChargeDesignCapacityUahPath. not found
[  240.633635] init: Command 'exec_background - system system -- /system/bin/vdc volume abort_fuse' action=onrestart (<Service 'zygote' onrestart>:1) took 719ms and succeeded
[  240.771420] init: Command 'write /sys/power/state on' action=onrestart (<Service 'zygote' onrestart>:2) took 136ms and failed: Unable to write to file '/sys/power/state': Unable to write file contents: Invalid argument
[  240.879688] init: starting service 'audioserver'...
[  241.521022] init: Command 'restart audioserver' action=onrestart (<Service 'zygote' onrestart>:3) took 615ms and succeeded
[  242.359602] init: starting service 'cameraserver'...
[  243.103451] init: Command 'restart cameraserver' action=onrestart (<Service 'zygote' onrestart>:4) took 1580ms and succeeded
[  243.214404] init: starting service 'media'...
[  243.263372] healthd: battery none chg=a
[  243.979353] libprocessgroup: Failed to open /dev/cpuset/camera-daemon/tasks: No such file or directory: No such file or directory
[  244.076536] libprocessgroup: Failed to apply CameraServiceCapacity task profile: No such file or directory
[  244.232807] init: Command 'restart media' action=onrestart (<Service 'zygote' onrestart>:5) took 1114ms and succeeded
[  244.233784] init: Sending signal 9 to service 'netd' (pid 274) process group...
[  244.350289] libprocessgroup: Successfully killed process cgroup uid 0 pid 274 in 115ms
[  244.496515] init: Command 'restart netd' action=onrestart (<Service 'zygote' onrestart>:6) took 262ms and succeeded
[  244.621853] init: starting service 'wificond'...
[  245.376349] init: Command 'restart wificond' action=onrestart (<Service 'zygote' onrestart>:7) took 792ms and succeeded
[  245.569667] init: Service 'netd' (pid 274) received signal 9
[  245.571628] init: Command 'restart zygote_secondary' action=onrestart (<Service 'netd' onrestart>:2) took 0ms and failed: service zygote_secondary not found
[  245.881008] init: Untracked pid 278 exited with status 0
[  245.883139] init: Untracked pid 280 exited with status 0
[  246.011717] init: Control message: Processed ctl.interface_start for 'android.hardware.graphics.allocator@3.0::IAllocator/default' from pid: 154 (/system/bin/hwservicemanager)
[  246.402032] init: starting service 'ranchu-setup'...
[  247.153130] init: starting service 'credstore'...
[  247.953033] init: starting service 'gpu'...
[  248.734434] init: starting service 'surfaceflinger'...
[  249.118465] init: Could not create socket 'pdx/system/vr/display/client': Failed to bind socket 'pdx/system/vr/display/client': No such file or directory
[  249.469818] init: Could not create socket 'pdx/system/vr/display/manager': Failed to bind socket 'pdx/system/vr/display/manager': No such file or directory
[  250.028852] init: Could not create socket 'pdx/system/vr/display/vsync': Failed to bind socket 'pdx/system/vr/display/vsync': No such file or directory
[  251.547408] init: Command 'class_start core' action=boot (/system/etc/init/hw/init.rc:948) took 5360ms and succeeded
[  251.774270] init: starting service 'zygote'...
[  252.081516] init: Created socket '/dev/socket/zygote', mode 660, user 0, group 1000
[  252.208558] init: Created socket '/dev/socket/usap_pool_primary', mode 660, user 0, group 1000
[  252.777763] init: starting service 'netd'...
[  252.987039] init: Created socket '/dev/socket/dnsproxyd', mode 660, user 0, group 3003
[  253.175352] init: Created socket '/dev/socket/mdns', mode 660, user 0, group 1000
[  253.368564] init: Created socket '/dev/socket/fwmarkd', mode 660, user 0, group 3003
[  256.452677] init: Control message: Processed ctl.interface_start for 'android.hardware.graphics.allocator@3.0::IAllocator/default' from pid: 154 (/system/bin/hwservicemanager)
[  257.026547] init: starting service 'exec 14 (/system/bin/fsverity_init)'...
[  257.402614] init: SVC_EXEC service 'exec 14 (/system/bin/fsverity_init)' pid 368 (uid 0 gid 0+0 context default) started; waiting...
[  257.403624] init: Command 'exec -- /system/bin/fsverity_init' action=boot (/system/etc/init/hw/init.rc:951) took 947ms and succeeded
[  257.486032] init: Control message: Processed ctl.interface_start for 'android.hardware.graphics.allocator@3.0::IAllocator/default' from pid: 154 (/system/bin/hwservicemanager)
[  257.575453] init: Control message: Processed ctl.interface_start for 'android.hardware.graphics.allocator@3.0::IAllocator/default' from pid: 154 (/system/bin/hwservicemanager)
[  258.525290] init: Control message: Processed ctl.interface_start for 'android.hardware.graphics.allocator@3.0::IAllocator/default' from pid: 154 (/system/bin/hwservicemanager)
[  258.917852] init: Control message: Processed ctl.interface_start for 'android.hardware.graphics.allocator@3.0::IAllocator/default' from pid: 154 (/system/bin/hwservicemanager)
[  259.420985] init: Control message: Processed ctl.interface_start for 'android.hardware.graphics.allocator@3.0::IAllocator/default' from pid: 154 (/system/bin/hwservicemanager)
[  259.782404] init: Service 'exec 13 (/system/bin/vdc volume abort_fuse)' (pid 324) exited with status 0 oneshot service took 19.337999 seconds in background
[  259.783204] init: Sending signal 9 to service 'exec 13 (/system/bin/vdc volume abort_fuse)' (pid 324) process group...
[  260.081929] libprocessgroup: Successfully killed process cgroup uid 1000 pid 324 in 297ms
[  261.930289] init: Service 'bpfloader' (pid 271) exited with status 0 oneshot service took 44.687000 seconds in background
[  261.933028] init: Sending signal 9 to service 'bpfloader' (pid 271) process group...
[  261.944335] libprocessgroup: Successfully killed process cgroup uid 0 pid 271 in 1ms
[  264.056244] init: Service 'exec 14 (/system/bin/fsverity_init)' (pid 368) exited with status 0 waiting took 6.772000 seconds
[  264.057773] init: Sending signal 9 to service 'exec 14 (/system/bin/fsverity_init)' (pid 368) process group...
[  264.060321] libprocessgroup: Successfully killed process cgroup uid 0 pid 368 in 1ms
[  264.062881] init: processing action (persist.sys.usb.config=* && boot) from (/system/etc/init/hw/init.usb.rc:105)
[  264.105354] init: processing action (boot) from (/vendor/etc/init/hw/init.ranchu.rc:65)
[  264.116779] init: Unable to set property 'ro.hardware.egl' from uid:0 gid:0 pid:129: Read-only property was already set
[  264.259146] init: Command 'setprop debug.hwui.renderer opengl' action=boot (/vendor/etc/init/hw/init.ranchu.rc:68) took 88ms and succeeded
[  264.408334] init: Command 'setprop debug.hwui.renderer ${ro.kernel.qemu.uirenderer}' action=boot (/vendor/etc/init/hw/init.ranchu.rc:69) took 146ms and failed: property 'ro.kernel.qemu.uirenderer' doesn't exist while expanding '${ro.kernel.qemu.uirenderer}'
[  264.497979] init: Command 'setprop ro.zygote.disable_gl_preload 1' action=boot (/vendor/etc/init/hw/init.ranchu.rc:71) took 54ms and succeeded
[  264.592495] init: Command 'setprop dalvik.vm.heapsize ${ro.kernel.qemu.dalvik.vm.heapsize}' action=boot (/vendor/etc/init/hw/init.ranchu.rc:80) took 2ms and failed: property 'ro.kernel.qemu.dalvik.vm.heapsize' doesn't exist while expanding '${ro.kernel.qemu.dalvik.vm.heapsize}'
[  264.674033] init: Command 'setprop ro.hardware.audio.primary goldfish' action=boot (/vendor/etc/init/hw/init.ranchu.rc:83) took 74ms and succeeded
[  264.749876] init: Command 'setprop wifi.interface wlan0' action=boot (/vendor/etc/init/hw/init.ranchu.rc:85) took 74ms and succeeded
[  264.794268] init: starting service 'goldfish-logcat'...
[  265.041641] init: Command 'start goldfish-logcat' action=boot (/vendor/etc/init/hw/init.ranchu.rc:88) took 250ms and succeeded
[  265.064393] init: processing action (boot) from (/system/etc/init/dumpstate.rc:1)
[  265.066474] init: processing action (boot) from (/system/etc/init/gsid.rc:20)
[  265.133360] init: starting service 'exec 15 (/system/bin/gsid run-startup-tasks)'...
[  265.297758] init: Command 'exec_background - root root -- /system/bin/gsid run-startup-tasks' action=boot (/system/etc/init/gsid.rc:21) took 229ms and succeeded
[  265.299200] init: processing action (enable_property_trigger) from (<Builtin Action>:0)
[  265.366418] init: processing action (apexd.status=ready && ro.product.cpu.abilist64=*) from (/system/etc/init/hw/init.rc:91)
[  265.450118] init: starting service 'boringssl_self_test_apex64'...
[  265.867345] init: SVC_EXEC service 'boringssl_self_test_apex64' pid 384 (uid 0 gid 0+0 context default) started; waiting...
[  265.869935] init: Command 'exec_start boringssl_self_test_apex64' action=apexd.status=ready && ro.product.cpu.abilist64=* (/system/etc/init/hw/init.rc:92) took 502ms and succeeded
[  266.483160] init: Untracked pid 362 exited with status 0
[  266.516399] init: Service 'zygote' (pid 352) received signal 11
[  266.519647] init: Sending signal 9 to service 'zygote' (pid 352) process group...
[  266.521816] libprocessgroup: Successfully killed process cgroup uid 0 pid 352 in 1ms
[  266.685303] init: starting service 'exec 16 (/system/bin/vdc volume abort_fuse)'...
[  266.938267] init: Command 'exec_background - system system -- /system/bin/vdc volume abort_fuse' action=onrestart (<Service 'zygote' onrestart>:1) took 312ms and succeeded
[  267.062681] init: Command 'write /sys/power/state on' action=onrestart (<Service 'zygote' onrestart>:2) took 92ms and failed: Unable to write to file '/sys/power/state': Unable to write file contents: Invalid argument
[  267.064239] init: Sending signal 9 to service 'audioserver' (pid 325) process group...
[  267.321431] libprocessgroup: Successfully killed process cgroup uid 1041 pid 325 in 204ms
[  267.365568] init: Command 'restart audioserver' action=onrestart (<Service 'zygote' onrestart>:3) took 301ms and succeeded
[  267.366340] init: Sending signal 9 to service 'cameraserver' (pid 329) process group...
[  267.670295] libprocessgroup: Successfully killed process cgroup uid 1047 pid 329 in 302ms
[  267.737833] init: Command 'restart cameraserver' action=onrestart (<Service 'zygote' onrestart>:4) took 371ms and succeeded
[  267.769477] init: Sending signal 9 to service 'media' (pid 334) process group...
[  268.051534] libprocessgroup: Successfully killed process cgroup uid 1013 pid 334 in 280ms
[  268.113747] init: Command 'restart media' action=onrestart (<Service 'zygote' onrestart>:5) took 374ms and succeeded
[  268.114885] init: Sending signal 9 to service 'netd' (pid 359) process group...
[  268.253366] libprocessgroup: Successfully killed process cgroup uid 0 pid 359 in 137ms
[  268.301066] init: Command 'restart netd' action=onrestart (<Service 'zygote' onrestart>:6) took 186ms and succeeded
[  268.302358] init: Sending signal 9 to service 'wificond' (pid 336) process group...
[  268.418644] libprocessgroup: Successfully killed process cgroup uid 1010 pid 336 in 85ms
[  268.479012] init: Command 'restart wificond' action=onrestart (<Service 'zygote' onrestart>:7) took 176ms and succeeded
[  268.511309] init: Service 'audioserver' (pid 325) received signal 9
[  268.604270] init: Service 'cameraserver' (pid 329) received signal 9
[  268.654788] init: Service 'media' (pid 334) received signal 9
[  268.702838] init: Service 'wificond' (pid 336) received signal 9
[  268.730865] init: Service 'ranchu-setup' (pid 339) exited with status 0 oneshot service took 22.118999 seconds in background
[  268.752820] init: Sending signal 9 to service 'ranchu-setup' (pid 339) process group...
[  268.772918] libprocessgroup: Successfully killed process cgroup uid 0 pid 339 in 18ms
[  268.810112] init: Service 'netd' (pid 359) received signal 9
[  268.821547] init: Command 'restart zygote_secondary' action=onrestart (<Service 'netd' onrestart>:2) took 9ms and failed: service zygote_secondary not found
[  268.837553] init: Untracked pid 364 exited with status 0
[  268.838718] init: Service 'goldfish-logcat' (pid 382) exited with status 0 oneshot service took 3.967000 seconds in background
[  268.853533] init: Sending signal 9 to service 'goldfish-logcat' (pid 382) process group...
[  268.855809] libprocessgroup: Successfully killed process cgroup uid 1036 pid 382 in 1ms
[  268.903047] init: Service 'boringssl_self_test_apex64' (pid 384) exited with status 0 waiting took 3.305000 seconds
[  268.909331] init: Sending signal 9 to service 'boringssl_self_test_apex64' (pid 384) process group...
[  268.924693] libprocessgroup: Successfully killed process cgroup uid 0 pid 384 in 14ms
[  268.968210] init: processing action (sys.init.perf_lsm_hooks=1) from (/system/etc/init/hw/init.rc:1017)
[  269.001163] init: starting service 'zygote'...
[  269.049024] init: Created socket '/dev/socket/zygote', mode 660, user 0, group 1000
[  269.076910] init: Created socket '/dev/socket/usap_pool_primary', mode 660, user 0, group 1000
[  269.249522] init: starting service 'audioserver'...
[  271.195406] init: starting service 'cameraserver'...
[  271.732354] init: starting service 'media'...
[  273.334318] init: starting service 'netd'...
[  274.257911] init: Created socket '/dev/socket/dnsproxyd', mode 660, user 0, group 3003
[  274.423910] libprocessgroup: Failed to open /dev/cpuset/camera-daemon/tasks: No such file or directory: No such file or directory
[  274.424710] libprocessgroup: Failed to apply CameraServiceCapacity task profile: No such file or directory
[  274.835193] init: Created socket '/dev/socket/mdns', mode 660, user 0, group 1000
[  275.574004] init: Created socket '/dev/socket/fwmarkd', mode 660, user 0, group 3003
[  275.973382] init: starting service 'wificond'...
[  276.221248] init: Service 'exec 15 (/system/bin/gsid run-startup-tasks)' (pid 383) exited with status 0 oneshot service took 10.994000 seconds in background
[  276.239840] init: Sending signal 9 to service 'exec 15 (/system/bin/gsid run-startup-tasks)' (pid 383) process group...
[  276.255635] libprocessgroup: Successfully killed process cgroup uid 0 pid 383 in 1ms
[  276.284288] init: Service 'exec 16 (/system/bin/vdc volume abort_fuse)' (pid 391) exited with status 0 oneshot service took 9.442000 seconds in background
[  276.312565] init: Sending signal 9 to service 'exec 16 (/system/bin/vdc volume abort_fuse)' (pid 391) process group...
[  276.352965] libprocessgroup: Successfully killed process cgroup uid 1000 pid 391 in 38ms
[  276.385630] init: processing action (security.perf_harden=1) from (/system/etc/init/hw/init.rc:1031)
[  276.458596] init: processing action (ro.debuggable=1) from (/system/etc/init/hw/init.rc:1058)
[  276.498000] init: processing action (sys.usb.config=adb && sys.usb.configfs=0) from (/system/etc/init/hw/init.usb.rc:37)
[  276.525670] init: Command 'write /sys/class/android_usb/android0/enable 0' action=sys.usb.config=adb && sys.usb.configfs=0 (/system/etc/init/hw/init.usb.rc:38) took 26ms and failed: Unable to write to file '/sys/class/android_usb/android0/enable': open() failed: Permission denied
[  276.549762] init: Command 'write /sys/class/android_usb/android0/idVendor 18d1' action=sys.usb.config=adb && sys.usb.configfs=0 (/system/etc/init/hw/init.usb.rc:39) took 22ms and failed: Unable to write to file '/sys/class/android_usb/android0/idVendor': open() failed: Permission denied
[  276.569492] init: Command 'write /sys/class/android_usb/android0/idProduct 4EE7' action=sys.usb.config=adb && sys.usb.configfs=0 (/system/etc/init/hw/init.usb.rc:40) took 18ms and failed: Unable to write to file '/sys/class/android_usb/android0/idProduct': open() failed: Permission denied
[  276.610205] init: Command 'write /sys/class/android_usb/android0/functions ${sys.usb.config}' action=sys.usb.config=adb && sys.usb.configfs=0 (/system/etc/init/hw/init.usb.rc:41) took 39ms and failed: Unable to write to file '/sys/class/android_usb/android0/functions': open() failed: Permission denied
[  276.633678] init: Command 'write /sys/class/android_usb/android0/enable 1' action=sys.usb.config=adb && sys.usb.configfs=0 (/system/etc/init/hw/init.usb.rc:42) took 21ms and failed: Unable to write to file '/sys/class/android_usb/android0/enable': open() failed: Permission denied
[  276.665494] init: starting service 'adbd'...
[  276.724630] init: Created socket '/dev/socket/adbd', mode 660, user 1000, group 1000
[  276.957802] init: Command 'start adbd' action=sys.usb.config=adb && sys.usb.configfs=0 (/system/etc/init/hw/init.usb.rc:43) took 286ms and succeeded
[  277.009930] init: processing action (qemu.networknamespace=ready) from (/vendor/etc/init/hw/init.ranchu.rc:109)
[  277.057144] init: starting service 'ranchu-net'...
[  277.438206] init: Command 'start ranchu-net' action=qemu.networknamespace=ready (/vendor/etc/init/hw/init.ranchu.rc:110) took 426ms and succeeded
[  277.440772] init: processing action (init.svc.audioserver=running) from (/system/etc/init/audioserver.rc:32)
[  277.441984] init: Command 'start vendor.audio-hal-4-0-msd' action=init.svc.audioserver=running (/system/etc/init/audioserver.rc:34) took 0ms and failed: service vendor.audio-hal-4-0-msd not found
[  277.443093] init: Command 'start vendor.audio-hal-2-0' action=init.svc.audioserver=running (/system/etc/init/audioserver.rc:36) took 0ms and failed: service vendor.audio-hal-2-0 not found
[  277.481335] init: Command 'start audio-hal-2-0' action=init.svc.audioserver=running (/system/etc/init/audioserver.rc:37) took 0ms and failed: service audio-hal-2-0 not found
[  277.482366] init: processing action (ro.persistent_properties.ready=true) from (/system/etc/init/bootstat.rc:67)
[  277.533165] init: processing action (ro.persistent_properties.ready=true) from (/system/etc/init/bootstat.rc:71)
[  277.649600] init: starting service 'exec 17 (/system/bin/bootstat --set_system_boot_reason)'...
[  277.867033] init: Command 'exec_background - system log -- /system/bin/bootstat --set_system_boot_reason' action=ro.persistent_properties.ready=true (/system/etc/init/bootstat.rc:74) took 331ms and succeeded
[  277.932671] init: processing action (persist.heapprofd.enable= && traced.lazy.heapprofd=) from (/system/etc/init/heapprofd.rc:34)
[  278.017947] init: Command 'stop heapprofd' action=persist.heapprofd.enable= && traced.lazy.heapprofd= (/system/etc/init/heapprofd.rc:35) took 83ms and succeeded
[  278.019549] init: processing action (ro.debuggable=1) from (/system/etc/init/llkd-debuggable.rc:1)
[  278.134179] init: processing action (ro.debuggable=*) from (/system/etc/init/llkd.rc:2)
[  278.190020] init: Command 'setprop llk.enable ${ro.llk.enable:-0}' action=ro.debuggable=* (/system/etc/init/llkd.rc:3) took 54ms and succeeded
[  278.237117] init: processing action (init.svc.media=*) from (/system/etc/init/mediaserver.rc:1)
[  278.334484] init: Command 'setprop init.svc.mediadrm ${init.svc.media}' action=init.svc.media=* (/system/etc/init/mediaserver.rc:2) took 96ms and succeeded
[  278.335714] init: processing action (debug.atrace.user_initiated= && persist.traced.enable=1) from (/system/etc/init/perfetto.rc:47)
[  278.400321] init: starting service 'traced_probes'...
[  278.401182] init: Opened file '/dev/kmsg', flags 1
[  278.728993] init: Command 'start traced_probes' action=debug.atrace.user_initiated= && persist.traced.enable=1 (/system/etc/init/perfetto.rc:48) took 358ms and succeeded
[  278.730557] init: processing action (persist.traced.enable=1) from (/system/etc/init/perfetto.rc:50)
[  278.959841] init: Command 'mkdir /data/misc/perfetto-traces 0773 root shell' action=persist.traced.enable=1 (/system/etc/init/perfetto.rc:57) took 228ms and succeeded
[  279.044429] init: Service 'zygote' (pid 392) received signal 11
[  279.044955] init: Sending signal 9 to service 'zygote' (pid 392) process group...
[  279.047101] libprocessgroup: Successfully killed process cgroup uid 0 pid 392 in 1ms
[  279.210071] init: starting service 'exec 18 (/system/bin/vdc volume abort_fuse)'...
[  279.477442] init: Command 'exec_background - system system -- /system/bin/vdc volume abort_fuse' action=onrestart (<Service 'zygote' onrestart>:1) took 350ms and succeeded
[  279.579312] init: Command 'write /sys/power/state on' action=onrestart (<Service 'zygote' onrestart>:2) took 100ms and failed: Unable to write to file '/sys/power/state': Unable to write file contents: Invalid argument
[  279.690580] init: Sending signal 9 to service 'audioserver' (pid 393) process group...
[  280.037041] libprocessgroup: Successfully killed process cgroup uid 1041 pid 393 in 345ms
[  280.116347] init: Command 'restart audioserver' action=onrestart (<Service 'zygote' onrestart>:3) took 427ms and succeeded
[  280.117066] init: Sending signal 9 to service 'cameraserver' (pid 399) process group...
[  280.213818] libprocessgroup: Successfully killed process cgroup uid 1047 pid 399 in 95ms
[  280.284487] init: Command 'restart cameraserver' action=onrestart (<Service 'zygote' onrestart>:4) took 167ms and succeeded
[  280.285325] init: Sending signal 9 to service 'media' (pid 400) process group...
[  280.414292] libprocessgroup: Successfully killed process cgroup uid 1013 pid 400 in 127ms
[  280.478135] init: Command 'restart media' action=onrestart (<Service 'zygote' onrestart>:5) took 192ms and succeeded
[  280.479371] init: Sending signal 9 to service 'netd' (pid 401) process group...
[  280.613992] libprocessgroup: Successfully killed process cgroup uid 0 pid 401 in 84ms
[  280.669375] init: Command 'restart netd' action=onrestart (<Service 'zygote' onrestart>:6) took 189ms and succeeded
[  280.670281] init: Sending signal 9 to service 'wificond' (pid 403) process group...
[  280.801218] libprocessgroup: Successfully killed process cgroup uid 1010 pid 403 in 129ms
[  280.878774] init: Command 'restart wificond' action=onrestart (<Service 'zygote' onrestart>:7) took 208ms and succeeded
[  280.953214] init: Service 'audioserver' (pid 393) received signal 9
[  281.015400] init: Untracked pid 396 exited with status 0
[  281.073364] init: Untracked pid 398 exited with status 0
[  281.074844] init: Service 'cameraserver' (pid 399) received signal 9
[  281.131808] init: Service 'media' (pid 400) received signal 9
[  281.202718] init: Service 'netd' (pid 401) received signal 9
[  281.204196] init: Command 'restart zygote_secondary' action=onrestart (<Service 'netd' onrestart>:2) took 0ms and failed: service zygote_secondary not found
[  281.319133] init: Service 'wificond' (pid 403) received signal 9
[  281.469975] init: starting service 'traced'...
[  281.558169] init: Created socket '/dev/socket/traced_consumer', mode 666, user 0, group 0
[  281.649762] init: Created socket '/dev/socket/traced_producer', mode 666, user 0, group 0
[  282.003396] init: Command 'start traced' action=persist.traced.enable=1 (/system/etc/init/perfetto.rc:59) took 611ms and succeeded
[  282.044907] init: starting service 'zygote'...
[  282.125338] init: Created socket '/dev/socket/zygote', mode 660, user 0, group 1000
[  282.184728] init: Created socket '/dev/socket/usap_pool_primary', mode 660, user 0, group 1000
[  287.726658] init: starting service 'audioserver'...
[  289.276390] init: starting service 'cameraserver'...
[  289.410648] init: starting service 'media'...
[  289.544823] libprocessgroup: Failed to open /dev/cpuset/camera-daemon/tasks: No such file or directory: No such file or directory
[  289.545698] libprocessgroup: Failed to apply CameraServiceCapacity task profile: No such file or directory
[  289.553093] init: starting service 'netd'...
[  289.602614] init: Created socket '/dev/socket/dnsproxyd', mode 660, user 0, group 3003
[  289.650601] init: Created socket '/dev/socket/mdns', mode 660, user 0, group 1000
[  289.693824] init: Created socket '/dev/socket/fwmarkd', mode 660, user 0, group 3003
[  289.853333] init: starting service 'wificond'...
[  290.008787] init: Service 'exec 17 (/system/bin/bootstat --set_system_boot_reason)' (pid 411) exited with status 0 oneshot service took 12.185000 seconds in background
[  290.009896] init: Sending signal 9 to service 'exec 17 (/system/bin/bootstat --set_system_boot_reason)' (pid 411) process group...
[  290.038766] libprocessgroup: Successfully killed process cgroup uid 1000 pid 411 in 27ms
[  290.067351] init: Service 'exec 18 (/system/bin/vdc volume abort_fuse)' (pid 414) exited with status 0 oneshot service took 10.720000 seconds in background
[  290.089603] init: Sending signal 9 to service 'exec 18 (/system/bin/vdc volume abort_fuse)' (pid 414) process group...
[  290.092058] libprocessgroup: Successfully killed process cgroup uid 1000 pid 414 in 1ms
[  290.166614] init: starting service 'bootanim'...
[  290.470647] init: Control message: Processed ctl.start for 'bootanim' from pid: 350 (/system/bin/surfaceflinger)
[  290.526925] init: starting service 'mdnsd'...
[  290.649474] init: Created socket '/dev/socket/mdnsd', mode 660, user 1020, group 3003
[  290.939155] init: Control message: Processed ctl.start for 'mdnsd' from pid: 408 (/apex/com.android.adbd/bin/adbd --root_seclabel=u:r:su:s0)
[  291.009809] init: processing action (persist.traced_perf.enable= && sys.init.perf_lsm_hooks=1 && traced.lazy.traced_perf=) from (/system/etc/init/traced_perf.rc:43)
[  291.101935] init: Command 'stop traced_perf' action=persist.traced_perf.enable= && sys.init.perf_lsm_hooks=1 && traced.lazy.traced_perf= (/system/etc/init/traced_perf.rc:44) took 90ms and succeeded
[  291.103790] init: processing action (nonencrypted) from (/system/etc/init/hw/init.rc:953)
[  291.208872] init: starting service 'drm'...
[  291.470348] init: starting service 'idmap2d'...
[  292.070813] init: starting service 'incidentd'...
[  292.409536] init: starting service 'installd'...
[  292.729748] init: starting service 'iorapd'...
[  293.041754] init: starting service 'keystore'...
[  293.520974] init: starting service 'mediaextractor'...
[  294.003402] init: starting service 'mediametrics'...
[  294.492804] init: starting service 'storaged'...
[  294.494741] init: Could not open file '/d/mmc0/mmc0:0001/ext_csd': Failed to open file '/d/mmc0/mmc0:0001/ext_csd': No such file or directory
[  294.955015] init: starting service 'vendor.media.omx'...
[  295.573827] init: starting service 'vendor.ril-daemon'...
[  296.218031] init: Could not start service 'vendor_flash_recovery' as part of class 'main': Cannot find '/vendor/bin/install-recovery.sh': No such file or directory
[  296.440392] init: starting service 'media.swcodec'...
[  296.908445] init: Command 'class_start main' action=nonencrypted (/system/etc/init/hw/init.rc:954) took 5736ms and succeeded
[  296.909595] init: Service 'zygote' (pid 429) received signal 11
[  296.910156] init: Sending signal 9 to service 'zygote' (pid 429) process group...
[  296.912150] libprocessgroup: Successfully killed process cgroup uid 0 pid 429 in 1ms
[  297.086388] init: starting service 'exec 19 (/system/bin/vdc volume abort_fuse)'...
[  297.501098] init: Command 'exec_background - system system -- /system/bin/vdc volume abort_fuse' action=onrestart (<Service 'zygote' onrestart>:1) took 380ms and succeeded
[  297.657151] init: Command 'write /sys/power/state on' action=onrestart (<Service 'zygote' onrestart>:2) took 81ms and failed: Unable to write to file '/sys/power/state': Unable to write file contents: Invalid argument
[  297.659233] init: Sending signal 9 to service 'audioserver' (pid 445) process group...
[  298.104704] libprocessgroup: Successfully killed process cgroup uid 1041 pid 445 in 376ms
[  298.222286] init: Command 'restart audioserver' action=onrestart (<Service 'zygote' onrestart>:3) took 563ms and succeeded
[  298.223544] init: Sending signal 9 to service 'cameraserver' (pid 452) process group...
[  298.645608] libprocessgroup: Successfully killed process cgroup uid 1047 pid 452 in 421ms
[  298.728239] init: Command 'restart cameraserver' action=onrestart (<Service 'zygote' onrestart>:4) took 504ms and succeeded
[  298.729276] init: Sending signal 9 to service 'media' (pid 454) process group...
[  298.873900] libprocessgroup: Successfully killed process cgroup uid 1013 pid 454 in 143ms
[  298.964311] init: Command 'restart media' action=onrestart (<Service 'zygote' onrestart>:5) took 234ms and succeeded
[  298.965248] init: Sending signal 9 to service 'netd' (pid 456) process group...
[  299.204511] libprocessgroup: Successfully killed process cgroup uid 0 pid 456 in 237ms
[  299.298646] init: Command 'restart netd' action=onrestart (<Service 'zygote' onrestart>:6) took 333ms and succeeded
[  299.299377] init: Sending signal 9 to service 'wificond' (pid 458) process group...
[  299.423484] libprocessgroup: Successfully killed process cgroup uid 1010 pid 458 in 79ms
[  299.525347] init: Command 'restart wificond' action=onrestart (<Service 'zygote' onrestart>:7) took 225ms and succeeded
[  299.621374] init: Untracked pid 432 exited with status 0
[  299.668995] init: Untracked pid 434 exited with status 0
[  299.670028] init: Service 'audioserver' (pid 445) received signal 9
[  299.724868] init: Command 'setprop sys.audio.restart.hal 1' action=onrestart (<Service 'audioserver' onrestart>:1) took 54ms and succeeded
[  299.767251] init: Service 'cameraserver' (pid 452) received signal 9
[  299.827018] init: Service 'media' (pid 454) received signal 9
[  299.962858] init: Service 'netd' (pid 456) received signal 9
[  300.007191] init: Command 'restart zygote_secondary' action=onrestart (<Service 'netd' onrestart>:2) took 0ms and failed: service zygote_secondary not found
[  300.054912] init: Service 'wificond' (pid 458) received signal 9
[  300.178335] init: starting service 'dhcpclient_def'...
[  300.500362] init: Control message: Processed ctl.start for 'dhcpclient_def' from pid: 475 (setprop ctl.start dhcpclient_def)
[  300.594723] init: starting service 'gatekeeperd'...
[  300.931702] init: starting service 'usbd'...
[  301.391649] init: starting service 'vendor.face-hal-1-0-default'...
[  301.810075] init: starting service 'vendor.fps_hal'...
[  302.333007] init: Command 'class_start late_start' action=nonencrypted (/system/etc/init/hw/init.rc:955) took 1827ms and succeeded
[  302.431905] init: starting service 'zygote'...
[  302.538195] init: Created socket '/dev/socket/zygote', mode 660, user 0, group 1000
[  302.691513] init: Created socket '/dev/socket/usap_pool_primary', mode 660, user 0, group 1000
[  302.861495] healthd: battery none chg=a
[  303.686057] init: starting service 'audioserver'...
[  306.339779] init: starting service 'cameraserver'...
[  306.833068] init: starting service 'media'...
[  307.216078] libprocessgroup: Failed to open /dev/cpuset/camera-daemon/tasks: No such file or directory: No such file or directory
[  307.216882] libprocessgroup: Failed to apply CameraServiceCapacity task profile: No such file or directory
[  308.200865] init: starting service 'netd'...
[  309.170226] init: Created socket '/dev/socket/dnsproxyd', mode 660, user 0, group 3003
[  309.724670] init: Created socket '/dev/socket/mdns', mode 660, user 0, group 1000
[  309.911009] init: Created socket '/dev/socket/fwmarkd', mode 660, user 0, group 3003
[  310.865512] init: starting service 'wificond'...
[  313.040912] init: Service 'ranchu-net' (pid 410) exited with status 0 oneshot service took 35.814999 seconds in background
[  313.041880] init: Sending signal 9 to service 'ranchu-net' (pid 410) process group...
[  313.044075] libprocessgroup: Successfully killed process cgroup uid 0 pid 410 in 1ms
[  313.323567] init: Service 'exec 19 (/system/bin/vdc volume abort_fuse)' (pid 481) exited with status 0 oneshot service took 16.011000 seconds in background
[  313.324380] init: Sending signal 9 to service 'exec 19 (/system/bin/vdc volume abort_fuse)' (pid 481) process group...
[  313.330269] libprocessgroup: Successfully killed process cgroup uid 1000 pid 481 in 2ms
[  313.377258] init: processing action (nonencrypted) from (/system/etc/init/hw/init.rc:953)
[  313.517792] init: Command 'class_start late_start' action=nonencrypted (/system/etc/init/hw/init.rc:955) took 91ms and succeeded
[  313.592889] init: processing action (init.svc.media=*) from (/system/etc/init/mediaserver.rc:1)
[  313.674371] init: Command 'setprop init.svc.mediadrm ${init.svc.media}' action=init.svc.media=* (/system/etc/init/mediaserver.rc:2) took 80ms and succeeded
[  313.728558] init: processing action (sys.audio.restart.hal=1) from (/system/etc/init/audioserver.rc:39)
[  313.729535] init: Sending signal 9 to service 'vendor.audio-hal' (pid 288) process group...
[  313.890287] libprocessgroup: Successfully killed process cgroup uid 1041 pid 288 in 159ms
[  313.965650] init: Command 'restart vendor.audio-hal' action=sys.audio.restart.hal=1 (/system/etc/init/audioserver.rc:40) took 235ms and succeeded
[  313.966874] init: Service 'vendor.audio-hal' (pid 288) received signal 9
[  314.029195] init: Sending signal 9 to service 'audioserver' (pid 502) process group...
[  314.109982] libprocessgroup: Successfully killed process cgroup uid 1041 pid 502 in 79ms
[  314.201203] init: Command 'restart audioserver' action=onrestart (<Service 'vendor.audio-hal' onrestart>:1) took 233ms and succeeded
[  314.321043] init: Service 'audioserver' (pid 502) received signal 9
[  314.456409] init: Command 'restart vendor.audio-hal-4-0-msd' action=sys.audio.restart.hal=1 (/system/etc/init/audioserver.rc:41) took 0ms and failed: service vendor.audio-hal-4-0-msd not found
[  314.460112] init: starting service 'audioserver'...
[  314.904121] init: starting service 'vendor.audio-hal'...
[  315.397428] init: Service 'usbd' (pid 497) exited with status 0 oneshot service took 14.271000 seconds in background
[  315.398179] init: Sending signal 9 to service 'usbd' (pid 497) process group...
[  315.493404] libprocessgroup: Successfully killed process cgroup uid 0 pid 497 in 94ms
[  315.820845] init: Command 'restart vendor.audio-hal-2-0' action=sys.audio.restart.hal=1 (/system/etc/init/audioserver.rc:43) took 0ms and failed: service vendor.audio-hal-2-0 not found
[  315.829928] init: Command 'restart audio-hal-2-0' action=sys.audio.restart.hal=1 (/system/etc/init/audioserver.rc:44) took 0ms and failed: service audio-hal-2-0 not found
[  315.974784] init: Command 'setprop sys.audio.restart.hal 0' action=sys.audio.restart.hal=1 (/system/etc/init/audioserver.rc:46) took 142ms and succeeded
[  316.025457] init: processing action (init.svc.media=*) from (/system/etc/init/mediaserver.rc:1)
[  316.082048] init: Command 'setprop init.svc.mediadrm ${init.svc.media}' action=init.svc.media=* (/system/etc/init/mediaserver.rc:2) took 55ms and succeeded
[  316.163157] init: processing action (init.svc.audioserver=running) from (/system/etc/init/audioserver.rc:32)
[  316.217517] init: Command 'start vendor.audio-hal-4-0-msd' action=init.svc.audioserver=running (/system/etc/init/audioserver.rc:34) took 0ms and failed: service vendor.audio-hal-4-0-msd not found
[  316.219023] init: Command 'start vendor.audio-hal-2-0' action=init.svc.audioserver=running (/system/etc/init/audioserver.rc:36) took 0ms and failed: service vendor.audio-hal-2-0 not found
[  316.333238] init: Command 'start audio-hal-2-0' action=init.svc.audioserver=running (/system/etc/init/audioserver.rc:37) took 0ms and failed: service audio-hal-2-0 not found
[  316.334932] init: processing action (init.svc.media=*) from (/system/etc/init/mediaserver.rc:1)
[  316.432839] init: Command 'setprop init.svc.mediadrm ${init.svc.media}' action=init.svc.media=* (/system/etc/init/mediaserver.rc:2) took 97ms and succeeded
[  316.476427] init: processing action (llk.enable=1) from (/system/etc/init/llkd.rc:9)
[  316.529768] init: Command 'setprop llk.enable true' action=llk.enable=1 (/system/etc/init/llkd.rc:10) took 52ms and succeeded
[  316.531317] init: processing action (khungtask.enable=1) from (/system/etc/init/llkd.rc:18)
[  316.603622] init: processing action (llk.enable=0) from (/system/etc/init/llkd.rc:12)
[  316.693746] init: processing action (khungtask.enable=0) from (/system/etc/init/llkd.rc:21)
[  316.752996] init: Command 'setprop khungtask.enable false' action=khungtask.enable=0 (/system/etc/init/llkd.rc:22) took 58ms and succeeded
[  316.754779] init: processing action (init.svc.mediadrm=running) from (/vendor/etc/init/android.hardware.drm@1.3-service.widevine.rc:1)
[  316.873787] init: Command 'mkdir /data/vendor/mediadrm 0770 media mediadrm' action=init.svc.mediadrm=running (/vendor/etc/init/android.hardware.drm@1.3-service.widevine.rc:2) took 60ms and succeeded
[  316.877425] init: processing action (init.svc.media=*) from (/system/etc/init/mediaserver.rc:1)
[  316.914703] init: processing action (sys.audio.restart.hal=1) from (/system/etc/init/audioserver.rc:39)
[  316.915530] init: Sending signal 9 to service 'vendor.audio-hal' (pid 526) process group...
[  317.053932] libprocessgroup: Successfully killed process cgroup uid 1041 pid 526 in 73ms
[  317.113836] init: Command 'restart vendor.audio-hal' action=sys.audio.restart.hal=1 (/system/etc/init/audioserver.rc:40) took 198ms and succeeded
[  317.115401] init: Service 'vendor.audio-hal' (pid 526) received signal 9
[  317.189571] init: Sending signal 9 to service 'audioserver' (pid 524) process group...
[  317.233488] libprocessgroup: Successfully killed process cgroup uid 1041 pid 524 in 42ms
[  317.313383] init: Command 'restart audioserver' action=onrestart (<Service 'vendor.audio-hal' onrestart>:1) took 196ms and succeeded
[  317.354207] init: Service 'audioserver' (pid 524) received signal 9
[  317.438544] init: Command 'restart vendor.audio-hal-4-0-msd' action=sys.audio.restart.hal=1 (/system/etc/init/audioserver.rc:41) took 0ms and failed: service vendor.audio-hal-4-0-msd not found
[  317.489046] init: Command 'restart vendor.audio-hal-2-0' action=sys.audio.restart.hal=1 (/system/etc/init/audioserver.rc:43) took 0ms and failed: service vendor.audio-hal-2-0 not found
[  317.490985] init: Command 'restart audio-hal-2-0' action=sys.audio.restart.hal=1 (/system/etc/init/audioserver.rc:44) took 0ms and failed: service audio-hal-2-0 not found
[  317.573714] init: processing action (init.svc.media=*) from (/system/etc/init/mediaserver.rc:1)
[  317.626118] init: Command 'setprop init.svc.mediadrm ${init.svc.media}' action=init.svc.media=* (/system/etc/init/mediaserver.rc:2) took 51ms and succeeded
[  317.670745] init: processing action (init.svc.audioserver=running) from (/system/etc/init/audioserver.rc:32)
[  317.765458] init: starting service 'vendor.audio-hal'...
[  317.993553] init: Command 'start vendor.audio-hal' action=init.svc.audioserver=running (/system/etc/init/audioserver.rc:33) took 320ms and succeeded
[  317.995266] init: Command 'start vendor.audio-hal-4-0-msd' action=init.svc.audioserver=running (/system/etc/init/audioserver.rc:34) took 0ms and failed: service vendor.audio-hal-4-0-msd not found
[  318.044377] init: Command 'start vendor.audio-hal-2-0' action=init.svc.audioserver=running (/system/etc/init/audioserver.rc:36) took 0ms and failed: service vendor.audio-hal-2-0 not found
[  318.046635] init: Command 'start audio-hal-2-0' action=init.svc.audioserver=running (/system/etc/init/audioserver.rc:37) took 0ms and failed: service audio-hal-2-0 not found
[  318.115874] init: processing action (init.svc.media=*) from (/system/etc/init/mediaserver.rc:1)
[  318.203068] init: processing action (init.svc.media=*) from (/system/etc/init/mediaserver.rc:1)
[  318.265724] init: Command 'setprop init.svc.mediadrm ${init.svc.media}' action=init.svc.media=* (/system/etc/init/mediaserver.rc:2) took 61ms and succeeded
[  318.267424] init: processing action (sys.audio.restart.hal=1) from (/system/etc/init/audioserver.rc:39)
[  318.268050] init: Sending signal 9 to service 'vendor.audio-hal' (pid 531) process group...
[  318.376206] libprocessgroup: Successfully killed process cgroup uid 1041 pid 531 in 58ms
[  318.434414] init: Command 'restart vendor.audio-hal' action=sys.audio.restart.hal=1 (/system/etc/init/audioserver.rc:40) took 165ms and succeeded
[  318.469166] init: Service 'vendor.audio-hal' (pid 531) received signal 9
[  318.510942] init: Command 'restart vendor.audio-hal-4-0-msd' action=sys.audio.restart.hal=1 (/system/etc/init/audioserver.rc:41) took 0ms and failed: service vendor.audio-hal-4-0-msd not found
[  318.553098] init: Command 'restart vendor.audio-hal-2-0' action=sys.audio.restart.hal=1 (/system/etc/init/audioserver.rc:43) took 0ms and failed: service vendor.audio-hal-2-0 not found
[  318.572762] init: Command 'restart audio-hal-2-0' action=sys.audio.restart.hal=1 (/system/etc/init/audioserver.rc:44) took 0ms and failed: service audio-hal-2-0 not found
[  318.609872] init: processing action (init.svc.media=*) from (/system/etc/init/mediaserver.rc:1)
[  318.713646] init: Command 'setprop init.svc.mediadrm ${init.svc.media}' action=init.svc.media=* (/system/etc/init/mediaserver.rc:2) took 102ms and succeeded
[  318.756346] init: Service 'zygote' (pid 500) received signal 11
[  318.756929] init: Sending signal 9 to service 'zygote' (pid 500) process group...
[  318.758873] libprocessgroup: Successfully killed process cgroup uid 0 pid 500 in 0ms
[  318.795427] init: updatable process 'zygote' exited 4 times before boot completed
[  318.875358] apexd: Native process 'zygote' is crashing. Attempting a revert
[  318.877997] apexd: Revert failed : Revert requested, when there are no active sessions.
[  318.900317] init: starting service 'exec 20 (/system/bin/vdc volume abort_fuse)'...
[  319.113906] init: Command 'exec_background - system system -- /system/bin/vdc volume abort_fuse' action=onrestart (<Service 'zygote' onrestart>:1) took 215ms and succeeded
[  319.226418] init: Command 'write /sys/power/state on' action=onrestart (<Service 'zygote' onrestart>:2) took 60ms and failed: Unable to write to file '/sys/power/state': Unable to write file contents: Invalid argument
[  319.227771] init: Sending signal 9 to service 'cameraserver' (pid 512) process group...
[  319.369446] libprocessgroup: Successfully killed process cgroup uid 1047 pid 512 in 116ms
[  319.429203] init: Command 'restart cameraserver' action=onrestart (<Service 'zygote' onrestart>:4) took 201ms and succeeded
[  319.430055] init: Sending signal 9 to service 'media' (pid 514) process group...
[  319.645482] libprocessgroup: Successfully killed process cgroup uid 1013 pid 514 in 214ms
[  319.693514] init: Command 'restart media' action=onrestart (<Service 'zygote' onrestart>:5) took 263ms and succeeded
[  319.694429] init: Sending signal 9 to service 'netd' (pid 515) process group...
[  319.798448] libprocessgroup: Successfully killed process cgroup uid 0 pid 515 in 102ms
[  319.832787] init: Command 'restart netd' action=onrestart (<Service 'zygote' onrestart>:6) took 138ms and succeeded
[  319.833483] init: Sending signal 9 to service 'wificond' (pid 516) process group...
[  319.914403] libprocessgroup: Successfully killed process cgroup uid 1010 pid 516 in 79ms
[  319.943479] init: Command 'restart wificond' action=onrestart (<Service 'zygote' onrestart>:7) took 109ms and succeeded
[  319.991854] init: Untracked pid 506 exited with status 0
[  320.013037] init: Untracked pid 508 exited with status 0
[  320.014699] init: Service 'cameraserver' (pid 512) received signal 9
[  320.068679] init: Service 'media' (pid 514) received signal 9
[  320.110331] init: Service 'netd' (pid 515) received signal 9
[  320.140548] init: Command 'restart zygote_secondary' action=onrestart (<Service 'netd' onrestart>:2) took 28ms and failed: service zygote_secondary not found
[  320.154411] init: Service 'wificond' (pid 516) received signal 9
[  320.225749] init: processing action (init.svc.audioserver=running) from (/system/etc/init/audioserver.rc:32)
[  320.258771] init: starting service 'vendor.audio-hal'...
[  320.418726] init: Command 'start vendor.audio-hal' action=init.svc.audioserver=running (/system/etc/init/audioserver.rc:33) took 191ms and succeeded
[  320.443804] init: starting service 'zygote'...
[  320.514446] init: Created socket '/dev/socket/zygote', mode 660, user 0, group 1000
[  320.543851] init: Created socket '/dev/socket/usap_pool_primary', mode 660, user 0, group 1000
[  320.915956] init: starting service 'audioserver'...
[  323.230383] init: starting service 'cameraserver'...
[  324.410467] init: starting service 'media'...
[  326.896852] init: starting service 'netd'...
[  327.626852] libprocessgroup: Failed to open /dev/cpuset/camera-daemon/tasks: No such file or directory: No such file or directory
[  327.627867] libprocessgroup: Failed to apply CameraServiceCapacity task profile: No such file or directory
[  327.657178] init: Created socket '/dev/socket/dnsproxyd', mode 660, user 0, group 3003
[  327.762932] init: Created socket '/dev/socket/mdns', mode 660, user 0, group 1000
[  327.858159] init: Created socket '/dev/socket/fwmarkd', mode 660, user 0, group 3003
[  328.195638] init: starting service 'wificond'...
[  328.479017] init: Service 'exec 20 (/system/bin/vdc volume abort_fuse)' (pid 533) exited with status 0 oneshot service took 9.413000 seconds in background
[  328.524429] init: Sending signal 9 to service 'exec 20 (/system/bin/vdc volume abort_fuse)' (pid 533) process group...
[  328.573108] libprocessgroup: Successfully killed process cgroup uid 1000 pid 533 in 1ms
[  328.625761] init: Command 'start vendor.audio-hal-4-0-msd' action=init.svc.audioserver=running (/system/etc/init/audioserver.rc:34) took 0ms and failed: service vendor.audio-hal-4-0-msd not found
[  328.627293] init: Command 'start vendor.audio-hal-2-0' action=init.svc.audioserver=running (/system/etc/init/audioserver.rc:36) took 0ms and failed: service vendor.audio-hal-2-0 not found
[  328.681063] init: Command 'start audio-hal-2-0' action=init.svc.audioserver=running (/system/etc/init/audioserver.rc:37) took 0ms and failed: service audio-hal-2-0 not found
[  328.682694] init: processing action (init.svc.media=*) from (/system/etc/init/mediaserver.rc:1)
[  328.774182] init: processing action (init.svc.mediadrm=running) from (/vendor/etc/init/android.hardware.drm@1.3-service.widevine.rc:1)
[  328.830511] init: processing action (sys.audio.restart.hal=1) from (/system/etc/init/audioserver.rc:39)
[  328.831312] init: Sending signal 9 to service 'vendor.audio-hal' (pid 536) process group...
[  329.316585] libprocessgroup: Successfully killed process cgroup uid 1041 pid 536 in 410ms
[  329.538246] init: Command 'restart vendor.audio-hal' action=sys.audio.restart.hal=1 (/system/etc/init/audioserver.rc:40) took 705ms and succeeded
[  329.541888] init: Service 'vendor.audio-hal' (pid 536) received signal 9
[  329.574505] init: Sending signal 9 to service 'audioserver' (pid 538) process group...
[  329.705465] libprocessgroup: Successfully killed process cgroup uid 1041 pid 538 in 84ms
[  329.745733] init: Command 'restart audioserver' action=onrestart (<Service 'vendor.audio-hal' onrestart>:1) took 202ms and succeeded
[  329.786899] init: Service 'audioserver' (pid 538) received signal 9
[  329.845889] init: Command 'setprop sys.audio.restart.hal 1' action=onrestart (<Service 'audioserver' onrestart>:1) took 57ms and succeeded
[  329.879756] init: Command 'restart vendor.audio-hal-4-0-msd' action=sys.audio.restart.hal=1 (/system/etc/init/audioserver.rc:41) took 0ms and failed: service vendor.audio-hal-4-0-msd not found
[  329.988288] init: starting service 'audioserver'...
[  330.384824] init: starting service 'vendor.audio-hal'...
[  330.586967] init: Command 'restart vendor.audio-hal-2-0' action=sys.audio.restart.hal=1 (/system/etc/init/audioserver.rc:43) took 0ms and failed: service vendor.audio-hal-2-0 not found
[  330.623376] init: Command 'restart audio-hal-2-0' action=sys.audio.restart.hal=1 (/system/etc/init/audioserver.rc:44) took 0ms and failed: service audio-hal-2-0 not found
[  330.706537] init: processing action (init.svc.audioserver=running) from (/system/etc/init/audioserver.rc:32)
[  330.743975] init: Command 'start vendor.audio-hal-4-0-msd' action=init.svc.audioserver=running (/system/etc/init/audioserver.rc:34) took 0ms and failed: service vendor.audio-hal-4-0-msd not found
[  330.745803] init: Command 'start vendor.audio-hal-2-0' action=init.svc.audioserver=running (/system/etc/init/audioserver.rc:36) took 0ms and failed: service vendor.audio-hal-2-0 not found
[  330.747433] init: Command 'start audio-hal-2-0' action=init.svc.audioserver=running (/system/etc/init/audioserver.rc:37) took 0ms and failed: service audio-hal-2-0 not found
[  330.814227] init: processing action (init.svc.mediadrm=running) from (/vendor/etc/init/android.hardware.drm@1.3-service.widevine.rc:1)
[  330.877061] init: processing action (init.svc.mediadrm=running) from (/vendor/etc/init/android.hardware.drm@1.3-service.widevine.rc:1)
[  330.959649] init: processing action (llk.enable=true) from (/system/etc/init/llkd.rc:34)
[  331.058677] init: starting service 'llkd-1'...
[  331.097086] init: Opened file '/dev/kmsg', flags 1
[  331.098445] init: Opened file '/proc/sysrq-trigger', flags 1
[  331.411161] init: Command 'start llkd-${ro.debuggable:-0}' action=llk.enable=true (/system/etc/init/llkd.rc:35) took 449ms and succeeded
[  331.449264] init: processing action (khungtask.enable=true) from (/system/etc/init/llkd.rc:25)
[  331.522144] init: Command 'write /proc/sys/kernel/hung_task_timeout_secs ${ro.khungtask.timeout:-720}' action=khungtask.enable=true (/system/etc/init/llkd.rc:26) took 72ms and succeeded
[  331.700625] init: processing action (khungtask.enable=false) from (/system/etc/init/llkd.rc:31)
[  331.702667] init: processing action (init.svc.mediadrm=running) from (/vendor/etc/init/android.hardware.drm@1.3-service.widevine.rc:1)
[  331.760866] init: Command 'start vendor.move_data_sh' action=init.svc.mediadrm=running (/vendor/etc/init/android.hardware.drm@1.3-service.widevine.rc:3) took 55ms and succeeded
[  331.762252] init: processing action (sys.audio.restart.hal=1) from (/system/etc/init/audioserver.rc:39)
[  331.762978] init: Sending signal 9 to service 'vendor.audio-hal' (pid 562) process group...
[  331.849938] libprocessgroup: Successfully killed process cgroup uid 1041 pid 562 in 85ms
[  331.885338] init: Command 'restart vendor.audio-hal' action=sys.audio.restart.hal=1 (/system/etc/init/audioserver.rc:40) took 122ms and succeeded
[  331.887032] init: Service 'vendor.audio-hal' (pid 562) received signal 9
[  331.925205] init: Sending signal 9 to service 'audioserver' (pid 561) process group...
[  331.957839] libprocessgroup: Successfully killed process cgroup uid 1041 pid 561 in 31ms
[  332.000224] init: Command 'restart audioserver' action=onrestart (<Service 'vendor.audio-hal' onrestart>:1) took 83ms and succeeded
[  332.034050] init: Service 'audioserver' (pid 561) received signal 9
[  332.099741] init: Command 'restart vendor.audio-hal-4-0-msd' action=sys.audio.restart.hal=1 (/system/etc/init/audioserver.rc:41) took 0ms and failed: service vendor.audio-hal-4-0-msd not found
[  332.101169] init: Command 'restart vendor.audio-hal-2-0' action=sys.audio.restart.hal=1 (/system/etc/init/audioserver.rc:43) took 0ms and failed: service vendor.audio-hal-2-0 not found
[  332.102287] init: Command 'restart audio-hal-2-0' action=sys.audio.restart.hal=1 (/system/etc/init/audioserver.rc:44) took 0ms and failed: service audio-hal-2-0 not found
[  332.161764] init: Command 'setprop sys.audio.restart.hal 0' action=sys.audio.restart.hal=1 (/system/etc/init/audioserver.rc:46) took 58ms and succeeded
[  332.163360] init: processing action (init.svc.mediadrm=running) from (/vendor/etc/init/android.hardware.drm@1.3-service.widevine.rc:1)
[  332.201428] init: processing action (init.svc.mediadrm=running) from (/vendor/etc/init/android.hardware.drm@1.3-service.widevine.rc:1)
[  332.230050] init: processing action (init.svc.mediadrm=running) from (/vendor/etc/init/android.hardware.drm@1.3-service.widevine.rc:1)
[  332.252781] init: processing action (init.svc.mediadrm=running) from (/vendor/etc/init/android.hardware.drm@1.3-service.widevine.rc:1)
[  332.294683] init: processing action (sys.init.updatable_crashing=1) from (/system/etc/init/flags_health_check.rc:10)
[  332.360763] init: starting service 'exec 21 (/system/bin/flags_health_check UPDATABLE_CRASHING)'...
[  332.494522] init: SVC_EXEC service 'exec 21 (/system/bin/flags_health_check UPDATABLE_CRASHING)' pid 574 (uid 1000 gid 1000+0 context default) started; waiting...
[  332.517022] init: Command 'exec - system system -- /system/bin/flags_health_check UPDATABLE_CRASHING' action=sys.init.updatable_crashing=1 (/system/etc/init/flags_health_check.rc:11) took 220ms and succeeded
[  334.603889] init: Service 'zygote' (pid 537) received signal 11
[  334.605133] init: Sending signal 9 to service 'zygote' (pid 537) process group...
[  334.627378] libprocessgroup: Successfully killed process cgroup uid 0 pid 537 in 1ms
[  334.630831] init: updatable process 'zygote' exited 4 times before boot completed
[  334.738161] init: starting service 'exec 22 (/system/bin/vdc volume abort_fuse)'...
[  334.859082] init: Command 'exec_background - system system -- /system/bin/vdc volume abort_fuse' action=onrestart (<Service 'zygote' onrestart>:1) took 137ms and succeeded
[  334.933824] init: Command 'write /sys/power/state on' action=onrestart (<Service 'zygote' onrestart>:2) took 73ms and failed: Unable to write to file '/sys/power/state': Unable to write file contents: Invalid argument
[  334.935012] init: Sending signal 9 to service 'cameraserver' (pid 547) process group...
[  335.205184] libprocessgroup: Successfully killed process cgroup uid 1047 pid 547 in 231ms
[  335.253037] init: Command 'restart cameraserver' action=onrestart (<Service 'zygote' onrestart>:4) took 317ms and succeeded
[  335.253975] init: Sending signal 9 to service 'media' (pid 551) process group...
[  335.490141] libprocessgroup: Successfully killed process cgroup uid 1013 pid 551 in 235ms
[  335.526435] init: Command 'restart media' action=onrestart (<Service 'zygote' onrestart>:5) took 272ms and succeeded
[  335.545241] init: Sending signal 9 to service 'netd' (pid 557) process group...
[  335.709737] libprocessgroup: Successfully killed process cgroup uid 0 pid 557 in 163ms
[  335.758492] init: Command 'restart netd' action=onrestart (<Service 'zygote' onrestart>:6) took 213ms and succeeded
[  335.773726] init: Sending signal 9 to service 'wificond' (pid 558) process group...
[  335.935990] libprocessgroup: Successfully killed process cgroup uid 1010 pid 558 in 160ms
[  336.000605] init: Command 'restart wificond' action=onrestart (<Service 'zygote' onrestart>:7) took 240ms and succeeded
[  336.082098] init: Untracked pid 543 exited with status 0
[  336.083065] init: Untracked pid 545 exited with status 0
[  336.102150] init: Service 'cameraserver' (pid 547) received signal 9
[  336.209615] init: Service 'media' (pid 551) received signal 9
[  336.308956] init: Service 'netd' (pid 557) received signal 9
[  336.311044] init: Command 'restart zygote_secondary' action=onrestart (<Service 'netd' onrestart>:2) took 0ms and failed: service zygote_secondary not found
[  336.338035] init: Service 'wificond' (pid 558) received signal 9
[  336.401155] init: Service 'exec 21 (/system/bin/flags_health_check UPDATABLE_CRASHING)' (pid 574) exited with status 0 waiting took 3.933000 seconds
[  336.402060] init: Sending signal 9 to service 'exec 21 (/system/bin/flags_health_check UPDATABLE_CRASHING)' (pid 574) process group...
[  336.424223] libprocessgroup: Successfully killed process cgroup uid 1000 pid 574 in 20ms
[  336.449372] init: processing action (init.svc.media=*) from (/system/etc/init/mediaserver.rc:1)
[  336.483722] init: starting service 'zygote'...
[  336.669521] init: Created socket '/dev/socket/zygote', mode 660, user 0, group 1000
[  336.733999] init: Created socket '/dev/socket/usap_pool_primary', mode 660, user 0, group 1000
[  336.913154] init: starting service 'audioserver'...
[  338.889663] init: starting service 'cameraserver'...
[  339.325329] init: starting service 'media'...
[  339.537635] init: starting service 'netd'...
[  339.578776] libprocessgroup: Failed to open /dev/cpuset/camera-daemon/tasks: No such file or directory: No such file or directory
[  339.612823] libprocessgroup: Failed to apply CameraServiceCapacity task profile: No such file or directory
[  339.618158] init: Created socket '/dev/socket/dnsproxyd', mode 660, user 0, group 3003
[  339.664303] init: Created socket '/dev/socket/mdns', mode 660, user 0, group 1000
[  339.731201] init: Created socket '/dev/socket/fwmarkd', mode 660, user 0, group 3003
[  339.957876] init: starting service 'wificond'...
[  340.119692] init: starting service 'vendor.audio-hal'...
[  340.314642] init: Service 'exec 22 (/system/bin/vdc volume abort_fuse)' (pid 580) exited with status 0 oneshot service took 5.496000 seconds in background
[  340.315706] init: Sending signal 9 to service 'exec 22 (/system/bin/vdc volume abort_fuse)' (pid 580) process group...
[  340.373202] libprocessgroup: Successfully killed process cgroup uid 1000 pid 580 in 16ms
[  340.409142] init: processing action (init.svc.media=*) from (/system/etc/init/mediaserver.rc:1)
[  340.446563] init: processing action (init.svc.audioserver=running) from (/system/etc/init/audioserver.rc:32)
[  340.447750] init: Command 'start vendor.audio-hal-4-0-msd' action=init.svc.audioserver=running (/system/etc/init/audioserver.rc:34) took 0ms and failed: service vendor.audio-hal-4-0-msd not found
[  340.490000] init: Command 'start vendor.audio-hal-2-0' action=init.svc.audioserver=running (/system/etc/init/audioserver.rc:36) took 0ms and failed: service vendor.audio-hal-2-0 not found
[  340.491702] init: Command 'start audio-hal-2-0' action=init.svc.audioserver=running (/system/etc/init/audioserver.rc:37) took 0ms and failed: service audio-hal-2-0 not found
[  340.544740] init: processing action (init.svc.media=*) from (/system/etc/init/mediaserver.rc:1)
[  340.574350] init: processing action (init.svc.mediadrm=running) from (/vendor/etc/init/android.hardware.drm@1.3-service.widevine.rc:1)
[  340.609586] init: processing action (sys.audio.restart.hal=1) from (/system/etc/init/audioserver.rc:39)
[  340.610649] init: Sending signal 9 to service 'vendor.audio-hal' (pid 599) process group...
[  340.765484] libprocessgroup: Successfully killed process cgroup uid 1041 pid 599 in 85ms
[  340.798055] init: Command 'restart vendor.audio-hal' action=sys.audio.restart.hal=1 (/system/etc/init/audioserver.rc:40) took 186ms and succeeded
[  340.837170] init: Service 'vendor.audio-hal' (pid 599) received signal 9
[  340.853800] init: Sending signal 9 to service 'audioserver' (pid 585) process group...
[  340.993792] libprocessgroup: Successfully killed process cgroup uid 1041 pid 585 in 138ms
[  341.074667] init: Command 'restart audioserver' action=onrestart (<Service 'vendor.audio-hal' onrestart>:1) took 235ms and succeeded
[  341.140988] init: Service 'audioserver' (pid 585) received signal 9
[  341.242205] init: Command 'restart vendor.audio-hal-4-0-msd' action=sys.audio.restart.hal=1 (/system/etc/init/audioserver.rc:41) took 0ms and failed: service vendor.audio-hal-4-0-msd not found
[  341.244026] init: Command 'restart vendor.audio-hal-2-0' action=sys.audio.restart.hal=1 (/system/etc/init/audioserver.rc:43) took 0ms and failed: service vendor.audio-hal-2-0 not found
[  341.245337] init: Command 'restart audio-hal-2-0' action=sys.audio.restart.hal=1 (/system/etc/init/audioserver.rc:44) took 0ms and failed: service audio-hal-2-0 not found
[  341.293527] init: processing action (init.svc.audioserver=running) from (/system/etc/init/audioserver.rc:32)
[  341.325236] init: starting service 'vendor.audio-hal'...
[  341.553804] init: Command 'start vendor.audio-hal' action=init.svc.audioserver=running (/system/etc/init/audioserver.rc:33) took 258ms and succeeded
[  341.565290] init: Command 'start vendor.audio-hal-4-0-msd' action=init.svc.audioserver=running (/system/etc/init/audioserver.rc:34) took 0ms and failed: service vendor.audio-hal-4-0-msd not found
[  341.566832] init: Command 'start vendor.audio-hal-2-0' action=init.svc.audioserver=running (/system/etc/init/audioserver.rc:36) took 0ms and failed: service vendor.audio-hal-2-0 not found
[  341.605552] init: Command 'start audio-hal-2-0' action=init.svc.audioserver=running (/system/etc/init/audioserver.rc:37) took 0ms and failed: service audio-hal-2-0 not found
[  341.638236] init: processing action (sys.audio.restart.hal=1) from (/system/etc/init/audioserver.rc:39)
[  341.660778] init: Sending signal 9 to service 'vendor.audio-hal' (pid 600) process group...
[  341.740937] libprocessgroup: Successfully killed process cgroup uid 1041 pid 600 in 78ms
[  341.780042] init: Command 'restart vendor.audio-hal' action=sys.audio.restart.hal=1 (/system/etc/init/audioserver.rc:40) took 140ms and succeeded
[  341.809063] init: Service 'vendor.audio-hal' (pid 600) received signal 9
[  341.838001] init: Command 'restart vendor.audio-hal-4-0-msd' action=sys.audio.restart.hal=1 (/system/etc/init/audioserver.rc:41) took 0ms and failed: service vendor.audio-hal-4-0-msd not found
[  341.857606] init: Command 'restart vendor.audio-hal-2-0' action=sys.audio.restart.hal=1 (/system/etc/init/audioserver.rc:43) took 0ms and failed: service vendor.audio-hal-2-0 not found
[  341.858646] init: Command 'restart audio-hal-2-0' action=sys.audio.restart.hal=1 (/system/etc/init/audioserver.rc:44) took 0ms and failed: service audio-hal-2-0 not found
[  341.894770] init: processing action (sys.init.updatable_crashing=1) from (/system/etc/init/flags_health_check.rc:10)
[  341.926567] init: starting service 'exec 23 (/system/bin/flags_health_check UPDATABLE_CRASHING)'...
[  342.106299] init: SVC_EXEC service 'exec 23 (/system/bin/flags_health_check UPDATABLE_CRASHING)' pid 601 (uid 1000 gid 1000+0 context default) started; waiting...
[  342.122718] init: Command 'exec - system system -- /system/bin/flags_health_check UPDATABLE_CRASHING' action=sys.init.updatable_crashing=1 (/system/etc/init/flags_health_check.rc:11) took 211ms and succeeded
[  342.243981] init: starting service 'audioserver'...
[  346.342285] init: Service 'exec 23 (/system/bin/flags_health_check UPDATABLE_CRASHING)' (pid 601) exited with status 0 waiting took 4.303000 seconds
[  346.356664] init: Sending signal 9 to service 'exec 23 (/system/bin/flags_health_check UPDATABLE_CRASHING)' (pid 601) process group...
[  346.394199] libprocessgroup: Successfully killed process cgroup uid 1000 pid 601 in 34ms
[  346.473411] init: processing action (init.svc.media=*) from (/system/etc/init/mediaserver.rc:1)
[  346.560556] init: starting service 'vendor.audio-hal'...
[  346.844597] init: processing action (init.svc.media=*) from (/system/etc/init/mediaserver.rc:1)
[  346.901836] init: Command 'setprop init.svc.mediadrm ${init.svc.media}' action=init.svc.media=* (/system/etc/init/mediaserver.rc:2) took 55ms and succeeded
[  346.967687] init: processing action (init.svc.audioserver=running) from (/system/etc/init/audioserver.rc:32)
[  346.989681] init: Command 'start vendor.audio-hal-4-0-msd' action=init.svc.audioserver=running (/system/etc/init/audioserver.rc:34) took 0ms and failed: service vendor.audio-hal-4-0-msd not found
[  346.991513] init: Command 'start vendor.audio-hal-2-0' action=init.svc.audioserver=running (/system/etc/init/audioserver.rc:36) took 0ms and failed: service vendor.audio-hal-2-0 not found
[  347.046556] init: Command 'start audio-hal-2-0' action=init.svc.audioserver=running (/system/etc/init/audioserver.rc:37) took 0ms and failed: service audio-hal-2-0 not found
[  347.097339] init: processing action (init.svc.media=*) from (/system/etc/init/mediaserver.rc:1)
[  347.172723] init: processing action (init.svc.mediadrm=running) from (/vendor/etc/init/android.hardware.drm@1.3-service.widevine.rc:1)
[  347.177805] init: processing action (init.svc.mediadrm=running) from (/vendor/etc/init/android.hardware.drm@1.3-service.widevine.rc:1)
[  347.227164] init: processing action (sys.audio.restart.hal=1) from (/system/etc/init/audioserver.rc:39)
[  347.282775] init: Sending signal 9 to service 'vendor.audio-hal' (pid 605) process group...
[  347.830786] libprocessgroup: Successfully killed process cgroup uid 1041 pid 605 in 534ms
[  347.881619] init: Command 'restart vendor.audio-hal' action=sys.audio.restart.hal=1 (/system/etc/init/audioserver.rc:40) took 598ms and succeeded
[  347.882980] init: Service 'vendor.audio-hal' (pid 605) received signal 9
[  347.916809] init: Sending signal 9 to service 'audioserver' (pid 602) process group...
[  348.070622] libprocessgroup: Successfully killed process cgroup uid 1041 pid 602 in 152ms
[  348.121393] init: Command 'restart audioserver' action=onrestart (<Service 'vendor.audio-hal' onrestart>:1) took 237ms and succeeded
[  348.185051] init: Service 'audioserver' (pid 602) received signal 9
[  348.301248] init: Command 'restart vendor.audio-hal-4-0-msd' action=sys.audio.restart.hal=1 (/system/etc/init/audioserver.rc:41) took 0ms and failed: service vendor.audio-hal-4-0-msd not found
[  348.352862] init: starting service 'audioserver'...
[  348.567027] init: Command 'restart vendor.audio-hal-2-0' action=sys.audio.restart.hal=1 (/system/etc/init/audioserver.rc:43) took 0ms and failed: service vendor.audio-hal-2-0 not found
[  348.585015] init: Command 'restart audio-hal-2-0' action=sys.audio.restart.hal=1 (/system/etc/init/audioserver.rc:44) took 0ms and failed: service audio-hal-2-0 not found
[  348.640760] init: Command 'setprop sys.audio.restart.hal 0' action=sys.audio.restart.hal=1 (/system/etc/init/audioserver.rc:46) took 54ms and succeeded
[  348.643160] init: processing action (init.svc.audioserver=running) from (/system/etc/init/audioserver.rc:32)
[  348.726351] init: starting service 'vendor.audio-hal'...
[  349.056879] init: Command 'start vendor.audio-hal' action=init.svc.audioserver=running (/system/etc/init/audioserver.rc:33) took 386ms and succeeded
[  349.059106] init: Command 'start vendor.audio-hal-4-0-msd' action=init.svc.audioserver=running (/system/etc/init/audioserver.rc:34) took 0ms and failed: service vendor.audio-hal-4-0-msd not found
[  349.101083] init: Command 'start vendor.audio-hal-2-0' action=init.svc.audioserver=running (/system/etc/init/audioserver.rc:36) took 0ms and failed: service vendor.audio-hal-2-0 not found
[  349.103080] init: Command 'start audio-hal-2-0' action=init.svc.audioserver=running (/system/etc/init/audioserver.rc:37) took 0ms and failed: service audio-hal-2-0 not found
[  349.173236] init: processing action (init.svc.mediadrm=running) from (/vendor/etc/init/android.hardware.drm@1.3-service.widevine.rc:1)
[  349.259985] init: processing action (init.svc.mediadrm=running) from (/vendor/etc/init/android.hardware.drm@1.3-service.widevine.rc:1)
[  349.273603] init: processing action (init.svc.mediadrm=running) from (/vendor/etc/init/android.hardware.drm@1.3-service.widevine.rc:1)
[  349.326387] init: processing action (sys.audio.restart.hal=1) from (/system/etc/init/audioserver.rc:39)
[  349.377968] init: Sending signal 9 to service 'vendor.audio-hal' (pid 613) process group...
[  349.926516] libprocessgroup: Successfully killed process cgroup uid 1041 pid 613 in 546ms
[  349.981438] init: Command 'restart vendor.audio-hal' action=sys.audio.restart.hal=1 (/system/etc/init/audioserver.rc:40) took 654ms and succeeded
[  349.983020] init: Service 'vendor.audio-hal' (pid 613) received signal 9
[  350.009800] init: Sending signal 9 to service 'audioserver' (pid 612) process group...
[  350.082123] libprocessgroup: Successfully killed process cgroup uid 1041 pid 612 in 71ms
[  350.137564] init: Command 'restart audioserver' action=onrestart (<Service 'vendor.audio-hal' onrestart>:1) took 153ms and succeeded
[  350.170540] init: Service 'audioserver' (pid 612) received signal 9
[  350.261838] init: Command 'restart vendor.audio-hal-4-0-msd' action=sys.audio.restart.hal=1 (/system/etc/init/audioserver.rc:41) took 0ms and failed: service vendor.audio-hal-4-0-msd not found
[  350.263065] init: Command 'restart vendor.audio-hal-2-0' action=sys.audio.restart.hal=1 (/system/etc/init/audioserver.rc:43) took 0ms and failed: service vendor.audio-hal-2-0 not found
[  350.264117] init: Command 'restart audio-hal-2-0' action=sys.audio.restart.hal=1 (/system/etc/init/audioserver.rc:44) took 0ms and failed: service audio-hal-2-0 not found
[  350.311174] init: processing action (init.svc.audioserver=running) from (/system/etc/init/audioserver.rc:32)
[  350.335946] init: starting service 'vendor.audio-hal'...
[  350.614889] init: Command 'start vendor.audio-hal' action=init.svc.audioserver=running (/system/etc/init/audioserver.rc:33) took 301ms and succeeded
[  350.624488] init: Command 'start vendor.audio-hal-4-0-msd' action=init.svc.audioserver=running (/system/etc/init/audioserver.rc:34) took 0ms and failed: service vendor.audio-hal-4-0-msd not found
[  350.661273] init: Command 'start vendor.audio-hal-2-0' action=init.svc.audioserver=running (/system/etc/init/audioserver.rc:36) took 0ms and failed: service vendor.audio-hal-2-0 not found
[  350.663178] init: Command 'start audio-hal-2-0' action=init.svc.audioserver=running (/system/etc/init/audioserver.rc:37) took 0ms and failed: service audio-hal-2-0 not found
[  350.706959] init: processing action (sys.audio.restart.hal=1) from (/system/etc/init/audioserver.rc:39)
[  350.707798] init: Sending signal 9 to service 'vendor.audio-hal' (pid 614) process group...
[  350.836849] libprocessgroup: Successfully killed process cgroup uid 1041 pid 614 in 70ms
[  350.877254] init: Command 'restart vendor.audio-hal' action=sys.audio.restart.hal=1 (/system/etc/init/audioserver.rc:40) took 169ms and succeeded
[  350.921276] init: Service 'vendor.audio-hal' (pid 614) received signal 9
[  350.973642] init: Command 'restart vendor.audio-hal-4-0-msd' action=sys.audio.restart.hal=1 (/system/etc/init/audioserver.rc:41) took 0ms and failed: service vendor.audio-hal-4-0-msd not found
[  350.975181] init: Command 'restart vendor.audio-hal-2-0' action=sys.audio.restart.hal=1 (/system/etc/init/audioserver.rc:43) took 0ms and failed: service vendor.audio-hal-2-0 not found
[  351.003048] init: Command 'restart audio-hal-2-0' action=sys.audio.restart.hal=1 (/system/etc/init/audioserver.rc:44) took 0ms and failed: service audio-hal-2-0 not found
[  353.437172] init: starting service 'audioserver'...
[  353.800911] init: processing action (init.svc.audioserver=running) from (/system/etc/init/audioserver.rc:32)
[  353.884518] init: starting service 'vendor.audio-hal'...
[  354.150179] init: Command 'start vendor.audio-hal' action=init.svc.audioserver=running (/system/etc/init/audioserver.rc:33) took 347ms and succeeded
[  354.151757] init: Command 'start vendor.audio-hal-4-0-msd' action=init.svc.audioserver=running (/system/etc/init/audioserver.rc:34) took 0ms and failed: service vendor.audio-hal-4-0-msd not found
[  354.189732] init: Command 'start vendor.audio-hal-2-0' action=init.svc.audioserver=running (/system/etc/init/audioserver.rc:36) took 0ms and failed: service vendor.audio-hal-2-0 not found
[  354.213361] init: Command 'start audio-hal-2-0' action=init.svc.audioserver=running (/system/etc/init/audioserver.rc:37) took 0ms and failed: service audio-hal-2-0 not found
[  360.939168] init: Untracked pid 565 received signal 14
[  360.965425] init: Untracked pid 566 received signal 14
[  360.993708] init: Untracked pid 572 exited with status 0
[  361.006126] init: Untracked pid 573 exited with status 0
[  361.033410] init: Service 'media.swcodec' (pid 480) received signal 11
[  361.034029] init: Sending signal 9 to service 'media.swcodec' (pid 480) process group...
[  361.036804] libprocessgroup: Successfully killed process cgroup uid 1046 pid 480 in 1ms
[  361.058644] init: Service 'mediaextractor' (pid 474) received signal 11
[  361.059185] init: Sending signal 9 to service 'mediaextractor' (pid 474) process group...
[  361.069582] libprocessgroup: Successfully killed process cgroup uid 1040 pid 474 in 9ms
[  361.113281] init: starting service 'mediaextractor'...
[  361.205432] init: starting service 'media.swcodec'...
[  362.659764] healthd: battery none chg=a
[  367.118032] init: Untracked pid 581 received signal 14
[  367.168806] init: Untracked pid 584 exited with status 0
[  367.231586] init: Service 'bootanim' (pid 460) received signal 11 oneshot service took 76.961998 seconds in background
[  367.233739] init: Sending signal 9 to service 'bootanim' (pid 460) process group...
[  367.247423] libprocessgroup: Successfully killed process cgroup uid 1003 pid 460 in 12ms
[  368.466158] init: Service 'zygote' (pid 583) received signal 11
[  368.466710] init: Sending signal 9 to service 'zygote' (pid 583) process group...
[  368.514325] libprocessgroup: Successfully killed process cgroup uid 0 pid 583 in 46ms
[  368.537516] init: updatable process 'zygote' exited 4 times before boot completed
[  368.583072] init: starting service 'exec 24 (/system/bin/vdc volume abort_fuse)'...
[  368.686870] init: Command 'exec_background - system system -- /system/bin/vdc volume abort_fuse' action=onrestart (<Service 'zygote' onrestart>:1) took 113ms and succeeded
[  368.760647] init: Command 'write /sys/power/state on' action=onrestart (<Service 'zygote' onrestart>:2) took 47ms and failed: Unable to write to file '/sys/power/state': Unable to write file contents: Invalid argument
[  368.761859] init: Sending signal 9 to service 'audioserver' (pid 616) process group...
[  368.957277] libprocessgroup: Successfully killed process cgroup uid 1041 pid 616 in 185ms
[  368.977235] init: Command 'restart audioserver' action=onrestart (<Service 'zygote' onrestart>:3) took 215ms and succeeded
[  368.978219] init: Sending signal 9 to service 'cameraserver' (pid 594) process group...
[  369.112841] libprocessgroup: Successfully killed process cgroup uid 1047 pid 594 in 133ms
[  369.140140] init: Command 'restart cameraserver' action=onrestart (<Service 'zygote' onrestart>:4) took 161ms and succeeded
[  369.153352] init: Sending signal 9 to service 'media' (pid 595) process group...
[  369.259845] libprocessgroup: Successfully killed process cgroup uid 1013 pid 595 in 105ms
[  369.279965] init: Command 'restart media' action=onrestart (<Service 'zygote' onrestart>:5) took 126ms and succeeded
[  369.289287] init: Sending signal 9 to service 'netd' (pid 597) process group...
[  369.296864] Binder:597_4 (597) used greatest stack depth: 11360 bytes left
[  369.433665] libprocessgroup: Successfully killed process cgroup uid 0 pid 597 in 143ms
[  369.514130] init: Command 'restart netd' action=onrestart (<Service 'zygote' onrestart>:6) took 224ms and succeeded
[  369.523342] init: Sending signal 9 to service 'wificond' (pid 598) process group...
[  369.642064] libprocessgroup: Successfully killed process cgroup uid 1010 pid 598 in 103ms
[  369.707254] init: Command 'restart wificond' action=onrestart (<Service 'zygote' onrestart>:7) took 176ms and succeeded
[  369.766887] init: Untracked pid 590 exited with status 0
[  369.814222] init: Untracked pid 592 exited with status 0
[  369.823727] init: Service 'cameraserver' (pid 594) received signal 9
[  369.886251] init: Service 'media' (pid 595) received signal 9
[  369.974858] init: Service 'netd' (pid 597) received signal 9
[  369.982494] init: Command 'restart zygote_secondary' action=onrestart (<Service 'netd' onrestart>:2) took 0ms and failed: service zygote_secondary not found
[  370.035239] init: Service 'wificond' (pid 598) received signal 9
[  370.090505] init: Service 'audioserver' (pid 616) received signal 9
[  370.163323] init: Command 'setprop sys.audio.restart.hal 1' action=onrestart (<Service 'audioserver' onrestart>:1) took 71ms and succeeded
[  370.216673] init: Untracked pid 638 received signal 9
[  370.218651] init: Untracked pid 642 received signal 9
[  370.254033] init: Untracked pid 645 received signal 9
[  370.280941] init: Untracked pid 647 received signal 9
[  370.292282] init: Untracked pid 604 received signal 9
[  370.294729] init: Untracked pid 606 received signal 9
[  370.319098] init: processing action (sys.init.updatable_crashing=1) from (/system/etc/init/flags_health_check.rc:10)
[  370.401111] init: starting service 'exec 25 (/system/bin/flags_health_check UPDATABLE_CRASHING)'...
[  370.540754] init: SVC_EXEC service 'exec 25 (/system/bin/flags_health_check UPDATABLE_CRASHING)' pid 670 (uid 1000 gid 1000+0 context default) started; waiting...
[  370.544363] init: Command 'exec - system system -- /system/bin/flags_health_check UPDATABLE_CRASHING' action=sys.init.updatable_crashing=1 (/system/etc/init/flags_health_check.rc:11) took 195ms and succeeded
[  370.609651] init: starting service 'zygote'...
[  370.719403] init: Created socket '/dev/socket/zygote', mode 660, user 0, group 1000
[  370.808170] init: Created socket '/dev/socket/usap_pool_primary', mode 660, user 0, group 1000
[  371.303822] init: starting service 'audioserver'...
[  373.852412] init: starting service 'cameraserver'...
[  376.081068] init: starting service 'media'...
[  377.884354] init: starting service 'netd'...
[  377.928530] libprocessgroup: Failed to open /dev/cpuset/camera-daemon/tasks: No such file or directory: No such file or directory
[  377.929377] libprocessgroup: Failed to apply CameraServiceCapacity task profile: No such file or directory
[  377.957248] init: Created socket '/dev/socket/dnsproxyd', mode 660, user 0, group 3003
[  378.002499] init: Created socket '/dev/socket/mdns', mode 660, user 0, group 1000
[  378.073442] init: Created socket '/dev/socket/fwmarkd', mode 660, user 0, group 3003
[  378.214967] init: starting service 'wificond'...
[  378.378450] init: Service 'exec 24 (/system/bin/vdc volume abort_fuse)' (pid 667) exited with status 0 oneshot service took 9.735000 seconds in background
[  378.379382] init: Sending signal 9 to service 'exec 24 (/system/bin/vdc volume abort_fuse)' (pid 667) process group...
[  378.418314] libprocessgroup: Successfully killed process cgroup uid 1000 pid 667 in 1ms
[  379.974960] init: Service 'exec 25 (/system/bin/flags_health_check UPDATABLE_CRASHING)' (pid 670) exited with status 0 waiting took 9.506000 seconds
[  379.975915] init: Sending signal 9 to service 'exec 25 (/system/bin/flags_health_check UPDATABLE_CRASHING)' (pid 670) process group...
[  379.978842] libprocessgroup: Successfully killed process cgroup uid 1000 pid 670 in 1ms
[  379.998156] init: processing action (init.svc.media=*) from (/system/etc/init/mediaserver.rc:1)
[  380.041717] init: processing action (init.svc.media=*) from (/system/etc/init/mediaserver.rc:1)
[  380.062338] init: processing action (sys.audio.restart.hal=1) from (/system/etc/init/audioserver.rc:39)
[  380.063138] init: Sending signal 9 to service 'vendor.audio-hal' (pid 617) process group...
[  380.191088] libprocessgroup: Successfully killed process cgroup uid 1041 pid 617 in 127ms
[  380.217200] init: Command 'restart vendor.audio-hal' action=sys.audio.restart.hal=1 (/system/etc/init/audioserver.rc:40) took 153ms and succeeded
[  380.218671] init: Service 'vendor.audio-hal' (pid 617) received signal 9
[  380.248947] init: Sending signal 9 to service 'audioserver' (pid 676) process group...
[  380.277651] libprocessgroup: Successfully killed process cgroup uid 1041 pid 676 in 27ms
[  380.312939] init: Command 'restart audioserver' action=onrestart (<Service 'vendor.audio-hal' onrestart>:1) took 93ms and succeeded
[  380.353598] init: Service 'audioserver' (pid 676) received signal 9
[  380.423272] init: Command 'restart vendor.audio-hal-4-0-msd' action=sys.audio.restart.hal=1 (/system/etc/init/audioserver.rc:41) took 0ms and failed: service vendor.audio-hal-4-0-msd not found
[  380.454081] init: starting service 'audioserver'...
[  380.618392] init: starting service 'vendor.audio-hal'...
[  380.787125] init: Command 'restart vendor.audio-hal-2-0' action=sys.audio.restart.hal=1 (/system/etc/init/audioserver.rc:43) took 0ms and failed: service vendor.audio-hal-2-0 not found
[  380.808247] init: Command 'restart audio-hal-2-0' action=sys.audio.restart.hal=1 (/system/etc/init/audioserver.rc:44) took 0ms and failed: service audio-hal-2-0 not found
[  380.845363] init: processing action (init.svc.audioserver=running) from (/system/etc/init/audioserver.rc:32)
[  380.846430] init: Command 'start vendor.audio-hal-4-0-msd' action=init.svc.audioserver=running (/system/etc/init/audioserver.rc:34) took 0ms and failed: service vendor.audio-hal-4-0-msd not found
[  380.847495] init: Command 'start vendor.audio-hal-2-0' action=init.svc.audioserver=running (/system/etc/init/audioserver.rc:36) took 0ms and failed: service vendor.audio-hal-2-0 not found
[  380.873088] init: Command 'start audio-hal-2-0' action=init.svc.audioserver=running (/system/etc/init/audioserver.rc:37) took 0ms and failed: service audio-hal-2-0 not found
[  380.874423] init: processing action (init.svc.media=*) from (/system/etc/init/mediaserver.rc:1)
[  380.916565] init: processing action (init.svc.mediadrm=running) from (/vendor/etc/init/android.hardware.drm@1.3-service.widevine.rc:1)
[  380.941886] init: processing action (init.svc.mediadrm=running) from (/vendor/etc/init/android.hardware.drm@1.3-service.widevine.rc:1)
[  380.978380] init: processing action (sys.audio.restart.hal=1) from (/system/etc/init/audioserver.rc:39)
[  380.979306] init: Sending signal 9 to service 'vendor.audio-hal' (pid 701) process group...
[  381.089158] libprocessgroup: Successfully killed process cgroup uid 1041 pid 701 in 75ms
[  381.123007] init: Command 'restart vendor.audio-hal' action=sys.audio.restart.hal=1 (/system/etc/init/audioserver.rc:40) took 143ms and succeeded
[  381.138997] init: Service 'vendor.audio-hal' (pid 701) received signal 9
[  381.152988] init: Sending signal 9 to service 'audioserver' (pid 699) process group...
[  381.289791] libprocessgroup: Successfully killed process cgroup uid 1041 pid 699 in 135ms
[  381.321484] init: Command 'restart audioserver' action=onrestart (<Service 'vendor.audio-hal' onrestart>:1) took 181ms and succeeded
[  381.349774] init: Service 'audioserver' (pid 699) received signal 9
[  381.410164] init: Command 'restart vendor.audio-hal-4-0-msd' action=sys.audio.restart.hal=1 (/system/etc/init/audioserver.rc:41) took 0ms and failed: service vendor.audio-hal-4-0-msd not found
[  381.411485] init: Command 'restart vendor.audio-hal-2-0' action=sys.audio.restart.hal=1 (/system/etc/init/audioserver.rc:43) took 0ms and failed: service vendor.audio-hal-2-0 not found
[  381.437036] init: Command 'restart audio-hal-2-0' action=sys.audio.restart.hal=1 (/system/etc/init/audioserver.rc:44) took 0ms and failed: service audio-hal-2-0 not found
[  381.473456] init: processing action (init.svc.audioserver=running) from (/system/etc/init/audioserver.rc:32)
[  381.498836] init: starting service 'vendor.audio-hal'...
[  381.742375] init: Command 'start vendor.audio-hal' action=init.svc.audioserver=running (/system/etc/init/audioserver.rc:33) took 246ms and succeeded
[  381.761430] init: Service 'zygote' (pid 672) received signal 11
[  381.762103] init: Sending signal 9 to service 'zygote' (pid 672) process group...
[  381.790436] libprocessgroup: Successfully killed process cgroup uid 0 pid 672 in 27ms
[  381.792433] init: updatable process 'zygote' exited 4 times before boot completed
[  381.893075] init: starting service 'exec 26 (/system/bin/vdc volume abort_fuse)'...
[  382.046694] init: Command 'exec_background - system system -- /system/bin/vdc volume abort_fuse' action=onrestart (<Service 'zygote' onrestart>:1) took 188ms and succeeded
[  382.124891] init: Command 'write /sys/power/state on' action=onrestart (<Service 'zygote' onrestart>:2) took 40ms and failed: Unable to write to file '/sys/power/state': Unable to write file contents: Invalid argument
[  382.126350] init: Sending signal 9 to service 'cameraserver' (pid 683) process group...
[  382.313660] libprocessgroup: Successfully killed process cgroup uid 1047 pid 683 in 186ms
[  382.368806] init: Command 'restart cameraserver' action=onrestart (<Service 'zygote' onrestart>:4) took 242ms and succeeded
[  382.369788] init: Sending signal 9 to service 'media' (pid 684) process group...
[  382.448594] libprocessgroup: Successfully killed process cgroup uid 1013 pid 684 in 77ms
[  382.479878] init: Command 'restart media' action=onrestart (<Service 'zygote' onrestart>:5) took 110ms and succeeded
[  382.488516] init: Sending signal 9 to service 'netd' (pid 685) process group...
[  382.572125] libprocessgroup: Successfully killed process cgroup uid 0 pid 685 in 70ms
[  382.605441] init: Command 'restart netd' action=onrestart (<Service 'zygote' onrestart>:6) took 116ms and succeeded
[  382.612725] init: Sending signal 9 to service 'wificond' (pid 687) process group...
[  382.689039] libprocessgroup: Successfully killed process cgroup uid 1010 pid 687 in 75ms
[  382.710614] init: Command 'restart wificond' action=onrestart (<Service 'zygote' onrestart>:7) took 104ms and succeeded
[  382.743194] init: Untracked pid 679 exited with status 0
[  382.772361] init: Untracked pid 681 exited with status 0
[  382.773391] init: Service 'cameraserver' (pid 683) received signal 9
[  382.816778] init: Service 'media' (pid 684) received signal 9
[  382.841899] init: Service 'netd' (pid 685) received signal 9
[  382.864119] init: Command 'restart zygote_secondary' action=onrestart (<Service 'netd' onrestart>:2) took 20ms and failed: service zygote_secondary not found
[  382.886728] init: Service 'wificond' (pid 687) received signal 9
[  382.914856] init: Command 'start vendor.audio-hal-4-0-msd' action=init.svc.audioserver=running (/system/etc/init/audioserver.rc:34) took 0ms and failed: service vendor.audio-hal-4-0-msd not found
[  382.958236] init: starting service 'zygote'...
[  382.997441] init: Created socket '/dev/socket/zygote', mode 660, user 0, group 1000
[  383.033108] init: Created socket '/dev/socket/usap_pool_primary', mode 660, user 0, group 1000
[  383.390979] init: starting service 'cameraserver'...
[  385.361042] init: starting service 'media'...
[  385.705541] init: starting service 'netd'...
[  385.784289] libprocessgroup: Failed to open /dev/cpuset/camera-daemon/tasks: No such file or directory: No such file or directory
[  385.785820] libprocessgroup: Failed to apply CameraServiceCapacity task profile: No such file or directory
[  385.790661] init: Created socket '/dev/socket/dnsproxyd', mode 660, user 0, group 3003
[  385.893810] init: Created socket '/dev/socket/mdns', mode 660, user 0, group 1000
[  385.951507] init: Created socket '/dev/socket/fwmarkd', mode 660, user 0, group 3003
[  386.282281] init: starting service 'wificond'...
[  386.499274] init: Command 'start vendor.audio-hal-2-0' action=init.svc.audioserver=running (/system/etc/init/audioserver.rc:36) took 0ms and failed: service vendor.audio-hal-2-0 not found
[  386.531533] init: starting service 'audioserver'...
[  386.718340] init: Command 'start audio-hal-2-0' action=init.svc.audioserver=running (/system/etc/init/audioserver.rc:37) took 0ms and failed: service audio-hal-2-0 not found
[  386.720108] init: processing action (init.svc.mediadrm=running) from (/vendor/etc/init/android.hardware.drm@1.3-service.widevine.rc:1)
[  386.801396] init: processing action (sys.audio.restart.hal=1) from (/system/etc/init/audioserver.rc:39)
[  386.802277] init: Sending signal 9 to service 'vendor.audio-hal' (pid 702) process group...
[  386.946178] libprocessgroup: Successfully killed process cgroup uid 1041 pid 702 in 101ms
[  386.984964] init: Command 'restart vendor.audio-hal' action=sys.audio.restart.hal=1 (/system/etc/init/audioserver.rc:40) took 182ms and succeeded
[  386.986314] init: Service 'vendor.audio-hal' (pid 702) received signal 9
[  387.013564] init: Sending signal 9 to service 'audioserver' (pid 721) process group...
[  387.093568] libprocessgroup: Successfully killed process cgroup uid 1041 pid 721 in 78ms
[  387.129841] init: Command 'restart audioserver' action=onrestart (<Service 'vendor.audio-hal' onrestart>:1) took 142ms and succeeded
[  387.154382] init: Service 'exec 26 (/system/bin/vdc volume abort_fuse)' (pid 704) exited with status 0 oneshot service took 5.167000 seconds in background
[  387.155152] init: Sending signal 9 to service 'exec 26 (/system/bin/vdc volume abort_fuse)' (pid 704) process group...
[  387.185864] libprocessgroup: Successfully killed process cgroup uid 1000 pid 704 in 0ms
[  387.213606] init: Service 'audioserver' (pid 721) received signal 9
[  387.261404] init: Command 'restart vendor.audio-hal-4-0-msd' action=sys.audio.restart.hal=1 (/system/etc/init/audioserver.rc:41) took 0ms and failed: service vendor.audio-hal-4-0-msd not found
[  387.304944] init: starting service 'vendor.audio-hal'...
[  387.447056] init: Command 'restart vendor.audio-hal-2-0' action=sys.audio.restart.hal=1 (/system/etc/init/audioserver.rc:43) took 0ms and failed: service vendor.audio-hal-2-0 not found
[  387.469805] init: Command 'restart audio-hal-2-0' action=sys.audio.restart.hal=1 (/system/etc/init/audioserver.rc:44) took 0ms and failed: service audio-hal-2-0 not found
[  387.513878] init: processing action (sys.init.updatable_crashing=1) from (/system/etc/init/flags_health_check.rc:10)
[  387.549611] init: starting service 'exec 27 (/system/bin/flags_health_check UPDATABLE_CRASHING)'...
[  387.650090] init: SVC_EXEC service 'exec 27 (/system/bin/flags_health_check UPDATABLE_CRASHING)' pid 723 (uid 1000 gid 1000+0 context default) started; waiting...
[  387.688698] init: Command 'exec - system system -- /system/bin/flags_health_check UPDATABLE_CRASHING' action=sys.init.updatable_crashing=1 (/system/etc/init/flags_health_check.rc:11) took 136ms and succeeded
[  390.828104] init: Service 'exec 27 (/system/bin/flags_health_check UPDATABLE_CRASHING)' (pid 723) exited with status 0 waiting took 3.212000 seconds
[  390.828988] init: Sending signal 9 to service 'exec 27 (/system/bin/flags_health_check UPDATABLE_CRASHING)' (pid 723) process group...
[  390.831250] libprocessgroup: Successfully killed process cgroup uid 1000 pid 723 in 1ms
[  390.842311] init: processing action (init.svc.media=*) from (/system/etc/init/mediaserver.rc:1)
[  390.893652] init: processing action (init.svc.media=*) from (/system/etc/init/mediaserver.rc:1)
[  390.925392] init: processing action (init.svc.media=*) from (/system/etc/init/mediaserver.rc:1)
[  390.971449] init: processing action (init.svc.audioserver=running) from (/system/etc/init/audioserver.rc:32)
[  390.972724] init: Command 'start vendor.audio-hal-4-0-msd' action=init.svc.audioserver=running (/system/etc/init/audioserver.rc:34) took 0ms and failed: service vendor.audio-hal-4-0-msd not found
[  390.980959] init: Command 'start vendor.audio-hal-2-0' action=init.svc.audioserver=running (/system/etc/init/audioserver.rc:36) took 0ms and failed: service vendor.audio-hal-2-0 not found
[  390.982134] init: Command 'start audio-hal-2-0' action=init.svc.audioserver=running (/system/etc/init/audioserver.rc:37) took 0ms and failed: service audio-hal-2-0 not found
[  391.006005] init: processing action (sys.audio.restart.hal=1) from (/system/etc/init/audioserver.rc:39)
[  391.006927] init: Sending signal 9 to service 'vendor.audio-hal' (pid 722) process group...
[  391.065803] libprocessgroup: Successfully killed process cgroup uid 1041 pid 722 in 57ms
[  391.106978] init: Command 'restart vendor.audio-hal' action=sys.audio.restart.hal=1 (/system/etc/init/audioserver.rc:40) took 99ms and succeeded
[  391.108567] init: Service 'vendor.audio-hal' (pid 722) received signal 9
[  391.146892] init: Command 'restart vendor.audio-hal-4-0-msd' action=sys.audio.restart.hal=1 (/system/etc/init/audioserver.rc:41) took 0ms and failed: service vendor.audio-hal-4-0-msd not found
[  391.161846] init: Command 'restart vendor.audio-hal-2-0' action=sys.audio.restart.hal=1 (/system/etc/init/audioserver.rc:43) took 0ms and failed: service vendor.audio-hal-2-0 not found
[  391.163137] init: Command 'restart audio-hal-2-0' action=sys.audio.restart.hal=1 (/system/etc/init/audioserver.rc:44) took 0ms and failed: service audio-hal-2-0 not found
[  391.194131] init: processing action (init.svc.mediadrm=running) from (/vendor/etc/init/android.hardware.drm@1.3-service.widevine.rc:1)
[  391.214121] init: processing action (init.svc.mediadrm=running) from (/vendor/etc/init/android.hardware.drm@1.3-service.widevine.rc:1)
[  391.237376] init: processing action (init.svc.mediadrm=running) from (/vendor/etc/init/android.hardware.drm@1.3-service.widevine.rc:1)
[  391.624788] init: starting service 'audioserver'...
[  391.815482] init: processing action (init.svc.audioserver=running) from (/system/etc/init/audioserver.rc:32)
[  391.899861] init: starting service 'vendor.audio-hal'...
[  392.118076] init: Command 'start vendor.audio-hal' action=init.svc.audioserver=running (/system/etc/init/audioserver.rc:33) took 263ms and succeeded
[  392.160607] init: Command 'start vendor.audio-hal-4-0-msd' action=init.svc.audioserver=running (/system/etc/init/audioserver.rc:34) took 0ms and failed: service vendor.audio-hal-4-0-msd not found
[  392.161992] init: Command 'start vendor.audio-hal-2-0' action=init.svc.audioserver=running (/system/etc/init/audioserver.rc:36) took 0ms and failed: service vendor.audio-hal-2-0 not found
[  392.222683] init: Command 'start audio-hal-2-0' action=init.svc.audioserver=running (/system/etc/init/audioserver.rc:37) took 0ms and failed: service audio-hal-2-0 not found
[  407.838249] init: Service 'zygote' (pid 707) received signal 11
[  407.838845] init: Sending signal 9 to service 'zygote' (pid 707) process group...
[  407.852798] libprocessgroup: Successfully killed process cgroup uid 0 pid 707 in 10ms
[  407.855115] init: updatable process 'zygote' exited 4 times before boot completed
[  407.897129] init: starting service 'exec 28 (/system/bin/vdc volume abort_fuse)'...
[  407.976681] init: Command 'exec_background - system system -- /system/bin/vdc volume abort_fuse' action=onrestart (<Service 'zygote' onrestart>:1) took 75ms and succeeded
[  408.001308] init: Command 'write /sys/power/state on' action=onrestart (<Service 'zygote' onrestart>:2) took 23ms and failed: Unable to write to file '/sys/power/state': Unable to write file contents: Invalid argument
[  408.002716] init: Sending signal 9 to service 'audioserver' (pid 728) process group...
[  408.197171] libprocessgroup: Successfully killed process cgroup uid 1041 pid 728 in 193ms
[  408.218560] init: Command 'restart audioserver' action=onrestart (<Service 'zygote' onrestart>:3) took 215ms and succeeded
[  408.219383] init: Sending signal 9 to service 'cameraserver' (pid 708) process group...
[  408.332227] libprocessgroup: Successfully killed process cgroup uid 1047 pid 708 in 102ms
[  408.360743] init: Command 'restart cameraserver' action=onrestart (<Service 'zygote' onrestart>:4) took 141ms and succeeded
[  408.361532] init: Sending signal 9 to service 'media' (pid 714) process group...
[  408.498436] libprocessgroup: Successfully killed process cgroup uid 1013 pid 714 in 135ms
[  408.530420] init: Command 'restart media' action=onrestart (<Service 'zygote' onrestart>:5) took 168ms and succeeded
[  408.531524] init: Sending signal 9 to service 'netd' (pid 715) process group...
[  408.669641] libprocessgroup: Successfully killed process cgroup uid 0 pid 715 in 112ms
[  408.691332] init: Command 'restart netd' action=onrestart (<Service 'zygote' onrestart>:6) took 159ms and succeeded
[  408.694298] init: Sending signal 9 to service 'wificond' (pid 719) process group...
[  408.746118] libprocessgroup: Successfully killed process cgroup uid 1010 pid 719 in 50ms
[  408.773666] init: Command 'restart wificond' action=onrestart (<Service 'zygote' onrestart>:7) took 75ms and succeeded
[  408.807785] init: Service 'media.swcodec' (pid 649) received signal 11
[  408.817662] init: Sending signal 9 to service 'media.swcodec' (pid 649) process group...
[  408.825772] libprocessgroup: Successfully killed process cgroup uid 1046 pid 649 in 1ms
[  408.857395] init: Untracked pid 689 exited with status 0
[  408.858793] init: Untracked pid 694 exited with status 0
[  408.868871] init: Service 'cameraserver' (pid 708) received signal 9
[  408.905549] init: Untracked pid 711 exited with status 0
[  408.907070] init: Untracked pid 713 exited with status 0
[  408.917208] init: Service 'media' (pid 714) received signal 9
[  408.959487] init: Service 'netd' (pid 715) received signal 9
[  408.979914] init: Command 'restart zygote_secondary' action=onrestart (<Service 'netd' onrestart>:2) took 0ms and failed: service zygote_secondary not found
[  409.007447] init: Service 'wificond' (pid 719) received signal 9
[  409.037007] init: Service 'audioserver' (pid 728) received signal 9
[  409.090441] init: Untracked pid 757 received signal 9
[  409.092235] init: Untracked pid 762 received signal 9
[  409.102135] init: Untracked pid 763 received signal 9
[  409.103899] init: Untracked pid 767 received signal 9
[  409.118134] init: Untracked pid 725 received signal 9
[  409.119818] init: Untracked pid 726 received signal 9
[  409.139181] init: processing action (sys.init.updatable_crashing=1) from (/system/etc/init/flags_health_check.rc:10)
[  409.159676] init: starting service 'exec 29 (/system/bin/flags_health_check UPDATABLE_CRASHING)'...
[  409.219037] init: SVC_EXEC service 'exec 29 (/system/bin/flags_health_check UPDATABLE_CRASHING)' pid 784 (uid 1000 gid 1000+0 context default) started; waiting...
[  409.240385] init: Command 'exec - system system -- /system/bin/flags_health_check UPDATABLE_CRASHING' action=sys.init.updatable_crashing=1 (/system/etc/init/flags_health_check.rc:11) took 76ms and succeeded
[  409.258744] init: starting service 'zygote'...
[  409.305747] init: Created socket '/dev/socket/zygote', mode 660, user 0, group 1000
[  409.386421] init: Created socket '/dev/socket/usap_pool_primary', mode 660, user 0, group 1000
[  409.770534] init: starting service 'audioserver'...
[  411.681819] init: starting service 'cameraserver'...
[  412.340993] init: starting service 'media'...
[  412.502610] init: starting service 'netd'...
[  412.559523] init: Created socket '/dev/socket/dnsproxyd', mode 660, user 0, group 3003
[  412.566150] libprocessgroup: Failed to open /dev/cpuset/camera-daemon/tasks: No such file or directory: No such file or directory
[  412.567324] libprocessgroup: Failed to apply CameraServiceCapacity task profile: No such file or directory
[  412.614478] init: Created socket '/dev/socket/mdns', mode 660, user 0, group 1000
[  412.660791] init: Created socket '/dev/socket/fwmarkd', mode 660, user 0, group 3003
[  412.934170] init: starting service 'wificond'...
[  413.130889] init: starting service 'media.swcodec'...
[  413.365069] init: Service 'mediaextractor' (pid 648) received signal 11
[  413.365902] init: Sending signal 9 to service 'mediaextractor' (pid 648) process group...
[  413.397655] libprocessgroup: Successfully killed process cgroup uid 1040 pid 648 in 29ms
[  413.515340] init: Untracked pid 703 received signal 14
[  413.557308] init: Untracked pid 706 exited with status 0
[  413.601184] init: Service 'exec 28 (/system/bin/vdc volume abort_fuse)' (pid 782) exited with status 0 oneshot service took 5.606000 seconds in background
[  413.603056] init: Sending signal 9 to service 'exec 28 (/system/bin/vdc volume abort_fuse)' (pid 782) process group...
[  413.643492] libprocessgroup: Successfully killed process cgroup uid 1000 pid 782 in 1ms
[  413.731949] init: starting service 'mediaextractor'...
[  414.802130] init: Service 'exec 29 (/system/bin/flags_health_check UPDATABLE_CRASHING)' (pid 784) exited with status 0 waiting took 5.609000 seconds
[  414.802996] init: Sending signal 9 to service 'exec 29 (/system/bin/flags_health_check UPDATABLE_CRASHING)' (pid 784) process group...
[  414.806265] libprocessgroup: Successfully killed process cgroup uid 1000 pid 784 in 1ms
[  414.838377] init: processing action (init.svc.media=*) from (/system/etc/init/mediaserver.rc:1)
[  414.871303] init: processing action (init.svc.media=*) from (/system/etc/init/mediaserver.rc:1)
[  414.910933] init: processing action (sys.audio.restart.hal=1) from (/system/etc/init/audioserver.rc:39)
[  414.911735] init: Sending signal 9 to service 'vendor.audio-hal' (pid 729) process group...
[  415.038076] libprocessgroup: Successfully killed process cgroup uid 1041 pid 729 in 93ms
[  415.082351] init: Command 'restart vendor.audio-hal' action=sys.audio.restart.hal=1 (/system/etc/init/audioserver.rc:40) took 170ms and succeeded
[  415.107004] init: Service 'vendor.audio-hal' (pid 729) received signal 9
[  415.124237] init: Sending signal 9 to service 'audioserver' (pid 789) process group...
[  415.170710] libprocessgroup: Successfully killed process cgroup uid 1041 pid 789 in 44ms
[  415.207251] init: Command 'restart audioserver' action=onrestart (<Service 'vendor.audio-hal' onrestart>:1) took 99ms and succeeded
[  415.235063] init: Service 'audioserver' (pid 789) received signal 9
[  415.303606] init: Command 'restart vendor.audio-hal-4-0-msd' action=sys.audio.restart.hal=1 (/system/etc/init/audioserver.rc:41) took 0ms and failed: service vendor.audio-hal-4-0-msd not found
[  415.381474] init: starting service 'vendor.audio-hal'...
[  415.581065] init: Command 'restart vendor.audio-hal-2-0' action=sys.audio.restart.hal=1 (/system/etc/init/audioserver.rc:43) took 0ms and failed: service vendor.audio-hal-2-0 not found
[  415.640525] init: starting service 'audioserver'...
[  415.944980] init: Command 'restart audio-hal-2-0' action=sys.audio.restart.hal=1 (/system/etc/init/audioserver.rc:44) took 0ms and failed: service audio-hal-2-0 not found
[  416.007388] init: Command 'setprop sys.audio.restart.hal 0' action=sys.audio.restart.hal=1 (/system/etc/init/audioserver.rc:46) took 59ms and succeeded
[  416.041112] init: processing action (init.svc.audioserver=running) from (/system/etc/init/audioserver.rc:32)
[  416.044064] init: Command 'start vendor.audio-hal-4-0-msd' action=init.svc.audioserver=running (/system/etc/init/audioserver.rc:34) took 0ms and failed: service vendor.audio-hal-4-0-msd not found
[  416.099699] init: Command 'start vendor.audio-hal-2-0' action=init.svc.audioserver=running (/system/etc/init/audioserver.rc:36) took 0ms and failed: service vendor.audio-hal-2-0 not found
[  416.148481] init: Command 'start audio-hal-2-0' action=init.svc.audioserver=running (/system/etc/init/audioserver.rc:37) took 0ms and failed: service audio-hal-2-0 not found
[  416.191662] init: processing action (init.svc.media=*) from (/system/etc/init/mediaserver.rc:1)
[  416.286715] init: processing action (init.svc.mediadrm=running) from (/vendor/etc/init/android.hardware.drm@1.3-service.widevine.rc:1)
[  416.358031] init: processing action (init.svc.mediadrm=running) from (/vendor/etc/init/android.hardware.drm@1.3-service.widevine.rc:1)
[  416.402119] init: processing action (sys.audio.restart.hal=1) from (/system/etc/init/audioserver.rc:39)
[  416.402982] init: Sending signal 9 to service 'vendor.audio-hal' (pid 802) process group...
[  416.501354] libprocessgroup: Successfully killed process cgroup uid 1041 pid 802 in 85ms
[  416.534050] init: Command 'restart vendor.audio-hal' action=sys.audio.restart.hal=1 (/system/etc/init/audioserver.rc:40) took 130ms and succeeded
[  416.535467] init: Service 'vendor.audio-hal' (pid 802) received signal 9
[  416.569512] init: Sending signal 9 to service 'audioserver' (pid 803) process group...
[  416.697605] libprocessgroup: Successfully killed process cgroup uid 1041 pid 803 in 127ms
[  416.732566] init: Command 'restart audioserver' action=onrestart (<Service 'vendor.audio-hal' onrestart>:1) took 196ms and succeeded
[  416.774382] init: Service 'audioserver' (pid 803) received signal 9
[  416.840350] init: Command 'restart vendor.audio-hal-4-0-msd' action=sys.audio.restart.hal=1 (/system/etc/init/audioserver.rc:41) took 0ms and failed: service vendor.audio-hal-4-0-msd not found
[  416.841876] init: Command 'restart vendor.audio-hal-2-0' action=sys.audio.restart.hal=1 (/system/etc/init/audioserver.rc:43) took 0ms and failed: service vendor.audio-hal-2-0 not found
[  416.864347] init: Command 'restart audio-hal-2-0' action=sys.audio.restart.hal=1 (/system/etc/init/audioserver.rc:44) took 0ms and failed: service audio-hal-2-0 not found
[  416.897035] init: processing action (init.svc.audioserver=running) from (/system/etc/init/audioserver.rc:32)
[  416.932974] init: starting service 'vendor.audio-hal'...
[  417.100753] init: Command 'start vendor.audio-hal' action=init.svc.audioserver=running (/system/etc/init/audioserver.rc:33) took 188ms and succeeded
[  417.137188] init: Command 'start vendor.audio-hal-4-0-msd' action=init.svc.audioserver=running (/system/etc/init/audioserver.rc:34) took 0ms and failed: service vendor.audio-hal-4-0-msd not found
[  417.138578] init: Command 'start vendor.audio-hal-2-0' action=init.svc.audioserver=running (/system/etc/init/audioserver.rc:36) took 0ms and failed: service vendor.audio-hal-2-0 not found
[  417.157215] init: Command 'start audio-hal-2-0' action=init.svc.audioserver=running (/system/etc/init/audioserver.rc:37) took 0ms and failed: service audio-hal-2-0 not found
[  417.159083] init: processing action (init.svc.mediadrm=running) from (/vendor/etc/init/android.hardware.drm@1.3-service.widevine.rc:1)
[  417.204780] init: processing action (sys.audio.restart.hal=1) from (/system/etc/init/audioserver.rc:39)
[  417.205491] init: Sending signal 9 to service 'vendor.audio-hal' (pid 804) process group...
[  417.280123] libprocessgroup: Successfully killed process cgroup uid 1041 pid 804 in 54ms
[  417.323351] init: Command 'restart vendor.audio-hal' action=sys.audio.restart.hal=1 (/system/etc/init/audioserver.rc:40) took 117ms and succeeded
[  417.337320] init: Service 'vendor.audio-hal' (pid 804) received signal 9
[  417.382607] init: Command 'restart vendor.audio-hal-4-0-msd' action=sys.audio.restart.hal=1 (/system/etc/init/audioserver.rc:41) took 0ms and failed: service vendor.audio-hal-4-0-msd not found
[  417.432544] init: Command 'restart vendor.audio-hal-2-0' action=sys.audio.restart.hal=1 (/system/etc/init/audioserver.rc:43) took 0ms and failed: service vendor.audio-hal-2-0 not found
[  417.434426] init: Command 'restart audio-hal-2-0' action=sys.audio.restart.hal=1 (/system/etc/init/audioserver.rc:44) took 0ms and failed: service audio-hal-2-0 not found
[  417.504988] init: Command 'setprop sys.audio.restart.hal 0' action=sys.audio.restart.hal=1 (/system/etc/init/audioserver.rc:46) took 68ms and succeeded
[  420.750947] init: starting service 'audioserver'...
[  421.938247] init: processing action (init.svc.audioserver=running) from (/system/etc/init/audioserver.rc:32)
[  421.975818] init: starting service 'vendor.audio-hal'...
[  422.225440] init: Command 'start vendor.audio-hal' action=init.svc.audioserver=running (/system/etc/init/audioserver.rc:33) took 243ms and succeeded
[  422.227271] init: Command 'start vendor.audio-hal-4-0-msd' action=init.svc.audioserver=running (/system/etc/init/audioserver.rc:34) took 0ms and failed: service vendor.audio-hal-4-0-msd not found
[  422.296377] init: Command 'start vendor.audio-hal-2-0' action=init.svc.audioserver=running (/system/etc/init/audioserver.rc:36) took 0ms and failed: service vendor.audio-hal-2-0 not found
[  422.297939] init: Command 'start audio-hal-2-0' action=init.svc.audioserver=running (/system/etc/init/audioserver.rc:37) took 0ms and failed: service audio-hal-2-0 not found
[  422.683225] healthd: battery none chg=a
[  425.297241] init: Untracked pid 793 exited with status 0
[  425.337419] init: Service 'zygote' (pid 788) received signal 11
[  425.338017] init: Sending signal 9 to service 'zygote' (pid 788) process group...
[  425.343432] libprocessgroup: Successfully killed process cgroup uid 0 pid 788 in 4ms
[  425.382596] init: updatable process 'zygote' exited 4 times before boot completed
[  425.506295] init: starting service 'exec 30 (/system/bin/vdc volume abort_fuse)'...
[  425.731713] init: Command 'exec_background - system system -- /system/bin/vdc volume abort_fuse' action=onrestart (<Service 'zygote' onrestart>:1) took 248ms and succeeded
[  425.936267] init: Command 'write /sys/power/state on' action=onrestart (<Service 'zygote' onrestart>:2) took 55ms and failed: Unable to write to file '/sys/power/state': Unable to write file contents: Invalid argument
[  425.938335] init: Sending signal 9 to service 'audioserver' (pid 810) process group...
[  426.114186] libprocessgroup: Successfully killed process cgroup uid 1041 pid 810 in 145ms
[  426.203725] init: Command 'restart audioserver' action=onrestart (<Service 'zygote' onrestart>:3) took 265ms and succeeded
[  426.249202] init: Sending signal 9 to service 'cameraserver' (pid 796) process group...
[  426.632868] libprocessgroup: Successfully killed process cgroup uid 1047 pid 796 in 381ms
[  426.677065] init: Command 'restart cameraserver' action=onrestart (<Service 'zygote' onrestart>:4) took 428ms and succeeded
[  426.677861] init: Sending signal 9 to service 'media' (pid 797) process group...
[  426.929755] libprocessgroup: Successfully killed process cgroup uid 1013 pid 797 in 250ms
[  426.973495] init: Command 'restart media' action=onrestart (<Service 'zygote' onrestart>:5) took 295ms and succeeded
[  426.974264] init: Sending signal 9 to service 'netd' (pid 798) process group...
[  427.050071] libprocessgroup: Successfully killed process cgroup uid 0 pid 798 in 74ms
[  427.085851] init: Command 'restart netd' action=onrestart (<Service 'zygote' onrestart>:6) took 111ms and succeeded
[  427.086963] init: Sending signal 9 to service 'wificond' (pid 799) process group...
[  427.145788] libprocessgroup: Successfully killed process cgroup uid 1010 pid 799 in 57ms
[  427.182495] init: Command 'restart wificond' action=onrestart (<Service 'zygote' onrestart>:7) took 95ms and succeeded
[  427.244367] init: Untracked pid 795 exited with status 0
[  427.245921] init: Service 'cameraserver' (pid 796) received signal 9
[  427.297868] init: Service 'media' (pid 797) received signal 9
[  427.357245] init: Service 'netd' (pid 798) received signal 9
[  427.359325] init: Command 'restart zygote_secondary' action=onrestart (<Service 'netd' onrestart>:2) took 0ms and failed: service zygote_secondary not found
[  427.394356] init: Service 'wificond' (pid 799) received signal 9
[  427.431577] init: Service 'audioserver' (pid 810) received signal 9
[  427.504652] init: Untracked pid 811 received signal 9
[  427.505646] init: Untracked pid 812 received signal 9
[  427.514925] init: processing action (sys.init.updatable_crashing=1) from (/system/etc/init/flags_health_check.rc:10)
[  427.572393] init: starting service 'exec 31 (/system/bin/flags_health_check UPDATABLE_CRASHING)'...
[  427.678644] init: SVC_EXEC service 'exec 31 (/system/bin/flags_health_check UPDATABLE_CRASHING)' pid 830 (uid 1000 gid 1000+0 context default) started; waiting...
[  427.699991] init: Command 'exec - system system -- /system/bin/flags_health_check UPDATABLE_CRASHING' action=sys.init.updatable_crashing=1 (/system/etc/init/flags_health_check.rc:11) took 142ms and succeeded
[  427.741998] init: starting service 'zygote'...
[  427.799561] init: Created socket '/dev/socket/zygote', mode 660, user 0, group 1000
[  427.864263] init: Created socket '/dev/socket/usap_pool_primary', mode 660, user 0, group 1000
[  428.010756] init: starting service 'audioserver'...
[  429.269893] init: starting service 'cameraserver'...
[  432.254737] init: starting service 'media'...
[  434.494942] init: starting service 'netd'...
[  435.063513] init: Created socket '/dev/socket/dnsproxyd', mode 660, user 0, group 3003
[  435.509617] libprocessgroup: Failed to open /dev/cpuset/camera-daemon/tasks: No such file or directory: No such file or directory
[  435.510452] libprocessgroup: Failed to apply CameraServiceCapacity task profile: No such file or directory
[  436.012279] init: Created socket '/dev/socket/mdns', mode 660, user 0, group 1000
[  436.101096] init: Created socket '/dev/socket/fwmarkd', mode 660, user 0, group 3003
[  436.469170] init: starting service 'wificond'...
[  436.687475] init: Service 'exec 30 (/system/bin/vdc volume abort_fuse)' (pid 822) exited with status 0 oneshot service took 11.054000 seconds in background
[  436.712228] init: Sending signal 9 to service 'exec 30 (/system/bin/vdc volume abort_fuse)' (pid 822) process group...
[  436.715674] libprocessgroup: Successfully killed process cgroup uid 1000 pid 822 in 1ms
[  436.823605] init: Untracked pid 742 received signal 14
[  436.994033] init: Untracked pid 770 exited with status 0
[  437.481154] init: Service 'storaged' (pid 477) received signal 11
[  437.481863] init: Sending signal 9 to service 'storaged' (pid 477) process group...
[  437.485981] libprocessgroup: Successfully killed process cgroup uid 0 pid 477 in 2ms
[  437.546207] init: starting service 'storaged'...
[  437.547395] init: Could not open file '/d/mmc0/mmc0:0001/ext_csd': Failed to open file '/d/mmc0/mmc0:0001/ext_csd': No such file or directory
[  438.285057] init: Service 'exec 31 (/system/bin/flags_health_check UPDATABLE_CRASHING)' (pid 830) exited with status 0 waiting took 10.669000 seconds
[  438.285976] init: Sending signal 9 to service 'exec 31 (/system/bin/flags_health_check UPDATABLE_CRASHING)' (pid 830) process group...
[  438.296197] libprocessgroup: Successfully killed process cgroup uid 1000 pid 830 in 1ms
[  438.299294] init: processing action (init.svc.media=*) from (/system/etc/init/mediaserver.rc:1)
[  438.360504] init: processing action (init.svc.media=*) from (/system/etc/init/mediaserver.rc:1)
[  438.377603] init: processing action (sys.audio.restart.hal=1) from (/system/etc/init/audioserver.rc:39)
[  438.378447] init: Sending signal 9 to service 'vendor.audio-hal' (pid 814) process group...
[  438.478763] libprocessgroup: Successfully killed process cgroup uid 1041 pid 814 in 99ms
[  438.509812] init: Command 'restart vendor.audio-hal' action=sys.audio.restart.hal=1 (/system/etc/init/audioserver.rc:40) took 131ms and succeeded
[  438.511346] init: Service 'vendor.audio-hal' (pid 814) received signal 9
[  438.552850] init: Sending signal 9 to service 'audioserver' (pid 832) process group...
[  438.628340] libprocessgroup: Successfully killed process cgroup uid 1041 pid 832 in 74ms
[  438.665196] init: Command 'restart audioserver' action=onrestart (<Service 'vendor.audio-hal' onrestart>:1) took 151ms and succeeded
[  438.693554] init: Service 'audioserver' (pid 832) received signal 9
[  438.730729] init: Command 'restart vendor.audio-hal-4-0-msd' action=sys.audio.restart.hal=1 (/system/etc/init/audioserver.rc:41) took 0ms and failed: service vendor.audio-hal-4-0-msd not found
[  438.770793] init: starting service 'audioserver'...
[  438.945807] init: starting service 'vendor.audio-hal'...
[  439.081786] init: Command 'restart vendor.audio-hal-2-0' action=sys.audio.restart.hal=1 (/system/etc/init/audioserver.rc:43) took 0ms and failed: service vendor.audio-hal-2-0 not found
[  439.112175] init: Command 'restart audio-hal-2-0' action=sys.audio.restart.hal=1 (/system/etc/init/audioserver.rc:44) took 0ms and failed: service audio-hal-2-0 not found
[  439.138321] init: processing action (init.svc.audioserver=running) from (/system/etc/init/audioserver.rc:32)
[  439.169145] init: Command 'start vendor.audio-hal-4-0-msd' action=init.svc.audioserver=running (/system/etc/init/audioserver.rc:34) took 0ms and failed: service vendor.audio-hal-4-0-msd not found
[  439.269170] init: Service 'zygote' (pid 831) received signal 11
[  439.269676] init: Sending signal 9 to service 'zygote' (pid 831) process group...
[  439.271638] libprocessgroup: Successfully killed process cgroup uid 0 pid 831 in 1ms
[  439.318454] init: updatable process 'zygote' exited 4 times before boot completed
[  439.376153] init: starting service 'exec 32 (/system/bin/vdc volume abort_fuse)'...
[  439.503573] init: Command 'exec_background - system system -- /system/bin/vdc volume abort_fuse' action=onrestart (<Service 'zygote' onrestart>:1) took 134ms and succeeded
[  439.601133] init: Command 'write /sys/power/state on' action=onrestart (<Service 'zygote' onrestart>:2) took 48ms and failed: Unable to write to file '/sys/power/state': Unable to write file contents: Invalid argument
[  439.602379] init: Sending signal 9 to service 'audioserver' (pid 855) process group...
[  439.665369] libprocessgroup: Successfully killed process cgroup uid 1041 pid 855 in 62ms
[  439.701372] init: Command 'restart audioserver' action=onrestart (<Service 'zygote' onrestart>:3) took 98ms and succeeded
[  439.702178] init: Sending signal 9 to service 'cameraserver' (pid 833) process group...
[  439.810246] libprocessgroup: Successfully killed process cgroup uid 1047 pid 833 in 106ms
[  439.861362] init: Command 'restart cameraserver' action=onrestart (<Service 'zygote' onrestart>:4) took 159ms and succeeded
[  439.862157] init: Sending signal 9 to service 'media' (pid 839) process group...
[  439.905940] libprocessgroup: Successfully killed process cgroup uid 1013 pid 839 in 42ms
[  439.950328] init: Command 'restart media' action=onrestart (<Service 'zygote' onrestart>:5) took 87ms and succeeded
[  439.951501] init: Sending signal 9 to service 'netd' (pid 844) process group...
[  440.021476] libprocessgroup: Successfully killed process cgroup uid 0 pid 844 in 69ms
[  440.049035] init: Command 'restart netd' action=onrestart (<Service 'zygote' onrestart>:6) took 97ms and succeeded
[  440.050051] init: Sending signal 9 to service 'wificond' (pid 847) process group...
[  440.114900] libprocessgroup: Successfully killed process cgroup uid 1010 pid 847 in 63ms
[  440.136759] init: Command 'restart wificond' action=onrestart (<Service 'zygote' onrestart>:7) took 86ms and succeeded
[  440.155939] init: Service 'cameraserver' (pid 833) received signal 9
[  440.179587] init: Untracked pid 836 exited with status 0
[  440.192889] init: Untracked pid 838 exited with status 0
[  440.194192] init: Service 'media' (pid 839) received signal 9
[  440.219051] init: Service 'netd' (pid 844) received signal 9
[  440.245465] init: Command 'restart zygote_secondary' action=onrestart (<Service 'netd' onrestart>:2) took 0ms and failed: service zygote_secondary not found
[  440.266876] init: Service 'wificond' (pid 847) received signal 9
[  440.294133] init: Service 'audioserver' (pid 855) received signal 9
[  440.321759] init: Command 'start vendor.audio-hal-2-0' action=init.svc.audioserver=running (/system/etc/init/audioserver.rc:36) took 0ms and failed: service vendor.audio-hal-2-0 not found
[  440.340877] init: starting service 'zygote'...
[  440.371269] init: Created socket '/dev/socket/zygote', mode 660, user 0, group 1000
[  440.408926] init: Created socket '/dev/socket/usap_pool_primary', mode 660, user 0, group 1000
[  440.881067] init: starting service 'cameraserver'...
[  442.753417] init: starting service 'media'...
[  442.935681] init: starting service 'netd'...
[  443.017979] libprocessgroup: Failed to open /dev/cpuset/camera-daemon/tasks: No such file or directory: No such file or directory
[  443.018707] libprocessgroup: Failed to apply CameraServiceCapacity task profile: No such file or directory
[  443.029760] init: Created socket '/dev/socket/dnsproxyd', mode 660, user 0, group 3003
[  443.093763] init: Created socket '/dev/socket/mdns', mode 660, user 0, group 1000
[  443.149812] init: Created socket '/dev/socket/fwmarkd', mode 660, user 0, group 3003
[  443.334895] init: starting service 'wificond'...
[  443.629311] init: Command 'start audio-hal-2-0' action=init.svc.audioserver=running (/system/etc/init/audioserver.rc:37) took 0ms and failed: service audio-hal-2-0 not found
[  443.631329] init: processing action (init.svc.media=*) from (/system/etc/init/mediaserver.rc:1)
[  443.686787] init: Command 'setprop init.svc.mediadrm ${init.svc.media}' action=init.svc.media=* (/system/etc/init/mediaserver.rc:2) took 54ms and succeeded
[  443.702821] init: processing action (init.svc.mediadrm=running) from (/vendor/etc/init/android.hardware.drm@1.3-service.widevine.rc:1)
[  443.749962] init: processing action (init.svc.mediadrm=running) from (/vendor/etc/init/android.hardware.drm@1.3-service.widevine.rc:1)
[  443.785239] init: processing action (sys.audio.restart.hal=1) from (/system/etc/init/audioserver.rc:39)
[  443.786103] init: Sending signal 9 to service 'vendor.audio-hal' (pid 857) process group...
[  443.901157] libprocessgroup: Successfully killed process cgroup uid 1041 pid 857 in 113ms
[  443.940293] init: Command 'restart vendor.audio-hal' action=sys.audio.restart.hal=1 (/system/etc/init/audioserver.rc:40) took 129ms and succeeded
[  443.971278] init: starting service 'audioserver'...
[  444.190073] init: Service 'vendor.audio-hal' (pid 857) received signal 9
[  444.205032] init: Sending signal 9 to service 'audioserver' (pid 876) process group...
[  444.280456] libprocessgroup: Successfully killed process cgroup uid 1041 pid 876 in 74ms
[  444.325824] init: Command 'restart audioserver' action=onrestart (<Service 'vendor.audio-hal' onrestart>:1) took 134ms and succeeded
[  444.365125] init: Service 'exec 32 (/system/bin/vdc volume abort_fuse)' (pid 858) exited with status 0 oneshot service took 4.898000 seconds in background
[  444.366183] init: Sending signal 9 to service 'exec 32 (/system/bin/vdc volume abort_fuse)' (pid 858) process group...
[  444.405603] libprocessgroup: Successfully killed process cgroup uid 1000 pid 858 in 37ms
[  444.425731] init: Service 'audioserver' (pid 876) received signal 9
[  444.517008] init: Command 'restart vendor.audio-hal-4-0-msd' action=sys.audio.restart.hal=1 (/system/etc/init/audioserver.rc:41) took 10ms and failed: service vendor.audio-hal-4-0-msd not found
[  444.540084] init: starting service 'vendor.audio-hal'...
[  444.693163] init: Command 'restart vendor.audio-hal-2-0' action=sys.audio.restart.hal=1 (/system/etc/init/audioserver.rc:43) took 0ms and failed: service vendor.audio-hal-2-0 not found
[  444.694502] init: Command 'restart audio-hal-2-0' action=sys.audio.restart.hal=1 (/system/etc/init/audioserver.rc:44) took 0ms and failed: service audio-hal-2-0 not found
[  444.732632] init: processing action (init.svc.audioserver=running) from (/system/etc/init/audioserver.rc:32)
[  444.733767] init: Command 'start vendor.audio-hal-4-0-msd' action=init.svc.audioserver=running (/system/etc/init/audioserver.rc:34) took 0ms and failed: service vendor.audio-hal-4-0-msd not found
[  444.734885] init: Command 'start vendor.audio-hal-2-0' action=init.svc.audioserver=running (/system/etc/init/audioserver.rc:36) took 0ms and failed: service vendor.audio-hal-2-0 not found
[  444.764626] init: Command 'start audio-hal-2-0' action=init.svc.audioserver=running (/system/etc/init/audioserver.rc:37) took 0ms and failed: service audio-hal-2-0 not found
[  444.766378] init: processing action (sys.init.updatable_crashing=1) from (/system/etc/init/flags_health_check.rc:10)
[  444.802384] init: starting service 'exec 33 (/system/bin/flags_health_check UPDATABLE_CRASHING)'...
[  444.952986] init: SVC_EXEC service 'exec 33 (/system/bin/flags_health_check UPDATABLE_CRASHING)' pid 878 (uid 1000 gid 1000+0 context default) started; waiting...
[  444.954988] init: Command 'exec - system system -- /system/bin/flags_health_check UPDATABLE_CRASHING' action=sys.init.updatable_crashing=1 (/system/etc/init/flags_health_check.rc:11) took 187ms and succeeded
[  448.319006] init: Service 'exec 33 (/system/bin/flags_health_check UPDATABLE_CRASHING)' (pid 878) exited with status 0 waiting took 3.421000 seconds
[  448.319970] init: Sending signal 9 to service 'exec 33 (/system/bin/flags_health_check UPDATABLE_CRASHING)' (pid 878) process group...
[  448.323404] libprocessgroup: Successfully killed process cgroup uid 1000 pid 878 in 1ms
[  448.331332] init: processing action (init.svc.media=*) from (/system/etc/init/mediaserver.rc:1)
[  448.386763] init: processing action (init.svc.media=*) from (/system/etc/init/mediaserver.rc:1)
[  448.429391] init: processing action (sys.audio.restart.hal=1) from (/system/etc/init/audioserver.rc:39)
[  448.430150] init: Sending signal 9 to service 'vendor.audio-hal' (pid 877) process group...
[  448.468767] libprocessgroup: Successfully killed process cgroup uid 1041 pid 877 in 37ms
[  448.516118] init: Command 'restart vendor.audio-hal' action=sys.audio.restart.hal=1 (/system/etc/init/audioserver.rc:40) took 65ms and succeeded
[  448.517531] init: Service 'vendor.audio-hal' (pid 877) received signal 9
[  448.560756] init: Command 'restart vendor.audio-hal-4-0-msd' action=sys.audio.restart.hal=1 (/system/etc/init/audioserver.rc:41) took 0ms and failed: service vendor.audio-hal-4-0-msd not found
[  448.562028] init: Command 'restart vendor.audio-hal-2-0' action=sys.audio.restart.hal=1 (/system/etc/init/audioserver.rc:43) took 0ms and failed: service vendor.audio-hal-2-0 not found
[  448.563140] init: Command 'restart audio-hal-2-0' action=sys.audio.restart.hal=1 (/system/etc/init/audioserver.rc:44) took 0ms and failed: service audio-hal-2-0 not found
[  448.599445] init: processing action (init.svc.media=*) from (/system/etc/init/mediaserver.rc:1)
[  448.629721] init: processing action (init.svc.mediadrm=running) from (/vendor/etc/init/android.hardware.drm@1.3-service.widevine.rc:1)
[  448.654219] init: processing action (init.svc.audioserver=running) from (/system/etc/init/audioserver.rc:32)
[  448.677736] init: starting service 'vendor.audio-hal'...
[  448.802670] init: Command 'start vendor.audio-hal' action=init.svc.audioserver=running (/system/etc/init/audioserver.rc:33) took 146ms and succeeded
[  448.829020] init: Command 'start vendor.audio-hal-4-0-msd' action=init.svc.audioserver=running (/system/etc/init/audioserver.rc:34) took 0ms and failed: service vendor.audio-hal-4-0-msd not found
[  448.831291] init: Command 'start vendor.audio-hal-2-0' action=init.svc.audioserver=running (/system/etc/init/audioserver.rc:36) took 0ms and failed: service vendor.audio-hal-2-0 not found
[  448.869067] init: Command 'start audio-hal-2-0' action=init.svc.audioserver=running (/system/etc/init/audioserver.rc:37) took 0ms and failed: service audio-hal-2-0 not found
[  448.870490] init: processing action (sys.audio.restart.hal=1) from (/system/etc/init/audioserver.rc:39)
[  448.871171] init: Sending signal 9 to service 'vendor.audio-hal' (pid 882) process group...
[  448.952578] libprocessgroup: Successfully killed process cgroup uid 1041 pid 882 in 67ms
[  448.981234] init: Command 'restart vendor.audio-hal' action=sys.audio.restart.hal=1 (/system/etc/init/audioserver.rc:40) took 109ms and succeeded
[  448.983241] init: Service 'vendor.audio-hal' (pid 882) received signal 9
[  449.021364] init: Command 'restart vendor.audio-hal-4-0-msd' action=sys.audio.restart.hal=1 (/system/etc/init/audioserver.rc:41) took 0ms and failed: service vendor.audio-hal-4-0-msd not found
[  449.049291] init: Command 'restart vendor.audio-hal-2-0' action=sys.audio.restart.hal=1 (/system/etc/init/audioserver.rc:43) took 0ms and failed: service vendor.audio-hal-2-0 not found
[  449.050782] init: Command 'restart audio-hal-2-0' action=sys.audio.restart.hal=1 (/system/etc/init/audioserver.rc:44) took 0ms and failed: service audio-hal-2-0 not found
[  449.095465] init: starting service 'audioserver'...
[  449.325454] init: processing action (init.svc.mediadrm=running) from (/vendor/etc/init/android.hardware.drm@1.3-service.widevine.rc:1)
[  449.358927] init: processing action (init.svc.mediadrm=running) from (/vendor/etc/init/android.hardware.drm@1.3-service.widevine.rc:1)
[  449.418549] init: processing action (init.svc.mediadrm=running) from (/vendor/etc/init/android.hardware.drm@1.3-service.widevine.rc:1)
[  449.512553] init: processing action (init.svc.audioserver=running) from (/system/etc/init/audioserver.rc:32)
[  449.562110] init: starting service 'vendor.audio-hal'...
[  449.794966] init: Command 'start vendor.audio-hal' action=init.svc.audioserver=running (/system/etc/init/audioserver.rc:33) took 280ms and succeeded
[  449.829582] init: Command 'start vendor.audio-hal-4-0-msd' action=init.svc.audioserver=running (/system/etc/init/audioserver.rc:34) took 0ms and failed: service vendor.audio-hal-4-0-msd not found
[  449.830952] init: Command 'start vendor.audio-hal-2-0' action=init.svc.audioserver=running (/system/etc/init/audioserver.rc:36) took 0ms and failed: service vendor.audio-hal-2-0 not found
[  449.884739] init: Command 'start audio-hal-2-0' action=init.svc.audioserver=running (/system/etc/init/audioserver.rc:37) took 0ms and failed: service audio-hal-2-0 not found
[  458.197488] selinux: SELinux:  Could not stat /sys/devices/virtual/net/ipsec_test/queues/tx-0: No such file or directory.
[  458.198112] selinux: 
[  465.590640] init: Service 'zygote' (pid 862) received signal 11
[  465.591550] init: Sending signal 9 to service 'zygote' (pid 862) process group...
[  465.673559] libprocessgroup: Successfully killed process cgroup uid 0 pid 862 in 39ms
[  465.709612] init: updatable process 'zygote' exited 4 times before boot completed
[  465.874580] init: starting service 'exec 34 (/system/bin/vdc volume abort_fuse)'...
[  466.099406] init: Command 'exec_background - system system -- /system/bin/vdc volume abort_fuse' action=onrestart (<Service 'zygote' onrestart>:1) took 330ms and succeeded
[  466.213523] init: Command 'write /sys/power/state on' action=onrestart (<Service 'zygote' onrestart>:2) took 55ms and failed: Unable to write to file '/sys/power/state': Unable to write file contents: Invalid argument
[  466.258136] init: Sending signal 9 to service 'audioserver' (pid 886) process group...
[  466.705727] libprocessgroup: Successfully killed process cgroup uid 1041 pid 886 in 439ms
[  466.764311] init: Command 'restart audioserver' action=onrestart (<Service 'zygote' onrestart>:3) took 548ms and succeeded
[  466.765586] init: Sending signal 9 to service 'cameraserver' (pid 865) process group...
[  466.966322] libprocessgroup: Successfully killed process cgroup uid 1047 pid 865 in 199ms
[  467.012851] init: Command 'restart cameraserver' action=onrestart (<Service 'zygote' onrestart>:4) took 247ms and succeeded
[  467.013818] init: Sending signal 9 to service 'media' (pid 872) process group...
[  467.205707] libprocessgroup: Successfully killed process cgroup uid 1013 pid 872 in 190ms
[  467.230514] init: Command 'restart media' action=onrestart (<Service 'zygote' onrestart>:5) took 216ms and succeeded
[  467.232010] init: Sending signal 9 to service 'netd' (pid 874) process group...
[  467.385914] libprocessgroup: Successfully killed process cgroup uid 0 pid 874 in 127ms
[  467.421398] init: Command 'restart netd' action=onrestart (<Service 'zygote' onrestart>:6) took 189ms and succeeded
[  467.422317] init: Sending signal 9 to service 'wificond' (pid 875) process group...
[  467.486108] libprocessgroup: Successfully killed process cgroup uid 1010 pid 875 in 45ms
[  467.519545] init: Command 'restart wificond' action=onrestart (<Service 'zygote' onrestart>:7) took 96ms and succeeded
[  467.574937] init: Service 'media.swcodec' (pid 800) received signal 11
[  467.604923] init: Sending signal 9 to service 'media.swcodec' (pid 800) process group...
[  467.613360] libprocessgroup: Successfully killed process cgroup uid 1046 pid 800 in 7ms
[  467.690828] init: Untracked pid 845 received signal 14
[  467.702194] init: Untracked pid 849 exited with status 0
[  467.722434] init: Service 'cameraserver' (pid 865) received signal 9
[  467.786435] init: Untracked pid 869 exited with status 0
[  467.805022] init: Untracked pid 871 exited with status 0
[  467.817610] init: Service 'media' (pid 872) received signal 9
[  467.858798] init: Service 'netd' (pid 874) received signal 9
[  467.873388] init: Command 'restart zygote_secondary' action=onrestart (<Service 'netd' onrestart>:2) took 0ms and failed: service zygote_secondary not found
[  467.913870] init: Service 'wificond' (pid 875) received signal 9
[  467.973801] init: Service 'audioserver' (pid 886) received signal 9
[  468.040726] init: Untracked pid 912 received signal 9
[  468.042507] init: Untracked pid 916 received signal 9
[  468.069179] init: Untracked pid 919 received signal 9
[  468.070474] init: Untracked pid 921 received signal 9
[  468.071362] init: Untracked pid 883 received signal 9
[  468.093760] init: Untracked pid 884 received signal 9
[  468.095890] init: processing action (sys.init.updatable_crashing=1) from (/system/etc/init/flags_health_check.rc:10)
[  468.145363] init: starting service 'exec 35 (/system/bin/flags_health_check UPDATABLE_CRASHING)'...
[  468.261580] init: SVC_EXEC service 'exec 35 (/system/bin/flags_health_check UPDATABLE_CRASHING)' pid 939 (uid 1000 gid 1000+0 context default) started; waiting...
[  468.263540] init: Command 'exec - system system -- /system/bin/flags_health_check UPDATABLE_CRASHING' action=sys.init.updatable_crashing=1 (/system/etc/init/flags_health_check.rc:11) took 153ms and succeeded
[  468.303550] init: starting service 'zygote'...
[  468.377591] init: Created socket '/dev/socket/zygote', mode 660, user 0, group 1000
[  468.402620] init: Created socket '/dev/socket/usap_pool_primary', mode 660, user 0, group 1000
[  468.616374] init: starting service 'audioserver'...
[  471.198847] init: starting service 'cameraserver'...
[  473.857755] init: starting service 'media'...
[  476.281890] libprocessgroup: Failed to open /dev/cpuset/camera-daemon/tasks: No such file or directory: No such file or directory
[  476.283760] libprocessgroup: Failed to apply CameraServiceCapacity task profile: No such file or directory
[  476.701782] init: starting service 'netd'...
[  476.809469] init: Created socket '/dev/socket/dnsproxyd', mode 660, user 0, group 3003
[  476.878914] init: Created socket '/dev/socket/mdns', mode 660, user 0, group 1000
[  476.976611] init: Created socket '/dev/socket/fwmarkd', mode 660, user 0, group 3003
[  477.262419] init: starting service 'wificond'...
[  477.753716] init: starting service 'media.swcodec'...
[  478.281094] init: Service 'mediaextractor' (pid 801) received signal 11
[  478.282454] init: Sending signal 9 to service 'mediaextractor' (pid 801) process group...
[  478.338514] libprocessgroup: Successfully killed process cgroup uid 1040 pid 801 in 32ms
[  478.455579] init: Untracked pid 859 received signal 14
[  478.501116] init: Untracked pid 861 exited with status 0
[  478.503631] init: Service 'exec 34 (/system/bin/vdc volume abort_fuse)' (pid 936) exited with status 0 oneshot service took 12.489000 seconds in background
[  478.557757] init: Sending signal 9 to service 'exec 34 (/system/bin/vdc volume abort_fuse)' (pid 936) process group...
[  478.609386] libprocessgroup: Successfully killed process cgroup uid 1000 pid 936 in 32ms
[  478.651175] init: Service 'exec 35 (/system/bin/flags_health_check UPDATABLE_CRASHING)' (pid 939) exited with status 0 waiting took 10.444000 seconds
[  478.676344] init: Sending signal 9 to service 'exec 35 (/system/bin/flags_health_check UPDATABLE_CRASHING)' (pid 939) process group...
[  478.679400] libprocessgroup: Successfully killed process cgroup uid 1000 pid 939 in 1ms
[  478.796178] init: processing action (init.svc.media=*) from (/system/etc/init/mediaserver.rc:1)
[  478.850024] init: Command 'setprop init.svc.mediadrm ${init.svc.media}' action=init.svc.media=* (/system/etc/init/mediaserver.rc:2) took 52ms and succeeded
[  478.910090] init: starting service 'mediaextractor'...
[  479.225709] init: processing action (init.svc.media=*) from (/system/etc/init/mediaserver.rc:1)
[  479.352991] init: Command 'setprop init.svc.mediadrm ${init.svc.media}' action=init.svc.media=* (/system/etc/init/mediaserver.rc:2) took 124ms and succeeded
[  479.380328] init: processing action (sys.audio.restart.hal=1) from (/system/etc/init/audioserver.rc:39)
[  479.382554] init: Sending signal 9 to service 'vendor.audio-hal' (pid 887) process group...
[  479.583580] libprocessgroup: Successfully killed process cgroup uid 1041 pid 887 in 157ms
[  479.677726] init: Command 'restart vendor.audio-hal' action=sys.audio.restart.hal=1 (/system/etc/init/audioserver.rc:40) took 295ms and succeeded
[  479.679248] init: Service 'vendor.audio-hal' (pid 887) received signal 9
[  479.683149] init: Sending signal 9 to service 'audioserver' (pid 941) process group...
[  479.829976] libprocessgroup: Successfully killed process cgroup uid 1041 pid 941 in 72ms
[  479.897556] init: Command 'restart audioserver' action=onrestart (<Service 'vendor.audio-hal' onrestart>:1) took 217ms and succeeded
[  479.954224] init: Service 'audioserver' (pid 941) received signal 9
[  480.027139] init: Command 'restart vendor.audio-hal-4-0-msd' action=sys.audio.restart.hal=1 (/system/etc/init/audioserver.rc:41) took 0ms and failed: service vendor.audio-hal-4-0-msd not found
[  480.074892] init: starting service 'audioserver'...
[  480.297365] init: starting service 'vendor.audio-hal'...
[  480.538649] init: Command 'restart vendor.audio-hal-2-0' action=sys.audio.restart.hal=1 (/system/etc/init/audioserver.rc:43) took 0ms and failed: service vendor.audio-hal-2-0 not found
[  480.619747] init: Command 'restart audio-hal-2-0' action=sys.audio.restart.hal=1 (/system/etc/init/audioserver.rc:44) took 0ms and failed: service audio-hal-2-0 not found
[  480.673187] init: Command 'setprop sys.audio.restart.hal 0' action=sys.audio.restart.hal=1 (/system/etc/init/audioserver.rc:46) took 51ms and succeeded
[  480.717878] init: processing action (init.svc.audioserver=running) from (/system/etc/init/audioserver.rc:32)
[  480.758018] init: Command 'start vendor.audio-hal-4-0-msd' action=init.svc.audioserver=running (/system/etc/init/audioserver.rc:34) took 0ms and failed: service vendor.audio-hal-4-0-msd not found
[  480.785381] init: Command 'start vendor.audio-hal-2-0' action=init.svc.audioserver=running (/system/etc/init/audioserver.rc:36) took 0ms and failed: service vendor.audio-hal-2-0 not found
[  480.787340] init: Command 'start audio-hal-2-0' action=init.svc.audioserver=running (/system/etc/init/audioserver.rc:37) took 0ms and failed: service audio-hal-2-0 not found
[  480.829884] init: processing action (init.svc.media=*) from (/system/etc/init/mediaserver.rc:1)
[  480.901515] init: Command 'setprop init.svc.mediadrm ${init.svc.media}' action=init.svc.media=* (/system/etc/init/mediaserver.rc:2) took 70ms and succeeded
[  480.936498] init: processing action (init.svc.mediadrm=running) from (/vendor/etc/init/android.hardware.drm@1.3-service.widevine.rc:1)
[  480.941983] init: processing action (init.svc.mediadrm=running) from (/vendor/etc/init/android.hardware.drm@1.3-service.widevine.rc:1)
[  480.946147] init: processing action (sys.audio.restart.hal=1) from (/system/etc/init/audioserver.rc:39)
[  480.946861] init: Sending signal 9 to service 'vendor.audio-hal' (pid 961) process group...
[  481.174950] libprocessgroup: Successfully killed process cgroup uid 1041 pid 961 in 226ms
[  481.266283] init: Command 'restart vendor.audio-hal' action=sys.audio.restart.hal=1 (/system/etc/init/audioserver.rc:40) took 318ms and succeeded
[  481.310720] init: Service 'vendor.audio-hal' (pid 961) received signal 9
[  481.357952] init: Sending signal 9 to service 'audioserver' (pid 960) process group...
[  481.454101] libprocessgroup: Successfully killed process cgroup uid 1041 pid 960 in 94ms
[  481.521981] init: Command 'restart audioserver' action=onrestart (<Service 'vendor.audio-hal' onrestart>:1) took 210ms and succeeded
[  481.566017] init: Service 'audioserver' (pid 960) received signal 9
[  481.683984] init: Command 'restart vendor.audio-hal-4-0-msd' action=sys.audio.restart.hal=1 (/system/etc/init/audioserver.rc:41) took 0ms and failed: service vendor.audio-hal-4-0-msd not found
[  481.685341] init: Command 'restart vendor.audio-hal-2-0' action=sys.audio.restart.hal=1 (/system/etc/init/audioserver.rc:43) took 0ms and failed: service vendor.audio-hal-2-0 not found
[  481.686548] init: Command 'restart audio-hal-2-0' action=sys.audio.restart.hal=1 (/system/etc/init/audioserver.rc:44) took 0ms and failed: service audio-hal-2-0 not found
[  481.731102] init: processing action (init.svc.audioserver=running) from (/system/etc/init/audioserver.rc:32)
[  481.767730] init: starting service 'vendor.audio-hal'...
[  481.978897] init: Command 'start vendor.audio-hal' action=init.svc.audioserver=running (/system/etc/init/audioserver.rc:33) took 245ms and succeeded
[  482.001419] init: Command 'start vendor.audio-hal-4-0-msd' action=init.svc.audioserver=running (/system/etc/init/audioserver.rc:34) took 0ms and failed: service vendor.audio-hal-4-0-msd not found
[  482.002770] init: Command 'start vendor.audio-hal-2-0' action=init.svc.audioserver=running (/system/etc/init/audioserver.rc:36) took 0ms and failed: service vendor.audio-hal-2-0 not found
[  482.004025] init: Command 'start audio-hal-2-0' action=init.svc.audioserver=running (/system/etc/init/audioserver.rc:37) took 0ms and failed: service audio-hal-2-0 not found
[  482.049470] init: processing action (init.svc.mediadrm=running) from (/vendor/etc/init/android.hardware.drm@1.3-service.widevine.rc:1)
[  482.152150] init: Command 'mkdir /data/vendor/mediadrm 0770 media mediadrm' action=init.svc.mediadrm=running (/vendor/etc/init/android.hardware.drm@1.3-service.widevine.rc:2) took 101ms and succeeded
[  482.164163] init: Service 'zygote' (pid 940) received signal 11
[  482.164792] init: Sending signal 9 to service 'zygote' (pid 940) process group...
[  482.206835] libprocessgroup: Successfully killed process cgroup uid 0 pid 940 in 1ms
[  482.233878] init: updatable process 'zygote' exited 4 times before boot completed
[  482.336938] init: starting service 'exec 36 (/system/bin/vdc volume abort_fuse)'...
[  482.438330] init: Command 'exec_background - system system -- /system/bin/vdc volume abort_fuse' action=onrestart (<Service 'zygote' onrestart>:1) took 140ms and succeeded
[  482.530314] init: Command 'write /sys/power/state on' action=onrestart (<Service 'zygote' onrestart>:2) took 90ms and failed: Unable to write to file '/sys/power/state': Unable to write file contents: Invalid argument
[  482.531761] init: Sending signal 9 to service 'cameraserver' (pid 948) process group...
[  482.701227] libprocessgroup: Successfully killed process cgroup uid 1047 pid 948 in 127ms
[  482.725871] healthd: battery none chg=a
[  482.761202] init: Command 'restart cameraserver' action=onrestart (<Service 'zygote' onrestart>:4) took 229ms and succeeded
[  482.762098] init: Sending signal 9 to service 'media' (pid 950) process group...
[  482.905763] libprocessgroup: Successfully killed process cgroup uid 1013 pid 950 in 142ms
[  482.957119] init: Command 'restart media' action=onrestart (<Service 'zygote' onrestart>:5) took 194ms and succeeded
[  482.958069] init: Sending signal 9 to service 'netd' (pid 954) process group...
[  483.030542] libprocessgroup: Successfully killed process cgroup uid 0 pid 954 in 71ms
[  483.073433] init: Command 'restart netd' action=onrestart (<Service 'zygote' onrestart>:6) took 115ms and succeeded
[  483.074276] init: Sending signal 9 to service 'wificond' (pid 955) process group...
[  483.121268] libprocessgroup: Successfully killed process cgroup uid 1010 pid 955 in 45ms
[  483.148988] init: Command 'restart wificond' action=onrestart (<Service 'zygote' onrestart>:7) took 74ms and succeeded
[  483.218557] init: Untracked pid 945 exited with status 0
[  483.239130] init: Untracked pid 947 exited with status 0
[  483.240475] init: Service 'cameraserver' (pid 948) received signal 9
[  483.287733] init: Service 'media' (pid 950) received signal 9
[  483.348004] init: Service 'netd' (pid 954) received signal 9
[  483.350830] init: Command 'restart zygote_secondary' action=onrestart (<Service 'netd' onrestart>:2) took 0ms and failed: service zygote_secondary not found
[  483.409486] init: Service 'wificond' (pid 955) received signal 9
[  483.520415] init: starting service 'zygote'...
[  483.618721] init: Created socket '/dev/socket/zygote', mode 660, user 0, group 1000
[  483.693446] init: Created socket '/dev/socket/usap_pool_primary', mode 660, user 0, group 1000
[  484.290150] init: starting service 'cameraserver'...
[  486.902852] init: starting service 'media'...
[  489.037770] init: starting service 'netd'...
[  490.176753] libprocessgroup: Failed to open /dev/cpuset/camera-daemon/tasks: No such file or directory: No such file or directory
[  490.178330] libprocessgroup: Failed to apply CameraServiceCapacity task profile: No such file or directory
[  490.193797] init: Created socket '/dev/socket/dnsproxyd', mode 660, user 0, group 3003
[  492.552578] init: Created socket '/dev/socket/mdns', mode 660, user 0, group 1000
[  492.609207] init: Created socket '/dev/socket/fwmarkd', mode 660, user 0, group 3003
[  492.818758] init: starting service 'wificond'...
[  493.002515] init: processing action (sys.audio.restart.hal=1) from (/system/etc/init/audioserver.rc:39)
[  493.032828] init: Sending signal 9 to service 'vendor.audio-hal' (pid 965) process group...
[  493.078666] libprocessgroup: Successfully killed process cgroup uid 1041 pid 965 in 44ms
[  493.141510] init: Command 'restart vendor.audio-hal' action=sys.audio.restart.hal=1 (/system/etc/init/audioserver.rc:40) took 137ms and succeeded
[  493.183761] init: starting service 'audioserver'...
[  493.578620] init: Service 'vendor.audio-hal' (pid 965) received signal 9
[  493.585664] init: Sending signal 9 to service 'audioserver' (pid 983) process group...
[  493.778454] libprocessgroup: Successfully killed process cgroup uid 1041 pid 983 in 191ms
[  493.863193] init: Command 'restart audioserver' action=onrestart (<Service 'vendor.audio-hal' onrestart>:1) took 282ms and succeeded
[  493.906393] init: Service 'audioserver' (pid 983) received signal 9
[  494.048075] init: Command 'restart vendor.audio-hal-4-0-msd' action=sys.audio.restart.hal=1 (/system/etc/init/audioserver.rc:41) took 0ms and failed: service vendor.audio-hal-4-0-msd not found
[  494.099351] init: starting service 'vendor.audio-hal'...
[  494.338366] init: Service 'exec 36 (/system/bin/vdc volume abort_fuse)' (pid 966) exited with status 0 oneshot service took 11.945000 seconds in background
[  494.368782] init: Sending signal 9 to service 'exec 36 (/system/bin/vdc volume abort_fuse)' (pid 966) process group...
[  494.407782] libprocessgroup: Successfully killed process cgroup uid 1000 pid 966 in 36ms
[  494.461964] init: Command 'restart vendor.audio-hal-2-0' action=sys.audio.restart.hal=1 (/system/etc/init/audioserver.rc:43) took 0ms and failed: service vendor.audio-hal-2-0 not found
[  494.463292] init: Command 'restart audio-hal-2-0' action=sys.audio.restart.hal=1 (/system/etc/init/audioserver.rc:44) took 0ms and failed: service audio-hal-2-0 not found
[  494.526839] init: processing action (sys.init.updatable_crashing=1) from (/system/etc/init/flags_health_check.rc:10)
[  494.567694] init: starting service 'exec 37 (/system/bin/flags_health_check UPDATABLE_CRASHING)'...
[  494.836663] init: SVC_EXEC service 'exec 37 (/system/bin/flags_health_check UPDATABLE_CRASHING)' pid 987 (uid 1000 gid 1000+0 context default) started; waiting...
[  494.861240] init: Command 'exec - system system -- /system/bin/flags_health_check UPDATABLE_CRASHING' action=sys.init.updatable_crashing=1 (/system/etc/init/flags_health_check.rc:11) took 310ms and succeeded
[  498.087709] init: Service 'zygote' (pid 967) received signal 11
[  498.119620] init: Sending signal 9 to service 'zygote' (pid 967) process group...
[  498.148720] libprocessgroup: Successfully killed process cgroup uid 0 pid 967 in 25ms
[  498.151327] init: updatable process 'zygote' exited 4 times before boot completed
[  498.303964] init: starting service 'exec 38 (/system/bin/vdc volume abort_fuse)'...
[  498.494973] init: Command 'exec_background - system system -- /system/bin/vdc volume abort_fuse' action=onrestart (<Service 'zygote' onrestart>:1) took 241ms and succeeded
[  498.598180] init: Command 'write /sys/power/state on' action=onrestart (<Service 'zygote' onrestart>:2) took 101ms and failed: Unable to write to file '/sys/power/state': Unable to write file contents: Invalid argument
[  498.599659] init: Sending signal 9 to service 'cameraserver' (pid 968) process group...
[  498.828004] libprocessgroup: Successfully killed process cgroup uid 1047 pid 968 in 147ms
[  498.881884] init: Command 'restart cameraserver' action=onrestart (<Service 'zygote' onrestart>:4) took 282ms and succeeded
[  498.883008] init: Sending signal 9 to service 'media' (pid 975) process group...
[  499.082408] libprocessgroup: Successfully killed process cgroup uid 1013 pid 975 in 198ms
[  499.145816] init: Command 'restart media' action=onrestart (<Service 'zygote' onrestart>:5) took 262ms and succeeded
[  499.147027] init: Sending signal 9 to service 'netd' (pid 978) process group...
[  499.292068] libprocessgroup: Successfully killed process cgroup uid 0 pid 978 in 79ms
[  499.329295] init: Command 'restart netd' action=onrestart (<Service 'zygote' onrestart>:6) took 182ms and succeeded
[  499.330242] init: Sending signal 9 to service 'wificond' (pid 981) process group...
[  499.459322] libprocessgroup: Successfully killed process cgroup uid 1010 pid 981 in 91ms
[  499.513729] init: Command 'restart wificond' action=onrestart (<Service 'zygote' onrestart>:7) took 183ms and succeeded
[  499.576891] init: Service 'cameraserver' (pid 968) received signal 9
[  499.635978] init: Untracked pid 972 exited with status 0
[  499.637032] init: Untracked pid 974 exited with status 0
[  499.637928] init: Service 'media' (pid 975) received signal 9
[  499.689802] init: Service 'netd' (pid 978) received signal 9
[  499.691513] init: Command 'restart zygote_secondary' action=onrestart (<Service 'netd' onrestart>:2) took 0ms and failed: service zygote_secondary not found
[  499.738268] init: Service 'wificond' (pid 981) received signal 9
[  499.772986] init: Service 'exec 37 (/system/bin/flags_health_check UPDATABLE_CRASHING)' (pid 987) exited with status 0 waiting took 5.081000 seconds
[  499.773859] init: Sending signal 9 to service 'exec 37 (/system/bin/flags_health_check UPDATABLE_CRASHING)' (pid 987) process group...
[  499.775912] libprocessgroup: Successfully killed process cgroup uid 1000 pid 987 in 0ms
[  499.833463] init: processing action (init.svc.media=*) from (/system/etc/init/mediaserver.rc:1)
[  499.855551] init: starting service 'zygote'...
[  499.913734] init: Created socket '/dev/socket/zygote', mode 660, user 0, group 1000
[  499.975132] init: Created socket '/dev/socket/usap_pool_primary', mode 660, user 0, group 1000
[  500.599053] init: starting service 'audioserver'...
[  502.844021] init: starting service 'cameraserver'...
[  505.285162] init: starting service 'media'...
[  507.261668] init: starting service 'netd'...
[  507.271520] libprocessgroup: Failed to open /dev/cpuset/camera-daemon/tasks: No such file or directory: No such file or directory
[  507.308368] libprocessgroup: Failed to apply CameraServiceCapacity task profile: No such file or directory
[  507.377128] init: Created socket '/dev/socket/dnsproxyd', mode 660, user 0, group 3003
[  507.461915] init: Created socket '/dev/socket/mdns', mode 660, user 0, group 1000
[  507.534707] init: Created socket '/dev/socket/fwmarkd', mode 660, user 0, group 3003
[  507.758995] init: starting service 'wificond'...
[  507.994163] init: processing action (init.svc.media=*) from (/system/etc/init/mediaserver.rc:1)
[  508.079241] init: Command 'setprop init.svc.mediadrm ${init.svc.media}' action=init.svc.media=* (/system/etc/init/mediaserver.rc:2) took 83ms and succeeded
[  508.114235] init: processing action (init.svc.media=*) from (/system/etc/init/mediaserver.rc:1)
[  508.196257] init: Command 'setprop init.svc.mediadrm ${init.svc.media}' action=init.svc.media=* (/system/etc/init/mediaserver.rc:2) took 80ms and succeeded
[  508.198342] init: processing action (init.svc.audioserver=running) from (/system/etc/init/audioserver.rc:32)
[  508.257225] init: Command 'start vendor.audio-hal-4-0-msd' action=init.svc.audioserver=running (/system/etc/init/audioserver.rc:34) took 0ms and failed: service vendor.audio-hal-4-0-msd not found
[  508.292990] init: Command 'start vendor.audio-hal-2-0' action=init.svc.audioserver=running (/system/etc/init/audioserver.rc:36) took 33ms and failed: service vendor.audio-hal-2-0 not found
[  508.294326] init: Command 'start audio-hal-2-0' action=init.svc.audioserver=running (/system/etc/init/audioserver.rc:37) took 0ms and failed: service audio-hal-2-0 not found
[  508.341673] init: processing action (sys.audio.restart.hal=1) from (/system/etc/init/audioserver.rc:39)
[  508.342711] init: Sending signal 9 to service 'vendor.audio-hal' (pid 985) process group...
[  508.529710] libprocessgroup: Successfully killed process cgroup uid 1041 pid 985 in 165ms
[  508.584083] init: Command 'restart vendor.audio-hal' action=sys.audio.restart.hal=1 (/system/etc/init/audioserver.rc:40) took 241ms and succeeded
[  508.585211] init: Service 'vendor.audio-hal' (pid 985) received signal 9
[  508.604403] init: Sending signal 9 to service 'audioserver' (pid 1000) process group...
[  508.641463] libprocessgroup: Successfully killed process cgroup uid 1041 pid 1000 in 35ms
[  508.685290] init: Command 'restart audioserver' action=onrestart (<Service 'vendor.audio-hal' onrestart>:1) took 99ms and succeeded
[  508.748883] init: Service 'exec 38 (/system/bin/vdc volume abort_fuse)' (pid 993) exited with status 0 oneshot service took 10.361000 seconds in background
[  508.749845] init: Sending signal 9 to service 'exec 38 (/system/bin/vdc volume abort_fuse)' (pid 993) process group...
[  508.773290] libprocessgroup: Successfully killed process cgroup uid 1000 pid 993 in 22ms
[  508.800840] init: Service 'audioserver' (pid 1000) received signal 9
[  508.877114] init: Command 'restart vendor.audio-hal-4-0-msd' action=sys.audio.restart.hal=1 (/system/etc/init/audioserver.rc:41) took 0ms and failed: service vendor.audio-hal-4-0-msd not found
[  508.916279] init: starting service 'audioserver'...
[  509.193862] init: starting service 'vendor.audio-hal'...
[  509.378814] init: Command 'restart vendor.audio-hal-2-0' action=sys.audio.restart.hal=1 (/system/etc/init/audioserver.rc:43) took 0ms and failed: service vendor.audio-hal-2-0 not found
[  509.409268] init: Command 'restart audio-hal-2-0' action=sys.audio.restart.hal=1 (/system/etc/init/audioserver.rc:44) took 0ms and failed: service audio-hal-2-0 not found
[  509.462111] init: processing action (sys.init.updatable_crashing=1) from (/system/etc/init/flags_health_check.rc:10)
[  509.525566] init: starting service 'exec 39 (/system/bin/flags_health_check UPDATABLE_CRASHING)'...
[  509.822972] init: SVC_EXEC service 'exec 39 (/system/bin/flags_health_check UPDATABLE_CRASHING)' pid 1023 (uid 1000 gid 1000+0 context default) started; waiting...
[  509.832899] init: Command 'exec - system system -- /system/bin/flags_health_check UPDATABLE_CRASHING' action=sys.init.updatable_crashing=1 (/system/etc/init/flags_health_check.rc:11) took 361ms and succeeded
[  511.128889] init: Service 'zygote' (pid 998) received signal 11
[  511.129497] init: Sending signal 9 to service 'zygote' (pid 998) process group...
[  511.170262] libprocessgroup: Successfully killed process cgroup uid 0 pid 998 in 39ms
[  511.216530] init: updatable process 'zygote' exited 4 times before boot completed
[  511.394005] init: starting service 'exec 40 (/system/bin/vdc volume abort_fuse)'...
[  511.683432] init: Command 'exec_background - system system -- /system/bin/vdc volume abort_fuse' action=onrestart (<Service 'zygote' onrestart>:1) took 326ms and succeeded
[  511.858466] init: Command 'write /sys/power/state on' action=onrestart (<Service 'zygote' onrestart>:2) took 104ms and failed: Unable to write to file '/sys/power/state': Unable to write file contents: Invalid argument
[  511.859896] init: Sending signal 9 to service 'audioserver' (pid 1020) process group...
[  511.935771] libprocessgroup: Successfully killed process cgroup uid 1041 pid 1020 in 38ms
[  512.001934] init: Command 'restart audioserver' action=onrestart (<Service 'zygote' onrestart>:3) took 141ms and succeeded
[  512.052228] init: Sending signal 9 to service 'cameraserver' (pid 1008) process group...
[  512.293383] libprocessgroup: Successfully killed process cgroup uid 1047 pid 1008 in 239ms
[  512.348692] init: Command 'restart cameraserver' action=onrestart (<Service 'zygote' onrestart>:4) took 345ms and succeeded
[  512.349539] init: Sending signal 9 to service 'media' (pid 1010) process group...
[  512.539002] libprocessgroup: Successfully killed process cgroup uid 1013 pid 1010 in 172ms
[  512.601135] init: Command 'restart media' action=onrestart (<Service 'zygote' onrestart>:5) took 251ms and succeeded
[  512.602032] init: Sending signal 9 to service 'netd' (pid 1013) process group...
[  512.746358] libprocessgroup: Successfully killed process cgroup uid 0 pid 1013 in 142ms
[  512.830275] init: Command 'restart netd' action=onrestart (<Service 'zygote' onrestart>:6) took 227ms and succeeded
[  512.831655] init: Sending signal 9 to service 'wificond' (pid 1015) process group...
[  513.014203] libprocessgroup: Successfully killed process cgroup uid 1010 pid 1015 in 144ms
[  513.074547] init: Command 'restart wificond' action=onrestart (<Service 'zygote' onrestart>:7) took 242ms and succeeded
[  513.153412] init: Untracked pid 1005 exited with status 0
[  513.154427] init: Untracked pid 1007 received signal 9
[  513.194077] init: Service 'cameraserver' (pid 1008) received signal 9
[  513.294783] init: Service 'media' (pid 1010) received signal 9
[  513.382799] init: Service 'netd' (pid 1013) received signal 9
[  513.409782] init: Command 'restart zygote_secondary' action=onrestart (<Service 'netd' onrestart>:2) took 0ms and failed: service zygote_secondary not found
[  513.455736] init: Service 'wificond' (pid 1015) received signal 9
[  513.542674] init: Service 'audioserver' (pid 1020) received signal 9
[  513.662750] init: starting service 'zygote'...
[  513.766405] init: Created socket '/dev/socket/zygote', mode 660, user 0, group 1000
[  513.833087] init: Created socket '/dev/socket/usap_pool_primary', mode 660, user 0, group 1000
[  514.421675] init: starting service 'audioserver'...
[  516.909074] init: starting service 'cameraserver'...
[  517.286666] init: starting service 'media'...
[  517.529886] init: starting service 'netd'...
[  517.553273] libprocessgroup: Failed to open /dev/cpuset/camera-daemon/tasks: No such file or directory: No such file or directory
[  517.554293] libprocessgroup: Failed to apply CameraServiceCapacity task profile: No such file or directory
[  517.603532] init: Created socket '/dev/socket/dnsproxyd', mode 660, user 0, group 3003
[  517.738173] init: Created socket '/dev/socket/mdns', mode 660, user 0, group 1000
[  517.817814] init: Created socket '/dev/socket/fwmarkd', mode 660, user 0, group 3003
[  518.256939] init: starting service 'wificond'...
[  518.490632] init: Service 'exec 39 (/system/bin/flags_health_check UPDATABLE_CRASHING)' (pid 1023) exited with status 0 waiting took 8.753000 seconds
[  518.536862] init: Sending signal 9 to service 'exec 39 (/system/bin/flags_health_check UPDATABLE_CRASHING)' (pid 1023) process group...
[  518.582564] libprocessgroup: Successfully killed process cgroup uid 1000 pid 1023 in 43ms
[  518.658087] init: processing action (init.svc.media=*) from (/system/etc/init/mediaserver.rc:1)
[  518.729002] init: Service 'exec 40 (/system/bin/vdc volume abort_fuse)' (pid 1027) exited with status 0 oneshot service took 7.144000 seconds in background
[  518.730051] init: Sending signal 9 to service 'exec 40 (/system/bin/vdc volume abort_fuse)' (pid 1027) process group...
[  518.774150] libprocessgroup: Successfully killed process cgroup uid 1000 pid 1027 in 42ms
[  518.829968] init: processing action (init.svc.media=*) from (/system/etc/init/mediaserver.rc:1)
[  518.885783] init: Command 'setprop init.svc.mediadrm ${init.svc.media}' action=init.svc.media=* (/system/etc/init/mediaserver.rc:2) took 54ms and succeeded
[  518.917121] init: processing action (init.svc.audioserver=running) from (/system/etc/init/audioserver.rc:32)
[  518.919199] init: Command 'start vendor.audio-hal-4-0-msd' action=init.svc.audioserver=running (/system/etc/init/audioserver.rc:34) took 0ms and failed: service vendor.audio-hal-4-0-msd not found
[  518.954956] init: Command 'start vendor.audio-hal-2-0' action=init.svc.audioserver=running (/system/etc/init/audioserver.rc:36) took 0ms and failed: service vendor.audio-hal-2-0 not found
[  518.997600] init: Command 'start audio-hal-2-0' action=init.svc.audioserver=running (/system/etc/init/audioserver.rc:37) took 0ms and failed: service audio-hal-2-0 not found
[  519.036692] init: processing action (init.svc.media=*) from (/system/etc/init/mediaserver.rc:1)
[  519.092078] init: processing action (init.svc.mediadrm=running) from (/vendor/etc/init/android.hardware.drm@1.3-service.widevine.rc:1)
[  519.109779] init: processing action (init.svc.mediadrm=running) from (/vendor/etc/init/android.hardware.drm@1.3-service.widevine.rc:1)
[  519.154094] init: processing action (sys.audio.restart.hal=1) from (/system/etc/init/audioserver.rc:39)
[  519.188955] init: Sending signal 9 to service 'vendor.audio-hal' (pid 1021) process group...
[  519.306073] libprocessgroup: Successfully killed process cgroup uid 1041 pid 1021 in 115ms
[  519.353520] init: Command 'restart vendor.audio-hal' action=sys.audio.restart.hal=1 (/system/etc/init/audioserver.rc:40) took 164ms and succeeded
[  519.355202] init: Service 'vendor.audio-hal' (pid 1021) received signal 9
[  519.393016] init: Sending signal 9 to service 'audioserver' (pid 1032) process group...
[  519.425027] libprocessgroup: Successfully killed process cgroup uid 1041 pid 1032 in 30ms
[  519.466735] init: Command 'restart audioserver' action=onrestart (<Service 'vendor.audio-hal' onrestart>:1) took 110ms and succeeded
[  519.498862] init: Service 'audioserver' (pid 1032) received signal 9
[  519.555382] init: Command 'restart vendor.audio-hal-4-0-msd' action=sys.audio.restart.hal=1 (/system/etc/init/audioserver.rc:41) took 0ms and failed: service vendor.audio-hal-4-0-msd not found
[  519.617630] init: starting service 'vendor.audio-hal'...
[  519.809694] init: Command 'restart vendor.audio-hal-2-0' action=sys.audio.restart.hal=1 (/system/etc/init/audioserver.rc:43) took 0ms and failed: service vendor.audio-hal-2-0 not found
[  519.811838] init: Command 'restart audio-hal-2-0' action=sys.audio.restart.hal=1 (/system/etc/init/audioserver.rc:44) took 0ms and failed: service audio-hal-2-0 not found
[  519.893308] init: processing action (init.svc.audioserver=running) from (/system/etc/init/audioserver.rc:32)
[  519.894620] init: Command 'start vendor.audio-hal-4-0-msd' action=init.svc.audioserver=running (/system/etc/init/audioserver.rc:34) took 0ms and failed: service vendor.audio-hal-4-0-msd not found
[  519.895860] init: Command 'start vendor.audio-hal-2-0' action=init.svc.audioserver=running (/system/etc/init/audioserver.rc:36) took 0ms and failed: service vendor.audio-hal-2-0 not found
[  519.948960] init: Command 'start audio-hal-2-0' action=init.svc.audioserver=running (/system/etc/init/audioserver.rc:37) took 0ms and failed: service audio-hal-2-0 not found
[  519.951442] init: processing action (sys.init.updatable_crashing=1) from (/system/etc/init/flags_health_check.rc:10)
[  520.024070] init: starting service 'exec 41 (/system/bin/flags_health_check UPDATABLE_CRASHING)'...
[  520.197454] init: SVC_EXEC service 'exec 41 (/system/bin/flags_health_check UPDATABLE_CRASHING)' pid 1048 (uid 1000 gid 1000+0 context default) started; waiting...
[  520.199173] init: Command 'exec - system system -- /system/bin/flags_health_check UPDATABLE_CRASHING' action=sys.init.updatable_crashing=1 (/system/etc/init/flags_health_check.rc:11) took 205ms and succeeded
[  520.427335] init: starting service 'audioserver'...
[  525.414233] init: Service 'exec 41 (/system/bin/flags_health_check UPDATABLE_CRASHING)' (pid 1048) exited with status 0 waiting took 5.251000 seconds
[  525.479869] init: Sending signal 9 to service 'exec 41 (/system/bin/flags_health_check UPDATABLE_CRASHING)' (pid 1048) process group...
[  525.610076] libprocessgroup: Successfully killed process cgroup uid 1000 pid 1048 in 76ms
[  525.830995] init: processing action (init.svc.media=*) from (/system/etc/init/mediaserver.rc:1)
[  526.118275] init: Command 'setprop init.svc.mediadrm ${init.svc.media}' action=init.svc.media=* (/system/etc/init/mediaserver.rc:2) took 244ms and succeeded
[  526.123849] init: processing action (init.svc.media=*) from (/system/etc/init/mediaserver.rc:1)
[  526.202135] init: Command 'setprop init.svc.mediadrm ${init.svc.media}' action=init.svc.media=* (/system/etc/init/mediaserver.rc:2) took 56ms and succeeded
[  526.233981] init: processing action (sys.audio.restart.hal=1) from (/system/etc/init/audioserver.rc:39)
[  526.288824] init: Sending signal 9 to service 'vendor.audio-hal' (pid 1046) process group...
[  526.507218] libprocessgroup: Successfully killed process cgroup uid 1041 pid 1046 in 216ms
[  526.574111] init: Command 'restart vendor.audio-hal' action=sys.audio.restart.hal=1 (/system/etc/init/audioserver.rc:40) took 338ms and succeeded
[  526.605259] init: Service 'vendor.audio-hal' (pid 1046) received signal 9
[  526.650086] init: Sending signal 9 to service 'audioserver' (pid 1050) process group...
[  526.785067] libprocessgroup: Successfully killed process cgroup uid 1041 pid 1050 in 133ms
[  526.841264] init: Command 'restart audioserver' action=onrestart (<Service 'vendor.audio-hal' onrestart>:1) took 210ms and succeeded
[  526.870143] init: Service 'audioserver' (pid 1050) received signal 9
[  526.989203] init: Command 'restart vendor.audio-hal-4-0-msd' action=sys.audio.restart.hal=1 (/system/etc/init/audioserver.rc:41) took 0ms and failed: service vendor.audio-hal-4-0-msd not found
[  527.102343] init: starting service 'audioserver'...
[  527.570725] init: starting service 'vendor.audio-hal'...
[  527.798655] init: Command 'restart vendor.audio-hal-2-0' action=sys.audio.restart.hal=1 (/system/etc/init/audioserver.rc:43) took 0ms and failed: service vendor.audio-hal-2-0 not found
[  527.840705] init: Command 'restart audio-hal-2-0' action=sys.audio.restart.hal=1 (/system/etc/init/audioserver.rc:44) took 0ms and failed: service audio-hal-2-0 not found
[  527.901599] init: Command 'setprop sys.audio.restart.hal 0' action=sys.audio.restart.hal=1 (/system/etc/init/audioserver.rc:46) took 59ms and succeeded
[  527.960261] init: processing action (init.svc.audioserver=running) from (/system/etc/init/audioserver.rc:32)
[  527.961817] init: Command 'start vendor.audio-hal-4-0-msd' action=init.svc.audioserver=running (/system/etc/init/audioserver.rc:34) took 0ms and failed: service vendor.audio-hal-4-0-msd not found
[  527.963127] init: Command 'start vendor.audio-hal-2-0' action=init.svc.audioserver=running (/system/etc/init/audioserver.rc:36) took 0ms and failed: service vendor.audio-hal-2-0 not found
[  527.964211] init: Command 'start audio-hal-2-0' action=init.svc.audioserver=running (/system/etc/init/audioserver.rc:37) took 0ms and failed: service audio-hal-2-0 not found
[  528.026112] init: processing action (init.svc.media=*) from (/system/etc/init/mediaserver.rc:1)
[  528.059229] init: processing action (init.svc.mediadrm=running) from (/vendor/etc/init/android.hardware.drm@1.3-service.widevine.rc:1)
[  528.117848] init: Command 'mkdir /data/vendor/mediadrm 0770 media mediadrm' action=init.svc.mediadrm=running (/vendor/etc/init/android.hardware.drm@1.3-service.widevine.rc:2) took 57ms and succeeded
[  528.146248] init: processing action (init.svc.mediadrm=running) from (/vendor/etc/init/android.hardware.drm@1.3-service.widevine.rc:1)
[  528.193758] init: processing action (init.svc.mediadrm=running) from (/vendor/etc/init/android.hardware.drm@1.3-service.widevine.rc:1)
[  528.230633] init: processing action (sys.audio.restart.hal=1) from (/system/etc/init/audioserver.rc:39)
[  528.231402] init: Sending signal 9 to service 'vendor.audio-hal' (pid 1058) process group...
[  528.369848] libprocessgroup: Successfully killed process cgroup uid 1041 pid 1058 in 100ms
[  528.444963] init: Command 'restart vendor.audio-hal' action=sys.audio.restart.hal=1 (/system/etc/init/audioserver.rc:40) took 213ms and succeeded
[  528.446573] init: Service 'vendor.audio-hal' (pid 1058) received signal 9
[  528.489482] init: Sending signal 9 to service 'audioserver' (pid 1055) process group...
[  528.527116] libprocessgroup: Successfully killed process cgroup uid 1041 pid 1055 in 36ms
[  528.577950] init: Command 'restart audioserver' action=onrestart (<Service 'vendor.audio-hal' onrestart>:1) took 130ms and succeeded
[  528.618772] init: Service 'audioserver' (pid 1055) received signal 9
[  528.718366] init: Command 'restart vendor.audio-hal-4-0-msd' action=sys.audio.restart.hal=1 (/system/etc/init/audioserver.rc:41) took 0ms and failed: service vendor.audio-hal-4-0-msd not found
[  528.757049] init: Command 'restart vendor.audio-hal-2-0' action=sys.audio.restart.hal=1 (/system/etc/init/audioserver.rc:43) took 0ms and failed: service vendor.audio-hal-2-0 not found
[  528.758327] init: Command 'restart audio-hal-2-0' action=sys.audio.restart.hal=1 (/system/etc/init/audioserver.rc:44) took 0ms and failed: service audio-hal-2-0 not found
[  528.833622] init: Command 'setprop sys.audio.restart.hal 0' action=sys.audio.restart.hal=1 (/system/etc/init/audioserver.rc:46) took 73ms and succeeded
[  528.835699] init: processing action (init.svc.audioserver=running) from (/system/etc/init/audioserver.rc:32)
[  528.903566] init: starting service 'vendor.audio-hal'...
[  529.199117] init: Command 'start vendor.audio-hal' action=init.svc.audioserver=running (/system/etc/init/audioserver.rc:33) took 297ms and succeeded
[  529.214638] init: Command 'start vendor.audio-hal-4-0-msd' action=init.svc.audioserver=running (/system/etc/init/audioserver.rc:34) took 0ms and failed: service vendor.audio-hal-4-0-msd not found
[  529.270949] init: Command 'start vendor.audio-hal-2-0' action=init.svc.audioserver=running (/system/etc/init/audioserver.rc:36) took 0ms and failed: service vendor.audio-hal-2-0 not found
[  529.329522] init: Command 'start audio-hal-2-0' action=init.svc.audioserver=running (/system/etc/init/audioserver.rc:37) took 0ms and failed: service audio-hal-2-0 not found
[  529.332036] init: processing action (init.svc.mediadrm=running) from (/vendor/etc/init/android.hardware.drm@1.3-service.widevine.rc:1)
[  529.424252] init: processing action (init.svc.mediadrm=running) from (/vendor/etc/init/android.hardware.drm@1.3-service.widevine.rc:1)
[  529.441831] init: processing action (sys.audio.restart.hal=1) from (/system/etc/init/audioserver.rc:39)
[  529.442820] init: Sending signal 9 to service 'vendor.audio-hal' (pid 1060) process group...
[  529.549751] libprocessgroup: Successfully killed process cgroup uid 1041 pid 1060 in 80ms
[  529.590883] init: Command 'restart vendor.audio-hal' action=sys.audio.restart.hal=1 (/system/etc/init/audioserver.rc:40) took 148ms and succeeded
[  529.592247] init: Service 'vendor.audio-hal' (pid 1060) received signal 9
[  529.642952] init: Command 'restart vendor.audio-hal-4-0-msd' action=sys.audio.restart.hal=1 (/system/etc/init/audioserver.rc:41) took 0ms and failed: service vendor.audio-hal-4-0-msd not found
[  529.665097] init: Command 'restart vendor.audio-hal-2-0' action=sys.audio.restart.hal=1 (/system/etc/init/audioserver.rc:43) took 0ms and failed: service vendor.audio-hal-2-0 not found
[  529.666197] init: Command 'restart audio-hal-2-0' action=sys.audio.restart.hal=1 (/system/etc/init/audioserver.rc:44) took 0ms and failed: service audio-hal-2-0 not found
[  529.718429] init: processing action (init.svc.audioserver=running) from (/system/etc/init/audioserver.rc:32)
[  529.746966] init: starting service 'vendor.audio-hal'...
[  529.963191] init: Command 'start vendor.audio-hal' action=init.svc.audioserver=running (/system/etc/init/audioserver.rc:33) took 242ms and succeeded
[  529.989393] init: Command 'start vendor.audio-hal-4-0-msd' action=init.svc.audioserver=running (/system/etc/init/audioserver.rc:34) took 0ms and failed: service vendor.audio-hal-4-0-msd not found
[  530.018553] init: Command 'start vendor.audio-hal-2-0' action=init.svc.audioserver=running (/system/etc/init/audioserver.rc:36) took 0ms and failed: service vendor.audio-hal-2-0 not found
[  530.036857] init: Command 'start audio-hal-2-0' action=init.svc.audioserver=running (/system/etc/init/audioserver.rc:37) took 0ms and failed: service audio-hal-2-0 not found
[  530.039210] init: processing action (init.svc.mediadrm=running) from (/vendor/etc/init/android.hardware.drm@1.3-service.widevine.rc:1)
[  530.087671] init: processing action (sys.audio.restart.hal=1) from (/system/etc/init/audioserver.rc:39)
[  530.109169] init: Sending signal 9 to service 'vendor.audio-hal' (pid 1061) process group...
[  530.237809] libprocessgroup: Successfully killed process cgroup uid 1041 pid 1061 in 97ms
[  530.290578] init: Command 'restart vendor.audio-hal' action=sys.audio.restart.hal=1 (/system/etc/init/audioserver.rc:40) took 181ms and succeeded
[  530.316466] init: Service 'vendor.audio-hal' (pid 1061) received signal 9
[  530.350329] init: Command 'restart vendor.audio-hal-4-0-msd' action=sys.audio.restart.hal=1 (/system/etc/init/audioserver.rc:41) took 0ms and failed: service vendor.audio-hal-4-0-msd not found
[  530.351773] init: Command 'restart vendor.audio-hal-2-0' action=sys.audio.restart.hal=1 (/system/etc/init/audioserver.rc:43) took 0ms and failed: service vendor.audio-hal-2-0 not found
[  530.389353] init: Command 'restart audio-hal-2-0' action=sys.audio.restart.hal=1 (/system/etc/init/audioserver.rc:44) took 0ms and failed: service audio-hal-2-0 not found
[  532.209017] init: starting service 'audioserver'...
[  534.135111] init: processing action (init.svc.audioserver=running) from (/system/etc/init/audioserver.rc:32)
[  534.547865] init: starting service 'vendor.audio-hal'...
[  537.542856] init: Command 'start vendor.audio-hal' action=init.svc.audioserver=running (/system/etc/init/audioserver.rc:33) took 2997ms and succeeded
[  537.614474] init: Command 'start vendor.audio-hal-4-0-msd' action=init.svc.audioserver=running (/system/etc/init/audioserver.rc:34) took 0ms and failed: service vendor.audio-hal-4-0-msd not found
[  537.615959] init: Command 'start vendor.audio-hal-2-0' action=init.svc.audioserver=running (/system/etc/init/audioserver.rc:36) took 0ms and failed: service vendor.audio-hal-2-0 not found
[  537.652883] init: Command 'start audio-hal-2-0' action=init.svc.audioserver=running (/system/etc/init/audioserver.rc:37) took 0ms and failed: service audio-hal-2-0 not found
[  537.825636] init: Untracked pid 1011 received signal 14
[  537.885104] init: Untracked pid 1016 exited with status 0
[  537.957643] init: Service 'media.swcodec' (pid 956) received signal 11
[  537.958522] init: Sending signal 9 to service 'media.swcodec' (pid 956) process group...
[  537.961519] libprocessgroup: Successfully killed process cgroup uid 1046 pid 956 in 1ms
[  538.142802] init: starting service 'media.swcodec'...
[  542.765799] init: Untracked pid 1028 received signal 14
[  542.783432] init: Untracked pid 1030 exited with status 0
[  542.899308] init: Service 'mediaextractor' (pid 958) received signal 11
[  542.900782] init: Sending signal 9 to service 'mediaextractor' (pid 958) process group...
[  542.908610] libprocessgroup: Successfully killed process cgroup uid 1040 pid 958 in 6ms
[  542.967222] healthd: battery none chg=a
[  543.090440] init: starting service 'mediaextractor'...
[  544.008748] selinux: SELinux: Could not get canonical path for /sys/devices/virtual/net/ipsec_test/queues/tx-0 restorecon: No such file or directory.
[  544.009562] selinux: 
[  544.011296] ueventd: selinux_android_restorecon(/sys/devices/virtual/net/ipsec_test/queues/tx-0) failed: No such file or directory
[  545.371102] init: Service 'zygote' (pid 1031) received signal 11
[  545.372203] init: Sending signal 9 to service 'zygote' (pid 1031) process group...
[  545.444438] libprocessgroup: Successfully killed process cgroup uid 0 pid 1031 in 2ms
[  545.517236] init: updatable process 'zygote' exited 4 times before boot completed
[  545.709710] init: starting service 'exec 42 (/system/bin/vdc volume abort_fuse)'...
[  545.970940] init: Command 'exec_background - system system -- /system/bin/vdc volume abort_fuse' action=onrestart (<Service 'zygote' onrestart>:1) took 355ms and succeeded
[  546.169498] init: Command 'write /sys/power/state on' action=onrestart (<Service 'zygote' onrestart>:2) took 161ms and failed: Unable to write to file '/sys/power/state': Unable to write file contents: Invalid argument
[  546.233936] init: Sending signal 9 to service 'audioserver' (pid 1062) process group...
[  546.658262] libprocessgroup: Successfully killed process cgroup uid 1041 pid 1062 in 422ms
[  546.719360] init: Command 'restart audioserver' action=onrestart (<Service 'zygote' onrestart>:3) took 486ms and succeeded
[  546.745634] init: Sending signal 9 to service 'cameraserver' (pid 1038) process group...
[  546.797650] libprocessgroup: getpgid(1100) failed: No such process
[  547.004926] libprocessgroup: Successfully killed process cgroup uid 1047 pid 1038 in 248ms
[  547.037476] init: Command 'restart cameraserver' action=onrestart (<Service 'zygote' onrestart>:4) took 292ms and succeeded
[  547.038568] init: Sending signal 9 to service 'media' (pid 1039) process group...
[  547.192511] libprocessgroup: Successfully killed process cgroup uid 1013 pid 1039 in 152ms
[  547.230299] init: Command 'restart media' action=onrestart (<Service 'zygote' onrestart>:5) took 186ms and succeeded
[  547.231562] init: Sending signal 9 to service 'netd' (pid 1040) process group...
[  547.366485] libprocessgroup: Successfully killed process cgroup uid 0 pid 1040 in 118ms
[  547.393341] init: Command 'restart netd' action=onrestart (<Service 'zygote' onrestart>:6) took 162ms and succeeded
[  547.394161] init: Sending signal 9 to service 'wificond' (pid 1043) process group...
[  547.446570] libprocessgroup: Successfully killed process cgroup uid 1010 pid 1043 in 51ms
[  547.467068] init: Command 'restart wificond' action=onrestart (<Service 'zygote' onrestart>:7) took 72ms and succeeded
[  547.508249] init: Untracked pid 1035 exited with status 0
[  547.509190] init: Untracked pid 1037 exited with status 0
[  547.510166] init: Service 'cameraserver' (pid 1038) received signal 9
[  547.554791] init: Service 'media' (pid 1039) received signal 9
[  547.622035] init: Service 'netd' (pid 1040) received signal 9
[  547.634006] init: Command 'restart zygote_secondary' action=onrestart (<Service 'netd' onrestart>:2) took 0ms and failed: service zygote_secondary not found
[  547.658683] init: Service 'wificond' (pid 1043) received signal 9
[  547.707127] init: Service 'audioserver' (pid 1062) received signal 9
[  547.777190] init: Untracked pid 1084 received signal 9
[  547.778100] init: Untracked pid 1091 received signal 9
[  547.779846] init: Untracked pid 1093 received signal 9
[  547.797594] init: Untracked pid 1102 received signal 9
[  547.798703] init: Untracked pid 1052 received signal 9
[  547.814120] init: Untracked pid 1053 received signal 9
[  547.833620] init: processing action (sys.init.updatable_crashing=1) from (/system/etc/init/flags_health_check.rc:10)
[  547.880401] init: starting service 'exec 43 (/system/bin/flags_health_check UPDATABLE_CRASHING)'...
[  547.940480] init: SVC_EXEC service 'exec 43 (/system/bin/flags_health_check UPDATABLE_CRASHING)' pid 1105 (uid 1000 gid 1000+0 context default) started; waiting...
[  547.942626] init: Command 'exec - system system -- /system/bin/flags_health_check UPDATABLE_CRASHING' action=sys.init.updatable_crashing=1 (/system/etc/init/flags_health_check.rc:11) took 107ms and succeeded
[  547.970904] init: starting service 'zygote'...
[  548.052480] init: Created socket '/dev/socket/zygote', mode 660, user 0, group 1000
[  548.097667] init: Created socket '/dev/socket/usap_pool_primary', mode 660, user 0, group 1000
[  548.536613] init: starting service 'audioserver'...
[  551.185564] init: starting service 'cameraserver'...
[  554.116786] init: starting service 'media'...
[  555.553457] init: starting service 'netd'...
[  555.577446] libprocessgroup: Failed to open /dev/cpuset/camera-daemon/tasks: No such file or directory: No such file or directory
[  555.578936] libprocessgroup: Failed to apply CameraServiceCapacity task profile: No such file or directory
[  555.664818] init: Created socket '/dev/socket/dnsproxyd', mode 660, user 0, group 3003
[  555.682301] type=1400 audit(1790544512.880:4): avc: denied { getattr } for comm=73796E6320737663203138 path="/data/tombstones" dev="dm-4" ino=131084 scontext=u:r:adbd:s0 tcontext=u:object_r:tombstone_data_file:s0 tclass=dir permissive=0
[  555.750766] init: Created socket '/dev/socket/mdns', mode 660, user 0, group 1000
[  555.836353] init: Created socket '/dev/socket/fwmarkd', mode 660, user 0, group 3003
[  556.143364] init: starting service 'wificond'...
[  556.491633] init: Service 'adbd' (pid 408) exited with status 1
[  556.492985] init: Sending signal 9 to service 'adbd' (pid 408) process group...
[  556.495987] libprocessgroup: Successfully killed process cgroup uid 0 pid 408 in 1ms
[  556.604471] init: Service 'exec 42 (/system/bin/vdc volume abort_fuse)' (pid 1099) exited with status 0 oneshot service took 10.740000 seconds in background
[  556.605470] init: Sending signal 9 to service 'exec 42 (/system/bin/vdc volume abort_fuse)' (pid 1099) process group...
[  556.629732] libprocessgroup: Successfully killed process cgroup uid 1000 pid 1099 in 22ms
[  556.682671] init: starting service 'adbd'...
[  556.797789] init: Created socket '/dev/socket/adbd', mode 660, user 1000, group 1000
[  558.342413] init: Service 'exec 43 (/system/bin/flags_health_check UPDATABLE_CRASHING)' (pid 1105) exited with status 0 waiting took 10.446000 seconds
[  558.343250] init: Sending signal 9 to service 'exec 43 (/system/bin/flags_health_check UPDATABLE_CRASHING)' (pid 1105) process group...
[  558.346624] libprocessgroup: Successfully killed process cgroup uid 1000 pid 1105 in 1ms
[  558.369006] init: processing action (init.svc.media=*) from (/system/etc/init/mediaserver.rc:1)
[  558.436662] init: processing action (init.svc.media=*) from (/system/etc/init/mediaserver.rc:1)
[  558.466458] init: processing action (sys.audio.restart.hal=1) from (/system/etc/init/audioserver.rc:39)
[  558.467326] init: Sending signal 9 to service 'vendor.audio-hal' (pid 1063) process group...
[  558.555378] libprocessgroup: Successfully killed process cgroup uid 1041 pid 1063 in 86ms
[  558.599681] init: Command 'restart vendor.audio-hal' action=sys.audio.restart.hal=1 (/system/etc/init/audioserver.rc:40) took 132ms and succeeded
[  558.621390] init: Service 'vendor.audio-hal' (pid 1063) received signal 9
[  558.645080] init: Sending signal 9 to service 'audioserver' (pid 1107) process group...
[  558.733414] libprocessgroup: Successfully killed process cgroup uid 1041 pid 1107 in 87ms
[  558.775130] init: Command 'restart audioserver' action=onrestart (<Service 'vendor.audio-hal' onrestart>:1) took 152ms and succeeded
[  558.811694] init: Service 'audioserver' (pid 1107) received signal 9
[  558.938787] init: Command 'restart vendor.audio-hal-4-0-msd' action=sys.audio.restart.hal=1 (/system/etc/init/audioserver.rc:41) took 0ms and failed: service vendor.audio-hal-4-0-msd not found
[  558.998226] init: starting service 'audioserver'...
[  559.294371] init: starting service 'vendor.audio-hal'...
[  559.534628] init: Command 'restart vendor.audio-hal-2-0' action=sys.audio.restart.hal=1 (/system/etc/init/audioserver.rc:43) took 0ms and failed: service vendor.audio-hal-2-0 not found
[  559.601207] init: Command 'restart audio-hal-2-0' action=sys.audio.restart.hal=1 (/system/etc/init/audioserver.rc:44) took 64ms and failed: service audio-hal-2-0 not found
[  559.653918] init: Command 'setprop sys.audio.restart.hal 0' action=sys.audio.restart.hal=1 (/system/etc/init/audioserver.rc:46) took 51ms and succeeded
[  559.703542] init: processing action (init.svc.audioserver=running) from (/system/etc/init/audioserver.rc:32)
[  559.729238] init: Command 'start vendor.audio-hal-4-0-msd' action=init.svc.audioserver=running (/system/etc/init/audioserver.rc:34) took 0ms and failed: service vendor.audio-hal-4-0-msd not found
[  559.772237] init: Command 'start vendor.audio-hal-2-0' action=init.svc.audioserver=running (/system/etc/init/audioserver.rc:36) took 0ms and failed: service vendor.audio-hal-2-0 not found
[  559.773887] init: Command 'start audio-hal-2-0' action=init.svc.audioserver=running (/system/etc/init/audioserver.rc:37) took 0ms and failed: service audio-hal-2-0 not found
[  559.775621] init: processing action (init.svc.media=*) from (/system/etc/init/mediaserver.rc:1)
[  559.842708] init: processing action (init.svc.mediadrm=running) from (/vendor/etc/init/android.hardware.drm@1.3-service.widevine.rc:1)
[  559.885664] init: processing action (init.svc.mediadrm=running) from (/vendor/etc/init/android.hardware.drm@1.3-service.widevine.rc:1)
[  559.949950] init: processing action (sys.audio.restart.hal=1) from (/system/etc/init/audioserver.rc:39)
[  559.950742] init: Sending signal 9 to service 'vendor.audio-hal' (pid 1129) process group...
[  560.100065] libprocessgroup: Successfully killed process cgroup uid 1041 pid 1129 in 136ms
[  560.138394] init: Command 'restart vendor.audio-hal' action=sys.audio.restart.hal=1 (/system/etc/init/audioserver.rc:40) took 187ms and succeeded
[  560.165501] init: Service 'vendor.audio-hal' (pid 1129) received signal 9
[  560.181244] init: Sending signal 9 to service 'audioserver' (pid 1127) process group...
[  560.241733] libprocessgroup: Successfully killed process cgroup uid 1041 pid 1127 in 58ms
[  560.304758] init: Command 'restart audioserver' action=onrestart (<Service 'vendor.audio-hal' onrestart>:1) took 114ms and succeeded
[  560.338195] init: Service 'audioserver' (pid 1127) received signal 9
[  560.403554] init: Command 'restart vendor.audio-hal-4-0-msd' action=sys.audio.restart.hal=1 (/system/etc/init/audioserver.rc:41) took 0ms and failed: service vendor.audio-hal-4-0-msd not found
[  560.423705] init: Command 'restart vendor.audio-hal-2-0' action=sys.audio.restart.hal=1 (/system/etc/init/audioserver.rc:43) took 0ms and failed: service vendor.audio-hal-2-0 not found
[  560.446643] init: Command 'restart audio-hal-2-0' action=sys.audio.restart.hal=1 (/system/etc/init/audioserver.rc:44) took 0ms and failed: service audio-hal-2-0 not found
[  560.494909] init: processing action (init.svc.audioserver=running) from (/system/etc/init/audioserver.rc:32)
[  560.519503] init: starting service 'vendor.audio-hal'...
[  560.741822] init: Command 'start vendor.audio-hal' action=init.svc.audioserver=running (/system/etc/init/audioserver.rc:33) took 244ms and succeeded
[  560.754152] init: Command 'start vendor.audio-hal-4-0-msd' action=init.svc.audioserver=running (/system/etc/init/audioserver.rc:34) took 9ms and failed: service vendor.audio-hal-4-0-msd not found
[  560.800821] init: Command 'start vendor.audio-hal-2-0' action=init.svc.audioserver=running (/system/etc/init/audioserver.rc:36) took 0ms and failed: service vendor.audio-hal-2-0 not found
[  560.802326] init: Command 'start audio-hal-2-0' action=init.svc.audioserver=running (/system/etc/init/audioserver.rc:37) took 0ms and failed: service audio-hal-2-0 not found
[  560.836961] init: processing action (init.svc.mediadrm=running) from (/vendor/etc/init/android.hardware.drm@1.3-service.widevine.rc:1)
[  560.862276] init: processing action (sys.audio.restart.hal=1) from (/system/etc/init/audioserver.rc:39)
[  560.862957] init: Sending signal 9 to service 'vendor.audio-hal' (pid 1131) process group...
[  561.006317] libprocessgroup: Successfully killed process cgroup uid 1041 pid 1131 in 142ms
[  561.034567] init: Command 'restart vendor.audio-hal' action=sys.audio.restart.hal=1 (/system/etc/init/audioserver.rc:40) took 171ms and succeeded
[  561.035700] init: Service 'vendor.audio-hal' (pid 1131) received signal 9
[  561.074870] init: Command 'restart vendor.audio-hal-4-0-msd' action=sys.audio.restart.hal=1 (/system/etc/init/audioserver.rc:41) took 0ms and failed: service vendor.audio-hal-4-0-msd not found
[  561.112078] init: Command 'restart vendor.audio-hal-2-0' action=sys.audio.restart.hal=1 (/system/etc/init/audioserver.rc:43) took 35ms and failed: service vendor.audio-hal-2-0 not found
[  561.113333] init: Command 'restart audio-hal-2-0' action=sys.audio.restart.hal=1 (/system/etc/init/audioserver.rc:44) took 0ms and failed: service audio-hal-2-0 not found
[  561.437780] init: Untracked pid 1112 exited with status 0
[  561.473518] init: Service 'zygote' (pid 1106) received signal 11
[  561.474070] init: Sending signal 9 to service 'zygote' (pid 1106) process group...
[  561.475878] libprocessgroup: Successfully killed process cgroup uid 0 pid 1106 in 0ms
[  561.507005] init: updatable process 'zygote' exited 4 times before boot completed
[  561.584734] init: starting service 'exec 44 (/system/bin/vdc volume abort_fuse)'...
[  561.769275] init: Command 'exec_background - system system -- /system/bin/vdc volume abort_fuse' action=onrestart (<Service 'zygote' onrestart>:1) took 130ms and succeeded
[  561.813992] init: Command 'write /sys/power/state on' action=onrestart (<Service 'zygote' onrestart>:2) took 43ms and failed: Unable to write to file '/sys/power/state': Unable to write file contents: Invalid argument
[  561.815128] init: Sending signal 9 to service 'cameraserver' (pid 1115) process group...
[  561.969791] libprocessgroup: Successfully killed process cgroup uid 1047 pid 1115 in 153ms
[  562.005692] init: Command 'restart cameraserver' action=onrestart (<Service 'zygote' onrestart>:4) took 190ms and succeeded
[  562.009308] init: Sending signal 9 to service 'media' (pid 1116) process group...
[  562.204857] libprocessgroup: Successfully killed process cgroup uid 1013 pid 1116 in 194ms
[  562.233619] init: Command 'restart media' action=onrestart (<Service 'zygote' onrestart>:5) took 224ms and succeeded
[  562.234413] init: Sending signal 9 to service 'netd' (pid 1119) process group...
[  562.309008] libprocessgroup: Successfully killed process cgroup uid 0 pid 1119 in 73ms
[  562.331473] init: Command 'restart netd' action=onrestart (<Service 'zygote' onrestart>:6) took 97ms and succeeded
[  562.339965] init: Sending signal 9 to service 'wificond' (pid 1121) process group...
[  562.370866] libprocessgroup: Successfully killed process cgroup uid 1010 pid 1121 in 29ms
[  562.397654] init: Command 'restart wificond' action=onrestart (<Service 'zygote' onrestart>:7) took 57ms and succeeded
[  562.430658] init: Untracked pid 1114 exited with status 0
[  562.449501] init: Service 'cameraserver' (pid 1115) received signal 9
[  562.478467] init: Service 'media' (pid 1116) received signal 9
[  562.509781] init: Service 'netd' (pid 1119) received signal 9
[  562.511356] init: Command 'restart zygote_secondary' action=onrestart (<Service 'netd' onrestart>:2) took 0ms and failed: service zygote_secondary not found
[  562.550676] init: Service 'wificond' (pid 1121) received signal 9
[  562.596844] init: processing action (sys.init.updatable_crashing=1) from (/system/etc/init/flags_health_check.rc:10)
[  562.614467] init: starting service 'exec 45 (/system/bin/flags_health_check UPDATABLE_CRASHING)'...
[  562.707415] init: SVC_EXEC service 'exec 45 (/system/bin/flags_health_check UPDATABLE_CRASHING)' pid 1146 (uid 1000 gid 1000+0 context default) started; waiting...
[  562.726857] init: Command 'exec - system system -- /system/bin/flags_health_check UPDATABLE_CRASHING' action=sys.init.updatable_crashing=1 (/system/etc/init/flags_health_check.rc:11) took 128ms and succeeded
[  562.751577] init: starting service 'zygote'...
[  562.795725] init: Created socket '/dev/socket/zygote', mode 660, user 0, group 1000
[  562.833431] init: Created socket '/dev/socket/usap_pool_primary', mode 660, user 0, group 1000
[  562.964257] init: starting service 'cameraserver'...
[  564.367461] init: starting service 'media'...
[  565.301210] init: starting service 'netd'...
[  565.368960] init: Created socket '/dev/socket/dnsproxyd', mode 660, user 0, group 3003
[  565.373450] libprocessgroup: Failed to open /dev/cpuset/camera-daemon/tasks: No such file or directory: No such file or directory
[  565.374283] libprocessgroup: Failed to apply CameraServiceCapacity task profile: No such file or directory
[  565.432923] init: Created socket '/dev/socket/mdns', mode 660, user 0, group 1000
[  565.470860] init: Created socket '/dev/socket/fwmarkd', mode 660, user 0, group 3003
[  565.809146] init: starting service 'wificond'...
[  566.130650] init: starting service 'vendor.audio-hal'...
[  566.474370] init: Service 'exec 44 (/system/bin/vdc volume abort_fuse)' (pid 1143) exited with status 0 oneshot service took 4.839000 seconds in background
[  566.494170] init: Sending signal 9 to service 'exec 44 (/system/bin/vdc volume abort_fuse)' (pid 1143) process group...
[  566.542990] libprocessgroup: Successfully killed process cgroup uid 1000 pid 1143 in 46ms
[  566.701602] init: starting service 'audioserver'...
[  571.165011] init: Service 'exec 45 (/system/bin/flags_health_check UPDATABLE_CRASHING)' (pid 1146) exited with status 0 waiting took 8.478000 seconds
[  571.167381] init: Sending signal 9 to service 'exec 45 (/system/bin/flags_health_check UPDATABLE_CRASHING)' (pid 1146) process group...
[  571.345321] libprocessgroup: Successfully killed process cgroup uid 1000 pid 1146 in 55ms
[  572.129736] init: processing action (init.svc.media=*) from (/system/etc/init/mediaserver.rc:1)
[  572.702862] init: Command 'setprop init.svc.mediadrm ${init.svc.media}' action=init.svc.media=* (/system/etc/init/mediaserver.rc:2) took 571ms and succeeded
[  573.157796] init: processing action (init.svc.media=*) from (/system/etc/init/mediaserver.rc:1)
[  573.642998] init: Command 'setprop init.svc.mediadrm ${init.svc.media}' action=init.svc.media=* (/system/etc/init/mediaserver.rc:2) took 483ms and succeeded
[  573.883262] init: processing action (init.svc.media=*) from (/system/etc/init/mediaserver.rc:1)
[  574.624776] init: Command 'setprop init.svc.mediadrm ${init.svc.media}' action=init.svc.media=* (/system/etc/init/mediaserver.rc:2) took 343ms and succeeded
[  575.041501] init: processing action (init.svc.audioserver=running) from (/system/etc/init/audioserver.rc:32)
[  575.553195] init: Command 'start vendor.audio-hal-4-0-msd' action=init.svc.audioserver=running (/system/etc/init/audioserver.rc:34) took 0ms and failed: service vendor.audio-hal-4-0-msd not found
[  575.821665] init: Command 'start vendor.audio-hal-2-0' action=init.svc.audioserver=running (/system/etc/init/audioserver.rc:36) took 0ms and failed: service vendor.audio-hal-2-0 not found
[  576.149855] init: Command 'start audio-hal-2-0' action=init.svc.audioserver=running (/system/etc/init/audioserver.rc:37) took 0ms and failed: service audio-hal-2-0 not found
[  576.481614] init: processing action (init.svc.mediadrm=running) from (/vendor/etc/init/android.hardware.drm@1.3-service.widevine.rc:1)
[  576.921219] init: Command 'mkdir /data/vendor/mediadrm 0770 media mediadrm' action=init.svc.mediadrm=running (/vendor/etc/init/android.hardware.drm@1.3-service.widevine.rc:2) took 438ms and succeeded
[  576.937975] init: processing action (init.svc.mediadrm=running) from (/vendor/etc/init/android.hardware.drm@1.3-service.widevine.rc:1)
[  577.334291] init: Command 'mkdir /data/vendor/mediadrm 0770 media mediadrm' action=init.svc.mediadrm=running (/vendor/etc/init/android.hardware.drm@1.3-service.widevine.rc:2) took 395ms and succeeded
[  577.629408] init: Command 'start vendor.move_data_sh' action=init.svc.mediadrm=running (/vendor/etc/init/android.hardware.drm@1.3-service.widevine.rc:3) took 293ms and succeeded
[  577.630480] init: processing action (init.svc.mediadrm=running) from (/vendor/etc/init/android.hardware.drm@1.3-service.widevine.rc:1)
[  577.696653] init: Command 'mkdir /data/vendor/mediadrm 0770 media mediadrm' action=init.svc.mediadrm=running (/vendor/etc/init/android.hardware.drm@1.3-service.widevine.rc:2) took 65ms and succeeded
[  578.016853] init: Untracked pid 1075 received signal 14
[  578.481298] init: Untracked pid 1104 exited with status 0
[  578.695025] init: Service 'storaged' (pid 853) received signal 11
[  578.696925] init: Sending signal 9 to service 'storaged' (pid 853) process group...
[  578.700321] libprocessgroup: Successfully killed process cgroup uid 0 pid 853 in 1ms
[  578.832205] init: starting service 'storaged'...
[  578.882072] init: Could not open file '/d/mmc0/mmc0:0001/ext_csd': Failed to open file '/d/mmc0/mmc0:0001/ext_csd': No such file or directory
[  583.102442] init: Service 'zygote' (pid 1147) received signal 11
[  583.103231] init: Sending signal 9 to service 'zygote' (pid 1147) process group...
[  583.127649] libprocessgroup: Successfully killed process cgroup uid 0 pid 1147 in 23ms
[  583.134412] init: updatable process 'zygote' exited 4 times before boot completed
[  583.231982] init: starting service 'exec 46 (/system/bin/vdc volume abort_fuse)'...
[  583.406859] init: Command 'exec_background - system system -- /system/bin/vdc volume abort_fuse' action=onrestart (<Service 'zygote' onrestart>:1) took 211ms and succeeded
[  583.574302] init: Command 'write /sys/power/state on' action=onrestart (<Service 'zygote' onrestart>:2) took 104ms and failed: Unable to write to file '/sys/power/state': Unable to write file contents: Invalid argument
[  583.613531] init: Sending signal 9 to service 'audioserver' (pid 1159) process group...
[  584.029574] libprocessgroup: Successfully killed process cgroup uid 1041 pid 1159 in 414ms
[  584.081686] init: Command 'restart audioserver' action=onrestart (<Service 'zygote' onrestart>:3) took 505ms and succeeded
[  584.082682] init: Sending signal 9 to service 'cameraserver' (pid 1148) process group...
[  584.461920] libprocessgroup: Successfully killed process cgroup uid 1047 pid 1148 in 345ms
[  584.558584] init: Command 'restart cameraserver' action=onrestart (<Service 'zygote' onrestart>:4) took 475ms and succeeded
[  584.559632] init: Sending signal 9 to service 'media' (pid 1154) process group...
[  585.032860] libprocessgroup: Successfully killed process cgroup uid 1013 pid 1154 in 434ms
[  585.069598] init: Command 'restart media' action=onrestart (<Service 'zygote' onrestart>:5) took 509ms and succeeded
[  585.070399] init: Sending signal 9 to service 'netd' (pid 1155) process group...
[  585.262810] libprocessgroup: Successfully killed process cgroup uid 0 pid 1155 in 191ms
[  585.301414] init: Command 'restart netd' action=onrestart (<Service 'zygote' onrestart>:6) took 230ms and succeeded
[  585.302388] init: Sending signal 9 to service 'wificond' (pid 1156) process group...
[  585.405378] libprocessgroup: Successfully killed process cgroup uid 1010 pid 1156 in 101ms
[  585.498723] init: Command 'restart wificond' action=onrestart (<Service 'zygote' onrestart>:7) took 196ms and succeeded
[  585.620727] init: Service 'cameraserver' (pid 1148) received signal 9
[  585.719300] init: Untracked pid 1151 exited with status 0
[  585.740423] init: Untracked pid 1153 exited with status 0
[  585.742024] init: Service 'media' (pid 1154) received signal 9
[  585.901902] init: Service 'netd' (pid 1155) received signal 9
[  585.942146] init: Command 'restart zygote_secondary' action=onrestart (<Service 'netd' onrestart>:2) took 0ms and failed: service zygote_secondary not found
[  586.019304] init: Service 'wificond' (pid 1156) received signal 9
[  586.145243] init: Service 'audioserver' (pid 1159) received signal 9
[  586.278249] init: Untracked pid 1176 received signal 9
[  586.321309] init: Untracked pid 1177 received signal 9
[  586.338375] init: processing action (sys.init.updatable_crashing=1) from (/system/etc/init/flags_health_check.rc:10)
[  586.436783] init: starting service 'exec 47 (/system/bin/flags_health_check UPDATABLE_CRASHING)'...
[  586.636568] init: SVC_EXEC service 'exec 47 (/system/bin/flags_health_check UPDATABLE_CRASHING)' pid 1181 (uid 1000 gid 1000+0 context default) started; waiting...
[  586.638466] init: Command 'exec - system system -- /system/bin/flags_health_check UPDATABLE_CRASHING' action=sys.init.updatable_crashing=1 (/system/etc/init/flags_health_check.rc:11) took 256ms and succeeded
[  586.728790] init: starting service 'zygote'...
[  586.810466] init: Created socket '/dev/socket/zygote', mode 660, user 0, group 1000
[  586.980057] init: Created socket '/dev/socket/usap_pool_primary', mode 660, user 0, group 1000
[  587.550043] init: starting service 'audioserver'...
[  590.763667] init: starting service 'cameraserver'...
[  591.324581] init: starting service 'media'...
[  594.041800] init: starting service 'netd'...
[  594.934030] libprocessgroup: Failed to open /dev/cpuset/camera-daemon/tasks: No such file or directory: No such file or directory
[  594.935685] libprocessgroup: Failed to apply CameraServiceCapacity task profile: No such file or directory
[  595.059199] init: Created socket '/dev/socket/dnsproxyd', mode 660, user 0, group 3003
[  596.298988] init: Created socket '/dev/socket/mdns', mode 660, user 0, group 1000
[  596.457257] init: Created socket '/dev/socket/fwmarkd', mode 660, user 0, group 3003
[  596.868878] init: starting service 'wificond'...
[  597.154257] init: Service 'media.swcodec' (pid 1066) received signal 11
[  597.206549] init: Sending signal 9 to service 'media.swcodec' (pid 1066) process group...
[  597.241270] libprocessgroup: Successfully killed process cgroup uid 1046 pid 1066 in 33ms
[  597.242858] init: updatable process 'media.swcodec' exited 4 times before boot completed
[  597.416090] init: Untracked pid 1126 received signal 14
[  597.480475] init: Untracked pid 1130 exited with status 0
[  597.482442] init: Service 'exec 46 (/system/bin/vdc volume abort_fuse)' (pid 1180) exited with status 0 oneshot service took 14.179000 seconds in background
[  597.537169] init: Sending signal 9 to service 'exec 46 (/system/bin/vdc volume abort_fuse)' (pid 1180) process group...
[  597.564422] libprocessgroup: Successfully killed process cgroup uid 1000 pid 1180 in 25ms
[  597.642392] init: starting service 'media.swcodec'...
[  599.525960] init: Service 'exec 47 (/system/bin/flags_health_check UPDATABLE_CRASHING)' (pid 1181) exited with status 0 waiting took 12.965000 seconds
[  599.526952] init: Sending signal 9 to service 'exec 47 (/system/bin/flags_health_check UPDATABLE_CRASHING)' (pid 1181) process group...
[  599.530447] libprocessgroup: Successfully killed process cgroup uid 1000 pid 1181 in 2ms
[  599.561535] init: processing action (init.svc.media=*) from (/system/etc/init/mediaserver.rc:1)
[  599.612683] init: processing action (init.svc.media=*) from (/system/etc/init/mediaserver.rc:1)
[  599.645868] init: processing action (sys.audio.restart.hal=1) from (/system/etc/init/audioserver.rc:39)
[  599.647288] init: Sending signal 9 to service 'vendor.audio-hal' (pid 1158) process group...
[  599.780990] libprocessgroup: Successfully killed process cgroup uid 1041 pid 1158 in 99ms
[  599.833316] init: Command 'restart vendor.audio-hal' action=sys.audio.restart.hal=1 (/system/etc/init/audioserver.rc:40) took 186ms and succeeded
[  599.834496] init: Service 'vendor.audio-hal' (pid 1158) received signal 9
[  599.860915] init: Sending signal 9 to service 'audioserver' (pid 1183) process group...
[  599.901397] libprocessgroup: Successfully killed process cgroup uid 1041 pid 1183 in 39ms
[  599.953627] init: Command 'restart audioserver' action=onrestart (<Service 'vendor.audio-hal' onrestart>:1) took 118ms and succeeded
[  600.006213] init: Service 'audioserver' (pid 1183) received signal 9
[  600.059654] init: Command 'restart vendor.audio-hal-4-0-msd' action=sys.audio.restart.hal=1 (/system/etc/init/audioserver.rc:41) took 0ms and failed: service vendor.audio-hal-4-0-msd not found
[  600.122564] init: starting service 'audioserver'...
[  600.335015] init: starting service 'vendor.audio-hal'...
[  600.578450] init: Command 'restart vendor.audio-hal-2-0' action=sys.audio.restart.hal=1 (/system/etc/init/audioserver.rc:43) took 0ms and failed: service vendor.audio-hal-2-0 not found
[  600.619160] init: Command 'restart audio-hal-2-0' action=sys.audio.restart.hal=1 (/system/etc/init/audioserver.rc:44) took 0ms and failed: service audio-hal-2-0 not found
[  600.686551] init: processing action (init.svc.audioserver=running) from (/system/etc/init/audioserver.rc:32)
[  600.795211] init: Command 'start vendor.audio-hal-4-0-msd' action=init.svc.audioserver=running (/system/etc/init/audioserver.rc:34) took 0ms and failed: service vendor.audio-hal-4-0-msd not found
[  600.815889] init: Service 'zygote' (pid 1182) received signal 11
[  600.816404] init: Sending signal 9 to service 'zygote' (pid 1182) process group...
[  600.818520] libprocessgroup: Successfully killed process cgroup uid 0 pid 1182 in 1ms
[  600.872691] init: updatable process 'zygote' exited 4 times before boot completed
[  600.978686] init: starting service 'exec 48 (/system/bin/vdc volume abort_fuse)'...
[  601.245474] init: Command 'exec_background - system system -- /system/bin/vdc volume abort_fuse' action=onrestart (<Service 'zygote' onrestart>:1) took 290ms and succeeded
[  601.302656] init: Command 'write /sys/power/state on' action=onrestart (<Service 'zygote' onrestart>:2) took 55ms and failed: Unable to write to file '/sys/power/state': Unable to write file contents: Invalid argument
[  601.303833] init: Sending signal 9 to service 'audioserver' (pid 1200) process group...
[  601.385886] libprocessgroup: Successfully killed process cgroup uid 1041 pid 1200 in 25ms
[  601.437069] init: Command 'restart audioserver' action=onrestart (<Service 'zygote' onrestart>:3) took 132ms and succeeded
[  601.438034] init: Sending signal 9 to service 'cameraserver' (pid 1189) process group...
[  601.593375] libprocessgroup: Successfully killed process cgroup uid 1047 pid 1189 in 154ms
[  601.645169] init: Command 'restart cameraserver' action=onrestart (<Service 'zygote' onrestart>:4) took 207ms and succeeded
[  601.645966] init: Sending signal 9 to service 'media' (pid 1190) process group...
[  601.740249] libprocessgroup: Successfully killed process cgroup uid 1013 pid 1190 in 93ms
[  601.787964] init: Command 'restart media' action=onrestart (<Service 'zygote' onrestart>:5) took 141ms and succeeded
[  601.800408] init: Sending signal 9 to service 'netd' (pid 1191) process group...
[  601.893766] libprocessgroup: Successfully killed process cgroup uid 0 pid 1191 in 92ms
[  601.916189] init: Command 'restart netd' action=onrestart (<Service 'zygote' onrestart>:6) took 127ms and succeeded
[  601.928743] init: Sending signal 9 to service 'wificond' (pid 1193) process group...
[  601.997199] libprocessgroup: Successfully killed process cgroup uid 1010 pid 1193 in 67ms
[  602.025283] init: Command 'restart wificond' action=onrestart (<Service 'zygote' onrestart>:7) took 96ms and succeeded
[  602.084465] init: Untracked pid 1186 exited with status 0
[  602.085411] init: Untracked pid 1188 exited with status 0
[  602.086239] init: Service 'cameraserver' (pid 1189) received signal 9
[  602.118677] init: Service 'media' (pid 1190) received signal 9
[  602.167245] init: Service 'netd' (pid 1191) received signal 9
[  602.201048] init: Command 'restart zygote_secondary' action=onrestart (<Service 'netd' onrestart>:2) took 0ms and failed: service zygote_secondary not found
[  602.229986] init: Service 'wificond' (pid 1193) received signal 9
[  602.268975] init: Service 'audioserver' (pid 1200) received signal 9
[  602.298438] init: Command 'start vendor.audio-hal-2-0' action=init.svc.audioserver=running (/system/etc/init/audioserver.rc:36) took 0ms and failed: service vendor.audio-hal-2-0 not found
[  602.325359] init: starting service 'zygote'...
[  602.369968] init: Created socket '/dev/socket/zygote', mode 660, user 0, group 1000
[  602.432879] init: Created socket '/dev/socket/usap_pool_primary', mode 660, user 0, group 1000
[  602.602524] init: starting service 'cameraserver'...
[  603.255142] healthd: battery none chg=a
[  604.263967] init: starting service 'media'...
[  606.557844] init: starting service 'netd'...
[  607.318714] libprocessgroup: Failed to open /dev/cpuset/camera-daemon/tasks: No such file or directory: No such file or directory
[  607.319449] libprocessgroup: Failed to apply CameraServiceCapacity task profile: No such file or directory
[  607.332796] init: Created socket '/dev/socket/dnsproxyd', mode 660, user 0, group 3003
[  607.759763] init: Created socket '/dev/socket/mdns', mode 660, user 0, group 1000
[  608.412445] init: Created socket '/dev/socket/fwmarkd', mode 660, user 0, group 3003
[  608.608951] init: starting service 'wificond'...
[  608.746586] init: Service 'mediaextractor' (pid 1082) received signal 11
[  608.747303] init: Sending signal 9 to service 'mediaextractor' (pid 1082) process group...
[  608.782333] libprocessgroup: Successfully killed process cgroup uid 1040 pid 1082 in 1ms
[  608.784036] init: updatable process 'mediaextractor' exited 4 times before boot completed
[  608.879659] init: Untracked pid 1165 received signal 14
[  608.936470] init: Untracked pid 1167 exited with status 0
[  608.938274] init: Command 'start audio-hal-2-0' action=init.svc.audioserver=running (/system/etc/init/audioserver.rc:37) took 0ms and failed: service audio-hal-2-0 not found
[  608.982827] init: starting service 'audioserver'...
[  609.158863] init: starting service 'mediaextractor'...
[  609.374610] init: Service 'exec 48 (/system/bin/vdc volume abort_fuse)' (pid 1202) exited with status 0 oneshot service took 8.169000 seconds in background
[  609.408872] init: Sending signal 9 to service 'exec 48 (/system/bin/vdc volume abort_fuse)' (pid 1202) process group...
[  609.411319] libprocessgroup: Successfully killed process cgroup uid 1000 pid 1202 in 1ms
[  609.459531] init: processing action (init.svc.media=*) from (/system/etc/init/mediaserver.rc:1)
[  609.513238] init: processing action (sys.init.updatable_crashing=1) from (/system/etc/init/flags_health_check.rc:10)
[  609.581355] init: starting service 'exec 49 (/system/bin/flags_health_check UPDATABLE_CRASHING)'...
[  609.736853] init: SVC_EXEC service 'exec 49 (/system/bin/flags_health_check UPDATABLE_CRASHING)' pid 1217 (uid 1000 gid 1000+0 context default) started; waiting...
[  609.738267] init: Command 'exec - system system -- /system/bin/flags_health_check UPDATABLE_CRASHING' action=sys.init.updatable_crashing=1 (/system/etc/init/flags_health_check.rc:11) took 223ms and succeeded
[  613.133240] init: Service 'zygote' (pid 1203) received signal 11
[  613.133763] init: Sending signal 9 to service 'zygote' (pid 1203) process group...
[  613.142638] libprocessgroup: Successfully killed process cgroup uid 0 pid 1203 in 7ms
[  613.161391] init: updatable process 'zygote' exited 4 times before boot completed
[  613.248611] init: starting service 'exec 50 (/system/bin/vdc volume abort_fuse)'...
[  613.373309] init: Command 'exec_background - system system -- /system/bin/vdc volume abort_fuse' action=onrestart (<Service 'zygote' onrestart>:1) took 122ms and succeeded
[  613.471041] init: Command 'write /sys/power/state on' action=onrestart (<Service 'zygote' onrestart>:2) took 96ms and failed: Unable to write to file '/sys/power/state': Unable to write file contents: Invalid argument
[  613.517960] init: Sending signal 9 to service 'audioserver' (pid 1215) process group...
[  613.732800] libprocessgroup: Successfully killed process cgroup uid 1041 pid 1215 in 188ms
[  613.782564] init: Command 'restart audioserver' action=onrestart (<Service 'zygote' onrestart>:3) took 264ms and succeeded
[  613.800807] init: Sending signal 9 to service 'cameraserver' (pid 1204) process group...
[  613.944669] libprocessgroup: Successfully killed process cgroup uid 1047 pid 1204 in 142ms
[  613.989830] init: Command 'restart cameraserver' action=onrestart (<Service 'zygote' onrestart>:4) took 206ms and succeeded
[  613.990740] init: Sending signal 9 to service 'media' (pid 1208) process group...
[  614.145336] libprocessgroup: Successfully killed process cgroup uid 1013 pid 1208 in 153ms
[  614.169441] init: Command 'restart media' action=onrestart (<Service 'zygote' onrestart>:5) took 178ms and succeeded
[  614.170247] init: Sending signal 9 to service 'netd' (pid 1212) process group...
[  614.224393] libprocessgroup: Successfully killed process cgroup uid 0 pid 1212 in 53ms
[  614.245751] init: Command 'restart netd' action=onrestart (<Service 'zygote' onrestart>:6) took 75ms and succeeded
[  614.246456] init: Sending signal 9 to service 'wificond' (pid 1213) process group...
[  614.288228] libprocessgroup: Successfully killed process cgroup uid 1010 pid 1213 in 40ms
[  614.329083] init: Command 'restart wificond' action=onrestart (<Service 'zygote' onrestart>:7) took 82ms and succeeded
[  614.361502] init: Service 'cameraserver' (pid 1204) received signal 9
[  614.396238] init: Service 'media' (pid 1208) received signal 9
[  614.414474] init: Untracked pid 1207 exited with status 0
[  614.415364] init: Untracked pid 1210 exited with status 0
[  614.437339] init: Service 'netd' (pid 1212) received signal 9
[  614.438998] init: Command 'restart zygote_secondary' action=onrestart (<Service 'netd' onrestart>:2) took 0ms and failed: service zygote_secondary not found
[  614.466544] init: Service 'wificond' (pid 1213) received signal 9
[  614.480812] init: Service 'audioserver' (pid 1215) received signal 9
[  614.529318] init: Service 'exec 49 (/system/bin/flags_health_check UPDATABLE_CRASHING)' (pid 1217) exited with status 0 waiting took 4.879000 seconds
[  614.530093] init: Sending signal 9 to service 'exec 49 (/system/bin/flags_health_check UPDATABLE_CRASHING)' (pid 1217) process group...
[  614.540550] libprocessgroup: Successfully killed process cgroup uid 1000 pid 1217 in 9ms
[  614.543954] init: processing action (init.svc.mediadrm=running) from (/vendor/etc/init/android.hardware.drm@1.3-service.widevine.rc:1)
[  614.589615] init: starting service 'zygote'...
[  614.621774] init: Created socket '/dev/socket/zygote', mode 660, user 0, group 1000
[  614.631162] init: Created socket '/dev/socket/usap_pool_primary', mode 660, user 0, group 1000
[  614.775288] init: starting service 'audioserver'...
[  616.787506] init: starting service 'cameraserver'...
[  617.279969] init: starting service 'media'...
[  617.429320] init: starting service 'netd'...
[  617.484592] libprocessgroup: Failed to open /dev/cpuset/camera-daemon/tasks: No such file or directory: No such file or directory
[  617.485441] libprocessgroup: Failed to apply CameraServiceCapacity task profile: No such file or directory
[  617.486601] init: Created socket '/dev/socket/dnsproxyd', mode 660, user 0, group 3003
[  617.516274] init: Created socket '/dev/socket/mdns', mode 660, user 0, group 1000
[  617.570940] init: Created socket '/dev/socket/fwmarkd', mode 660, user 0, group 3003
[  617.783325] init: starting service 'wificond'...
[  617.940745] init: Service 'exec 50 (/system/bin/vdc volume abort_fuse)' (pid 1227) exited with status 0 oneshot service took 4.644000 seconds in background
[  617.942505] init: Sending signal 9 to service 'exec 50 (/system/bin/vdc volume abort_fuse)' (pid 1227) process group...
[  617.973546] libprocessgroup: Successfully killed process cgroup uid 1000 pid 1227 in 1ms
[  618.012841] init: processing action (init.svc.mediadrm=running) from (/vendor/etc/init/android.hardware.drm@1.3-service.widevine.rc:1)
[  618.053769] init: processing action (sys.audio.restart.hal=1) from (/system/etc/init/audioserver.rc:39)
[  618.054528] init: Sending signal 9 to service 'vendor.audio-hal' (pid 1201) process group...
[  618.157662] libprocessgroup: Successfully killed process cgroup uid 1041 pid 1201 in 102ms
[  618.210634] init: Command 'restart vendor.audio-hal' action=sys.audio.restart.hal=1 (/system/etc/init/audioserver.rc:40) took 155ms and succeeded
[  618.211775] init: Service 'vendor.audio-hal' (pid 1201) received signal 9
[  618.236580] init: Sending signal 9 to service 'audioserver' (pid 1233) process group...
[  618.261058] libprocessgroup: Successfully killed process cgroup uid 1041 pid 1233 in 23ms
[  618.300504] init: Command 'restart audioserver' action=onrestart (<Service 'vendor.audio-hal' onrestart>:1) took 88ms and succeeded
[  618.318408] init: Service 'audioserver' (pid 1233) received signal 9
[  618.382175] init: Command 'restart vendor.audio-hal-4-0-msd' action=sys.audio.restart.hal=1 (/system/etc/init/audioserver.rc:41) took 0ms and failed: service vendor.audio-hal-4-0-msd not found
[  618.410310] init: starting service 'vendor.audio-hal'...
[  618.574922] init: Command 'restart vendor.audio-hal-2-0' action=sys.audio.restart.hal=1 (/system/etc/init/audioserver.rc:43) took 0ms and failed: service vendor.audio-hal-2-0 not found
[  618.593796] init: Command 'restart audio-hal-2-0' action=sys.audio.restart.hal=1 (/system/etc/init/audioserver.rc:44) took 0ms and failed: service audio-hal-2-0 not found
[  618.629945] init: processing action (init.svc.audioserver=running) from (/system/etc/init/audioserver.rc:32)
[  618.631143] init: Command 'start vendor.audio-hal-4-0-msd' action=init.svc.audioserver=running (/system/etc/init/audioserver.rc:34) took 0ms and failed: service vendor.audio-hal-4-0-msd not found
[  618.664617] init: Command 'start vendor.audio-hal-2-0' action=init.svc.audioserver=running (/system/etc/init/audioserver.rc:36) took 0ms and failed: service vendor.audio-hal-2-0 not found
[  618.665738] init: Command 'start audio-hal-2-0' action=init.svc.audioserver=running (/system/etc/init/audioserver.rc:37) took 0ms and failed: service audio-hal-2-0 not found
[  618.701024] init: processing action (sys.init.updatable_crashing=1) from (/system/etc/init/flags_health_check.rc:10)
[  618.717974] init: starting service 'exec 51 (/system/bin/flags_health_check UPDATABLE_CRASHING)'...
[  618.838129] init: SVC_EXEC service 'exec 51 (/system/bin/flags_health_check UPDATABLE_CRASHING)' pid 1244 (uid 1000 gid 1000+0 context default) started; waiting...
[  618.868992] init: Command 'exec - system system -- /system/bin/flags_health_check UPDATABLE_CRASHING' action=sys.init.updatable_crashing=1 (/system/etc/init/flags_health_check.rc:11) took 137ms and succeeded
[  618.883221] apexd: Boot never completed
[  618.884962] AidlLazyServiceRegistrar: Trying to shut down the service. No clients in use for any service in process.
[  618.933242] AidlLazyServiceRegistrar: Unregistered all clients and exiting
[  619.201339] init: Service 'apexd' (pid 208) exited with status 0 oneshot service took 414.971008 seconds in background
[  619.202183] init: Sending signal 9 to service 'apexd' (pid 208) process group...
[  619.204255] libprocessgroup: Successfully killed process cgroup uid 0 pid 208 in 1ms
[  620.407601] init: starting service 'audioserver'...
[  621.891556] init: Service 'exec 51 (/system/bin/flags_health_check UPDATABLE_CRASHING)' (pid 1244) exited with status 0 waiting took 3.103000 seconds
[  621.893647] init: Sending signal 9 to service 'exec 51 (/system/bin/flags_health_check UPDATABLE_CRASHING)' (pid 1244) process group...
[  621.908787] libprocessgroup: Successfully killed process cgroup uid 1000 pid 1244 in 1ms
[  621.941571] init: processing action (init.svc.media=*) from (/system/etc/init/mediaserver.rc:1)
[  622.004743] init: Command 'setprop init.svc.mediadrm ${init.svc.media}' action=init.svc.media=* (/system/etc/init/mediaserver.rc:2) took 61ms and succeeded
[  622.021037] init: processing action (init.svc.media=*) from (/system/etc/init/mediaserver.rc:1)
[  622.057389] init: processing action (sys.audio.restart.hal=1) from (/system/etc/init/audioserver.rc:39)
[  622.058275] init: Sending signal 9 to service 'vendor.audio-hal' (pid 1243) process group...
[  622.181564] libprocessgroup: Successfully killed process cgroup uid 1041 pid 1243 in 122ms
[  622.225417] init: Command 'restart vendor.audio-hal' action=sys.audio.restart.hal=1 (/system/etc/init/audioserver.rc:40) took 167ms and succeeded
[  622.227020] init: Service 'vendor.audio-hal' (pid 1243) received signal 9
[  622.266810] init: Sending signal 9 to service 'audioserver' (pid 1245) process group...
[  622.354108] libprocessgroup: Successfully killed process cgroup uid 1041 pid 1245 in 65ms
[  622.400839] init: Command 'restart audioserver' action=onrestart (<Service 'vendor.audio-hal' onrestart>:1) took 172ms and succeeded
[  622.436719] init: Service 'audioserver' (pid 1245) received signal 9
[  622.467334] init: Command 'restart vendor.audio-hal-4-0-msd' action=sys.audio.restart.hal=1 (/system/etc/init/audioserver.rc:41) took 0ms and failed: service vendor.audio-hal-4-0-msd not found
[  622.496381] init: Command 'restart vendor.audio-hal-2-0' action=sys.audio.restart.hal=1 (/system/etc/init/audioserver.rc:43) took 0ms and failed: service vendor.audio-hal-2-0 not found
[  622.497647] init: Command 'restart audio-hal-2-0' action=sys.audio.restart.hal=1 (/system/etc/init/audioserver.rc:44) took 0ms and failed: service audio-hal-2-0 not found
[  622.530323] init: processing action (init.svc.media=*) from (/system/etc/init/mediaserver.rc:1)
[  622.558530] init: processing action (sys.init.updatable_crashing=1) from (/system/etc/init/flags_health_check.rc:10)
[  622.582079] init: starting service 'exec 52 (/system/bin/flags_health_check UPDATABLE_CRASHING)'...
[  622.671936] init: SVC_EXEC service 'exec 52 (/system/bin/flags_health_check UPDATABLE_CRASHING)' pid 1249 (uid 1000 gid 1000+0 context default) started; waiting...
[  622.716570] init: Command 'exec - system system -- /system/bin/flags_health_check UPDATABLE_CRASHING' action=sys.init.updatable_crashing=1 (/system/etc/init/flags_health_check.rc:11) took 156ms and succeeded
[  623.491311] init: starting service 'vendor.audio-hal'...
[  625.476132] init: starting service 'audioserver'...
[  629.859807] init: Service 'exec 52 (/system/bin/flags_health_check UPDATABLE_CRASHING)' (pid 1249) exited with status 0 waiting took 7.222000 seconds
[  629.860950] init: Sending signal 9 to service 'exec 52 (/system/bin/flags_health_check UPDATABLE_CRASHING)' (pid 1249) process group...
[  629.863065] libprocessgroup: Successfully killed process cgroup uid 1000 pid 1249 in 0ms
[  629.874096] init: processing action (init.svc.audioserver=running) from (/system/etc/init/audioserver.rc:32)
[  629.875255] init: Command 'start vendor.audio-hal-4-0-msd' action=init.svc.audioserver=running (/system/etc/init/audioserver.rc:34) took 0ms and failed: service vendor.audio-hal-4-0-msd not found
[  629.913516] init: Command 'start vendor.audio-hal-2-0' action=init.svc.audioserver=running (/system/etc/init/audioserver.rc:36) took 0ms and failed: service vendor.audio-hal-2-0 not found
[  629.914614] init: Command 'start audio-hal-2-0' action=init.svc.audioserver=running (/system/etc/init/audioserver.rc:37) took 0ms and failed: service audio-hal-2-0 not found
[  629.938974] init: processing action (init.svc.mediadrm=running) from (/vendor/etc/init/android.hardware.drm@1.3-service.widevine.rc:1)
[  629.965978] init: processing action (sys.init.updatable_crashing=1) from (/system/etc/init/flags_health_check.rc:10)
[  630.002376] init: starting service 'exec 53 (/system/bin/flags_health_check UPDATABLE_CRASHING)'...
[  630.102907] init: SVC_EXEC service 'exec 53 (/system/bin/flags_health_check UPDATABLE_CRASHING)' pid 1261 (uid 1000 gid 1000+0 context default) started; waiting...
[  630.156548] init: Command 'exec - system system -- /system/bin/flags_health_check UPDATABLE_CRASHING' action=sys.init.updatable_crashing=1 (/system/etc/init/flags_health_check.rc:11) took 137ms and succeeded
[  633.153082] init: Service 'exec 53 (/system/bin/flags_health_check UPDATABLE_CRASHING)' (pid 1261) exited with status 0 waiting took 3.063000 seconds
[  633.154456] init: Sending signal 9 to service 'exec 53 (/system/bin/flags_health_check UPDATABLE_CRASHING)' (pid 1261) process group...
[  633.157628] libprocessgroup: Successfully killed process cgroup uid 1000 pid 1261 in 1ms
[  633.191016] init: processing action (init.svc.media=*) from (/system/etc/init/mediaserver.rc:1)
[  633.243490] init: processing action (init.svc.media=*) from (/system/etc/init/mediaserver.rc:1)
[  633.273701] init: processing action (sys.audio.restart.hal=1) from (/system/etc/init/audioserver.rc:39)
[  633.274533] init: Sending signal 9 to service 'vendor.audio-hal' (pid 1253) process group...
[  633.466438] libprocessgroup: Successfully killed process cgroup uid 1041 pid 1253 in 190ms
[  633.552578] init: Command 'restart vendor.audio-hal' action=sys.audio.restart.hal=1 (/system/etc/init/audioserver.rc:40) took 277ms and succeeded
[  633.554011] init: Service 'vendor.audio-hal' (pid 1253) received signal 9
[  633.575865] init: Sending signal 9 to service 'audioserver' (pid 1256) process group...
[  633.738375] libprocessgroup: Successfully killed process cgroup uid 1041 pid 1256 in 141ms
[  633.777640] init: Command 'restart audioserver' action=onrestart (<Service 'vendor.audio-hal' onrestart>:1) took 222ms and succeeded
[  633.798153] init: Service 'audioserver' (pid 1256) received signal 9
[  633.855575] init: Command 'restart vendor.audio-hal-4-0-msd' action=sys.audio.restart.hal=1 (/system/etc/init/audioserver.rc:41) took 0ms and failed: service vendor.audio-hal-4-0-msd not found
[  633.912460] init: starting service 'audioserver'...
[  634.044154] init: starting service 'vendor.audio-hal'...
[  634.232466] init: Command 'restart vendor.audio-hal-2-0' action=sys.audio.restart.hal=1 (/system/etc/init/audioserver.rc:43) took 0ms and failed: service vendor.audio-hal-2-0 not found
[  634.233821] init: Command 'restart audio-hal-2-0' action=sys.audio.restart.hal=1 (/system/etc/init/audioserver.rc:44) took 0ms and failed: service audio-hal-2-0 not found
[  634.273708] init: processing action (init.svc.audioserver=running) from (/system/etc/init/audioserver.rc:32)
[  634.274775] init: Command 'start vendor.audio-hal-4-0-msd' action=init.svc.audioserver=running (/system/etc/init/audioserver.rc:34) took 0ms and failed: service vendor.audio-hal-4-0-msd not found
[  634.275796] init: Command 'start vendor.audio-hal-2-0' action=init.svc.audioserver=running (/system/etc/init/audioserver.rc:36) took 0ms and failed: service vendor.audio-hal-2-0 not found
[  634.308603] init: Command 'start audio-hal-2-0' action=init.svc.audioserver=running (/system/etc/init/audioserver.rc:37) took 31ms and failed: service audio-hal-2-0 not found
[  634.309951] init: processing action (init.svc.media=*) from (/system/etc/init/mediaserver.rc:1)
[  634.355860] init: processing action (sys.audio.restart.hal=1) from (/system/etc/init/audioserver.rc:39)
[  634.397130] init: Sending signal 9 to service 'vendor.audio-hal' (pid 1275) process group...
[  634.522151] libprocessgroup: Successfully killed process cgroup uid 1041 pid 1275 in 123ms
[  634.557095] init: Command 'restart vendor.audio-hal' action=sys.audio.restart.hal=1 (/system/etc/init/audioserver.rc:40) took 159ms and succeeded
[  634.558305] init: Service 'vendor.audio-hal' (pid 1275) received signal 9
[  634.581461] init: Sending signal 9 to service 'audioserver' (pid 1274) process group...
[  634.701734] libprocessgroup: Successfully killed process cgroup uid 1041 pid 1274 in 118ms
[  634.733138] init: Command 'restart audioserver' action=onrestart (<Service 'vendor.audio-hal' onrestart>:1) took 174ms and succeeded
[  634.853905] init: Service 'zygote' (pid 1231) received signal 11
[  634.854494] init: Sending signal 9 to service 'zygote' (pid 1231) process group...
[  634.880060] libprocessgroup: Successfully killed process cgroup uid 0 pid 1231 in 24ms
[  634.882226] init: updatable process 'zygote' exited 4 times before boot completed
[  634.965235] init: starting service 'exec 54 (/system/bin/vdc volume abort_fuse)'...
[  635.111632] init: Command 'exec_background - system system -- /system/bin/vdc volume abort_fuse' action=onrestart (<Service 'zygote' onrestart>:1) took 172ms and succeeded
[  635.225598] init: Command 'write /sys/power/state on' action=onrestart (<Service 'zygote' onrestart>:2) took 89ms and failed: Unable to write to file '/sys/power/state': Unable to write file contents: Invalid argument
[  635.256904] init: Sending signal 9 to service 'cameraserver' (pid 1239) process group...
[  635.470409] libprocessgroup: Successfully killed process cgroup uid 1047 pid 1239 in 211ms
[  635.549615] init: Command 'restart cameraserver' action=onrestart (<Service 'zygote' onrestart>:4) took 292ms and succeeded
[  635.550758] init: Sending signal 9 to service 'media' (pid 1240) process group...
[  635.813554] libprocessgroup: Successfully killed process cgroup uid 1013 pid 1240 in 261ms
[  635.882431] init: Command 'restart media' action=onrestart (<Service 'zygote' onrestart>:5) took 331ms and succeeded
[  635.909172] init: Sending signal 9 to service 'netd' (pid 1241) process group...
[  636.162676] libprocessgroup: Successfully killed process cgroup uid 0 pid 1241 in 251ms
[  636.240611] init: Command 'restart netd' action=onrestart (<Service 'zygote' onrestart>:6) took 347ms and succeeded
[  636.242200] init: Sending signal 9 to service 'wificond' (pid 1242) process group...
[  636.366856] libprocessgroup: Successfully killed process cgroup uid 1010 pid 1242 in 122ms
[  636.413515] init: Command 'restart wificond' action=onrestart (<Service 'zygote' onrestart>:7) took 171ms and succeeded
[  636.485546] init: Untracked pid 1236 exited with status 0
[  636.486522] init: Untracked pid 1238 exited with status 0
[  636.487503] init: Service 'cameraserver' (pid 1239) received signal 9
[  636.556466] init: Service 'media' (pid 1240) received signal 9
[  636.597641] init: Service 'netd' (pid 1241) received signal 9
[  636.599206] init: Command 'restart zygote_secondary' action=onrestart (<Service 'netd' onrestart>:2) took 0ms and failed: service zygote_secondary not found
[  636.641477] init: Service 'wificond' (pid 1242) received signal 9
[  636.674225] init: Service 'audioserver' (pid 1274) received signal 9
[  636.718592] init: Untracked pid 1278 received signal 9
[  636.719534] init: Untracked pid 1273 received signal 9
[  636.734339] init: Untracked pid 1250 received signal 9
[  636.749780] init: Untracked pid 1251 received signal 9
[  636.776253] init: Command 'restart vendor.audio-hal-4-0-msd' action=sys.audio.restart.hal=1 (/system/etc/init/audioserver.rc:41) took 0ms and failed: service vendor.audio-hal-4-0-msd not found
[  636.798600] init: starting service 'zygote'...
[  636.839150] init: Created socket '/dev/socket/zygote', mode 660, user 0, group 1000
[  636.886433] init: Created socket '/dev/socket/usap_pool_primary', mode 660, user 0, group 1000
[  637.384928] init: starting service 'cameraserver'...
[  639.785786] init: starting service 'media'...
[  639.994510] init: starting service 'netd'...
[  640.081241] libprocessgroup: Failed to open /dev/cpuset/camera-daemon/tasks: No such file or directory: No such file or directory
[  640.082539] libprocessgroup: Failed to apply CameraServiceCapacity task profile: No such file or directory
[  640.097545] init: Created socket '/dev/socket/dnsproxyd', mode 660, user 0, group 3003
[  640.168486] init: Created socket '/dev/socket/mdns', mode 660, user 0, group 1000
[  640.215882] init: Created socket '/dev/socket/fwmarkd', mode 660, user 0, group 3003
[  640.469378] init: starting service 'wificond'...
[  640.696827] init: starting service 'vendor.audio-hal'...
[  640.916946] init: Command 'restart vendor.audio-hal-2-0' action=sys.audio.restart.hal=1 (/system/etc/init/audioserver.rc:43) took 0ms and failed: service vendor.audio-hal-2-0 not found
[  640.969258] init: starting service 'audioserver'...
[  641.158521] init: Service 'exec 54 (/system/bin/vdc volume abort_fuse)' (pid 1284) exited with status 0 oneshot service took 6.083000 seconds in background
[  641.197341] init: Sending signal 9 to service 'exec 54 (/system/bin/vdc volume abort_fuse)' (pid 1284) process group...
[  641.199750] libprocessgroup: Successfully killed process cgroup uid 1000 pid 1284 in 1ms
[  641.555241] init: Command 'restart audio-hal-2-0' action=sys.audio.restart.hal=1 (/system/etc/init/audioserver.rc:44) took 0ms and failed: service audio-hal-2-0 not found
[  641.575944] init: processing action (init.svc.audioserver=running) from (/system/etc/init/audioserver.rc:32)
[  641.623087] init: Command 'start vendor.audio-hal-4-0-msd' action=init.svc.audioserver=running (/system/etc/init/audioserver.rc:34) took 0ms and failed: service vendor.audio-hal-4-0-msd not found
[  641.644850] init: Command 'start vendor.audio-hal-2-0' action=init.svc.audioserver=running (/system/etc/init/audioserver.rc:36) took 0ms and failed: service vendor.audio-hal-2-0 not found
[  641.646035] init: Command 'start audio-hal-2-0' action=init.svc.audioserver=running (/system/etc/init/audioserver.rc:37) took 0ms and failed: service audio-hal-2-0 not found
[  641.685134] init: processing action (init.svc.mediadrm=running) from (/vendor/etc/init/android.hardware.drm@1.3-service.widevine.rc:1)
[  641.689419] init: processing action (init.svc.mediadrm=running) from (/vendor/etc/init/android.hardware.drm@1.3-service.widevine.rc:1)
[  641.768521] init: processing action (sys.audio.restart.hal=1) from (/system/etc/init/audioserver.rc:39)
[  641.769329] init: Sending signal 9 to service 'vendor.audio-hal' (pid 1303) process group...
[  641.913251] libprocessgroup: Successfully killed process cgroup uid 1041 pid 1303 in 142ms
[  641.931234] init: Command 'restart vendor.audio-hal' action=sys.audio.restart.hal=1 (/system/etc/init/audioserver.rc:40) took 161ms and succeeded
[  641.961385] init: Service 'vendor.audio-hal' (pid 1303) received signal 9
[  641.963377] init: Sending signal 9 to service 'audioserver' (pid 1304) process group...
[  642.038605] libprocessgroup: Successfully killed process cgroup uid 1041 pid 1304 in 45ms
[  642.104444] init: Command 'restart audioserver' action=onrestart (<Service 'vendor.audio-hal' onrestart>:1) took 142ms and succeeded
[  642.142913] init: Service 'audioserver' (pid 1304) received signal 9
[  642.206043] init: Command 'restart vendor.audio-hal-4-0-msd' action=sys.audio.restart.hal=1 (/system/etc/init/audioserver.rc:41) took 0ms and failed: service vendor.audio-hal-4-0-msd not found
[  642.233320] init: Command 'restart vendor.audio-hal-2-0' action=sys.audio.restart.hal=1 (/system/etc/init/audioserver.rc:43) took 0ms and failed: service vendor.audio-hal-2-0 not found
[  642.234680] init: Command 'restart audio-hal-2-0' action=sys.audio.restart.hal=1 (/system/etc/init/audioserver.rc:44) took 0ms and failed: service audio-hal-2-0 not found
[  642.290458] init: processing action (init.svc.mediadrm=running) from (/vendor/etc/init/android.hardware.drm@1.3-service.widevine.rc:1)
[  642.317076] init: processing action (init.svc.audioserver=running) from (/system/etc/init/audioserver.rc:32)
[  642.357226] init: starting service 'vendor.audio-hal'...
[  642.555750] init: Command 'start vendor.audio-hal' action=init.svc.audioserver=running (/system/etc/init/audioserver.rc:33) took 236ms and succeeded
[  642.592810] init: Command 'start vendor.audio-hal-4-0-msd' action=init.svc.audioserver=running (/system/etc/init/audioserver.rc:34) took 0ms and failed: service vendor.audio-hal-4-0-msd not found
[  642.594892] init: Command 'start vendor.audio-hal-2-0' action=init.svc.audioserver=running (/system/etc/init/audioserver.rc:36) took 0ms and failed: service vendor.audio-hal-2-0 not found
[  642.629551] init: Command 'start audio-hal-2-0' action=init.svc.audioserver=running (/system/etc/init/audioserver.rc:37) took 32ms and failed: service audio-hal-2-0 not found
[  642.631333] init: processing action (init.svc.mediadrm=running) from (/vendor/etc/init/android.hardware.drm@1.3-service.widevine.rc:1)
[  642.697010] init: processing action (init.svc.mediadrm=running) from (/vendor/etc/init/android.hardware.drm@1.3-service.widevine.rc:1)
[  642.734363] init: processing action (sys.audio.restart.hal=1) from (/system/etc/init/audioserver.rc:39)
[  642.760403] init: Sending signal 9 to service 'vendor.audio-hal' (pid 1307) process group...
[  642.825944] libprocessgroup: Successfully killed process cgroup uid 1041 pid 1307 in 63ms
[  642.890867] init: Command 'restart vendor.audio-hal' action=sys.audio.restart.hal=1 (/system/etc/init/audioserver.rc:40) took 155ms and succeeded
[  642.907156] init: Service 'vendor.audio-hal' (pid 1307) received signal 9
[  642.949057] init: Command 'restart vendor.audio-hal-4-0-msd' action=sys.audio.restart.hal=1 (/system/etc/init/audioserver.rc:41) took 0ms and failed: service vendor.audio-hal-4-0-msd not found
[  642.950466] init: Command 'restart vendor.audio-hal-2-0' action=sys.audio.restart.hal=1 (/system/etc/init/audioserver.rc:43) took 0ms and failed: service vendor.audio-hal-2-0 not found
[  642.951659] init: Command 'restart audio-hal-2-0' action=sys.audio.restart.hal=1 (/system/etc/init/audioserver.rc:44) took 0ms and failed: service audio-hal-2-0 not found
[  643.029609] init: processing action (init.svc.audioserver=running) from (/system/etc/init/audioserver.rc:32)
[  643.057858] init: starting service 'vendor.audio-hal'...
[  643.233707] init: Command 'start vendor.audio-hal' action=init.svc.audioserver=running (/system/etc/init/audioserver.rc:33) took 202ms and succeeded
[  643.265874] init: Command 'start vendor.audio-hal-4-0-msd' action=init.svc.audioserver=running (/system/etc/init/audioserver.rc:34) took 0ms and failed: service vendor.audio-hal-4-0-msd not found
[  643.267265] init: Command 'start vendor.audio-hal-2-0' action=init.svc.audioserver=running (/system/etc/init/audioserver.rc:36) took 0ms and failed: service vendor.audio-hal-2-0 not found
[  643.288908] init: Command 'start audio-hal-2-0' action=init.svc.audioserver=running (/system/etc/init/audioserver.rc:37) took 0ms and failed: service audio-hal-2-0 not found
[  643.313073] init: processing action (init.svc.mediadrm=running) from (/vendor/etc/init/android.hardware.drm@1.3-service.widevine.rc:1)
[  643.357360] init: processing action (sys.init.updatable_crashing=1) from (/system/etc/init/flags_health_check.rc:10)
[  643.407328] init: starting service 'exec 55 (/system/bin/flags_health_check UPDATABLE_CRASHING)'...
[  643.630377] init: SVC_EXEC service 'exec 55 (/system/bin/flags_health_check UPDATABLE_CRASHING)' pid 1313 (uid 1000 gid 1000+0 context default) started; waiting...
[  643.669814] init: Command 'exec - system system -- /system/bin/flags_health_check UPDATABLE_CRASHING' action=sys.init.updatable_crashing=1 (/system/etc/init/flags_health_check.rc:11) took 273ms and succeeded
[  644.586226] init: Untracked pid 1229 received signal 14
[  644.612938] init: Untracked pid 1232 exited with status 0
[  644.731034] init: Service 'media.swcodec' (pid 1194) received signal 11
[  644.732426] init: Sending signal 9 to service 'media.swcodec' (pid 1194) process group...
[  644.736226] libprocessgroup: Successfully killed process cgroup uid 1046 pid 1194 in 1ms
[  644.761161] init: updatable process 'media.swcodec' exited 4 times before boot completed
[  647.057864] init: starting service 'audioserver'...
[  648.897392] init: starting service 'media.swcodec'...
[  650.880000] init: Service 'exec 55 (/system/bin/flags_health_check UPDATABLE_CRASHING)' (pid 1313) exited with status 0 waiting took 7.317000 seconds
[  650.880887] init: Sending signal 9 to service 'exec 55 (/system/bin/flags_health_check UPDATABLE_CRASHING)' (pid 1313) process group...
[  650.883480] libprocessgroup: Successfully killed process cgroup uid 1000 pid 1313 in 1ms
[  650.898492] init: processing action (init.svc.media=*) from (/system/etc/init/mediaserver.rc:1)
[  650.961347] init: Command 'setprop init.svc.mediadrm ${init.svc.media}' action=init.svc.media=* (/system/etc/init/mediaserver.rc:2) took 61ms and succeeded
[  650.963231] init: processing action (init.svc.media=*) from (/system/etc/init/mediaserver.rc:1)
[  651.021389] init: Command 'setprop init.svc.mediadrm ${init.svc.media}' action=init.svc.media=* (/system/etc/init/mediaserver.rc:2) took 57ms and succeeded
[  651.023266] init: processing action (sys.audio.restart.hal=1) from (/system/etc/init/audioserver.rc:39)
[  651.024013] init: Sending signal 9 to service 'vendor.audio-hal' (pid 1310) process group...
[  651.140788] libprocessgroup: Successfully killed process cgroup uid 1041 pid 1310 in 79ms
[  651.181055] init: Command 'restart vendor.audio-hal' action=sys.audio.restart.hal=1 (/system/etc/init/audioserver.rc:40) took 156ms and succeeded
[  651.182332] init: Service 'vendor.audio-hal' (pid 1310) received signal 9
[  651.218015] init: Sending signal 9 to service 'audioserver' (pid 1316) process group...
[  651.269372] libprocessgroup: Successfully killed process cgroup uid 1041 pid 1316 in 49ms
[  651.314422] init: Command 'restart audioserver' action=onrestart (<Service 'vendor.audio-hal' onrestart>:1) took 120ms and succeeded
[  651.354176] init: Service 'audioserver' (pid 1316) received signal 9
[  651.403508] init: Command 'restart vendor.audio-hal-4-0-msd' action=sys.audio.restart.hal=1 (/system/etc/init/audioserver.rc:41) took 0ms and failed: service vendor.audio-hal-4-0-msd not found
[  651.462146] init: starting service 'vendor.audio-hal'...
[  651.645473] init: Command 'restart vendor.audio-hal-2-0' action=sys.audio.restart.hal=1 (/system/etc/init/audioserver.rc:43) took 0ms and failed: service vendor.audio-hal-2-0 not found
[  651.646737] init: Command 'restart audio-hal-2-0' action=sys.audio.restart.hal=1 (/system/etc/init/audioserver.rc:44) took 0ms and failed: service audio-hal-2-0 not found
[  651.709510] init: Command 'setprop sys.audio.restart.hal 0' action=sys.audio.restart.hal=1 (/system/etc/init/audioserver.rc:46) took 61ms and succeeded
[  651.773072] init: processing action (init.svc.media=*) from (/system/etc/init/mediaserver.rc:1)
[  651.795012] init: processing action (init.svc.audioserver=running) from (/system/etc/init/audioserver.rc:32)
[  651.833015] init: Command 'start vendor.audio-hal-4-0-msd' action=init.svc.audioserver=running (/system/etc/init/audioserver.rc:34) took 0ms and failed: service vendor.audio-hal-4-0-msd not found
[  651.834501] init: Command 'start vendor.audio-hal-2-0' action=init.svc.audioserver=running (/system/etc/init/audioserver.rc:36) took 0ms and failed: service vendor.audio-hal-2-0 not found
[  651.884274] init: Command 'start audio-hal-2-0' action=init.svc.audioserver=running (/system/etc/init/audioserver.rc:37) took 0ms and failed: service audio-hal-2-0 not found
[  651.886025] init: processing action (sys.audio.restart.hal=1) from (/system/etc/init/audioserver.rc:39)
[  651.887023] init: Sending signal 9 to service 'vendor.audio-hal' (pid 1327) process group...
[  652.013925] libprocessgroup: Successfully killed process cgroup uid 1041 pid 1327 in 105ms
[  652.066900] init: Command 'restart vendor.audio-hal' action=sys.audio.restart.hal=1 (/system/etc/init/audioserver.rc:40) took 179ms and succeeded
[  652.124298] init: Service 'vendor.audio-hal' (pid 1327) received signal 9
[  652.175032] init: Command 'restart vendor.audio-hal-4-0-msd' action=sys.audio.restart.hal=1 (/system/etc/init/audioserver.rc:41) took 0ms and failed: service vendor.audio-hal-4-0-msd not found
[  652.220585] init: Command 'restart vendor.audio-hal-2-0' action=sys.audio.restart.hal=1 (/system/etc/init/audioserver.rc:43) took 44ms and failed: service vendor.audio-hal-2-0 not found
[  652.222073] init: Command 'restart audio-hal-2-0' action=sys.audio.restart.hal=1 (/system/etc/init/audioserver.rc:44) took 0ms and failed: service audio-hal-2-0 not found
[  652.305519] init: processing action (sys.init.updatable_crashing=1) from (/system/etc/init/flags_health_check.rc:10)
[  652.338846] init: starting service 'exec 56 (/system/bin/flags_health_check UPDATABLE_CRASHING)'...
[  652.505559] init: SVC_EXEC service 'exec 56 (/system/bin/flags_health_check UPDATABLE_CRASHING)' pid 1328 (uid 1000 gid 1000+0 context default) started; waiting...
[  652.508529] init: Command 'exec - system system -- /system/bin/flags_health_check UPDATABLE_CRASHING' action=sys.init.updatable_crashing=1 (/system/etc/init/flags_health_check.rc:11) took 201ms and succeeded
[  653.032128] init: starting service 'audioserver'...
[  654.762525] init: Untracked pid 1296 exited with status 0
[  654.786939] init: Service 'zygote' (pid 1291) received signal 11
[  654.787851] init: Sending signal 9 to service 'zygote' (pid 1291) process group...
[  654.825467] libprocessgroup: Successfully killed process cgroup uid 0 pid 1291 in 33ms
[  654.889171] init: updatable process 'zygote' exited 4 times before boot completed
[  654.983058] init: starting service 'exec 57 (/system/bin/vdc volume abort_fuse)'...
[  655.118819] init: Command 'exec_background - system system -- /system/bin/vdc volume abort_fuse' action=onrestart (<Service 'zygote' onrestart>:1) took 172ms and succeeded
[  655.207093] init: Command 'write /sys/power/state on' action=onrestart (<Service 'zygote' onrestart>:2) took 44ms and failed: Unable to write to file '/sys/power/state': Unable to write file contents: Invalid argument
[  655.228503] init: Sending signal 9 to service 'audioserver' (pid 1331) process group...
[  655.266510] libprocessgroup: Successfully killed process cgroup uid 1041 pid 1331 in 36ms
[  655.327899] init: Command 'restart audioserver' action=onrestart (<Service 'zygote' onrestart>:3) took 119ms and succeeded
[  655.328995] init: Sending signal 9 to service 'cameraserver' (pid 1292) process group...
[  655.560913] libprocessgroup: Successfully killed process cgroup uid 1047 pid 1292 in 230ms
[  655.589565] init: Command 'restart cameraserver' action=onrestart (<Service 'zygote' onrestart>:4) took 260ms and succeeded
[  655.593446] init: Sending signal 9 to service 'media' (pid 1299) process group...
[  655.857386] libprocessgroup: Successfully killed process cgroup uid 1013 pid 1299 in 243ms
[  655.903523] init: Command 'restart media' action=onrestart (<Service 'zygote' onrestart>:5) took 310ms and succeeded
[  655.913292] init: Sending signal 9 to service 'netd' (pid 1301) process group...
[  656.062972] libprocessgroup: Successfully killed process cgroup uid 0 pid 1301 in 147ms
[  656.096920] init: Command 'restart netd' action=onrestart (<Service 'zygote' onrestart>:6) took 192ms and succeeded
[  656.097722] init: Sending signal 9 to service 'wificond' (pid 1302) process group...
[  656.185801] libprocessgroup: Successfully killed process cgroup uid 1010 pid 1302 in 86ms
[  656.219353] init: Command 'restart wificond' action=onrestart (<Service 'zygote' onrestart>:7) took 120ms and succeeded
[  656.320363] init: Service 'mediaextractor' (pid 1216) received signal 11
[  656.321436] init: Sending signal 9 to service 'mediaextractor' (pid 1216) process group...
[  656.335133] libprocessgroup: Successfully killed process cgroup uid 1040 pid 1216 in 12ms
[  656.354822] init: updatable process 'mediaextractor' exited 4 times before boot completed
[  656.433957] init: Untracked pid 1254 received signal 14
[  656.435473] init: Untracked pid 1257 exited with status 0
[  656.453987] init: Service 'cameraserver' (pid 1292) received signal 9
[  656.507044] init: Untracked pid 1298 exited with status 0
[  656.517527] init: Service 'media' (pid 1299) received signal 9
[  656.548987] init: Service 'netd' (pid 1301) received signal 9
[  656.550629] init: Command 'restart zygote_secondary' action=onrestart (<Service 'netd' onrestart>:2) took 0ms and failed: service zygote_secondary not found
[  656.582467] init: Service 'wificond' (pid 1302) received signal 9
[  656.613013] init: Service 'exec 56 (/system/bin/flags_health_check UPDATABLE_CRASHING)' (pid 1328) exited with status 0 waiting took 4.176000 seconds
[  656.613927] init: Sending signal 9 to service 'exec 56 (/system/bin/flags_health_check UPDATABLE_CRASHING)' (pid 1328) process group...
[  656.629739] libprocessgroup: Successfully killed process cgroup uid 1000 pid 1328 in 14ms
[  656.653285] init: Service 'audioserver' (pid 1331) received signal 9
[  656.679836] init: Untracked pid 1324 received signal 9
[  656.693940] init: Untracked pid 1325 received signal 9
[  656.709369] init: processing action (init.svc.audioserver=running) from (/system/etc/init/audioserver.rc:32)
[  656.724350] init: starting service 'vendor.audio-hal'...
[  656.825218] init: Command 'start vendor.audio-hal' action=init.svc.audioserver=running (/system/etc/init/audioserver.rc:33) took 114ms and succeeded
[  656.849264] init: starting service 'zygote'...
[  656.882285] init: Created socket '/dev/socket/zygote', mode 660, user 0, group 1000
[  656.918990] init: Created socket '/dev/socket/usap_pool_primary', mode 660, user 0, group 1000
[  657.048367] init: starting service 'cameraserver'...
[  659.394143] init: starting service 'mediaextractor'...
[  661.823387] libprocessgroup: Failed to open /dev/cpuset/camera-daemon/tasks: No such file or directory: No such file or directory
[  661.961490] libprocessgroup: Failed to apply CameraServiceCapacity task profile: No such file or directory
[  663.198310] healthd: battery none chg=a
[  663.315284] init: starting service 'media'...
[  663.582328] init: starting service 'netd'...
[  663.714292] init: Created socket '/dev/socket/dnsproxyd', mode 660, user 0, group 3003
[  663.786155] init: Created socket '/dev/socket/mdns', mode 660, user 0, group 1000
[  663.834897] init: Created socket '/dev/socket/fwmarkd', mode 660, user 0, group 3003
[  664.001684] init: starting service 'wificond'...
[  664.162478] init: Service 'exec 57 (/system/bin/vdc volume abort_fuse)' (pid 1334) exited with status 0 oneshot service took 9.082000 seconds in background
[  664.163696] init: Sending signal 9 to service 'exec 57 (/system/bin/vdc volume abort_fuse)' (pid 1334) process group...
[  664.213727] libprocessgroup: Successfully killed process cgroup uid 1000 pid 1334 in 6ms
[  664.250490] init: Command 'start vendor.audio-hal-4-0-msd' action=init.svc.audioserver=running (/system/etc/init/audioserver.rc:34) took 0ms and failed: service vendor.audio-hal-4-0-msd not found
[  664.291475] init: starting service 'audioserver'...
[  664.498640] init: Command 'start vendor.audio-hal-2-0' action=init.svc.audioserver=running (/system/etc/init/audioserver.rc:36) took 0ms and failed: service vendor.audio-hal-2-0 not found
[  664.536662] init: Command 'start audio-hal-2-0' action=init.svc.audioserver=running (/system/etc/init/audioserver.rc:37) took 0ms and failed: service audio-hal-2-0 not found
[  664.539011] init: processing action (init.svc.mediadrm=running) from (/vendor/etc/init/android.hardware.drm@1.3-service.widevine.rc:1)
[  664.579280] init: processing action (init.svc.mediadrm=running) from (/vendor/etc/init/android.hardware.drm@1.3-service.widevine.rc:1)
[  664.645841] init: processing action (sys.audio.restart.hal=1) from (/system/etc/init/audioserver.rc:39)
[  664.646612] init: Sending signal 9 to service 'vendor.audio-hal' (pid 1335) process group...
[  664.693448] libprocessgroup: Successfully killed process cgroup uid 1041 pid 1335 in 45ms
[  664.749434] init: Command 'restart vendor.audio-hal' action=sys.audio.restart.hal=1 (/system/etc/init/audioserver.rc:40) took 102ms and succeeded
[  664.784174] init: Service 'vendor.audio-hal' (pid 1335) received signal 9
[  664.790749] init: Sending signal 9 to service 'audioserver' (pid 1354) process group...
[  665.137248] libprocessgroup: Successfully killed process cgroup uid 1041 pid 1354 in 339ms
[  665.169148] init: Command 'restart audioserver' action=onrestart (<Service 'vendor.audio-hal' onrestart>:1) took 384ms and succeeded
[  665.223332] init: Service 'audioserver' (pid 1354) received signal 9
[  665.265059] init: Command 'restart vendor.audio-hal-4-0-msd' action=sys.audio.restart.hal=1 (/system/etc/init/audioserver.rc:41) took 0ms and failed: service vendor.audio-hal-4-0-msd not found
[  665.321336] init: starting service 'vendor.audio-hal'...
[  665.466844] init: Command 'restart vendor.audio-hal-2-0' action=sys.audio.restart.hal=1 (/system/etc/init/audioserver.rc:43) took 0ms and failed: service vendor.audio-hal-2-0 not found
[  665.513267] init: Command 'restart audio-hal-2-0' action=sys.audio.restart.hal=1 (/system/etc/init/audioserver.rc:44) took 44ms and failed: service audio-hal-2-0 not found
[  665.550268] init: processing action (init.svc.mediadrm=running) from (/vendor/etc/init/android.hardware.drm@1.3-service.widevine.rc:1)
[  665.581092] init: processing action (init.svc.audioserver=running) from (/system/etc/init/audioserver.rc:32)
[  665.582152] init: Command 'start vendor.audio-hal-4-0-msd' action=init.svc.audioserver=running (/system/etc/init/audioserver.rc:34) took 0ms and failed: service vendor.audio-hal-4-0-msd not found
[  665.583202] init: Command 'start vendor.audio-hal-2-0' action=init.svc.audioserver=running (/system/etc/init/audioserver.rc:36) took 0ms and failed: service vendor.audio-hal-2-0 not found
[  665.633169] init: Command 'start audio-hal-2-0' action=init.svc.audioserver=running (/system/etc/init/audioserver.rc:37) took 0ms and failed: service audio-hal-2-0 not found
[  665.634795] init: processing action (sys.init.updatable_crashing=1) from (/system/etc/init/flags_health_check.rc:10)
[  665.696755] init: starting service 'exec 58 (/system/bin/flags_health_check UPDATABLE_CRASHING)'...
[  665.914748] init: SVC_EXEC service 'exec 58 (/system/bin/flags_health_check UPDATABLE_CRASHING)' pid 1358 (uid 1000 gid 1000+0 context default) started; waiting...
[  665.969846] init: Command 'exec - system system -- /system/bin/flags_health_check UPDATABLE_CRASHING' action=sys.init.updatable_crashing=1 (/system/etc/init/flags_health_check.rc:11) took 300ms and succeeded
[  668.068222] init: Service 'zygote' (pid 1336) received signal 11
[  668.068735] init: Sending signal 9 to service 'zygote' (pid 1336) process group...
[  668.070791] libprocessgroup: Successfully killed process cgroup uid 0 pid 1336 in 1ms
[  668.082268] init: updatable process 'zygote' exited 4 times before boot completed
[  668.151613] init: starting service 'exec 59 (/system/bin/vdc volume abort_fuse)'...
[  668.333184] init: Command 'exec_background - system system -- /system/bin/vdc volume abort_fuse' action=onrestart (<Service 'zygote' onrestart>:1) took 138ms and succeeded
[  668.378746] init: Command 'write /sys/power/state on' action=onrestart (<Service 'zygote' onrestart>:2) took 44ms and failed: Unable to write to file '/sys/power/state': Unable to write file contents: Invalid argument
[  668.441457] init: Command 'restart audioserver' action=onrestart (<Service 'zygote' onrestart>:3) took 61ms and succeeded
[  668.442756] init: Sending signal 9 to service 'cameraserver' (pid 1337) process group...
[  668.593472] libprocessgroup: Successfully killed process cgroup uid 1047 pid 1337 in 119ms
[  668.649336] init: Command 'restart cameraserver' action=onrestart (<Service 'zygote' onrestart>:4) took 206ms and succeeded
[  668.650195] init: Sending signal 9 to service 'media' (pid 1347) process group...
[  668.778497] libprocessgroup: Successfully killed process cgroup uid 1013 pid 1347 in 127ms
[  668.826001] init: Command 'restart media' action=onrestart (<Service 'zygote' onrestart>:5) took 175ms and succeeded
[  668.826892] init: Sending signal 9 to service 'netd' (pid 1351) process group...
[  668.975757] libprocessgroup: Successfully killed process cgroup uid 0 pid 1351 in 108ms
[  668.998183] init: Command 'restart netd' action=onrestart (<Service 'zygote' onrestart>:6) took 171ms and succeeded
[  668.998872] init: Sending signal 9 to service 'wificond' (pid 1352) process group...
[  669.129790] libprocessgroup: Successfully killed process cgroup uid 1010 pid 1352 in 129ms
[  669.164944] init: Command 'restart wificond' action=onrestart (<Service 'zygote' onrestart>:7) took 165ms and succeeded
[  669.223532] init: Service 'cameraserver' (pid 1337) received signal 9
[  669.268382] init: Untracked pid 1341 exited with status 0
[  669.269195] init: Untracked pid 1343 exited with status 0
[  669.270026] init: Service 'media' (pid 1347) received signal 9
[  669.322590] init: Service 'netd' (pid 1351) received signal 9
[  669.344639] init: Command 'restart zygote_secondary' action=onrestart (<Service 'netd' onrestart>:2) took 0ms and failed: service zygote_secondary not found
[  669.377989] init: Service 'wificond' (pid 1352) received signal 9
[  669.414870] init: Service 'exec 58 (/system/bin/flags_health_check UPDATABLE_CRASHING)' (pid 1358) exited with status 0 waiting took 3.579000 seconds
[  669.415687] init: Sending signal 9 to service 'exec 58 (/system/bin/flags_health_check UPDATABLE_CRASHING)' (pid 1358) process group...
[  669.436802] libprocessgroup: Successfully killed process cgroup uid 1000 pid 1358 in 0ms
[  669.460589] init: processing action (init.svc.media=*) from (/system/etc/init/mediaserver.rc:1)
[  669.510171] init: starting service 'zygote'...
[  669.552778] init: Created socket '/dev/socket/zygote', mode 660, user 0, group 1000
[  669.585716] init: Created socket '/dev/socket/usap_pool_primary', mode 660, user 0, group 1000
[  669.973524] init: starting service 'audioserver'...
[  671.806630] init: starting service 'cameraserver'...
[  672.394499] init: starting service 'media'...
[  672.608372] libprocessgroup: Failed to open /dev/cpuset/camera-daemon/tasks: No such file or directory: No such file or directory
[  672.609218] libprocessgroup: Failed to apply CameraServiceCapacity task profile: No such file or directory
[  672.610529] init: starting service 'netd'...
[  672.686244] init: Created socket '/dev/socket/dnsproxyd', mode 660, user 0, group 3003
[  672.719191] init: Created socket '/dev/socket/mdns', mode 660, user 0, group 1000
[  672.865519] init: Created socket '/dev/socket/fwmarkd', mode 660, user 0, group 3003
[  673.131492] init: starting service 'wificond'...
[  673.573313] init: processing action (sys.init.updatable_crashing=1) from (/system/etc/init/flags_health_check.rc:10)
[  673.631709] init: starting service 'exec 60 (/system/bin/flags_health_check UPDATABLE_CRASHING)'...
[  673.851286] init: SVC_EXEC service 'exec 60 (/system/bin/flags_health_check UPDATABLE_CRASHING)' pid 1384 (uid 1000 gid 1000+0 context default) started; waiting...
[  673.890662] init: Command 'exec - system system -- /system/bin/flags_health_check UPDATABLE_CRASHING' action=sys.init.updatable_crashing=1 (/system/etc/init/flags_health_check.rc:11) took 315ms and succeeded
[  673.933660] init: Service 'exec 59 (/system/bin/vdc volume abort_fuse)' (pid 1365) exited with status 0 oneshot service took 5.705000 seconds in background
[  673.934929] init: Sending signal 9 to service 'exec 59 (/system/bin/vdc volume abort_fuse)' (pid 1365) process group...
[  674.012441] libprocessgroup: Successfully killed process cgroup uid 1000 pid 1365 in 1ms
[  681.789652] init: Service 'exec 60 (/system/bin/flags_health_check UPDATABLE_CRASHING)' (pid 1384) exited with status 0 waiting took 7.992000 seconds
[  681.790415] init: Sending signal 9 to service 'exec 60 (/system/bin/flags_health_check UPDATABLE_CRASHING)' (pid 1384) process group...
[  681.793764] libprocessgroup: Successfully killed process cgroup uid 1000 pid 1384 in 0ms
[  681.821153] init: processing action (init.svc.media=*) from (/system/etc/init/mediaserver.rc:1)
[  681.880004] init: processing action (sys.audio.restart.hal=1) from (/system/etc/init/audioserver.rc:39)
[  681.881140] init: Sending signal 9 to service 'vendor.audio-hal' (pid 1356) process group...
[  681.972449] libprocessgroup: Successfully killed process cgroup uid 1041 pid 1356 in 81ms
[  682.020905] init: Command 'restart vendor.audio-hal' action=sys.audio.restart.hal=1 (/system/etc/init/audioserver.rc:40) took 139ms and succeeded
[  682.022229] init: Service 'vendor.audio-hal' (pid 1356) received signal 9
[  682.070228] init: Sending signal 9 to service 'audioserver' (pid 1372) process group...
[  682.242899] libprocessgroup: Successfully killed process cgroup uid 1041 pid 1372 in 171ms
[  682.317927] init: Command 'restart audioserver' action=onrestart (<Service 'vendor.audio-hal' onrestart>:1) took 265ms and succeeded
[  682.362292] init: Service 'audioserver' (pid 1372) received signal 9
[  682.421098] init: Command 'setprop sys.audio.restart.hal 1' action=onrestart (<Service 'audioserver' onrestart>:1) took 57ms and succeeded
[  682.486265] init: Command 'restart vendor.audio-hal-4-0-msd' action=sys.audio.restart.hal=1 (/system/etc/init/audioserver.rc:41) took 0ms and failed: service vendor.audio-hal-4-0-msd not found
[  682.540023] init: starting service 'audioserver'...
[  682.740610] init: starting service 'vendor.audio-hal'...
[  682.951839] init: Command 'restart vendor.audio-hal-2-0' action=sys.audio.restart.hal=1 (/system/etc/init/audioserver.rc:43) took 0ms and failed: service vendor.audio-hal-2-0 not found
[  683.008831] init: Command 'restart audio-hal-2-0' action=sys.audio.restart.hal=1 (/system/etc/init/audioserver.rc:44) took 0ms and failed: service audio-hal-2-0 not found
[  683.069791] init: processing action (init.svc.media=*) from (/system/etc/init/mediaserver.rc:1)
[  683.114232] init: processing action (init.svc.audioserver=running) from (/system/etc/init/audioserver.rc:32)
[  683.165168] init: Command 'start vendor.audio-hal-4-0-msd' action=init.svc.audioserver=running (/system/etc/init/audioserver.rc:34) took 0ms and failed: service vendor.audio-hal-4-0-msd not found
[  683.166943] init: Command 'start vendor.audio-hal-2-0' action=init.svc.audioserver=running (/system/etc/init/audioserver.rc:36) took 0ms and failed: service vendor.audio-hal-2-0 not found
[  683.206834] init: Command 'start audio-hal-2-0' action=init.svc.audioserver=running (/system/etc/init/audioserver.rc:37) took 0ms and failed: service audio-hal-2-0 not found
[  683.224949] init: processing action (sys.audio.restart.hal=1) from (/system/etc/init/audioserver.rc:39)
[  683.225714] init: Sending signal 9 to service 'vendor.audio-hal' (pid 1391) process group...
[  683.271558] libprocessgroup: Successfully killed process cgroup uid 1041 pid 1391 in 44ms
[  683.324338] init: Command 'restart vendor.audio-hal' action=sys.audio.restart.hal=1 (/system/etc/init/audioserver.rc:40) took 98ms and succeeded
[  683.354014] init: Service 'vendor.audio-hal' (pid 1391) received signal 9
[  683.369152] init: Sending signal 9 to service 'audioserver' (pid 1389) process group...
[  683.413543] libprocessgroup: Successfully killed process cgroup uid 1041 pid 1389 in 43ms
[  683.482223] init: Command 'restart audioserver' action=onrestart (<Service 'vendor.audio-hal' onrestart>:1) took 105ms and succeeded
[  683.510507] init: Service 'audioserver' (pid 1389) received signal 9
[  683.567502] init: Command 'setprop sys.audio.restart.hal 1' action=onrestart (<Service 'audioserver' onrestart>:1) took 55ms and succeeded
[  683.629469] init: Command 'restart vendor.audio-hal-4-0-msd' action=sys.audio.restart.hal=1 (/system/etc/init/audioserver.rc:41) took 9ms and failed: service vendor.audio-hal-4-0-msd not found
[  683.631847] init: Command 'restart vendor.audio-hal-2-0' action=sys.audio.restart.hal=1 (/system/etc/init/audioserver.rc:43) took 0ms and failed: service vendor.audio-hal-2-0 not found
[  683.674109] init: Command 'restart audio-hal-2-0' action=sys.audio.restart.hal=1 (/system/etc/init/audioserver.rc:44) took 0ms and failed: service audio-hal-2-0 not found
[  683.723573] init: processing action (sys.init.updatable_crashing=1) from (/system/etc/init/flags_health_check.rc:10)
[  683.747345] init: starting service 'exec 61 (/system/bin/flags_health_check UPDATABLE_CRASHING)'...
[  683.881370] init: SVC_EXEC service 'exec 61 (/system/bin/flags_health_check UPDATABLE_CRASHING)' pid 1396 (uid 1000 gid 1000+0 context default) started; waiting...
[  683.882866] init: Command 'exec - system system -- /system/bin/flags_health_check UPDATABLE_CRASHING' action=sys.init.updatable_crashing=1 (/system/etc/init/flags_health_check.rc:11) took 138ms and succeeded
[  686.902568] init: Service 'zygote' (pid 1369) received signal 11
[  686.903688] init: Sending signal 9 to service 'zygote' (pid 1369) process group...
[  686.977648] libprocessgroup: Successfully killed process cgroup uid 0 pid 1369 in 2ms
[  687.025794] init: updatable process 'zygote' exited 4 times before boot completed
[  687.201788] init: starting service 'exec 62 (/system/bin/vdc volume abort_fuse)'...
[  687.459571] init: Command 'exec_background - system system -- /system/bin/vdc volume abort_fuse' action=onrestart (<Service 'zygote' onrestart>:1) took 312ms and succeeded
[  687.645078] init: Command 'write /sys/power/state on' action=onrestart (<Service 'zygote' onrestart>:2) took 73ms and failed: Unable to write to file '/sys/power/state': Unable to write file contents: Invalid argument
[  687.690150] init: Sending signal 9 to service 'cameraserver' (pid 1378) process group...
[  688.177596] libprocessgroup: Successfully killed process cgroup uid 1047 pid 1378 in 460ms
[  688.261601] init: Command 'restart cameraserver' action=onrestart (<Service 'zygote' onrestart>:4) took 614ms and succeeded
[  688.262731] init: Sending signal 9 to service 'media' (pid 1379) process group...
[  688.566671] libprocessgroup: Successfully killed process cgroup uid 1013 pid 1379 in 302ms
[  688.637200] init: Command 'restart media' action=onrestart (<Service 'zygote' onrestart>:5) took 374ms and succeeded
[  688.638545] init: Sending signal 9 to service 'netd' (pid 1381) process group...
[  688.759794] libprocessgroup: Successfully killed process cgroup uid 0 pid 1381 in 94ms
[  688.789263] init: Command 'restart netd' action=onrestart (<Service 'zygote' onrestart>:6) took 150ms and succeeded
[  688.790142] init: Sending signal 9 to service 'wificond' (pid 1383) process group...
[  688.845456] libprocessgroup: Successfully killed process cgroup uid 1010 pid 1383 in 54ms
[  688.880373] init: Command 'restart wificond' action=onrestart (<Service 'zygote' onrestart>:7) took 90ms and succeeded
[  688.936690] init: Untracked pid 1375 exited with status 0
[  688.937641] init: Untracked pid 1377 exited with status 0
[  688.938532] init: Service 'cameraserver' (pid 1378) received signal 9
[  689.000219] init: Service 'media' (pid 1379) received signal 9
[  689.036761] init: Service 'netd' (pid 1381) received signal 9
[  689.038374] init: Command 'restart zygote_secondary' action=onrestart (<Service 'netd' onrestart>:2) took 0ms and failed: service zygote_secondary not found
[  689.066561] init: Service 'wificond' (pid 1383) received signal 9
[  689.094070] init: Service 'exec 61 (/system/bin/flags_health_check UPDATABLE_CRASHING)' (pid 1396) exited with status 0 waiting took 5.263000 seconds
[  689.094837] init: Sending signal 9 to service 'exec 61 (/system/bin/flags_health_check UPDATABLE_CRASHING)' (pid 1396) process group...
[  689.123738] libprocessgroup: Successfully killed process cgroup uid 1000 pid 1396 in 0ms
[  689.151981] init: Untracked pid 1397 received signal 9
[  689.153203] init: Untracked pid 1400 received signal 9
[  689.154824] init: processing action (init.svc.media=*) from (/system/etc/init/mediaserver.rc:1)
[  689.202538] init: starting service 'zygote'...
[  689.264618] init: Created socket '/dev/socket/zygote', mode 660, user 0, group 1000
[  689.293921] init: Created socket '/dev/socket/usap_pool_primary', mode 660, user 0, group 1000
[  689.688835] init: starting service 'audioserver'...
[  691.713864] init: starting service 'cameraserver'...
[  691.854819] init: starting service 'media'...
[  692.088867] init: starting service 'netd'...
[  692.112750] libprocessgroup: Failed to open /dev/cpuset/camera-daemon/tasks: No such file or directory: No such file or directory
[  692.113588] libprocessgroup: Failed to apply CameraServiceCapacity task profile: No such file or directory
[  692.178317] init: Created socket '/dev/socket/dnsproxyd', mode 660, user 0, group 3003
[  692.265968] init: Created socket '/dev/socket/mdns', mode 660, user 0, group 1000
[  692.334845] init: Created socket '/dev/socket/fwmarkd', mode 660, user 0, group 3003
[  692.499319] init: starting service 'wificond'...
[  692.858262] init: starting service 'vendor.audio-hal'...
[  693.048460] init: Service 'exec 62 (/system/bin/vdc volume abort_fuse)' (pid 1407) exited with status 0 oneshot service took 5.660000 seconds in background
[  693.049356] init: Sending signal 9 to service 'exec 62 (/system/bin/vdc volume abort_fuse)' (pid 1407) process group...
[  693.089008] libprocessgroup: Successfully killed process cgroup uid 1000 pid 1407 in 38ms
[  693.141076] init: processing action (init.svc.media=*) from (/system/etc/init/mediaserver.rc:1)
[  693.183063] init: processing action (init.svc.audioserver=running) from (/system/etc/init/audioserver.rc:32)
[  693.212381] init: Command 'start vendor.audio-hal-4-0-msd' action=init.svc.audioserver=running (/system/etc/init/audioserver.rc:34) took 0ms and failed: service vendor.audio-hal-4-0-msd not found
[  693.213586] init: Command 'start vendor.audio-hal-2-0' action=init.svc.audioserver=running (/system/etc/init/audioserver.rc:36) took 0ms and failed: service vendor.audio-hal-2-0 not found
[  693.214757] init: Command 'start audio-hal-2-0' action=init.svc.audioserver=running (/system/etc/init/audioserver.rc:37) took 0ms and failed: service audio-hal-2-0 not found
[  693.265486] init: processing action (init.svc.media=*) from (/system/etc/init/mediaserver.rc:1)
[  693.305162] init: processing action (init.svc.mediadrm=running) from (/vendor/etc/init/android.hardware.drm@1.3-service.widevine.rc:1)
[  693.334965] init: processing action (sys.audio.restart.hal=1) from (/system/etc/init/audioserver.rc:39)
[  693.376151] init: Sending signal 9 to service 'vendor.audio-hal' (pid 1426) process group...
[  693.538112] libprocessgroup: Successfully killed process cgroup uid 1041 pid 1426 in 160ms
[  693.591506] init: Command 'restart vendor.audio-hal' action=sys.audio.restart.hal=1 (/system/etc/init/audioserver.rc:40) took 255ms and succeeded
[  693.618324] init: Service 'vendor.audio-hal' (pid 1426) received signal 9
[  693.644902] init: Sending signal 9 to service 'audioserver' (pid 1412) process group...
[  693.673253] libprocessgroup: Successfully killed process cgroup uid 1041 pid 1412 in 26ms
[  693.732357] init: Command 'restart audioserver' action=onrestart (<Service 'vendor.audio-hal' onrestart>:1) took 103ms and succeeded
[  693.761128] init: Service 'audioserver' (pid 1412) received signal 9
[  693.817112] init: Command 'restart vendor.audio-hal-4-0-msd' action=sys.audio.restart.hal=1 (/system/etc/init/audioserver.rc:41) took 0ms and failed: service vendor.audio-hal-4-0-msd not found
[  693.818511] init: Command 'restart vendor.audio-hal-2-0' action=sys.audio.restart.hal=1 (/system/etc/init/audioserver.rc:43) took 0ms and failed: service vendor.audio-hal-2-0 not found
[  693.846016] init: Command 'restart audio-hal-2-0' action=sys.audio.restart.hal=1 (/system/etc/init/audioserver.rc:44) took 0ms and failed: service audio-hal-2-0 not found
[  693.877770] init: processing action (init.svc.audioserver=running) from (/system/etc/init/audioserver.rc:32)
[  693.921350] init: starting service 'vendor.audio-hal'...
[  694.113388] init: Command 'start vendor.audio-hal' action=init.svc.audioserver=running (/system/etc/init/audioserver.rc:33) took 234ms and succeeded
[  694.115244] init: Command 'start vendor.audio-hal-4-0-msd' action=init.svc.audioserver=running (/system/etc/init/audioserver.rc:34) took 0ms and failed: service vendor.audio-hal-4-0-msd not found
[  694.152991] init: Command 'start vendor.audio-hal-2-0' action=init.svc.audioserver=running (/system/etc/init/audioserver.rc:36) took 0ms and failed: service vendor.audio-hal-2-0 not found
[  694.154281] init: Command 'start audio-hal-2-0' action=init.svc.audioserver=running (/system/etc/init/audioserver.rc:37) took 0ms and failed: service audio-hal-2-0 not found
[  694.183307] init: processing action (init.svc.mediadrm=running) from (/vendor/etc/init/android.hardware.drm@1.3-service.widevine.rc:1)
[  694.202609] init: processing action (sys.audio.restart.hal=1) from (/system/etc/init/audioserver.rc:39)
[  694.203310] init: Sending signal 9 to service 'vendor.audio-hal' (pid 1428) process group...
[  694.277237] libprocessgroup: Successfully killed process cgroup uid 1041 pid 1428 in 72ms
[  694.323577] init: Command 'restart vendor.audio-hal' action=sys.audio.restart.hal=1 (/system/etc/init/audioserver.rc:40) took 120ms and succeeded
[  694.337702] init: Service 'vendor.audio-hal' (pid 1428) received signal 9
[  694.370025] init: Command 'restart vendor.audio-hal-4-0-msd' action=sys.audio.restart.hal=1 (/system/etc/init/audioserver.rc:41) took 0ms and failed: service vendor.audio-hal-4-0-msd not found
[  694.371253] init: Command 'restart vendor.audio-hal-2-0' action=sys.audio.restart.hal=1 (/system/etc/init/audioserver.rc:43) took 0ms and failed: service vendor.audio-hal-2-0 not found
[  694.404860] init: Command 'restart audio-hal-2-0' action=sys.audio.restart.hal=1 (/system/etc/init/audioserver.rc:44) took 0ms and failed: service audio-hal-2-0 not found
[  694.438040] init: processing action (sys.init.updatable_crashing=1) from (/system/etc/init/flags_health_check.rc:10)
[  694.459145] init: starting service 'exec 63 (/system/bin/flags_health_check UPDATABLE_CRASHING)'...
[  694.608131] init: SVC_EXEC service 'exec 63 (/system/bin/flags_health_check UPDATABLE_CRASHING)' pid 1429 (uid 1000 gid 1000+0 context default) started; waiting...
[  694.626340] init: Command 'exec - system system -- /system/bin/flags_health_check UPDATABLE_CRASHING' action=sys.init.updatable_crashing=1 (/system/etc/init/flags_health_check.rc:11) took 187ms and succeeded
[  695.636681] init: starting service 'audioserver'...
[  696.768933] init: Untracked pid 1359 received signal 14
[  696.823804] init: Untracked pid 1361 exited with status 0
[  696.840391] init: Service 'media.swcodec' (pid 1318) received signal 11
[  696.841099] init: Sending signal 9 to service 'media.swcodec' (pid 1318) process group...
[  696.843884] libprocessgroup: Successfully killed process cgroup uid 1046 pid 1318 in 1ms
[  697.469085] init: updatable process 'media.swcodec' exited 4 times before boot completed
[  698.667318] init: starting service 'media.swcodec'...
[  700.265112] init: starting service 'vendor.audio-hal'...
[  701.145656] init: Service 'exec 63 (/system/bin/flags_health_check UPDATABLE_CRASHING)' (pid 1429) exited with status 0 waiting took 6.617000 seconds
[  701.146745] init: Sending signal 9 to service 'exec 63 (/system/bin/flags_health_check UPDATABLE_CRASHING)' (pid 1429) process group...
[  701.169371] libprocessgroup: Successfully killed process cgroup uid 1000 pid 1429 in 20ms
[  701.212925] init: processing action (init.svc.media=*) from (/system/etc/init/mediaserver.rc:1)
[  701.253463] init: processing action (init.svc.media=*) from (/system/etc/init/mediaserver.rc:1)
[  701.319724] init: processing action (init.svc.audioserver=running) from (/system/etc/init/audioserver.rc:32)
[  701.321056] init: Command 'start vendor.audio-hal-4-0-msd' action=init.svc.audioserver=running (/system/etc/init/audioserver.rc:34) took 0ms and failed: service vendor.audio-hal-4-0-msd not found
[  701.344857] init: Command 'start vendor.audio-hal-2-0' action=init.svc.audioserver=running (/system/etc/init/audioserver.rc:36) took 0ms and failed: service vendor.audio-hal-2-0 not found
[  701.346610] init: Command 'start audio-hal-2-0' action=init.svc.audioserver=running (/system/etc/init/audioserver.rc:37) took 0ms and failed: service audio-hal-2-0 not found
[  701.381313] init: processing action (init.svc.media=*) from (/system/etc/init/mediaserver.rc:1)
[  701.417940] init: processing action (init.svc.mediadrm=running) from (/vendor/etc/init/android.hardware.drm@1.3-service.widevine.rc:1)
[  701.480730] init: processing action (init.svc.mediadrm=running) from (/vendor/etc/init/android.hardware.drm@1.3-service.widevine.rc:1)
[  701.520700] init: processing action (sys.audio.restart.hal=1) from (/system/etc/init/audioserver.rc:39)
[  701.521520] init: Sending signal 9 to service 'vendor.audio-hal' (pid 1432) process group...
[  701.606947] libprocessgroup: Successfully killed process cgroup uid 1041 pid 1432 in 53ms
[  701.649259] init: Command 'restart vendor.audio-hal' action=sys.audio.restart.hal=1 (/system/etc/init/audioserver.rc:40) took 127ms and succeeded
[  701.650602] init: Service 'vendor.audio-hal' (pid 1432) received signal 9
[  701.676495] init: Sending signal 9 to service 'audioserver' (pid 1430) process group...
[  701.724696] libprocessgroup: Successfully killed process cgroup uid 1041 pid 1430 in 46ms
[  701.760786] init: Command 'restart audioserver' action=onrestart (<Service 'vendor.audio-hal' onrestart>:1) took 109ms and succeeded
[  701.793192] init: Service 'audioserver' (pid 1430) received signal 9
[  701.858236] init: Command 'restart vendor.audio-hal-4-0-msd' action=sys.audio.restart.hal=1 (/system/etc/init/audioserver.rc:41) took 0ms and failed: service vendor.audio-hal-4-0-msd not found
[  701.895408] init: starting service 'audioserver'...
[  702.138678] init: Command 'restart vendor.audio-hal-2-0' action=sys.audio.restart.hal=1 (/system/etc/init/audioserver.rc:43) took 0ms and failed: service vendor.audio-hal-2-0 not found
[  702.165438] init: Command 'restart audio-hal-2-0' action=sys.audio.restart.hal=1 (/system/etc/init/audioserver.rc:44) took 0ms and failed: service audio-hal-2-0 not found
[  702.217744] init: processing action (init.svc.audioserver=running) from (/system/etc/init/audioserver.rc:32)
[  702.306718] init: starting service 'vendor.audio-hal'...
[  702.526336] init: Command 'start vendor.audio-hal' action=init.svc.audioserver=running (/system/etc/init/audioserver.rc:33) took 306ms and succeeded
[  702.560824] init: Command 'start vendor.audio-hal-4-0-msd' action=init.svc.audioserver=running (/system/etc/init/audioserver.rc:34) took 32ms and failed: service vendor.audio-hal-4-0-msd not found
[  702.563024] init: Command 'start vendor.audio-hal-2-0' action=init.svc.audioserver=running (/system/etc/init/audioserver.rc:36) took 0ms and failed: service vendor.audio-hal-2-0 not found
[  702.628392] init: Command 'start audio-hal-2-0' action=init.svc.audioserver=running (/system/etc/init/audioserver.rc:37) took 0ms and failed: service audio-hal-2-0 not found
[  702.630157] init: processing action (sys.init.updatable_crashing=1) from (/system/etc/init/flags_health_check.rc:10)
[  702.723812] init: starting service 'exec 64 (/system/bin/flags_health_check UPDATABLE_CRASHING)'...
[  702.902284] init: SVC_EXEC service 'exec 64 (/system/bin/flags_health_check UPDATABLE_CRASHING)' pid 1444 (uid 1000 gid 1000+0 context default) started; waiting...
[  702.937416] init: Command 'exec - system system -- /system/bin/flags_health_check UPDATABLE_CRASHING' action=sys.init.updatable_crashing=1 (/system/etc/init/flags_health_check.rc:11) took 305ms and succeeded
[  704.744836] init: Untracked pid 1415 exited with status 0
[  704.777077] init: Service 'zygote' (pid 1410) received signal 11
[  704.777622] init: Sending signal 9 to service 'zygote' (pid 1410) process group...
[  704.779764] libprocessgroup: Successfully killed process cgroup uid 0 pid 1410 in 1ms
[  704.809633] init: updatable process 'zygote' exited 4 times before boot completed
[  704.924316] init: starting service 'exec 65 (/system/bin/vdc volume abort_fuse)'...
[  705.079320] init: Command 'exec_background - system system -- /system/bin/vdc volume abort_fuse' action=onrestart (<Service 'zygote' onrestart>:1) took 197ms and succeeded
[  705.180729] init: Command 'write /sys/power/state on' action=onrestart (<Service 'zygote' onrestart>:2) took 56ms and failed: Unable to write to file '/sys/power/state': Unable to write file contents: Invalid argument
[  705.182210] init: Sending signal 9 to service 'audioserver' (pid 1441) process group...
[  705.273460] libprocessgroup: Successfully killed process cgroup uid 1041 pid 1441 in 90ms
[  705.328837] init: Command 'restart audioserver' action=onrestart (<Service 'zygote' onrestart>:3) took 146ms and succeeded
[  705.329894] init: Sending signal 9 to service 'cameraserver' (pid 1418) process group...
[  705.828644] libprocessgroup: Successfully killed process cgroup uid 1047 pid 1418 in 476ms
[  705.920662] init: Command 'restart cameraserver' action=onrestart (<Service 'zygote' onrestart>:4) took 578ms and succeeded
[  705.922426] init: Sending signal 9 to service 'media' (pid 1420) process group...
[  706.390637] libprocessgroup: Successfully killed process cgroup uid 1013 pid 1420 in 429ms
[  706.449358] init: Command 'restart media' action=onrestart (<Service 'zygote' onrestart>:5) took 527ms and succeeded
[  706.450254] init: Sending signal 9 to service 'netd' (pid 1423) process group...
[  706.528533] libprocessgroup: Successfully killed process cgroup uid 0 pid 1423 in 77ms
[  706.571046] init: Command 'restart netd' action=onrestart (<Service 'zygote' onrestart>:6) took 120ms and succeeded
[  706.595711] init: Sending signal 9 to service 'wificond' (pid 1424) process group...
[  706.637564] libprocessgroup: Successfully killed process cgroup uid 1010 pid 1424 in 40ms
[  706.689987] init: Command 'restart wificond' action=onrestart (<Service 'zygote' onrestart>:7) took 117ms and succeeded
[  706.769456] init: Untracked pid 1417 exited with status 0
[  706.770847] init: Service 'cameraserver' (pid 1418) received signal 9
[  706.840690] init: Service 'media' (pid 1420) received signal 9
[  706.898849] init: Service 'netd' (pid 1423) received signal 9
[  706.927203] init: Command 'restart zygote_secondary' action=onrestart (<Service 'netd' onrestart>:2) took 0ms and failed: service zygote_secondary not found
[  706.962603] init: Service 'wificond' (pid 1424) received signal 9
[  707.014905] init: Service 'audioserver' (pid 1441) received signal 9
[  707.065741] init: Untracked pid 1438 received signal 9
[  707.067033] init: Untracked pid 1439 received signal 9
[  707.115705] init: starting service 'zygote'...
[  707.174241] init: Created socket '/dev/socket/zygote', mode 660, user 0, group 1000
[  707.214902] init: Created socket '/dev/socket/usap_pool_primary', mode 660, user 0, group 1000
[  707.399272] init: starting service 'audioserver'...
[  710.080273] init: starting service 'cameraserver'...
[  710.376105] init: starting service 'media'...
[  710.552358] init: starting service 'netd'...
[  710.617835] libprocessgroup: Failed to open /dev/cpuset/camera-daemon/tasks: No such file or directory: No such file or directory
[  710.618944] libprocessgroup: Failed to apply CameraServiceCapacity task profile: No such file or directory
[  710.645186] init: Created socket '/dev/socket/dnsproxyd', mode 660, user 0, group 3003
[  710.678818] init: Created socket '/dev/socket/mdns', mode 660, user 0, group 1000
[  710.776110] init: Created socket '/dev/socket/fwmarkd', mode 660, user 0, group 3003
[  711.011724] init: starting service 'wificond'...
[  711.202855] init: Service 'exec 64 (/system/bin/flags_health_check UPDATABLE_CRASHING)' (pid 1444) exited with status 0 waiting took 8.377000 seconds
[  711.203723] init: Sending signal 9 to service 'exec 64 (/system/bin/flags_health_check UPDATABLE_CRASHING)' (pid 1444) process group...
[  711.241977] libprocessgroup: Successfully killed process cgroup uid 1000 pid 1444 in 1ms
[  711.293342] init: Service 'exec 65 (/system/bin/vdc volume abort_fuse)' (pid 1446) exited with status 0 oneshot service took 6.271000 seconds in background
[  711.294144] init: Sending signal 9 to service 'exec 65 (/system/bin/vdc volume abort_fuse)' (pid 1446) process group...
[  711.296086] libprocessgroup: Successfully killed process cgroup uid 1000 pid 1446 in 0ms
[  711.355247] init: processing action (init.svc.mediadrm=running) from (/vendor/etc/init/android.hardware.drm@1.3-service.widevine.rc:1)
[  711.415091] init: processing action (init.svc.mediadrm=running) from (/vendor/etc/init/android.hardware.drm@1.3-service.widevine.rc:1)
[  711.453144] init: processing action (init.svc.mediadrm=running) from (/vendor/etc/init/android.hardware.drm@1.3-service.widevine.rc:1)
[  711.497439] init: processing action (sys.audio.restart.hal=1) from (/system/etc/init/audioserver.rc:39)
[  711.498307] init: Sending signal 9 to service 'vendor.audio-hal' (pid 1443) process group...
[  711.678322] libprocessgroup: Successfully killed process cgroup uid 1041 pid 1443 in 178ms
[  711.724357] init: Command 'restart vendor.audio-hal' action=sys.audio.restart.hal=1 (/system/etc/init/audioserver.rc:40) took 225ms and succeeded
[  711.725528] init: Service 'vendor.audio-hal' (pid 1443) received signal 9
[  711.757182] init: Sending signal 9 to service 'audioserver' (pid 1449) process group...
[  711.790019] libprocessgroup: Successfully killed process cgroup uid 1041 pid 1449 in 31ms
[  711.845348] init: Command 'restart audioserver' action=onrestart (<Service 'vendor.audio-hal' onrestart>:1) took 119ms and succeeded
[  711.875378] init: Service 'audioserver' (pid 1449) received signal 9
[  711.938571] init: Command 'restart vendor.audio-hal-4-0-msd' action=sys.audio.restart.hal=1 (/system/etc/init/audioserver.rc:41) took 0ms and failed: service vendor.audio-hal-4-0-msd not found
[  712.004279] init: starting service 'vendor.audio-hal'...
[  712.224526] init: Command 'restart vendor.audio-hal-2-0' action=sys.audio.restart.hal=1 (/system/etc/init/audioserver.rc:43) took 0ms and failed: service vendor.audio-hal-2-0 not found
[  712.225880] init: Command 'restart audio-hal-2-0' action=sys.audio.restart.hal=1 (/system/etc/init/audioserver.rc:44) took 0ms and failed: service audio-hal-2-0 not found
[  712.274166] init: processing action (init.svc.audioserver=running) from (/system/etc/init/audioserver.rc:32)
[  712.275218] init: Command 'start vendor.audio-hal-4-0-msd' action=init.svc.audioserver=running (/system/etc/init/audioserver.rc:34) took 0ms and failed: service vendor.audio-hal-4-0-msd not found
[  712.314199] init: Command 'start vendor.audio-hal-2-0' action=init.svc.audioserver=running (/system/etc/init/audioserver.rc:36) took 0ms and failed: service vendor.audio-hal-2-0 not found
[  712.367393] init: Command 'start audio-hal-2-0' action=init.svc.audioserver=running (/system/etc/init/audioserver.rc:37) took 0ms and failed: service audio-hal-2-0 not found
[  712.369587] init: processing action (sys.init.updatable_crashing=1) from (/system/etc/init/flags_health_check.rc:10)
[  712.411248] init: starting service 'exec 66 (/system/bin/flags_health_check UPDATABLE_CRASHING)'...
[  712.547599] init: SVC_EXEC service 'exec 66 (/system/bin/flags_health_check UPDATABLE_CRASHING)' pid 1465 (uid 1000 gid 1000+0 context default) started; waiting...
[  712.593808] init: Command 'exec - system system -- /system/bin/flags_health_check UPDATABLE_CRASHING' action=sys.init.updatable_crashing=1 (/system/etc/init/flags_health_check.rc:11) took 222ms and succeeded
[  713.148147] init: starting service 'audioserver'...
[  715.449173] init: Untracked pid 1401 received signal 14
[  715.521130] init: Untracked pid 1404 exited with status 0
[  715.637595] init: Service 'mediaextractor' (pid 1344) received signal 11
[  715.639011] init: Sending signal 9 to service 'mediaextractor' (pid 1344) process group...
[  715.677100] libprocessgroup: Successfully killed process cgroup uid 1040 pid 1344 in 1ms
[  715.709087] init: updatable process 'mediaextractor' exited 4 times before boot completed
[  716.037986] init: starting service 'mediaextractor'...
[  718.842539] init: Untracked pid 1399 received signal 14
[  719.712390] init: Service 'exec 66 (/system/bin/flags_health_check UPDATABLE_CRASHING)' (pid 1465) exited with status 0 waiting took 7.190000 seconds
[  719.713414] init: Sending signal 9 to service 'exec 66 (/system/bin/flags_health_check UPDATABLE_CRASHING)' (pid 1465) process group...
[  719.716024] libprocessgroup: Successfully killed process cgroup uid 1000 pid 1465 in 1ms
[  720.081010] init: processing action (init.svc.media=*) from (/system/etc/init/mediaserver.rc:1)
[  720.160172] init: processing action (init.svc.media=*) from (/system/etc/init/mediaserver.rc:1)
[  720.197896] init: Untracked pid 1411 exited with status 0
[  720.245081] init: processing action (sys.audio.restart.hal=1) from (/system/etc/init/audioserver.rc:39)
[  720.245858] init: Sending signal 9 to service 'vendor.audio-hal' (pid 1464) process group...
[  720.373504] libprocessgroup: Successfully killed process cgroup uid 1041 pid 1464 in 126ms
[  720.425754] init: Command 'restart vendor.audio-hal' action=sys.audio.restart.hal=1 (/system/etc/init/audioserver.rc:40) took 179ms and succeeded
[  720.427377] init: Service 'vendor.audio-hal' (pid 1464) received signal 9
[  720.465089] init: Sending signal 9 to service 'audioserver' (pid 1468) process group...
[  720.537859] libprocessgroup: Successfully killed process cgroup uid 1041 pid 1468 in 71ms
[  720.582472] init: Command 'restart audioserver' action=onrestart (<Service 'vendor.audio-hal' onrestart>:1) took 154ms and succeeded
[  720.618196] init: Service 'storaged' (pid 1168) received signal 11
[  720.618860] init: Sending signal 9 to service 'storaged' (pid 1168) process group...
[  720.653428] libprocessgroup: Successfully killed process cgroup uid 0 pid 1168 in 33ms
[  720.723236] init: Service 'audioserver' (pid 1468) received signal 9
[  720.796712] init: Command 'restart vendor.audio-hal-4-0-msd' action=sys.audio.restart.hal=1 (/system/etc/init/audioserver.rc:41) took 28ms and failed: service vendor.audio-hal-4-0-msd not found
[  720.832683] init: starting service 'audioserver'...
[  721.131371] init: starting service 'storaged'...
[  721.190558] init: Could not open file '/d/mmc0/mmc0:0001/ext_csd': Failed to open file '/d/mmc0/mmc0:0001/ext_csd': No such file or directory
[  721.549843] init: starting service 'vendor.audio-hal'...
[  721.876187] init: Command 'restart vendor.audio-hal-2-0' action=sys.audio.restart.hal=1 (/system/etc/init/audioserver.rc:43) took 0ms and failed: service vendor.audio-hal-2-0 not found
[  721.878143] init: Command 'restart audio-hal-2-0' action=sys.audio.restart.hal=1 (/system/etc/init/audioserver.rc:44) took 0ms and failed: service audio-hal-2-0 not found
[  721.934281] init: Command 'setprop sys.audio.restart.hal 0' action=sys.audio.restart.hal=1 (/system/etc/init/audioserver.rc:46) took 54ms and succeeded
[  721.977122] init: processing action (init.svc.audioserver=running) from (/system/etc/init/audioserver.rc:32)
[  721.978379] init: Command 'start vendor.audio-hal-4-0-msd' action=init.svc.audioserver=running (/system/etc/init/audioserver.rc:34) took 0ms and failed: service vendor.audio-hal-4-0-msd not found
[  722.033632] init: Command 'start vendor.audio-hal-2-0' action=init.svc.audioserver=running (/system/etc/init/audioserver.rc:36) took 0ms and failed: service vendor.audio-hal-2-0 not found
[  722.035207] init: Command 'start audio-hal-2-0' action=init.svc.audioserver=running (/system/etc/init/audioserver.rc:37) took 0ms and failed: service audio-hal-2-0 not found
[  722.093422] init: Untracked pid 1419 received signal 14
[  722.094593] init: Untracked pid 1422 exited with status 0
[  722.140676] init: processing action (init.svc.media=*) from (/system/etc/init/mediaserver.rc:1)
[  722.197192] init: Command 'setprop init.svc.mediadrm ${init.svc.media}' action=init.svc.media=* (/system/etc/init/mediaserver.rc:2) took 55ms and succeeded
[  722.198540] init: Service 'iorapd' (pid 472) received signal 6
[  722.199158] init: Sending signal 9 to service 'iorapd' (pid 472) process group...
[  722.242305] libprocessgroup: Successfully killed process cgroup uid 1071 pid 472 in 1ms
[  722.401504] init: processing action (sys.audio.restart.hal=1) from (/system/etc/init/audioserver.rc:39)
[  722.402327] init: Sending signal 9 to service 'vendor.audio-hal' (pid 1483) process group...
[  722.577781] libprocessgroup: Successfully killed process cgroup uid 1041 pid 1483 in 144ms
[  722.670092] init: Command 'restart vendor.audio-hal' action=sys.audio.restart.hal=1 (/system/etc/init/audioserver.rc:40) took 267ms and succeeded
[  722.711832] init: starting service 'iorapd'...
[  722.762355] healthd: battery none chg=a
[  723.007230] init: Service 'vendor.audio-hal' (pid 1483) received signal 9
[  723.040983] init: Sending signal 9 to service 'audioserver' (pid 1480) process group...
[  723.097466] libprocessgroup: Successfully killed process cgroup uid 1041 pid 1480 in 55ms
[  723.158295] init: Command 'restart audioserver' action=onrestart (<Service 'vendor.audio-hal' onrestart>:1) took 149ms and succeeded
[  723.197588] init: Service 'audioserver' (pid 1480) received signal 9
[  723.283667] init: Command 'restart vendor.audio-hal-4-0-msd' action=sys.audio.restart.hal=1 (/system/etc/init/audioserver.rc:41) took 0ms and failed: service vendor.audio-hal-4-0-msd not found
[  723.285348] init: Command 'restart vendor.audio-hal-2-0' action=sys.audio.restart.hal=1 (/system/etc/init/audioserver.rc:43) took 0ms and failed: service vendor.audio-hal-2-0 not found
[  723.287095] init: Command 'restart audio-hal-2-0' action=sys.audio.restart.hal=1 (/system/etc/init/audioserver.rc:44) took 0ms and failed: service audio-hal-2-0 not found
[  723.374260] init: processing action (init.svc.audioserver=running) from (/system/etc/init/audioserver.rc:32)
[  723.445291] init: starting service 'vendor.audio-hal'...
[  723.758626] init: Command 'start vendor.audio-hal' action=init.svc.audioserver=running (/system/etc/init/audioserver.rc:33) took 382ms and succeeded
[  723.812397] init: Command 'start vendor.audio-hal-4-0-msd' action=init.svc.audioserver=running (/system/etc/init/audioserver.rc:34) took 0ms and failed: service vendor.audio-hal-4-0-msd not found
[  723.814222] init: Command 'start vendor.audio-hal-2-0' action=init.svc.audioserver=running (/system/etc/init/audioserver.rc:36) took 0ms and failed: service vendor.audio-hal-2-0 not found
[  723.845629] init: Command 'start audio-hal-2-0' action=init.svc.audioserver=running (/system/etc/init/audioserver.rc:37) took 0ms and failed: service audio-hal-2-0 not found
[  723.847936] init: processing action (sys.init.updatable_crashing=1) from (/system/etc/init/flags_health_check.rc:10)
[  723.928986] init: starting service 'exec 67 (/system/bin/flags_health_check UPDATABLE_CRASHING)'...
[  724.054670] init: SVC_EXEC service 'exec 67 (/system/bin/flags_health_check UPDATABLE_CRASHING)' pid 1488 (uid 1000 gid 1000+0 context default) started; waiting...
[  724.092715] init: Command 'exec - system system -- /system/bin/flags_health_check UPDATABLE_CRASHING' action=sys.init.updatable_crashing=1 (/system/etc/init/flags_health_check.rc:11) took 163ms and succeeded
[  725.501053] init: Service 'zygote' (pid 1447) received signal 11
[  725.501614] init: Sending signal 9 to service 'zygote' (pid 1447) process group...
[  725.537567] libprocessgroup: Successfully killed process cgroup uid 0 pid 1447 in 34ms
[  725.569468] init: updatable process 'zygote' exited 4 times before boot completed
[  725.681946] init: starting service 'exec 68 (/system/bin/vdc volume abort_fuse)'...
[  725.975741] init: Command 'exec_background - system system -- /system/bin/vdc volume abort_fuse' action=onrestart (<Service 'zygote' onrestart>:1) took 342ms and succeeded
[  726.059392] init: Command 'write /sys/power/state on' action=onrestart (<Service 'zygote' onrestart>:2) took 38ms and failed: Unable to write to file '/sys/power/state': Unable to write file contents: Invalid argument
[  726.094031] init: Sending signal 9 to service 'cameraserver' (pid 1456) process group...
[  726.524679] libprocessgroup: Successfully killed process cgroup uid 1047 pid 1456 in 429ms
[  726.569370] init: Command 'restart cameraserver' action=onrestart (<Service 'zygote' onrestart>:4) took 475ms and succeeded
[  726.570247] init: Sending signal 9 to service 'media' (pid 1459) process group...
[  726.812965] libprocessgroup: Successfully killed process cgroup uid 1013 pid 1459 in 241ms
[  726.873318] init: Command 'restart media' action=onrestart (<Service 'zygote' onrestart>:5) took 302ms and succeeded
[  726.874362] init: Sending signal 9 to service 'netd' (pid 1461) process group...
[  726.961117] libprocessgroup: Successfully killed process cgroup uid 0 pid 1461 in 54ms
[  726.996706] init: Command 'restart netd' action=onrestart (<Service 'zygote' onrestart>:6) took 121ms and succeeded
[  726.997438] init: Sending signal 9 to service 'wificond' (pid 1463) process group...
[  727.052062] libprocessgroup: Successfully killed process cgroup uid 1010 pid 1463 in 53ms
[  727.081540] init: Command 'restart wificond' action=onrestart (<Service 'zygote' onrestart>:7) took 83ms and succeeded
[  727.149097] init: Untracked pid 1453 exited with status 0
[  727.150007] init: Untracked pid 1455 exited with status 0
[  727.150883] init: Service 'cameraserver' (pid 1456) received signal 9
[  727.199757] init: Service 'media' (pid 1459) received signal 9
[  727.755608] init: Service 'netd' (pid 1461) received signal 9
[  727.803639] init: Command 'restart zygote_secondary' action=onrestart (<Service 'netd' onrestart>:2) took 0ms and failed: service zygote_secondary not found
[  727.869573] init: Service 'wificond' (pid 1463) received signal 9
[  727.891337] init: Untracked pid 1477 received signal 9
[  727.916554] init: Untracked pid 1478 received signal 9
[  727.975254] init: starting service 'zygote'...
[  728.066606] init: Created socket '/dev/socket/zygote', mode 660, user 0, group 1000
[  728.096347] init: Created socket '/dev/socket/usap_pool_primary', mode 660, user 0, group 1000
[  728.346579] init: starting service 'audioserver'...
[  730.044428] init: starting service 'cameraserver'...
[  730.800341] init: starting service 'media'...
[  730.995689] init: starting service 'netd'...
[  731.131961] init: Created socket '/dev/socket/dnsproxyd', mode 660, user 0, group 3003
[  731.141819] libprocessgroup: Failed to open /dev/cpuset/camera-daemon/tasks: No such file or directory: No such file or directory
[  731.142558] libprocessgroup: Failed to apply CameraServiceCapacity task profile: No such file or directory
[  731.204260] init: Created socket '/dev/socket/mdns', mode 660, user 0, group 1000
[  731.252072] init: Created socket '/dev/socket/fwmarkd', mode 660, user 0, group 3003
[  731.436085] init: starting service 'wificond'...
[  731.758806] init: Service 'exec 67 (/system/bin/flags_health_check UPDATABLE_CRASHING)' (pid 1488) exited with status 0 waiting took 7.751000 seconds
[  731.759726] init: Sending signal 9 to service 'exec 67 (/system/bin/flags_health_check UPDATABLE_CRASHING)' (pid 1488) process group...
[  731.863078] libprocessgroup: Successfully killed process cgroup uid 1000 pid 1488 in 35ms
[  731.978056] init: processing action (init.svc.mediadrm=running) from (/vendor/etc/init/android.hardware.drm@1.3-service.widevine.rc:1)
[  732.069385] init: Command 'mkdir /data/vendor/mediadrm 0770 media mediadrm' action=init.svc.mediadrm=running (/vendor/etc/init/android.hardware.drm@1.3-service.widevine.rc:2) took 90ms and succeeded
[  732.114638] init: processing action (init.svc.mediadrm=running) from (/vendor/etc/init/android.hardware.drm@1.3-service.widevine.rc:1)
[  732.181797] init: processing action (sys.audio.restart.hal=1) from (/system/etc/init/audioserver.rc:39)
[  732.182988] init: Sending signal 9 to service 'vendor.audio-hal' (pid 1487) process group...
[  732.330808] binder_alloc: 1487: binder_alloc_buf, no vma
[  732.331234] binder: 154:154 transaction failed 29189/-3, size 8-0 line 3226
[  732.357063] binder: release 1487:1487 transaction 6922 out, still active
[  732.357479] binder: undelivered TRANSACTION_COMPLETE
[  732.359529] binder: send failed reply for transaction 6922, target dead
[  732.377908] libprocessgroup: Successfully killed process cgroup uid 1041 pid 1487 in 193ms
[  732.432447] init: Command 'restart vendor.audio-hal' action=sys.audio.restart.hal=1 (/system/etc/init/audioserver.rc:40) took 249ms and succeeded
[  732.433570] init: Service 'vendor.audio-hal' (pid 1487) received signal 9
[  732.437397] init: Sending signal 9 to service 'audioserver' (pid 1493) process group...
[  732.585334] libprocessgroup: Successfully killed process cgroup uid 1041 pid 1493 in 146ms
[  732.632355] init: Command 'restart audioserver' action=onrestart (<Service 'vendor.audio-hal' onrestart>:1) took 197ms and succeeded
[  732.665705] init: Service 'audioserver' (pid 1493) received signal 9
[  732.744198] init: Command 'restart vendor.audio-hal-4-0-msd' action=sys.audio.restart.hal=1 (/system/etc/init/audioserver.rc:41) took 0ms and failed: service vendor.audio-hal-4-0-msd not found
[  732.788808] init: starting service 'vendor.audio-hal'...
[  732.995898] init: Command 'restart vendor.audio-hal-2-0' action=sys.audio.restart.hal=1 (/system/etc/init/audioserver.rc:43) took 0ms and failed: service vendor.audio-hal-2-0 not found
[  732.997503] init: Command 'restart audio-hal-2-0' action=sys.audio.restart.hal=1 (/system/etc/init/audioserver.rc:44) took 0ms and failed: service audio-hal-2-0 not found
[  733.057727] init: Command 'setprop sys.audio.restart.hal 0' action=sys.audio.restart.hal=1 (/system/etc/init/audioserver.rc:46) took 58ms and succeeded
[  733.089539] init: processing action (init.svc.audioserver=running) from (/system/etc/init/audioserver.rc:32)
[  733.135604] init: Command 'start vendor.audio-hal-4-0-msd' action=init.svc.audioserver=running (/system/etc/init/audioserver.rc:34) took 0ms and failed: service vendor.audio-hal-4-0-msd not found
[  733.144732] init: Command 'start vendor.audio-hal-2-0' action=init.svc.audioserver=running (/system/etc/init/audioserver.rc:36) took 0ms and failed: service vendor.audio-hal-2-0 not found
[  733.145753] init: Command 'start audio-hal-2-0' action=init.svc.audioserver=running (/system/etc/init/audioserver.rc:37) took 0ms and failed: service audio-hal-2-0 not found
[  733.147415] init: processing action (init.svc.mediadrm=running) from (/vendor/etc/init/android.hardware.drm@1.3-service.widevine.rc:1)
[  733.221136] init: processing action (sys.audio.restart.hal=1) from (/system/etc/init/audioserver.rc:39)
[  733.221815] init: Sending signal 9 to service 'vendor.audio-hal' (pid 1508) process group...
[  733.368607] libprocessgroup: Successfully killed process cgroup uid 1041 pid 1508 in 145ms
[  733.412378] init: Command 'restart vendor.audio-hal' action=sys.audio.restart.hal=1 (/system/etc/init/audioserver.rc:40) took 190ms and succeeded
[  733.413935] init: Service 'exec 68 (/system/bin/vdc volume abort_fuse)' (pid 1490) exited with status 0 oneshot service took 7.606000 seconds in background
[  733.414772] init: Sending signal 9 to service 'exec 68 (/system/bin/vdc volume abort_fuse)' (pid 1490) process group...
[  733.490441] libprocessgroup: Successfully killed process cgroup uid 1000 pid 1490 in 31ms
[  733.541025] init: Service 'vendor.audio-hal' (pid 1508) received signal 9
[  733.610437] init: Command 'restart vendor.audio-hal-4-0-msd' action=sys.audio.restart.hal=1 (/system/etc/init/audioserver.rc:41) took 0ms and failed: service vendor.audio-hal-4-0-msd not found
[  733.654950] init: Command 'restart vendor.audio-hal-2-0' action=sys.audio.restart.hal=1 (/system/etc/init/audioserver.rc:43) took 0ms and failed: service vendor.audio-hal-2-0 not found
[  733.684135] init: Command 'restart audio-hal-2-0' action=sys.audio.restart.hal=1 (/system/etc/init/audioserver.rc:44) took 0ms and failed: service audio-hal-2-0 not found
[  733.740806] init: Command 'setprop sys.audio.restart.hal 0' action=sys.audio.restart.hal=1 (/system/etc/init/audioserver.rc:46) took 52ms and succeeded
[  733.771380] init: processing action (sys.init.updatable_crashing=1) from (/system/etc/init/flags_health_check.rc:10)
[  733.818529] init: starting service 'exec 69 (/system/bin/flags_health_check UPDATABLE_CRASHING)'...
[  733.934075] init: SVC_EXEC service 'exec 69 (/system/bin/flags_health_check UPDATABLE_CRASHING)' pid 1509 (uid 1000 gid 1000+0 context default) started; waiting...
[  733.935696] init: Command 'exec - system system -- /system/bin/flags_health_check UPDATABLE_CRASHING' action=sys.init.updatable_crashing=1 (/system/etc/init/flags_health_check.rc:11) took 163ms and succeeded
[  734.117632] init: starting service 'audioserver'...
[  737.920372] init: starting service 'vendor.audio-hal'...
[  740.155451] init: Service 'exec 69 (/system/bin/flags_health_check UPDATABLE_CRASHING)' (pid 1509) exited with status 0 waiting took 6.260000 seconds
[  740.157427] init: Sending signal 9 to service 'exec 69 (/system/bin/flags_health_check UPDATABLE_CRASHING)' (pid 1509) process group...
[  740.159946] libprocessgroup: Successfully killed process cgroup uid 1000 pid 1509 in 1ms
[  740.162812] init: processing action (init.svc.media=*) from (/system/etc/init/mediaserver.rc:1)
[  740.214339] init: processing action (init.svc.media=*) from (/system/etc/init/mediaserver.rc:1)
[  740.254414] init: processing action (init.svc.audioserver=running) from (/system/etc/init/audioserver.rc:32)
[  740.283206] init: Command 'start vendor.audio-hal-4-0-msd' action=init.svc.audioserver=running (/system/etc/init/audioserver.rc:34) took 0ms and failed: service vendor.audio-hal-4-0-msd not found
[  740.300694] init: Command 'start vendor.audio-hal-2-0' action=init.svc.audioserver=running (/system/etc/init/audioserver.rc:36) took 0ms and failed: service vendor.audio-hal-2-0 not found
[  740.301933] init: Command 'start audio-hal-2-0' action=init.svc.audioserver=running (/system/etc/init/audioserver.rc:37) took 0ms and failed: service audio-hal-2-0 not found
[  740.303412] init: processing action (init.svc.media=*) from (/system/etc/init/mediaserver.rc:1)
[  740.365358] init: Command 'setprop init.svc.mediadrm ${init.svc.media}' action=init.svc.media=* (/system/etc/init/mediaserver.rc:2) took 61ms and succeeded
[  740.367378] init: processing action (sys.audio.restart.hal=1) from (/system/etc/init/audioserver.rc:39)
[  740.406314] init: Sending signal 9 to service 'vendor.audio-hal' (pid 1512) process group...
[  740.461965] libprocessgroup: Successfully killed process cgroup uid 1041 pid 1512 in 54ms
[  740.533181] init: Command 'restart vendor.audio-hal' action=sys.audio.restart.hal=1 (/system/etc/init/audioserver.rc:40) took 164ms and succeeded
[  740.534384] init: Service 'vendor.audio-hal' (pid 1512) received signal 9
[  740.552950] init: Sending signal 9 to service 'audioserver' (pid 1510) process group...
[  740.648106] libprocessgroup: Successfully killed process cgroup uid 1041 pid 1510 in 77ms
[  740.677063] init: Command 'restart audioserver' action=onrestart (<Service 'vendor.audio-hal' onrestart>:1) took 141ms and succeeded
[  740.702071] init: Service 'audioserver' (pid 1510) received signal 9
[  740.743110] init: Command 'restart vendor.audio-hal-4-0-msd' action=sys.audio.restart.hal=1 (/system/etc/init/audioserver.rc:41) took 0ms and failed: service vendor.audio-hal-4-0-msd not found
[  740.786254] init: starting service 'audioserver'...
[  740.984972] init: Command 'restart vendor.audio-hal-2-0' action=sys.audio.restart.hal=1 (/system/etc/init/audioserver.rc:43) took 0ms and failed: service vendor.audio-hal-2-0 not found
[  740.986284] init: Command 'restart audio-hal-2-0' action=sys.audio.restart.hal=1 (/system/etc/init/audioserver.rc:44) took 0ms and failed: service audio-hal-2-0 not found
[  741.040360] init: Command 'setprop sys.audio.restart.hal 0' action=sys.audio.restart.hal=1 (/system/etc/init/audioserver.rc:46) took 52ms and succeeded
[  741.042366] init: processing action (init.svc.audioserver=running) from (/system/etc/init/audioserver.rc:32)
[  741.090535] init: starting service 'vendor.audio-hal'...
[  741.249155] init: Command 'start vendor.audio-hal' action=init.svc.audioserver=running (/system/etc/init/audioserver.rc:33) took 205ms and succeeded
[  741.250701] init: Command 'start vendor.audio-hal-4-0-msd' action=init.svc.audioserver=running (/system/etc/init/audioserver.rc:34) took 0ms and failed: service vendor.audio-hal-4-0-msd not found
[  741.313080] init: Command 'start vendor.audio-hal-2-0' action=init.svc.audioserver=running (/system/etc/init/audioserver.rc:36) took 0ms and failed: service vendor.audio-hal-2-0 not found
[  741.314368] init: Command 'start audio-hal-2-0' action=init.svc.audioserver=running (/system/etc/init/audioserver.rc:37) took 0ms and failed: service audio-hal-2-0 not found
[  741.364432] init: processing action (init.svc.mediadrm=running) from (/vendor/etc/init/android.hardware.drm@1.3-service.widevine.rc:1)
[  741.369462] init: processing action (init.svc.mediadrm=running) from (/vendor/etc/init/android.hardware.drm@1.3-service.widevine.rc:1)
[  741.373844] init: processing action (init.svc.mediadrm=running) from (/vendor/etc/init/android.hardware.drm@1.3-service.widevine.rc:1)
[  741.378094] init: processing action (sys.audio.restart.hal=1) from (/system/etc/init/audioserver.rc:39)
[  741.378940] init: Sending signal 9 to service 'vendor.audio-hal' (pid 1522) process group...
[  741.581902] libprocessgroup: Successfully killed process cgroup uid 1041 pid 1522 in 201ms
[  741.626772] init: Command 'restart vendor.audio-hal' action=sys.audio.restart.hal=1 (/system/etc/init/audioserver.rc:40) took 247ms and succeeded
[  741.627908] init: Service 'vendor.audio-hal' (pid 1522) received signal 9
[  741.665635] init: Sending signal 9 to service 'audioserver' (pid 1521) process group...
[  741.778518] libprocessgroup: Successfully killed process cgroup uid 1041 pid 1521 in 111ms
[  741.828449] init: Command 'restart audioserver' action=onrestart (<Service 'vendor.audio-hal' onrestart>:1) took 199ms and succeeded
[  741.838819] init: Service 'audioserver' (pid 1521) received signal 9
[  741.919002] init: Command 'restart vendor.audio-hal-4-0-msd' action=sys.audio.restart.hal=1 (/system/etc/init/audioserver.rc:41) took 0ms and failed: service vendor.audio-hal-4-0-msd not found
[  741.956586] init: Command 'restart vendor.audio-hal-2-0' action=sys.audio.restart.hal=1 (/system/etc/init/audioserver.rc:43) took 0ms and failed: service vendor.audio-hal-2-0 not found
[  741.957729] init: Command 'restart audio-hal-2-0' action=sys.audio.restart.hal=1 (/system/etc/init/audioserver.rc:44) took 0ms and failed: service audio-hal-2-0 not found
[  742.022619] init: processing action (init.svc.audioserver=running) from (/system/etc/init/audioserver.rc:32)
[  742.049508] init: starting service 'vendor.audio-hal'...
[  742.201588] init: Command 'start vendor.audio-hal' action=init.svc.audioserver=running (/system/etc/init/audioserver.rc:33) took 177ms and succeeded
[  742.203633] init: Command 'start vendor.audio-hal-4-0-msd' action=init.svc.audioserver=running (/system/etc/init/audioserver.rc:34) took 0ms and failed: service vendor.audio-hal-4-0-msd not found
[  742.253660] init: Command 'start vendor.audio-hal-2-0' action=init.svc.audioserver=running (/system/etc/init/audioserver.rc:36) took 0ms and failed: service vendor.audio-hal-2-0 not found
[  742.255509] init: Command 'start audio-hal-2-0' action=init.svc.audioserver=running (/system/etc/init/audioserver.rc:37) took 0ms and failed: service audio-hal-2-0 not found
[  742.287455] init: processing action (sys.audio.restart.hal=1) from (/system/etc/init/audioserver.rc:39)
[  742.306207] init: Sending signal 9 to service 'vendor.audio-hal' (pid 1527) process group...
[  742.361218] libprocessgroup: Successfully killed process cgroup uid 1041 pid 1527 in 53ms
[  742.382733] init: Command 'restart vendor.audio-hal' action=sys.audio.restart.hal=1 (/system/etc/init/audioserver.rc:40) took 94ms and succeeded
[  742.400933] init: Service 'vendor.audio-hal' (pid 1527) received signal 9
[  742.414797] init: Command 'restart vendor.audio-hal-4-0-msd' action=sys.audio.restart.hal=1 (/system/etc/init/audioserver.rc:41) took 0ms and failed: service vendor.audio-hal-4-0-msd not found
[  742.415932] init: Command 'restart vendor.audio-hal-2-0' action=sys.audio.restart.hal=1 (/system/etc/init/audioserver.rc:43) took 0ms and failed: service vendor.audio-hal-2-0 not found
[  742.439184] init: Command 'restart audio-hal-2-0' action=sys.audio.restart.hal=1 (/system/etc/init/audioserver.rc:44) took 0ms and failed: service audio-hal-2-0 not found
[  742.772461] init: Untracked pid 1497 exited with status 0
[  742.798732] init: Service 'zygote' (pid 1492) received signal 11
[  742.799259] init: Sending signal 9 to service 'zygote' (pid 1492) process group...
[  742.809505] libprocessgroup: Successfully killed process cgroup uid 0 pid 1492 in 0ms
[  742.836276] init: updatable process 'zygote' exited 4 times before boot completed
[  742.906125] init: starting service 'exec 70 (/system/bin/vdc volume abort_fuse)'...
[  743.007461] init: Command 'exec_background - system system -- /system/bin/vdc volume abort_fuse' action=onrestart (<Service 'zygote' onrestart>:1) took 94ms and succeeded
[  743.062143] init: Command 'write /sys/power/state on' action=onrestart (<Service 'zygote' onrestart>:2) took 53ms and failed: Unable to write to file '/sys/power/state': Unable to write file contents: Invalid argument
[  743.063293] init: Sending signal 9 to service 'cameraserver' (pid 1500) process group...
[  743.265422] libprocessgroup: Successfully killed process cgroup uid 1047 pid 1500 in 188ms
[  743.297957] init: Command 'restart cameraserver' action=onrestart (<Service 'zygote' onrestart>:4) took 234ms and succeeded
[  743.298934] init: Sending signal 9 to service 'media' (pid 1501) process group...
[  743.570306] libprocessgroup: Successfully killed process cgroup uid 1013 pid 1501 in 270ms
[  743.615735] init: Command 'restart media' action=onrestart (<Service 'zygote' onrestart>:5) took 316ms and succeeded
[  743.623527] init: Sending signal 9 to service 'netd' (pid 1502) process group...
[  743.747805] libprocessgroup: Successfully killed process cgroup uid 0 pid 1502 in 98ms
[  743.764675] init: Command 'restart netd' action=onrestart (<Service 'zygote' onrestart>:6) took 141ms and succeeded
[  743.765512] init: Sending signal 9 to service 'wificond' (pid 1503) process group...
[  743.805707] libprocessgroup: Successfully killed process cgroup uid 1010 pid 1503 in 39ms
[  743.829780] init: Command 'restart wificond' action=onrestart (<Service 'zygote' onrestart>:7) took 64ms and succeeded
[  743.855794] init: Untracked pid 1499 exited with status 0
[  743.876958] init: Service 'cameraserver' (pid 1500) received signal 9
[  743.899892] init: Service 'media' (pid 1501) received signal 9
[  743.928344] init: Service 'netd' (pid 1502) received signal 9
[  743.945446] init: Command 'restart zygote_secondary' action=onrestart (<Service 'netd' onrestart>:2) took 0ms and failed: service zygote_secondary not found
[  743.970104] init: Service 'wificond' (pid 1503) received signal 9
[  743.994720] init: Untracked pid 1516 received signal 9
[  744.006695] init: Untracked pid 1517 received signal 9
[  744.012447] init: processing action (sys.init.updatable_crashing=1) from (/system/etc/init/flags_health_check.rc:10)
[  744.015945] init: starting service 'exec 71 (/system/bin/flags_health_check UPDATABLE_CRASHING)'...
[  744.099756] init: SVC_EXEC service 'exec 71 (/system/bin/flags_health_check UPDATABLE_CRASHING)' pid 1530 (uid 1000 gid 1000+0 context default) started; waiting...
[  744.117266] init: Command 'exec - system system -- /system/bin/flags_health_check UPDATABLE_CRASHING' action=sys.init.updatable_crashing=1 (/system/etc/init/flags_health_check.rc:11) took 103ms and succeeded
[  744.144165] init: starting service 'zygote'...
[  744.185823] init: Created socket '/dev/socket/zygote', mode 660, user 0, group 1000
[  744.211384] init: Created socket '/dev/socket/usap_pool_primary', mode 660, user 0, group 1000
[  744.358040] init: starting service 'cameraserver'...
[  746.803887] init: starting service 'media'...
[  748.192772] init: starting service 'netd'...
[  748.256199] libprocessgroup: Failed to open /dev/cpuset/camera-daemon/tasks: No such file or directory: No such file or directory
[  748.257477] libprocessgroup: Failed to apply CameraServiceCapacity task profile: No such file or directory
[  748.327346] init: Created socket '/dev/socket/dnsproxyd', mode 660, user 0, group 3003
[  748.437299] init: Created socket '/dev/socket/mdns', mode 660, user 0, group 1000
[  748.511805] init: Created socket '/dev/socket/fwmarkd', mode 660, user 0, group 3003
[  748.712434] init: starting service 'wificond'...
[  748.860726] init: starting service 'vendor.audio-hal'...
[  748.994125] init: Service 'media.swcodec' (pid 1431) received signal 11
[  748.994782] init: Sending signal 9 to service 'media.swcodec' (pid 1431) process group...
[  749.036724] libprocessgroup: Successfully killed process cgroup uid 1046 pid 1431 in 1ms
[  749.038539] init: updatable process 'media.swcodec' exited 4 times before boot completed
[  749.121892] init: Untracked pid 1469 received signal 14
[  749.136654] init: Untracked pid 1473 exited with status 0
[  749.138114] init: Service 'exec 70 (/system/bin/vdc volume abort_fuse)' (pid 1529) exited with status 0 oneshot service took 6.173000 seconds in background
[  749.139116] init: Sending signal 9 to service 'exec 70 (/system/bin/vdc volume abort_fuse)' (pid 1529) process group...
[  749.181394] libprocessgroup: Successfully killed process cgroup uid 1000 pid 1529 in 0ms
[  749.234752] init: starting service 'audioserver'...
[  749.476658] init: starting service 'media.swcodec'...
[  750.566435] init: Service 'exec 71 (/system/bin/flags_health_check UPDATABLE_CRASHING)' (pid 1530) exited with status 0 waiting took 6.486000 seconds
[  750.567305] init: Sending signal 9 to service 'exec 71 (/system/bin/flags_health_check UPDATABLE_CRASHING)' (pid 1530) process group...
[  750.570389] libprocessgroup: Successfully killed process cgroup uid 1000 pid 1530 in 1ms
[  750.590371] init: processing action (init.svc.media=*) from (/system/etc/init/mediaserver.rc:1)
[  750.633755] init: processing action (init.svc.media=*) from (/system/etc/init/mediaserver.rc:1)
[  750.659090] init: processing action (init.svc.media=*) from (/system/etc/init/mediaserver.rc:1)
[  750.712030] init: processing action (sys.init.updatable_crashing=1) from (/system/etc/init/flags_health_check.rc:10)
[  750.776922] init: starting service 'exec 72 (/system/bin/flags_health_check UPDATABLE_CRASHING)'...
[  750.917568] init: SVC_EXEC service 'exec 72 (/system/bin/flags_health_check UPDATABLE_CRASHING)' pid 1544 (uid 1000 gid 1000+0 context default) started; waiting...
[  750.918899] init: Command 'exec - system system -- /system/bin/flags_health_check UPDATABLE_CRASHING' action=sys.init.updatable_crashing=1 (/system/etc/init/flags_health_check.rc:11) took 169ms and succeeded
[  757.134961] init: Service 'exec 72 (/system/bin/flags_health_check UPDATABLE_CRASHING)' (pid 1544) exited with status 0 waiting took 6.296000 seconds
[  757.136278] init: Sending signal 9 to service 'exec 72 (/system/bin/flags_health_check UPDATABLE_CRASHING)' (pid 1544) process group...
[  757.138538] libprocessgroup: Successfully killed process cgroup uid 1000 pid 1544 in 1ms
[  757.176417] init: processing action (init.svc.audioserver=running) from (/system/etc/init/audioserver.rc:32)
[  757.177559] init: Command 'start vendor.audio-hal-4-0-msd' action=init.svc.audioserver=running (/system/etc/init/audioserver.rc:34) took 0ms and failed: service vendor.audio-hal-4-0-msd not found
[  757.178581] init: Command 'start vendor.audio-hal-2-0' action=init.svc.audioserver=running (/system/etc/init/audioserver.rc:36) took 0ms and failed: service vendor.audio-hal-2-0 not found
[  757.216152] init: Command 'start audio-hal-2-0' action=init.svc.audioserver=running (/system/etc/init/audioserver.rc:37) took 0ms and failed: service audio-hal-2-0 not found
[  757.217525] init: processing action (init.svc.mediadrm=running) from (/vendor/etc/init/android.hardware.drm@1.3-service.widevine.rc:1)
[  757.246320] init: processing action (init.svc.mediadrm=running) from (/vendor/etc/init/android.hardware.drm@1.3-service.widevine.rc:1)
[  757.298732] init: processing action (init.svc.mediadrm=running) from (/vendor/etc/init/android.hardware.drm@1.3-service.widevine.rc:1)
[  761.239015] init: Service 'zygote' (pid 1531) received signal 11
[  761.239553] init: Sending signal 9 to service 'zygote' (pid 1531) process group...
[  761.260968] libprocessgroup: Successfully killed process cgroup uid 0 pid 1531 in 20ms
[  761.263063] init: updatable process 'zygote' exited 4 times before boot completed
[  761.332850] init: starting service 'exec 73 (/system/bin/vdc volume abort_fuse)'...
[  761.426804] init: Command 'exec_background - system system -- /system/bin/vdc volume abort_fuse' action=onrestart (<Service 'zygote' onrestart>:1) took 128ms and succeeded
[  761.507829] init: Command 'write /sys/power/state on' action=onrestart (<Service 'zygote' onrestart>:2) took 79ms and failed: Unable to write to file '/sys/power/state': Unable to write file contents: Invalid argument
[  761.543848] init: Sending signal 9 to service 'audioserver' (pid 1542) process group...
[  761.680814] libprocessgroup: Successfully killed process cgroup uid 1041 pid 1542 in 135ms
[  761.717023] init: Command 'restart audioserver' action=onrestart (<Service 'zygote' onrestart>:3) took 173ms and succeeded
[  761.717729] init: Sending signal 9 to service 'cameraserver' (pid 1532) process group...
[  761.894021] libprocessgroup: Successfully killed process cgroup uid 1047 pid 1532 in 175ms
[  761.930312] init: Command 'restart cameraserver' action=onrestart (<Service 'zygote' onrestart>:4) took 212ms and succeeded
[  761.931655] init: Sending signal 9 to service 'media' (pid 1538) process group...
[  762.107706] libprocessgroup: Successfully killed process cgroup uid 1013 pid 1538 in 146ms
[  762.149231] init: Command 'restart media' action=onrestart (<Service 'zygote' onrestart>:5) took 217ms and succeeded
[  762.150041] init: Sending signal 9 to service 'netd' (pid 1539) process group...
[  762.254241] libprocessgroup: Successfully killed process cgroup uid 0 pid 1539 in 102ms
[  762.282783] init: Command 'restart netd' action=onrestart (<Service 'zygote' onrestart>:6) took 132ms and succeeded
[  762.283837] init: Sending signal 9 to service 'wificond' (pid 1540) process group...
[  762.336036] libprocessgroup: Successfully killed process cgroup uid 1010 pid 1540 in 34ms
[  762.364734] init: Command 'restart wificond' action=onrestart (<Service 'zygote' onrestart>:7) took 80ms and succeeded
[  762.410887] init: Service 'cameraserver' (pid 1532) received signal 9
[  762.458592] init: Untracked pid 1535 exited with status 0
[  762.459464] init: Untracked pid 1537 exited with status 0
[  762.460313] init: Service 'media' (pid 1538) received signal 9
[  762.499068] init: Service 'netd' (pid 1539) received signal 9
[  762.525374] init: Command 'restart zygote_secondary' action=onrestart (<Service 'netd' onrestart>:2) took 0ms and failed: service zygote_secondary not found
[  762.549473] init: Service 'wificond' (pid 1540) received signal 9
[  762.575060] init: Service 'audioserver' (pid 1542) received signal 9
[  762.640307] init: Untracked pid 1551 received signal 9
[  762.641484] init: Untracked pid 1552 received signal 9
[  762.643297] init: processing action (sys.init.updatable_crashing=1) from (/system/etc/init/flags_health_check.rc:10)
[  762.679206] init: starting service 'exec 74 (/system/bin/flags_health_check UPDATABLE_CRASHING)'...
[  762.786694] init: SVC_EXEC service 'exec 74 (/system/bin/flags_health_check UPDATABLE_CRASHING)' pid 1565 (uid 1000 gid 1000+0 context default) started; waiting...
[  762.812720] init: Command 'exec - system system -- /system/bin/flags_health_check UPDATABLE_CRASHING' action=sys.init.updatable_crashing=1 (/system/etc/init/flags_health_check.rc:11) took 111ms and succeeded
[  762.849173] init: starting service 'zygote'...
[  762.908933] init: Created socket '/dev/socket/zygote', mode 660, user 0, group 1000
[  762.945840] init: Created socket '/dev/socket/usap_pool_primary', mode 660, user 0, group 1000
[  763.098437] init: starting service 'audioserver'...
[  763.899429] init: starting service 'cameraserver'...
[  765.574775] init: starting service 'media'...
[  765.866554] init: starting service 'netd'...
[  765.981989] libprocessgroup: Failed to open /dev/cpuset/camera-daemon/tasks: No such file or directory: No such file or directory
[  766.003462] init: Created socket '/dev/socket/dnsproxyd', mode 660, user 0, group 3003
[  766.013635] libprocessgroup: Failed to apply CameraServiceCapacity task profile: No such file or directory
[  766.178510] init: Created socket '/dev/socket/mdns', mode 660, user 0, group 1000
[  766.281214] init: Created socket '/dev/socket/fwmarkd', mode 660, user 0, group 3003
[  766.501605] init: starting service 'wificond'...
[  766.674162] init: Service 'exec 73 (/system/bin/vdc volume abort_fuse)' (pid 1559) exited with status 0 oneshot service took 5.305000 seconds in background
[  766.675015] init: Sending signal 9 to service 'exec 73 (/system/bin/vdc volume abort_fuse)' (pid 1559) process group...
[  766.717590] libprocessgroup: Successfully killed process cgroup uid 1000 pid 1559 in 41ms
[  768.194212] init: Service 'exec 74 (/system/bin/flags_health_check UPDATABLE_CRASHING)' (pid 1565) exited with status 0 waiting took 5.463000 seconds
[  768.194983] init: Sending signal 9 to service 'exec 74 (/system/bin/flags_health_check UPDATABLE_CRASHING)' (pid 1565) process group...
[  768.198035] libprocessgroup: Successfully killed process cgroup uid 1000 pid 1565 in 1ms
[  768.218044] init: processing action (init.svc.media=*) from (/system/etc/init/mediaserver.rc:1)
[  768.251730] init: processing action (init.svc.media=*) from (/system/etc/init/mediaserver.rc:1)
[  768.293381] init: processing action (sys.audio.restart.hal=1) from (/system/etc/init/audioserver.rc:39)
[  768.294213] init: Sending signal 9 to service 'vendor.audio-hal' (pid 1541) process group...
[  768.480808] libprocessgroup: Successfully killed process cgroup uid 1041 pid 1541 in 160ms
[  768.517962] init: Command 'restart vendor.audio-hal' action=sys.audio.restart.hal=1 (/system/etc/init/audioserver.rc:40) took 223ms and succeeded
[  768.519321] init: Service 'vendor.audio-hal' (pid 1541) received signal 9
[  768.549649] init: Sending signal 9 to service 'audioserver' (pid 1567) process group...
[  768.718190] libprocessgroup: Successfully killed process cgroup uid 1041 pid 1567 in 166ms
[  768.774399] init: Command 'restart audioserver' action=onrestart (<Service 'vendor.audio-hal' onrestart>:1) took 253ms and succeeded
[  768.815469] init: Service 'audioserver' (pid 1567) received signal 9
[  768.938830] init: Command 'restart vendor.audio-hal-4-0-msd' action=sys.audio.restart.hal=1 (/system/etc/init/audioserver.rc:41) took 0ms and failed: service vendor.audio-hal-4-0-msd not found
[  768.951227] init: starting service 'audioserver'...
[  769.253481] init: starting service 'vendor.audio-hal'...
[  769.457272] init: Command 'restart vendor.audio-hal-2-0' action=sys.audio.restart.hal=1 (/system/etc/init/audioserver.rc:43) took 0ms and failed: service vendor.audio-hal-2-0 not found
[  769.458602] init: Command 'restart audio-hal-2-0' action=sys.audio.restart.hal=1 (/system/etc/init/audioserver.rc:44) took 0ms and failed: service audio-hal-2-0 not found
[  769.520810] init: Command 'setprop sys.audio.restart.hal 0' action=sys.audio.restart.hal=1 (/system/etc/init/audioserver.rc:46) took 60ms and succeeded
[  769.538013] init: processing action (init.svc.audioserver=running) from (/system/etc/init/audioserver.rc:32)
[  769.568605] init: Command 'start vendor.audio-hal-4-0-msd' action=init.svc.audioserver=running (/system/etc/init/audioserver.rc:34) took 0ms and failed: service vendor.audio-hal-4-0-msd not found
[  769.569771] init: Command 'start vendor.audio-hal-2-0' action=init.svc.audioserver=running (/system/etc/init/audioserver.rc:36) took 0ms and failed: service vendor.audio-hal-2-0 not found
[  769.570848] init: Command 'start audio-hal-2-0' action=init.svc.audioserver=running (/system/etc/init/audioserver.rc:37) took 0ms and failed: service audio-hal-2-0 not found
[  769.623045] init: processing action (init.svc.media=*) from (/system/etc/init/mediaserver.rc:1)
[  769.641392] init: processing action (init.svc.mediadrm=running) from (/vendor/etc/init/android.hardware.drm@1.3-service.widevine.rc:1)
[  769.690814] init: processing action (init.svc.mediadrm=running) from (/vendor/etc/init/android.hardware.drm@1.3-service.widevine.rc:1)
[  769.727044] init: processing action (sys.audio.restart.hal=1) from (/system/etc/init/audioserver.rc:39)
[  769.727779] init: Sending signal 9 to service 'vendor.audio-hal' (pid 1580) process group...
[  769.836660] libprocessgroup: Successfully killed process cgroup uid 1041 pid 1580 in 83ms
[  769.880149] init: Command 'restart vendor.audio-hal' action=sys.audio.restart.hal=1 (/system/etc/init/audioserver.rc:40) took 152ms and succeeded
[  769.881311] init: Service 'vendor.audio-hal' (pid 1580) received signal 9
[  769.903269] init: Sending signal 9 to service 'audioserver' (pid 1579) process group...
[  769.940154] libprocessgroup: Successfully killed process cgroup uid 1041 pid 1579 in 19ms
[  769.990867] init: Command 'restart audioserver' action=onrestart (<Service 'vendor.audio-hal' onrestart>:1) took 108ms and succeeded
[  770.010776] init: Service 'audioserver' (pid 1579) received signal 9
[  770.069931] init: Command 'restart vendor.audio-hal-4-0-msd' action=sys.audio.restart.hal=1 (/system/etc/init/audioserver.rc:41) took 0ms and failed: service vendor.audio-hal-4-0-msd not found
[  770.071232] init: Command 'restart vendor.audio-hal-2-0' action=sys.audio.restart.hal=1 (/system/etc/init/audioserver.rc:43) took 0ms and failed: service vendor.audio-hal-2-0 not found
[  770.092399] init: Command 'restart audio-hal-2-0' action=sys.audio.restart.hal=1 (/system/etc/init/audioserver.rc:44) took 20ms and failed: service audio-hal-2-0 not found
[  770.114289] init: processing action (init.svc.audioserver=running) from (/system/etc/init/audioserver.rc:32)
[  770.142274] init: starting service 'vendor.audio-hal'...
[  770.333140] init: Command 'start vendor.audio-hal' action=init.svc.audioserver=running (/system/etc/init/audioserver.rc:33) took 217ms and succeeded
[  770.334856] init: Command 'start vendor.audio-hal-4-0-msd' action=init.svc.audioserver=running (/system/etc/init/audioserver.rc:34) took 0ms and failed: service vendor.audio-hal-4-0-msd not found
[  770.336044] init: Command 'start vendor.audio-hal-2-0' action=init.svc.audioserver=running (/system/etc/init/audioserver.rc:36) took 0ms and failed: service vendor.audio-hal-2-0 not found
[  770.385676] init: Command 'start audio-hal-2-0' action=init.svc.audioserver=running (/system/etc/init/audioserver.rc:37) took 0ms and failed: service audio-hal-2-0 not found
[  770.387488] init: processing action (init.svc.mediadrm=running) from (/vendor/etc/init/android.hardware.drm@1.3-service.widevine.rc:1)
[  770.429834] init: processing action (sys.audio.restart.hal=1) from (/system/etc/init/audioserver.rc:39)
[  770.430604] init: Sending signal 9 to service 'vendor.audio-hal' (pid 1581) process group...
[  770.565746] libprocessgroup: Successfully killed process cgroup uid 1041 pid 1581 in 134ms
[  770.617177] init: Command 'restart vendor.audio-hal' action=sys.audio.restart.hal=1 (/system/etc/init/audioserver.rc:40) took 186ms and succeeded
[  770.618315] init: Service 'vendor.audio-hal' (pid 1581) received signal 9
[  770.674265] init: Command 'restart vendor.audio-hal-4-0-msd' action=sys.audio.restart.hal=1 (/system/etc/init/audioserver.rc:41) took 0ms and failed: service vendor.audio-hal-4-0-msd not found
[  770.700497] init: Command 'restart vendor.audio-hal-2-0' action=sys.audio.restart.hal=1 (/system/etc/init/audioserver.rc:43) took 0ms and failed: service vendor.audio-hal-2-0 not found
[  770.701878] init: Command 'restart audio-hal-2-0' action=sys.audio.restart.hal=1 (/system/etc/init/audioserver.rc:44) took 0ms and failed: service audio-hal-2-0 not found
[  771.757321] init: Untracked pid 1523 received signal 14
[  771.763850] init: Untracked pid 1526 exited with status 0
[  771.773044] init: Service 'mediaextractor' (pid 1470) received signal 11
[  771.773570] init: Sending signal 9 to service 'mediaextractor' (pid 1470) process group...
[  771.775326] libprocessgroup: Successfully killed process cgroup uid 1040 pid 1470 in 0ms
[  771.777482] init: updatable process 'mediaextractor' exited 4 times before boot completed
[  771.798806] init: processing action (sys.init.updatable_crashing=1) from (/system/etc/init/flags_health_check.rc:10)
[  771.856645] init: starting service 'exec 75 (/system/bin/flags_health_check UPDATABLE_CRASHING)'...
[  771.968385] init: SVC_EXEC service 'exec 75 (/system/bin/flags_health_check UPDATABLE_CRASHING)' pid 1589 (uid 1000 gid 1000+0 context default) started; waiting...
[  771.970042] init: Command 'exec - system system -- /system/bin/flags_health_check UPDATABLE_CRASHING' action=sys.init.updatable_crashing=1 (/system/etc/init/flags_health_check.rc:11) took 149ms and succeeded
[  772.005418] init: starting service 'mediaextractor'...
[  774.051160] init: starting service 'audioserver'...
[  776.433126] init: starting service 'vendor.audio-hal'...
[  780.668129] init: Service 'exec 75 (/system/bin/flags_health_check UPDATABLE_CRASHING)' (pid 1589) exited with status 0 waiting took 8.743000 seconds
[  780.670466] init: Sending signal 9 to service 'exec 75 (/system/bin/flags_health_check UPDATABLE_CRASHING)' (pid 1589) process group...
[  780.748811] libprocessgroup: Successfully killed process cgroup uid 1000 pid 1589 in 76ms
[  780.785293] init: processing action (init.svc.audioserver=running) from (/system/etc/init/audioserver.rc:32)
[  780.786540] init: Command 'start vendor.audio-hal-4-0-msd' action=init.svc.audioserver=running (/system/etc/init/audioserver.rc:34) took 0ms and failed: service vendor.audio-hal-4-0-msd not found
[  780.824273] init: Command 'start vendor.audio-hal-2-0' action=init.svc.audioserver=running (/system/etc/init/audioserver.rc:36) took 0ms and failed: service vendor.audio-hal-2-0 not found
[  780.825488] init: Command 'start audio-hal-2-0' action=init.svc.audioserver=running (/system/etc/init/audioserver.rc:37) took 0ms and failed: service audio-hal-2-0 not found
[  782.822376] init: Service 'zygote' (pid 1566) received signal 11
[  782.827730] init: Sending signal 9 to service 'zygote' (pid 1566) process group...
[  782.872807] libprocessgroup: Successfully killed process cgroup uid 0 pid 1566 in 1ms
[  782.893092] init: updatable process 'zygote' exited 4 times before boot completed
[  783.085468] healthd: battery none chg=a
[  783.089936] init: starting service 'exec 76 (/system/bin/vdc volume abort_fuse)'...
[  783.347461] init: Command 'exec_background - system system -- /system/bin/vdc volume abort_fuse' action=onrestart (<Service 'zygote' onrestart>:1) took 351ms and succeeded
[  783.442932] init: Command 'write /sys/power/state on' action=onrestart (<Service 'zygote' onrestart>:2) took 52ms and failed: Unable to write to file '/sys/power/state': Unable to write file contents: Invalid argument
[  783.489088] init: Sending signal 9 to service 'audioserver' (pid 1591) process group...
[  783.730039] libprocessgroup: Successfully killed process cgroup uid 1041 pid 1591 in 239ms
[  783.781156] init: Command 'restart audioserver' action=onrestart (<Service 'zygote' onrestart>:3) took 336ms and succeeded
[  783.781990] init: Sending signal 9 to service 'cameraserver' (pid 1568) process group...
[  783.969393] libprocessgroup: Successfully killed process cgroup uid 1047 pid 1568 in 186ms
[  784.010944] init: Command 'restart cameraserver' action=onrestart (<Service 'zygote' onrestart>:4) took 228ms and succeeded
[  784.011773] init: Sending signal 9 to service 'media' (pid 1574) process group...
[  784.195768] libprocessgroup: Successfully killed process cgroup uid 1013 pid 1574 in 166ms
[  784.260411] init: Command 'restart media' action=onrestart (<Service 'zygote' onrestart>:5) took 248ms and succeeded
[  784.268646] init: Sending signal 9 to service 'netd' (pid 1575) process group...
[  784.328722] libprocessgroup: Successfully killed process cgroup uid 0 pid 1575 in 58ms
[  784.363680] init: Command 'restart netd' action=onrestart (<Service 'zygote' onrestart>:6) took 95ms and succeeded
[  784.377108] init: Sending signal 9 to service 'wificond' (pid 1576) process group...
[  784.409861] libprocessgroup: Successfully killed process cgroup uid 1010 pid 1576 in 31ms
[  784.440524] init: Command 'restart wificond' action=onrestart (<Service 'zygote' onrestart>:7) took 63ms and succeeded
[  784.484619] init: Service 'cameraserver' (pid 1568) received signal 9
[  784.530046] init: Untracked pid 1571 exited with status 0
[  784.530889] init: Untracked pid 1573 exited with status 0
[  784.548185] init: Service 'media' (pid 1574) received signal 9
[  784.598974] init: Service 'netd' (pid 1575) received signal 9
[  784.618750] init: Command 'restart zygote_secondary' action=onrestart (<Service 'netd' onrestart>:2) took 0ms and failed: service zygote_secondary not found
[  784.666892] init: Service 'wificond' (pid 1576) received signal 9
[  784.695390] init: Service 'audioserver' (pid 1591) received signal 9
[  784.766908] init: Untracked pid 1584 received signal 9
[  784.790975] init: Untracked pid 1586 received signal 9
[  784.814713] init: processing action (sys.init.updatable_crashing=1) from (/system/etc/init/flags_health_check.rc:10)
[  784.854845] init: starting service 'exec 77 (/system/bin/flags_health_check UPDATABLE_CRASHING)'...
[  785.002757] init: SVC_EXEC service 'exec 77 (/system/bin/flags_health_check UPDATABLE_CRASHING)' pid 1609 (uid 1000 gid 1000+0 context default) started; waiting...
[  785.032964] init: Command 'exec - system system -- /system/bin/flags_health_check UPDATABLE_CRASHING' action=sys.init.updatable_crashing=1 (/system/etc/init/flags_health_check.rc:11) took 188ms and succeeded
[  785.068002] init: starting service 'zygote'...
[  785.116917] init: Created socket '/dev/socket/zygote', mode 660, user 0, group 1000
[  785.160766] init: Created socket '/dev/socket/usap_pool_primary', mode 660, user 0, group 1000
[  785.433365] init: starting service 'audioserver'...
[  787.498641] init: starting service 'cameraserver'...
[  789.419355] init: starting service 'media'...
[  791.276870] init: starting service 'netd'...
[  791.289841] libprocessgroup: Failed to open /dev/cpuset/camera-daemon/tasks: No such file or directory: No such file or directory
[  791.290804] libprocessgroup: Failed to apply CameraServiceCapacity task profile: No such file or directory
[  791.327667] init: Created socket '/dev/socket/dnsproxyd', mode 660, user 0, group 3003
[  791.415333] init: Created socket '/dev/socket/mdns', mode 660, user 0, group 1000
[  791.502346] init: Created socket '/dev/socket/fwmarkd', mode 660, user 0, group 3003
[  791.747163] init: starting service 'wificond'...
[  792.087223] init: Service 'exec 76 (/system/bin/vdc volume abort_fuse)' (pid 1603) exited with status 0 oneshot service took 8.855000 seconds in background
[  792.089094] init: Sending signal 9 to service 'exec 76 (/system/bin/vdc volume abort_fuse)' (pid 1603) process group...
[  792.105351] libprocessgroup: Successfully killed process cgroup uid 1000 pid 1603 in 1ms
[  792.532942] init: Untracked pid 1560 received signal 14
[  792.602732] init: Untracked pid 1564 exited with status 0
[  792.717916] init: Service 'media.swcodec' (pid 1543) received signal 11
[  792.718591] init: Sending signal 9 to service 'media.swcodec' (pid 1543) process group...
[  792.723470] libprocessgroup: Successfully killed process cgroup uid 1046 pid 1543 in 2ms
[  792.725320] init: updatable process 'media.swcodec' exited 4 times before boot completed
[  792.910774] init: starting service 'media.swcodec'...
[  794.358496] init: Service 'exec 77 (/system/bin/flags_health_check UPDATABLE_CRASHING)' (pid 1609) exited with status 0 waiting took 9.411000 seconds
[  794.360276] init: Sending signal 9 to service 'exec 77 (/system/bin/flags_health_check UPDATABLE_CRASHING)' (pid 1609) process group...
[  794.380200] libprocessgroup: Successfully killed process cgroup uid 1000 pid 1609 in 1ms
[  794.384332] init: processing action (init.svc.media=*) from (/system/etc/init/mediaserver.rc:1)
[  794.451277] init: processing action (init.svc.media=*) from (/system/etc/init/mediaserver.rc:1)
[  794.509237] init: processing action (sys.audio.restart.hal=1) from (/system/etc/init/audioserver.rc:39)
[  794.509972] init: Sending signal 9 to service 'vendor.audio-hal' (pid 1592) process group...
[  794.621434] libprocessgroup: Successfully killed process cgroup uid 1041 pid 1592 in 110ms
[  794.668760] init: Command 'restart vendor.audio-hal' action=sys.audio.restart.hal=1 (/system/etc/init/audioserver.rc:40) took 158ms and succeeded
[  794.670412] init: Service 'vendor.audio-hal' (pid 1592) received signal 9
[  794.704686] init: Sending signal 9 to service 'audioserver' (pid 1611) process group...
[  794.784890] libprocessgroup: Successfully killed process cgroup uid 1041 pid 1611 in 61ms
[  794.841551] init: Command 'restart audioserver' action=onrestart (<Service 'vendor.audio-hal' onrestart>:1) took 170ms and succeeded
[  794.862012] init: Service 'audioserver' (pid 1611) received signal 9
[  794.919013] init: Command 'restart vendor.audio-hal-4-0-msd' action=sys.audio.restart.hal=1 (/system/etc/init/audioserver.rc:41) took 0ms and failed: service vendor.audio-hal-4-0-msd not found
[  794.989460] init: starting service 'audioserver'...
[  795.171822] init: starting service 'vendor.audio-hal'...
[  795.350145] init: Command 'restart vendor.audio-hal-2-0' action=sys.audio.restart.hal=1 (/system/etc/init/audioserver.rc:43) took 0ms and failed: service vendor.audio-hal-2-0 not found
[  795.351874] init: Command 'restart audio-hal-2-0' action=sys.audio.restart.hal=1 (/system/etc/init/audioserver.rc:44) took 0ms and failed: service audio-hal-2-0 not found
[  795.433640] init: processing action (init.svc.audioserver=running) from (/system/etc/init/audioserver.rc:32)
[  795.434651] init: Command 'start vendor.audio-hal-4-0-msd' action=init.svc.audioserver=running (/system/etc/init/audioserver.rc:34) took 0ms and failed: service vendor.audio-hal-4-0-msd not found
[  795.435663] init: Command 'start vendor.audio-hal-2-0' action=init.svc.audioserver=running (/system/etc/init/audioserver.rc:36) took 0ms and failed: service vendor.audio-hal-2-0 not found
[  795.481124] init: Command 'start audio-hal-2-0' action=init.svc.audioserver=running (/system/etc/init/audioserver.rc:37) took 0ms and failed: service audio-hal-2-0 not found
[  795.482346] init: processing action (init.svc.media=*) from (/system/etc/init/mediaserver.rc:1)
[  795.531993] init: processing action (sys.init.updatable_crashing=1) from (/system/etc/init/flags_health_check.rc:10)
[  795.575434] init: starting service 'exec 78 (/system/bin/flags_health_check UPDATABLE_CRASHING)'...
[  795.775091] init: SVC_EXEC service 'exec 78 (/system/bin/flags_health_check UPDATABLE_CRASHING)' pid 1631 (uid 1000 gid 1000+0 context default) started; waiting...
[  795.825935] init: Command 'exec - system system -- /system/bin/flags_health_check UPDATABLE_CRASHING' action=sys.init.updatable_crashing=1 (/system/etc/init/flags_health_check.rc:11) took 261ms and succeeded
[  797.251383] init: Service 'zygote' (pid 1610) received signal 11
[  797.273593] init: Sending signal 9 to service 'zygote' (pid 1610) process group...
[  797.277354] libprocessgroup: Successfully killed process cgroup uid 0 pid 1610 in 1ms
[  797.287389] init: updatable process 'zygote' exited 4 times before boot completed
[  797.375134] init: starting service 'exec 79 (/system/bin/vdc volume abort_fuse)'...
[  797.502791] init: Command 'exec_background - system system -- /system/bin/vdc volume abort_fuse' action=onrestart (<Service 'zygote' onrestart>:1) took 164ms and succeeded
[  797.600669] init: Command 'write /sys/power/state on' action=onrestart (<Service 'zygote' onrestart>:2) took 96ms and failed: Unable to write to file '/sys/power/state': Unable to write file contents: Invalid argument
[  797.601763] init: Sending signal 9 to service 'audioserver' (pid 1628) process group...
[  797.645219] libprocessgroup: Successfully killed process cgroup uid 1041 pid 1628 in 42ms
[  797.696991] init: Command 'restart audioserver' action=onrestart (<Service 'zygote' onrestart>:3) took 94ms and succeeded
[  797.697832] init: Sending signal 9 to service 'cameraserver' (pid 1618) process group...
[  797.861568] libprocessgroup: Successfully killed process cgroup uid 1047 pid 1618 in 162ms
[  797.904462] init: Command 'restart cameraserver' action=onrestart (<Service 'zygote' onrestart>:4) took 206ms and succeeded
[  797.905258] init: Sending signal 9 to service 'media' (pid 1620) process group...
[  798.028933] libprocessgroup: Successfully killed process cgroup uid 1013 pid 1620 in 104ms
[  798.064519] init: Command 'restart media' action=onrestart (<Service 'zygote' onrestart>:5) took 159ms and succeeded
[  798.065297] init: Sending signal 9 to service 'netd' (pid 1622) process group...
[  798.130543] libprocessgroup: Successfully killed process cgroup uid 0 pid 1622 in 64ms
[  798.158544] init: Command 'restart netd' action=onrestart (<Service 'zygote' onrestart>:6) took 93ms and succeeded
[  798.171696] init: Sending signal 9 to service 'wificond' (pid 1624) process group...
[  798.218374] libprocessgroup: Successfully killed process cgroup uid 1010 pid 1624 in 45ms
[  798.260316] init: Command 'restart wificond' action=onrestart (<Service 'zygote' onrestart>:7) took 88ms and succeeded
[  798.313218] init: Untracked pid 1615 exited with status 0
[  798.314085] init: Untracked pid 1617 exited with status 0
[  798.314961] init: Service 'cameraserver' (pid 1618) received signal 9
[  798.380686] init: Service 'media' (pid 1620) received signal 9
[  798.411229] init: Service 'netd' (pid 1622) received signal 9
[  798.448765] init: Command 'restart zygote_secondary' action=onrestart (<Service 'netd' onrestart>:2) took 0ms and failed: service zygote_secondary not found
[  798.478607] init: Service 'wificond' (pid 1624) received signal 9
[  798.522223] init: Service 'audioserver' (pid 1628) received signal 9
[  798.582573] init: starting service 'zygote'...
[  798.636932] init: Created socket '/dev/socket/zygote', mode 660, user 0, group 1000
[  798.662781] init: Created socket '/dev/socket/usap_pool_primary', mode 660, user 0, group 1000
[  798.852170] init: starting service 'cameraserver'...
[  801.374210] init: starting service 'media'...
[  802.854710] init: starting service 'netd'...
[  803.098975] libprocessgroup: Failed to open /dev/cpuset/camera-daemon/tasks: No such file or directory: No such file or directory
[  803.099680] libprocessgroup: Failed to apply CameraServiceCapacity task profile: No such file or directory
[  803.717662] init: Created socket '/dev/socket/dnsproxyd', mode 660, user 0, group 3003
[  803.970757] init: Created socket '/dev/socket/mdns', mode 660, user 0, group 1000
[  804.010983] init: Created socket '/dev/socket/fwmarkd', mode 660, user 0, group 3003
[  804.227310] init: starting service 'wificond'...
[  804.381228] init: Service 'exec 78 (/system/bin/flags_health_check UPDATABLE_CRASHING)' (pid 1631) exited with status 0 waiting took 8.701000 seconds
[  804.382060] init: Sending signal 9 to service 'exec 78 (/system/bin/flags_health_check UPDATABLE_CRASHING)' (pid 1631) process group...
[  804.420721] libprocessgroup: Successfully killed process cgroup uid 1000 pid 1631 in 37ms
[  804.446636] init: processing action (init.svc.mediadrm=running) from (/vendor/etc/init/android.hardware.drm@1.3-service.widevine.rc:1)
[  804.478830] init: starting service 'audioserver'...
[  804.688476] init: processing action (init.svc.mediadrm=running) from (/vendor/etc/init/android.hardware.drm@1.3-service.widevine.rc:1)
[  804.732282] init: processing action (sys.audio.restart.hal=1) from (/system/etc/init/audioserver.rc:39)
[  804.733054] init: Sending signal 9 to service 'vendor.audio-hal' (pid 1629) process group...
[  804.801200] libprocessgroup: Successfully killed process cgroup uid 1041 pid 1629 in 67ms
[  804.839256] init: Command 'restart vendor.audio-hal' action=sys.audio.restart.hal=1 (/system/etc/init/audioserver.rc:40) took 106ms and succeeded
[  804.844176] init: Service 'vendor.audio-hal' (pid 1629) received signal 9
[  804.865335] init: Sending signal 9 to service 'audioserver' (pid 1655) process group...
[  804.917126] libprocessgroup: Successfully killed process cgroup uid 1041 pid 1655 in 50ms
[  804.959928] init: Command 'restart audioserver' action=onrestart (<Service 'vendor.audio-hal' onrestart>:1) took 90ms and succeeded
[  804.977825] init: Service 'exec 79 (/system/bin/vdc volume abort_fuse)' (pid 1637) exited with status 0 oneshot service took 7.527000 seconds in background
[  804.978603] init: Sending signal 9 to service 'exec 79 (/system/bin/vdc volume abort_fuse)' (pid 1637) process group...
[  805.001145] libprocessgroup: Successfully killed process cgroup uid 1000 pid 1637 in 21ms
[  805.003589] init: Service 'audioserver' (pid 1655) received signal 9
[  805.065161] init: Command 'restart vendor.audio-hal-4-0-msd' action=sys.audio.restart.hal=1 (/system/etc/init/audioserver.rc:41) took 0ms and failed: service vendor.audio-hal-4-0-msd not found
[  805.097317] init: starting service 'vendor.audio-hal'...
[  805.246102] init: Command 'restart vendor.audio-hal-2-0' action=sys.audio.restart.hal=1 (/system/etc/init/audioserver.rc:43) took 0ms and failed: service vendor.audio-hal-2-0 not found
[  805.283976] init: Command 'restart audio-hal-2-0' action=sys.audio.restart.hal=1 (/system/etc/init/audioserver.rc:44) took 0ms and failed: service audio-hal-2-0 not found
[  805.314741] init: processing action (init.svc.audioserver=running) from (/system/etc/init/audioserver.rc:32)
[  805.315883] init: Command 'start vendor.audio-hal-4-0-msd' action=init.svc.audioserver=running (/system/etc/init/audioserver.rc:34) took 0ms and failed: service vendor.audio-hal-4-0-msd not found
[  805.348511] init: Command 'start vendor.audio-hal-2-0' action=init.svc.audioserver=running (/system/etc/init/audioserver.rc:36) took 0ms and failed: service vendor.audio-hal-2-0 not found
[  805.349840] init: Command 'start audio-hal-2-0' action=init.svc.audioserver=running (/system/etc/init/audioserver.rc:37) took 0ms and failed: service audio-hal-2-0 not found
[  805.388184] init: processing action (init.svc.mediadrm=running) from (/vendor/etc/init/android.hardware.drm@1.3-service.widevine.rc:1)
[  805.402426] init: processing action (sys.init.updatable_crashing=1) from (/system/etc/init/flags_health_check.rc:10)
[  805.442694] init: starting service 'exec 80 (/system/bin/flags_health_check UPDATABLE_CRASHING)'...
[  805.593710] init: SVC_EXEC service 'exec 80 (/system/bin/flags_health_check UPDATABLE_CRASHING)' pid 1659 (uid 1000 gid 1000+0 context default) started; waiting...
[  805.629950] init: Command 'exec - system system -- /system/bin/flags_health_check UPDATABLE_CRASHING' action=sys.init.updatable_crashing=1 (/system/etc/init/flags_health_check.rc:11) took 191ms and succeeded
[  809.578737] init: starting service 'audioserver'...
[  809.748754] init: Service 'exec 80 (/system/bin/flags_health_check UPDATABLE_CRASHING)' (pid 1659) exited with status 0 waiting took 4.217000 seconds
[  809.749604] init: Sending signal 9 to service 'exec 80 (/system/bin/flags_health_check UPDATABLE_CRASHING)' (pid 1659) process group...
[  809.751730] libprocessgroup: Successfully killed process cgroup uid 1000 pid 1659 in 1ms
[  809.766724] init: processing action (init.svc.media=*) from (/system/etc/init/mediaserver.rc:1)
[  809.802017] init: processing action (init.svc.media=*) from (/system/etc/init/mediaserver.rc:1)
[  809.853509] init: processing action (sys.audio.restart.hal=1) from (/system/etc/init/audioserver.rc:39)
[  809.854304] init: Sending signal 9 to service 'vendor.audio-hal' (pid 1658) process group...
[  809.927365] libprocessgroup: Successfully killed process cgroup uid 1041 pid 1658 in 72ms
[  809.965736] init: Command 'restart vendor.audio-hal' action=sys.audio.restart.hal=1 (/system/etc/init/audioserver.rc:40) took 111ms and succeeded
[  809.966836] init: Service 'vendor.audio-hal' (pid 1658) received signal 9
[  809.976749] init: Sending signal 9 to service 'audioserver' (pid 1666) process group...
[  810.016433] libprocessgroup: Successfully killed process cgroup uid 1041 pid 1666 in 38ms
[  810.042558] init: Command 'restart audioserver' action=onrestart (<Service 'vendor.audio-hal' onrestart>:1) took 75ms and succeeded
[  810.065243] init: Service 'audioserver' (pid 1666) received signal 9
[  810.097117] init: Command 'restart vendor.audio-hal-4-0-msd' action=sys.audio.restart.hal=1 (/system/etc/init/audioserver.rc:41) took 0ms and failed: service vendor.audio-hal-4-0-msd not found
[  810.098293] init: Command 'restart vendor.audio-hal-2-0' action=sys.audio.restart.hal=1 (/system/etc/init/audioserver.rc:43) took 0ms and failed: service vendor.audio-hal-2-0 not found
[  810.099280] init: Command 'restart audio-hal-2-0' action=sys.audio.restart.hal=1 (/system/etc/init/audioserver.rc:44) took 0ms and failed: service audio-hal-2-0 not found
[  810.153418] init: starting service 'vendor.audio-hal'...
[  810.295060] init: processing action (init.svc.media=*) from (/system/etc/init/mediaserver.rc:1)
[  810.337827] init: processing action (init.svc.audioserver=running) from (/system/etc/init/audioserver.rc:32)
[  810.377126] init: Command 'start vendor.audio-hal-4-0-msd' action=init.svc.audioserver=running (/system/etc/init/audioserver.rc:34) took 0ms and failed: service vendor.audio-hal-4-0-msd not found
[  810.378447] init: Command 'start vendor.audio-hal-2-0' action=init.svc.audioserver=running (/system/etc/init/audioserver.rc:36) took 0ms and failed: service vendor.audio-hal-2-0 not found
[  810.379628] init: Command 'start audio-hal-2-0' action=init.svc.audioserver=running (/system/etc/init/audioserver.rc:37) took 0ms and failed: service audio-hal-2-0 not found
[  810.409282] init: processing action (sys.audio.restart.hal=1) from (/system/etc/init/audioserver.rc:39)
[  810.410025] init: Sending signal 9 to service 'vendor.audio-hal' (pid 1669) process group...
[  810.504523] libprocessgroup: Successfully killed process cgroup uid 1041 pid 1669 in 93ms
[  810.557317] init: Command 'restart vendor.audio-hal' action=sys.audio.restart.hal=1 (/system/etc/init/audioserver.rc:40) took 147ms and succeeded
[  810.558446] init: Service 'vendor.audio-hal' (pid 1669) received signal 9
[  810.593636] init: Command 'restart vendor.audio-hal-4-0-msd' action=sys.audio.restart.hal=1 (/system/etc/init/audioserver.rc:41) took 0ms and failed: service vendor.audio-hal-4-0-msd not found
[  810.595397] init: Command 'restart vendor.audio-hal-2-0' action=sys.audio.restart.hal=1 (/system/etc/init/audioserver.rc:43) took 0ms and failed: service vendor.audio-hal-2-0 not found
[  810.637035] init: Command 'restart audio-hal-2-0' action=sys.audio.restart.hal=1 (/system/etc/init/audioserver.rc:44) took 0ms and failed: service audio-hal-2-0 not found
[  810.666310] init: processing action (init.svc.audioserver=running) from (/system/etc/init/audioserver.rc:32)
[  810.715887] init: starting service 'vendor.audio-hal'...
[  810.889264] init: Command 'start vendor.audio-hal' action=init.svc.audioserver=running (/system/etc/init/audioserver.rc:33) took 221ms and succeeded
[  810.909387] init: Command 'start vendor.audio-hal-4-0-msd' action=init.svc.audioserver=running (/system/etc/init/audioserver.rc:34) took 0ms and failed: service vendor.audio-hal-4-0-msd not found
[  810.910669] init: Command 'start vendor.audio-hal-2-0' action=init.svc.audioserver=running (/system/etc/init/audioserver.rc:36) took 0ms and failed: service vendor.audio-hal-2-0 not found
[  810.972258] init: Command 'start audio-hal-2-0' action=init.svc.audioserver=running (/system/etc/init/audioserver.rc:37) took 0ms and failed: service audio-hal-2-0 not found
[  810.974018] init: processing action (init.svc.mediadrm=running) from (/vendor/etc/init/android.hardware.drm@1.3-service.widevine.rc:1)
[  811.034165] init: processing action (init.svc.mediadrm=running) from (/vendor/etc/init/android.hardware.drm@1.3-service.widevine.rc:1)
[  811.085593] init: processing action (sys.audio.restart.hal=1) from (/system/etc/init/audioserver.rc:39)
[  811.086346] init: Sending signal 9 to service 'vendor.audio-hal' (pid 1674) process group...
[  811.191458] libprocessgroup: Successfully killed process cgroup uid 1041 pid 1674 in 78ms
[  811.248034] init: Command 'restart vendor.audio-hal' action=sys.audio.restart.hal=1 (/system/etc/init/audioserver.rc:40) took 161ms and succeeded
[  811.249245] init: Service 'vendor.audio-hal' (pid 1674) received signal 9
[  811.283404] init: Command 'restart vendor.audio-hal-4-0-msd' action=sys.audio.restart.hal=1 (/system/etc/init/audioserver.rc:41) took 0ms and failed: service vendor.audio-hal-4-0-msd not found
[  811.317982] init: Command 'restart vendor.audio-hal-2-0' action=sys.audio.restart.hal=1 (/system/etc/init/audioserver.rc:43) took 0ms and failed: service vendor.audio-hal-2-0 not found
[  811.352159] init: Command 'restart audio-hal-2-0' action=sys.audio.restart.hal=1 (/system/etc/init/audioserver.rc:44) took 0ms and failed: service audio-hal-2-0 not found
[  811.374476] init: processing action (init.svc.mediadrm=running) from (/vendor/etc/init/android.hardware.drm@1.3-service.widevine.rc:1)
[  811.529436] init: Untracked pid 1643 exited with status 0
[  811.530394] init: Untracked pid 1645 exited with status 0
[  811.543745] init: Service 'zygote' (pid 1639) received signal 11
[  811.549067] init: Sending signal 9 to service 'zygote' (pid 1639) process group...
[  811.583783] libprocessgroup: Successfully killed process cgroup uid 0 pid 1639 in 1ms
[  811.586197] init: updatable process 'zygote' exited 4 times before boot completed
[  811.659149] init: starting service 'exec 81 (/system/bin/vdc volume abort_fuse)'...
[  811.820714] init: Command 'exec_background - system system -- /system/bin/vdc volume abort_fuse' action=onrestart (<Service 'zygote' onrestart>:1) took 161ms and succeeded
[  811.843318] init: Command 'write /sys/power/state on' action=onrestart (<Service 'zygote' onrestart>:2) took 21ms and failed: Unable to write to file '/sys/power/state': Unable to write file contents: Invalid argument
[  811.885198] init: Sending signal 9 to service 'cameraserver' (pid 1640) process group...
[  812.155598] libprocessgroup: Successfully killed process cgroup uid 1047 pid 1640 in 269ms
[  812.207023] init: Command 'restart cameraserver' action=onrestart (<Service 'zygote' onrestart>:4) took 321ms and succeeded
[  812.236107] init: Sending signal 9 to service 'media' (pid 1647) process group...
[  812.417143] libprocessgroup: Successfully killed process cgroup uid 1013 pid 1647 in 179ms
[  812.441159] init: Command 'restart media' action=onrestart (<Service 'zygote' onrestart>:5) took 232ms and succeeded
[  812.442134] init: Sending signal 9 to service 'netd' (pid 1650) process group...
[  812.493085] libprocessgroup: Successfully killed process cgroup uid 0 pid 1650 in 49ms
[  812.510333] init: Command 'restart netd' action=onrestart (<Service 'zygote' onrestart>:6) took 68ms and succeeded
[  812.511150] init: Sending signal 9 to service 'wificond' (pid 1654) process group...
[  812.570014] libprocessgroup: Successfully killed process cgroup uid 1010 pid 1654 in 46ms
[  812.590626] init: Command 'restart wificond' action=onrestart (<Service 'zygote' onrestart>:7) took 79ms and succeeded
[  812.619277] init: Service 'cameraserver' (pid 1640) received signal 9
[  812.642979] init: Service 'media' (pid 1647) received signal 9
[  812.687022] init: Service 'netd' (pid 1650) received signal 9
[  812.696940] init: Command 'restart zygote_secondary' action=onrestart (<Service 'netd' onrestart>:2) took 0ms and failed: service zygote_secondary not found
[  812.714347] init: Service 'wificond' (pid 1654) received signal 9
[  812.741899] init: Untracked pid 1668 received signal 9
[  812.742923] init: Untracked pid 1670 received signal 9
[  812.754424] init: processing action (sys.init.updatable_crashing=1) from (/system/etc/init/flags_health_check.rc:10)
[  812.766724] init: starting service 'exec 82 (/system/bin/flags_health_check UPDATABLE_CRASHING)'...
[  812.840469] init: SVC_EXEC service 'exec 82 (/system/bin/flags_health_check UPDATABLE_CRASHING)' pid 1680 (uid 1000 gid 1000+0 context default) started; waiting...
[  812.841988] init: Command 'exec - system system -- /system/bin/flags_health_check UPDATABLE_CRASHING' action=sys.init.updatable_crashing=1 (/system/etc/init/flags_health_check.rc:11) took 86ms and succeeded
[  812.863278] init: starting service 'zygote'...
[  812.920828] init: Created socket '/dev/socket/zygote', mode 660, user 0, group 1000
[  812.957658] init: Created socket '/dev/socket/usap_pool_primary', mode 660, user 0, group 1000
[  813.051843] init: starting service 'cameraserver'...
[  815.098844] init: starting service 'media'...
[  815.914948] init: starting service 'netd'...
[  816.005665] libprocessgroup: Failed to open /dev/cpuset/camera-daemon/tasks: No such file or directory: No such file or directory
[  816.007678] libprocessgroup: Failed to apply CameraServiceCapacity task profile: No such file or directory
[  816.040077] init: Created socket '/dev/socket/dnsproxyd', mode 660, user 0, group 3003
[  816.123657] init: Created socket '/dev/socket/mdns', mode 660, user 0, group 1000
[  816.234346] init: Created socket '/dev/socket/fwmarkd', mode 660, user 0, group 3003
[  816.474034] init: starting service 'wificond'...
[  816.665159] init: starting service 'vendor.audio-hal'...
[  816.846536] init: Service 'exec 81 (/system/bin/vdc volume abort_fuse)' (pid 1679) exited with status 0 oneshot service took 5.113000 seconds in background
[  816.872439] init: Sending signal 9 to service 'exec 81 (/system/bin/vdc volume abort_fuse)' (pid 1679) process group...
[  816.874665] libprocessgroup: Successfully killed process cgroup uid 1000 pid 1679 in 1ms
[  816.957808] init: starting service 'audioserver'...
[  818.396730] init: Service 'exec 82 (/system/bin/flags_health_check UPDATABLE_CRASHING)' (pid 1680) exited with status 0 waiting took 5.600000 seconds
[  818.397557] init: Sending signal 9 to service 'exec 82 (/system/bin/flags_health_check UPDATABLE_CRASHING)' (pid 1680) process group...
[  818.400643] libprocessgroup: Successfully killed process cgroup uid 1000 pid 1680 in 1ms
[  818.403632] init: processing action (init.svc.media=*) from (/system/etc/init/mediaserver.rc:1)
[  818.463885] init: processing action (init.svc.media=*) from (/system/etc/init/mediaserver.rc:1)
[  818.518164] init: processing action (init.svc.media=*) from (/system/etc/init/mediaserver.rc:1)
[  818.565771] init: processing action (init.svc.audioserver=running) from (/system/etc/init/audioserver.rc:32)
[  818.566830] init: Command 'start vendor.audio-hal-4-0-msd' action=init.svc.audioserver=running (/system/etc/init/audioserver.rc:34) took 0ms and failed: service vendor.audio-hal-4-0-msd not found
[  818.605847] init: Command 'start vendor.audio-hal-2-0' action=init.svc.audioserver=running (/system/etc/init/audioserver.rc:36) took 0ms and failed: service vendor.audio-hal-2-0 not found
[  818.626052] init: Command 'start audio-hal-2-0' action=init.svc.audioserver=running (/system/etc/init/audioserver.rc:37) took 0ms and failed: service audio-hal-2-0 not found
[  818.651912] init: processing action (init.svc.mediadrm=running) from (/vendor/etc/init/android.hardware.drm@1.3-service.widevine.rc:1)
[  818.673741] init: processing action (init.svc.mediadrm=running) from (/vendor/etc/init/android.hardware.drm@1.3-service.widevine.rc:1)
[  818.708729] init: processing action (init.svc.mediadrm=running) from (/vendor/etc/init/android.hardware.drm@1.3-service.widevine.rc:1)
[  834.049023] init: Untracked pid 1648 received signal 14
[  834.086347] init: Untracked pid 1652 exited with status 0
[  834.120590] init: Service 'mediaextractor' (pid 1590) received signal 11
[  834.121196] init: Sending signal 9 to service 'mediaextractor' (pid 1590) process group...
[  834.123816] libprocessgroup: Successfully killed process cgroup uid 1040 pid 1590 in 1ms
[  834.126474] init: updatable process 'mediaextractor' exited 4 times before boot completed
[  834.206248] init: processing action (sys.init.updatable_crashing=1) from (/system/etc/init/flags_health_check.rc:10)
[  834.238153] init: starting service 'exec 83 (/system/bin/flags_health_check UPDATABLE_CRASHING)'...
[  834.324522] init: SVC_EXEC service 'exec 83 (/system/bin/flags_health_check UPDATABLE_CRASHING)' pid 1748 (uid 1000 gid 1000+0 context default) started; waiting...
[  834.336694] init: Command 'exec - system system -- /system/bin/flags_health_check UPDATABLE_CRASHING' action=sys.init.updatable_crashing=1 (/system/etc/init/flags_health_check.rc:11) took 118ms and succeeded
[  834.365708] init: starting service 'mediaextractor'...
[  836.722306] init: Service 'zygote' (pid 1681) received signal 11
[  836.760219] init: Sending signal 9 to service 'zygote' (pid 1681) process group...
[  836.762502] libprocessgroup: Successfully killed process cgroup uid 0 pid 1681 in 1ms
[  836.801806] init: updatable process 'zygote' exited 4 times before boot completed
[  836.884575] init: starting service 'exec 84 (/system/bin/vdc volume abort_fuse)'...
[  836.991693] init: Command 'exec_background - system system -- /system/bin/vdc volume abort_fuse' action=onrestart (<Service 'zygote' onrestart>:1) took 147ms and succeeded
[  837.049711] init: Command 'write /sys/power/state on' action=onrestart (<Service 'zygote' onrestart>:2) took 29ms and failed: Unable to write to file '/sys/power/state': Unable to write file contents: Invalid argument
[  837.050857] init: Sending signal 9 to service 'audioserver' (pid 1694) process group...
[  837.127218] libprocessgroup: Successfully killed process cgroup uid 1041 pid 1694 in 75ms
[  837.151231] init: Command 'restart audioserver' action=onrestart (<Service 'zygote' onrestart>:3) took 100ms and succeeded
[  837.151932] init: Sending signal 9 to service 'cameraserver' (pid 1682) process group...
[  837.274213] libprocessgroup: Successfully killed process cgroup uid 1047 pid 1682 in 108ms
[  837.317441] init: Command 'restart cameraserver' action=onrestart (<Service 'zygote' onrestart>:4) took 165ms and succeeded
[  837.318238] init: Sending signal 9 to service 'media' (pid 1688) process group...
[  837.465100] libprocessgroup: Successfully killed process cgroup uid 1013 pid 1688 in 145ms
[  837.499309] init: Command 'restart media' action=onrestart (<Service 'zygote' onrestart>:5) took 180ms and succeeded
[  837.508608] init: Sending signal 9 to service 'netd' (pid 1690) process group...
[  837.614475] libprocessgroup: Successfully killed process cgroup uid 0 pid 1690 in 104ms
[  837.641060] init: Command 'restart netd' action=onrestart (<Service 'zygote' onrestart>:6) took 132ms and succeeded
[  837.642854] init: Sending signal 9 to service 'wificond' (pid 1692) process group...
[  837.720057] libprocessgroup: Successfully killed process cgroup uid 1010 pid 1692 in 43ms
[  837.751345] init: Command 'restart wificond' action=onrestart (<Service 'zygote' onrestart>:7) took 108ms and succeeded
[  837.783740] init: Service 'cameraserver' (pid 1682) received signal 9
[  837.867786] init: Untracked pid 1685 exited with status 0
[  837.869795] init: Untracked pid 1687 exited with status 0
[  837.871363] init: Service 'media' (pid 1688) received signal 9
[  837.931908] init: Service 'netd' (pid 1690) received signal 9
[  837.959540] init: Command 'restart zygote_secondary' action=onrestart (<Service 'netd' onrestart>:2) took 0ms and failed: service zygote_secondary not found
[  837.990413] init: Service 'wificond' (pid 1692) received signal 9
[  838.025212] init: Service 'audioserver' (pid 1694) received signal 9
[  838.054952] init: Untracked pid 1734 received signal 9
[  838.077016] init: Untracked pid 1738 received signal 9
[  838.078006] init: Untracked pid 1739 received signal 9
[  838.078760] init: Untracked pid 1741 received signal 9
[  838.079668] init: Service 'exec 83 (/system/bin/flags_health_check UPDATABLE_CRASHING)' (pid 1748) exited with status 0 waiting took 3.808000 seconds
[  838.104578] init: Sending signal 9 to service 'exec 83 (/system/bin/flags_health_check UPDATABLE_CRASHING)' (pid 1748) process group...
[  838.125973] libprocessgroup: Successfully killed process cgroup uid 1000 pid 1748 in 10ms
[  838.128568] init: Untracked pid 1703 received signal 9
[  838.129538] init: Untracked pid 1704 received signal 9
[  838.131712] init: processing action (sys.init.updatable_crashing=1) from (/system/etc/init/flags_health_check.rc:10)
[  838.171086] init: starting service 'exec 85 (/system/bin/flags_health_check UPDATABLE_CRASHING)'...
[  838.258877] init: SVC_EXEC service 'exec 85 (/system/bin/flags_health_check UPDATABLE_CRASHING)' pid 1765 (uid 1000 gid 1000+0 context default) started; waiting...
[  838.281340] init: Command 'exec - system system -- /system/bin/flags_health_check UPDATABLE_CRASHING' action=sys.init.updatable_crashing=1 (/system/etc/init/flags_health_check.rc:11) took 112ms and succeeded
[  838.317065] init: starting service 'zygote'...
[  838.354720] init: Created socket '/dev/socket/zygote', mode 660, user 0, group 1000
[  838.383390] init: Created socket '/dev/socket/usap_pool_primary', mode 660, user 0, group 1000
[  839.436695] init: starting service 'audioserver'...
[  840.502634] init: starting service 'cameraserver'...
[  840.642265] init: starting service 'media'...
[  840.811182] init: starting service 'netd'...
[  840.885158] init: Created socket '/dev/socket/dnsproxyd', mode 660, user 0, group 3003
[  840.905432] libprocessgroup: Failed to open /dev/cpuset/camera-daemon/tasks: No such file or directory: No such file or directory
[  840.916386] libprocessgroup: Failed to apply CameraServiceCapacity task profile: No such file or directory
[  840.954843] init: Created socket '/dev/socket/mdns', mode 660, user 0, group 1000
[  841.007055] init: Created socket '/dev/socket/fwmarkd', mode 660, user 0, group 3003
[  841.180452] init: starting service 'wificond'...
[  841.329847] init: Service 'media.swcodec' (pid 1627) received signal 11
[  841.330474] init: Sending signal 9 to service 'media.swcodec' (pid 1627) process group...
[  841.368397] libprocessgroup: Successfully killed process cgroup uid 1046 pid 1627 in 36ms
[  841.369872] init: updatable process 'media.swcodec' exited 4 times before boot completed
[  841.439360] init: Untracked pid 1673 received signal 14
[  841.468761] init: Untracked pid 1676 exited with status 0
[  841.470154] init: Service 'exec 84 (/system/bin/vdc volume abort_fuse)' (pid 1763) exited with status 0 oneshot service took 4.544000 seconds in background
[  841.470993] init: Sending signal 9 to service 'exec 84 (/system/bin/vdc volume abort_fuse)' (pid 1763) process group...
[  841.517023] libprocessgroup: Successfully killed process cgroup uid 1000 pid 1763 in 1ms
[  841.558517] init: starting service 'media.swcodec'...
[  842.707028] healthd: battery none chg=a
[  842.766146] init: Service 'exec 85 (/system/bin/flags_health_check UPDATABLE_CRASHING)' (pid 1765) exited with status 0 waiting took 4.555000 seconds
[  842.766952] init: Sending signal 9 to service 'exec 85 (/system/bin/flags_health_check UPDATABLE_CRASHING)' (pid 1765) process group...
[  842.769793] libprocessgroup: Successfully killed process cgroup uid 1000 pid 1765 in 1ms
[  842.800094] init: processing action (init.svc.media=*) from (/system/etc/init/mediaserver.rc:1)
[  842.827255] init: processing action (init.svc.media=*) from (/system/etc/init/mediaserver.rc:1)
[  842.858028] init: processing action (sys.audio.restart.hal=1) from (/system/etc/init/audioserver.rc:39)
[  842.858977] init: Sending signal 9 to service 'vendor.audio-hal' (pid 1693) process group...
[  842.993626] libprocessgroup: Successfully killed process cgroup uid 1041 pid 1693 in 133ms
[  843.028665] init: Command 'restart vendor.audio-hal' action=sys.audio.restart.hal=1 (/system/etc/init/audioserver.rc:40) took 169ms and succeeded
[  843.029793] init: Service 'vendor.audio-hal' (pid 1693) received signal 9
[  843.064726] init: Sending signal 9 to service 'audioserver' (pid 1768) process group...
[  843.115740] libprocessgroup: Successfully killed process cgroup uid 1041 pid 1768 in 50ms
[  843.153914] init: Command 'restart audioserver' action=onrestart (<Service 'vendor.audio-hal' onrestart>:1) took 123ms and succeeded
[  843.181690] init: Service 'audioserver' (pid 1768) received signal 9
[  843.241533] init: Command 'restart vendor.audio-hal-4-0-msd' action=sys.audio.restart.hal=1 (/system/etc/init/audioserver.rc:41) took 0ms and failed: service vendor.audio-hal-4-0-msd not found
[  843.301159] init: starting service 'vendor.audio-hal'...
[  843.520358] init: Command 'restart vendor.audio-hal-2-0' action=sys.audio.restart.hal=1 (/system/etc/init/audioserver.rc:43) took 0ms and failed: service vendor.audio-hal-2-0 not found
[  843.540651] init: Command 'restart audio-hal-2-0' action=sys.audio.restart.hal=1 (/system/etc/init/audioserver.rc:44) took 0ms and failed: service audio-hal-2-0 not found
[  843.595069] init: processing action (init.svc.audioserver=running) from (/system/etc/init/audioserver.rc:32)
[  843.629158] init: Command 'start vendor.audio-hal-4-0-msd' action=init.svc.audioserver=running (/system/etc/init/audioserver.rc:34) took 32ms and failed: service vendor.audio-hal-4-0-msd not found
[  843.630468] init: Command 'start vendor.audio-hal-2-0' action=init.svc.audioserver=running (/system/etc/init/audioserver.rc:36) took 0ms and failed: service vendor.audio-hal-2-0 not found
[  843.631604] init: Command 'start audio-hal-2-0' action=init.svc.audioserver=running (/system/etc/init/audioserver.rc:37) took 0ms and failed: service audio-hal-2-0 not found
[  843.669458] init: processing action (init.svc.media=*) from (/system/etc/init/mediaserver.rc:1)
[  843.701696] init: processing action (sys.init.updatable_crashing=1) from (/system/etc/init/flags_health_check.rc:10)
[  843.738048] init: starting service 'exec 86 (/system/bin/flags_health_check UPDATABLE_CRASHING)'...
[  843.855806] init: SVC_EXEC service 'exec 86 (/system/bin/flags_health_check UPDATABLE_CRASHING)' pid 1782 (uid 1000 gid 1000+0 context default) started; waiting...
[  843.900353] init: Command 'exec - system system -- /system/bin/flags_health_check UPDATABLE_CRASHING' action=sys.init.updatable_crashing=1 (/system/etc/init/flags_health_check.rc:11) took 197ms and succeeded
[  845.118370] init: starting service 'audioserver'...
[  849.726079] init: Service 'exec 86 (/system/bin/flags_health_check UPDATABLE_CRASHING)' (pid 1782) exited with status 0 waiting took 5.903000 seconds
[  849.727115] init: Sending signal 9 to service 'exec 86 (/system/bin/flags_health_check UPDATABLE_CRASHING)' (pid 1782) process group...
[  849.730424] libprocessgroup: Successfully killed process cgroup uid 1000 pid 1782 in 1ms
[  849.733739] init: processing action (init.svc.mediadrm=running) from (/vendor/etc/init/android.hardware.drm@1.3-service.widevine.rc:1)
[  849.738094] init: processing action (init.svc.mediadrm=running) from (/vendor/etc/init/android.hardware.drm@1.3-service.widevine.rc:1)
[  849.742175] init: processing action (sys.audio.restart.hal=1) from (/system/etc/init/audioserver.rc:39)
[  849.742895] init: Sending signal 9 to service 'vendor.audio-hal' (pid 1781) process group...
[  849.807160] libprocessgroup: Successfully killed process cgroup uid 1041 pid 1781 in 63ms
[  849.840107] init: Command 'restart vendor.audio-hal' action=sys.audio.restart.hal=1 (/system/etc/init/audioserver.rc:40) took 96ms and succeeded
[  849.841243] init: Service 'vendor.audio-hal' (pid 1781) received signal 9
[  849.852489] init: Sending signal 9 to service 'audioserver' (pid 1784) process group...
[  849.897919] libprocessgroup: Successfully killed process cgroup uid 1041 pid 1784 in 44ms
[  849.952654] init: Command 'restart audioserver' action=onrestart (<Service 'vendor.audio-hal' onrestart>:1) took 93ms and succeeded
[  849.974418] init: Service 'audioserver' (pid 1784) received signal 9
[  850.021991] init: Command 'restart vendor.audio-hal-4-0-msd' action=sys.audio.restart.hal=1 (/system/etc/init/audioserver.rc:41) took 0ms and failed: service vendor.audio-hal-4-0-msd not found
[  850.051688] init: starting service 'vendor.audio-hal'...
[  850.234645] init: Command 'restart vendor.audio-hal-2-0' action=sys.audio.restart.hal=1 (/system/etc/init/audioserver.rc:43) took 0ms and failed: service vendor.audio-hal-2-0 not found
[  850.312958] init: starting service 'audioserver'...
[  850.486388] init: Untracked pid 1695 received signal 14
[  850.487423] init: Untracked pid 1702 exited with status 0
[  850.536855] init: Command 'restart audio-hal-2-0' action=sys.audio.restart.hal=1 (/system/etc/init/audioserver.rc:44) took 0ms and failed: service audio-hal-2-0 not found
[  850.589769] init: processing action (init.svc.mediadrm=running) from (/vendor/etc/init/android.hardware.drm@1.3-service.widevine.rc:1)
[  850.621270] init: processing action (init.svc.audioserver=running) from (/system/etc/init/audioserver.rc:32)
[  850.664098] init: Command 'start vendor.audio-hal-4-0-msd' action=init.svc.audioserver=running (/system/etc/init/audioserver.rc:34) took 0ms and failed: service vendor.audio-hal-4-0-msd not found
[  850.665229] init: Command 'start vendor.audio-hal-2-0' action=init.svc.audioserver=running (/system/etc/init/audioserver.rc:36) took 0ms and failed: service vendor.audio-hal-2-0 not found
[  850.666235] init: Command 'start audio-hal-2-0' action=init.svc.audioserver=running (/system/etc/init/audioserver.rc:37) took 0ms and failed: service audio-hal-2-0 not found
[  850.667514] init: processing action (sys.audio.restart.hal=1) from (/system/etc/init/audioserver.rc:39)
[  850.721531] init: Sending signal 9 to service 'vendor.audio-hal' (pid 1792) process group...
[  850.896330] libprocessgroup: Successfully killed process cgroup uid 1041 pid 1792 in 173ms
[  850.952310] init: Command 'restart vendor.audio-hal' action=sys.audio.restart.hal=1 (/system/etc/init/audioserver.rc:40) took 230ms and succeeded
[  850.953507] init: Service 'storaged' (pid 1482) received signal 11
[  850.954015] init: Sending signal 9 to service 'storaged' (pid 1482) process group...
[  851.004774] libprocessgroup: Successfully killed process cgroup uid 0 pid 1482 in 0ms
[  851.041627] init: Service 'vendor.audio-hal' (pid 1792) received signal 9
[  851.043187] init: Sending signal 9 to service 'audioserver' (pid 1793) process group...
[  851.108565] libprocessgroup: Successfully killed process cgroup uid 1041 pid 1793 in 64ms
[  851.144345] init: Command 'restart audioserver' action=onrestart (<Service 'vendor.audio-hal' onrestart>:1) took 102ms and succeeded
[  851.173710] init: Service 'audioserver' (pid 1793) received signal 9
[  851.217176] init: Command 'restart vendor.audio-hal-4-0-msd' action=sys.audio.restart.hal=1 (/system/etc/init/audioserver.rc:41) took 0ms and failed: service vendor.audio-hal-4-0-msd not found
[  851.244417] init: starting service 'storaged'...
[  851.245900] init: Could not open file '/d/mmc0/mmc0:0001/ext_csd': Failed to open file '/d/mmc0/mmc0:0001/ext_csd': No such file or directory
[  851.370541] init: Command 'restart vendor.audio-hal-2-0' action=sys.audio.restart.hal=1 (/system/etc/init/audioserver.rc:43) took 0ms and failed: service vendor.audio-hal-2-0 not found
[  851.371838] init: Command 'restart audio-hal-2-0' action=sys.audio.restart.hal=1 (/system/etc/init/audioserver.rc:44) took 0ms and failed: service audio-hal-2-0 not found
[  851.424414] init: processing action (init.svc.audioserver=running) from (/system/etc/init/audioserver.rc:32)
[  851.442428] init: starting service 'vendor.audio-hal'...
[  851.611703] init: Command 'start vendor.audio-hal' action=init.svc.audioserver=running (/system/etc/init/audioserver.rc:33) took 171ms and succeeded
[  851.630110] init: Command 'start vendor.audio-hal-4-0-msd' action=init.svc.audioserver=running (/system/etc/init/audioserver.rc:34) took 0ms and failed: service vendor.audio-hal-4-0-msd not found
[  851.673175] init: Command 'start vendor.audio-hal-2-0' action=init.svc.audioserver=running (/system/etc/init/audioserver.rc:36) took 41ms and failed: service vendor.audio-hal-2-0 not found
[  851.674587] init: Command 'start audio-hal-2-0' action=init.svc.audioserver=running (/system/etc/init/audioserver.rc:37) took 0ms and failed: service audio-hal-2-0 not found
[  851.706342] init: processing action (sys.audio.restart.hal=1) from (/system/etc/init/audioserver.rc:39)
[  851.725134] init: Sending signal 9 to service 'vendor.audio-hal' (pid 1797) process group...
[  851.846945] libprocessgroup: Successfully killed process cgroup uid 1041 pid 1797 in 120ms
[  851.887998] init: Command 'restart vendor.audio-hal' action=sys.audio.restart.hal=1 (/system/etc/init/audioserver.rc:40) took 180ms and succeeded
[  851.889191] init: Service 'vendor.audio-hal' (pid 1797) received signal 9
[  851.929294] init: Command 'restart vendor.audio-hal-4-0-msd' action=sys.audio.restart.hal=1 (/system/etc/init/audioserver.rc:41) took 0ms and failed: service vendor.audio-hal-4-0-msd not found
[  851.930448] init: Command 'restart vendor.audio-hal-2-0' action=sys.audio.restart.hal=1 (/system/etc/init/audioserver.rc:43) took 0ms and failed: service vendor.audio-hal-2-0 not found
[  851.931426] init: Command 'restart audio-hal-2-0' action=sys.audio.restart.hal=1 (/system/etc/init/audioserver.rc:44) took 0ms and failed: service audio-hal-2-0 not found
[  853.995723] init: Service 'zygote' (pid 1766) received signal 11
[  854.014917] init: Sending signal 9 to service 'zygote' (pid 1766) process group...
[  854.017507] libprocessgroup: Successfully killed process cgroup uid 0 pid 1766 in 1ms
[  854.019514] init: updatable process 'zygote' exited 4 times before boot completed
[  854.071468] init: starting service 'exec 87 (/system/bin/vdc volume abort_fuse)'...
[  854.209388] init: Command 'exec_background - system system -- /system/bin/vdc volume abort_fuse' action=onrestart (<Service 'zygote' onrestart>:1) took 139ms and succeeded
[  854.230925] init: Command 'write /sys/power/state on' action=onrestart (<Service 'zygote' onrestart>:2) took 20ms and failed: Unable to write to file '/sys/power/state': Unable to write file contents: Invalid argument
[  854.276958] init: Sending signal 9 to service 'cameraserver' (pid 1775) process group...
[  854.443394] libprocessgroup: Successfully killed process cgroup uid 1047 pid 1775 in 154ms
[  854.476456] init: Command 'restart cameraserver' action=onrestart (<Service 'zygote' onrestart>:4) took 199ms and succeeded
[  854.477237] init: Sending signal 9 to service 'media' (pid 1776) process group...
[  854.629271] libprocessgroup: Successfully killed process cgroup uid 1013 pid 1776 in 151ms
[  854.661584] init: Command 'restart media' action=onrestart (<Service 'zygote' onrestart>:5) took 184ms and succeeded
[  854.662376] init: Sending signal 9 to service 'netd' (pid 1778) process group...
[  854.754378] libprocessgroup: Successfully killed process cgroup uid 0 pid 1778 in 91ms
[  854.780740] init: Command 'restart netd' action=onrestart (<Service 'zygote' onrestart>:6) took 118ms and succeeded
[  854.781418] init: Sending signal 9 to service 'wificond' (pid 1779) process group...
[  854.829585] libprocessgroup: Successfully killed process cgroup uid 1010 pid 1779 in 47ms
[  854.853650] init: Command 'restart wificond' action=onrestart (<Service 'zygote' onrestart>:7) took 62ms and succeeded
[  854.916764] init: Untracked pid 1771 exited with status 0
[  854.917742] init: Untracked pid 1773 exited with status 0
[  854.918565] init: Service 'cameraserver' (pid 1775) received signal 9
[  854.947460] init: Service 'media' (pid 1776) received signal 9
[  854.983544] init: Service 'netd' (pid 1778) received signal 9
[  854.997260] init: Command 'restart zygote_secondary' action=onrestart (<Service 'netd' onrestart>:2) took 0ms and failed: service zygote_secondary not found
[  855.109593] init: Service 'wificond' (pid 1779) received signal 9
[  855.958210] init: Untracked pid 1787 received signal 9
[  855.973114] init: Untracked pid 1788 received signal 9
[  855.975421] init: Service 'exec 87 (/system/bin/vdc volume abort_fuse)' (pid 1807) exited with status 0 oneshot service took 1.840000 seconds in background
[  855.990189] init: Sending signal 9 to service 'exec 87 (/system/bin/vdc volume abort_fuse)' (pid 1807) process group...
[  855.998421] libprocessgroup: Successfully killed process cgroup uid 1000 pid 1807 in 6ms
[  856.032863] init: processing action (sys.init.updatable_crashing=1) from (/system/etc/init/flags_health_check.rc:10)
[  856.052443] init: starting service 'exec 88 (/system/bin/flags_health_check UPDATABLE_CRASHING)'...
[  856.120453] init: SVC_EXEC service 'exec 88 (/system/bin/flags_health_check UPDATABLE_CRASHING)' pid 1812 (uid 1000 gid 1000+0 context default) started; waiting...
[  856.125403] init: Command 'exec - system system -- /system/bin/flags_health_check UPDATABLE_CRASHING' action=sys.init.updatable_crashing=1 (/system/etc/init/flags_health_check.rc:11) took 88ms and succeeded
[  856.179268] init: starting service 'zygote'...
[  856.220412] init: Created socket '/dev/socket/zygote', mode 660, user 0, group 1000
[  856.243157] init: Created socket '/dev/socket/usap_pool_primary', mode 660, user 0, group 1000
[  856.483972] init: starting service 'audioserver'...
[  858.433621] init: starting service 'cameraserver'...
[  858.559195] init: starting service 'media'...
[  858.687118] init: starting service 'netd'...
[  858.726380] libprocessgroup: Failed to open /dev/cpuset/camera-daemon/tasks: No such file or directory: No such file or directory
[  858.727121] libprocessgroup: Failed to apply CameraServiceCapacity task profile: No such file or directory
[  858.746544] init: Created socket '/dev/socket/dnsproxyd', mode 660, user 0, group 3003
[  858.801472] init: Created socket '/dev/socket/mdns', mode 660, user 0, group 1000
[  858.835504] init: Created socket '/dev/socket/fwmarkd', mode 660, user 0, group 3003
[  859.062849] init: starting service 'wificond'...
[  859.217941] init: starting service 'vendor.audio-hal'...
[  860.550904] init: Service 'exec 88 (/system/bin/flags_health_check UPDATABLE_CRASHING)' (pid 1812) exited with status 0 waiting took 4.468000 seconds
[  860.551730] init: Sending signal 9 to service 'exec 88 (/system/bin/flags_health_check UPDATABLE_CRASHING)' (pid 1812) process group...
[  860.555117] libprocessgroup: Successfully killed process cgroup uid 1000 pid 1812 in 1ms
[  860.561979] init: processing action (init.svc.media=*) from (/system/etc/init/mediaserver.rc:1)
[  860.617547] init: processing action (init.svc.media=*) from (/system/etc/init/mediaserver.rc:1)
[  860.646953] init: processing action (init.svc.audioserver=running) from (/system/etc/init/audioserver.rc:32)
[  860.672884] init: Command 'start vendor.audio-hal-4-0-msd' action=init.svc.audioserver=running (/system/etc/init/audioserver.rc:34) took 0ms and failed: service vendor.audio-hal-4-0-msd not found
[  860.674125] init: Command 'start vendor.audio-hal-2-0' action=init.svc.audioserver=running (/system/etc/init/audioserver.rc:36) took 0ms and failed: service vendor.audio-hal-2-0 not found
[  860.675102] init: Command 'start audio-hal-2-0' action=init.svc.audioserver=running (/system/etc/init/audioserver.rc:37) took 0ms and failed: service audio-hal-2-0 not found
[  860.721279] init: processing action (init.svc.media=*) from (/system/etc/init/mediaserver.rc:1)
[  860.737799] init: processing action (init.svc.mediadrm=running) from (/vendor/etc/init/android.hardware.drm@1.3-service.widevine.rc:1)
[  860.776953] init: processing action (init.svc.mediadrm=running) from (/vendor/etc/init/android.hardware.drm@1.3-service.widevine.rc:1)
[  860.793839] init: processing action (init.svc.mediadrm=running) from (/vendor/etc/init/android.hardware.drm@1.3-service.widevine.rc:1)
[  873.790578] init: Untracked pid 1796 exited with status 0
[  873.805424] init: Service 'mediaextractor' (pid 1749) received signal 11
[  873.809661] init: Sending signal 9 to service 'mediaextractor' (pid 1749) process group...
[  873.820885] libprocessgroup: Successfully killed process cgroup uid 1040 pid 1749 in 10ms
[  873.826101] init: updatable process 'mediaextractor' exited 4 times before boot completed
[  873.857279] init: Untracked pid 1799 exited with status 0
[  873.858776] init: processing action (sys.init.updatable_crashing=1) from (/system/etc/init/flags_health_check.rc:10)
[  873.887269] init: starting service 'exec 89 (/system/bin/flags_health_check UPDATABLE_CRASHING)'...
[  873.924873] init: SVC_EXEC service 'exec 89 (/system/bin/flags_health_check UPDATABLE_CRASHING)' pid 1881 (uid 1000 gid 1000+0 context default) started; waiting...
[  873.926604] init: Command 'exec - system system -- /system/bin/flags_health_check UPDATABLE_CRASHING' action=sys.init.updatable_crashing=1 (/system/etc/init/flags_health_check.rc:11) took 66ms and succeeded
[  873.948976] init: starting service 'mediaextractor'...
[  877.983354] init: Service 'exec 89 (/system/bin/flags_health_check UPDATABLE_CRASHING)' (pid 1881) exited with status 0 waiting took 4.080000 seconds
[  877.985064] init: Sending signal 9 to service 'exec 89 (/system/bin/flags_health_check UPDATABLE_CRASHING)' (pid 1881) process group...
[  877.987429] libprocessgroup: Successfully killed process cgroup uid 1000 pid 1881 in 1ms
[  878.627381] init: Service 'zygote' (pid 1813) received signal 11
[  878.649248] init: Sending signal 9 to service 'zygote' (pid 1813) process group...
[  878.651001] libprocessgroup: Successfully killed process cgroup uid 0 pid 1813 in 0ms
[  878.665259] init: updatable process 'zygote' exited 4 times before boot completed
[  878.696956] init: starting service 'exec 90 (/system/bin/vdc volume abort_fuse)'...
[  878.773507] init: Command 'write /sys/power/state on' action=onrestart (<Service 'zygote' onrestart>:2) took 24ms and failed: Unable to write to file '/sys/power/state': Unable to write file contents: Invalid argument
[  878.774564] init: Sending signal 9 to service 'audioserver' (pid 1814) process group...
[  878.830730] libprocessgroup: Successfully killed process cgroup uid 1041 pid 1814 in 55ms
[  878.852086] init: Command 'restart audioserver' action=onrestart (<Service 'zygote' onrestart>:3) took 77ms and succeeded
[  878.853222] init: Sending signal 9 to service 'cameraserver' (pid 1820) process group...
[  878.948933] libprocessgroup: Successfully killed process cgroup uid 1047 pid 1820 in 94ms
[  878.960130] init: Command 'restart cameraserver' action=onrestart (<Service 'zygote' onrestart>:4) took 102ms and succeeded
[  878.960994] init: Sending signal 9 to service 'media' (pid 1821) process group...
[  879.057740] libprocessgroup: Successfully killed process cgroup uid 1013 pid 1821 in 95ms
[  879.067206] init: Command 'restart media' action=onrestart (<Service 'zygote' onrestart>:5) took 106ms and succeeded
[  879.068032] init: Sending signal 9 to service 'netd' (pid 1822) process group...
[  879.147223] libprocessgroup: Successfully killed process cgroup uid 0 pid 1822 in 77ms
[  879.173560] init: Command 'restart netd' action=onrestart (<Service 'zygote' onrestart>:6) took 105ms and succeeded
[  879.174469] init: Sending signal 9 to service 'wificond' (pid 1823) process group...
[  879.215897] libprocessgroup: Successfully killed process cgroup uid 1010 pid 1823 in 30ms
[  879.243130] init: Command 'restart wificond' action=onrestart (<Service 'zygote' onrestart>:7) took 68ms and succeeded
[  879.274703] init: Service 'audioserver' (pid 1814) received signal 9
[  879.338114] init: Untracked pid 1817 exited with status 0
[  879.338915] init: Untracked pid 1819 exited with status 0
[  879.349726] init: Service 'cameraserver' (pid 1820) received signal 9
[  879.382649] init: Service 'media' (pid 1821) received signal 9
[  879.418720] init: Service 'media.swcodec' (pid 1780) received signal 11
[  879.419247] init: Sending signal 9 to service 'media.swcodec' (pid 1780) process group...
[  879.445630] libprocessgroup: Successfully killed process cgroup uid 1046 pid 1780 in 25ms
[  879.447050] init: updatable process 'media.swcodec' exited 4 times before boot completed
[  879.492519] init: Untracked pid 1808 exited with status 0
[  879.493426] init: Untracked pid 1811 exited with status 0
[  879.494231] init: Service 'netd' (pid 1822) received signal 9
[  879.533310] init: Command 'restart zygote_secondary' action=onrestart (<Service 'netd' onrestart>:2) took 0ms and failed: service zygote_secondary not found
[  879.545045] init: Service 'wificond' (pid 1823) received signal 9
[  879.566366] init: Untracked pid 1859 received signal 9
[  879.567500] init: Untracked pid 1863 received signal 9
[  879.568357] init: Untracked pid 1862 received signal 9
[  879.569075] init: Untracked pid 1865 received signal 9
[  879.569805] init: Untracked pid 1831 received signal 9
[  879.570712] init: Untracked pid 1832 received signal 9
[  879.597292] init: processing action (sys.init.updatable_crashing=1) from (/system/etc/init/flags_health_check.rc:10)
[  879.607947] init: starting service 'exec 91 (/system/bin/flags_health_check UPDATABLE_CRASHING)'...
[  879.647213] init: SVC_EXEC service 'exec 91 (/system/bin/flags_health_check UPDATABLE_CRASHING)' pid 1893 (uid 1000 gid 1000+0 context default) started; waiting...
[  879.674280] init: Command 'exec - system system -- /system/bin/flags_health_check UPDATABLE_CRASHING' action=sys.init.updatable_crashing=1 (/system/etc/init/flags_health_check.rc:11) took 75ms and succeeded
[  879.699114] init: starting service 'zygote'...
[  879.737576] init: Created socket '/dev/socket/zygote', mode 660, user 0, group 1000
[  879.751215] init: Created socket '/dev/socket/usap_pool_primary', mode 660, user 0, group 1000
[  879.869479] init: starting service 'audioserver'...
[  881.757354] init: starting service 'cameraserver'...
[  883.602735] init: starting service 'media'...
